contentid,contenttypeid,title,homepage,overview,tel,telname,createdtime,modifiedtime,firstimage,firstimage2,cpyrhtDivCd,areacode,sigungucode,lDongRegnCd,lDongSignguCd,lclsSystm1,lclsSystm2,lclsSystm3,cat1,cat2,cat3,addr1,addr2,zipcode,mapx,mapy,mlevel
129156,12,가덕도 등대,"<a href=""https://www.bsgangseo.go.kr/visit/tour/view.do?touIdx=286&mId=0403020000"" target=""_blank"" title=""새창 : 부산 강서구 문화관광 사이트로 이동"">https://www.bsgangseo.go.kr/visit</a>","조선 말기에 건설된 유인등대 중 하나로서 1909년 12월에 점등을 시작했으며, 2003년 9월 16일 부산광역시 유형문화재로 지정된 등대이다. 고딕형 양식을 갖고 있으며 이 때문에 프랑스 등탑 형식과 유사하다. 출입구에는 진입계단의 폭에 맞게 목재를 이용한 돌출형 경사 현관을 설치하였으며, 상부 현판에는 조선 황실의 상징인 오얏꽃 문양이 새겨져 있는 등 한국, 일본, 유럽의 건축양식이 혼합된 구조로 되어 있다. 근대 서구 건축의 양식, 재료 등이 최초로 사용되었던 건물 중 하나이고 다른 등대에 비해 원형을 상당 부분 잘 간직하고 있기 때문에 역사적, 건축사적 가치가 돋보이는 문화재이다.",,,20060719090000,20250318220404,http://tong.visitkorea.or.kr/cms/resource/81/3342781_image2_1.jpg,http://tong.visitkorea.or.kr/cms/resource/81/3342781_image3_1.jpg,Type3,6,1,26,440,VE,VE01,VE010800,A01,A0101,A01011600,부산광역시 강서구 외양포로 10,,46771,128.8295937487,35.0006471157,6
2726843,12,가덕도 연대봉,"<a href=""https://www.visitbusan.net/kr/index.do?menuCd=DOM_000000201001001000&uc_seq=444&lang_cd=ko"" target=""_blank"" title=""새창 : 홈페이지로 이동"">https://www.visitbusan.net</a>","가덕도는 부산에 속한 섬 중 가장 큰 섬으로 신석기시대부터 사람이 살았던 것으로 추정되며, 임진왜란과 일제강점기까지 우리나라의 아린 역사를 지켜본 섬이다. 연대봉은 해발 459미터의 높이로 2~3시간이면 다녀올 수 있는 산으로 높이가 그리 높지도 않아 오르기도 어렵지 않지만 정상에 오르면 높은 산에 오른 듯한 기분과 전망을 경험할 수 있다. 산세가 원만하여 가족단위로 가볍게 등산하기에 알맞으며 정상에 가까이 오르면 가덕도 바다와 거가대교를 한눈에 볼 수 있다. 연대봉 정상에는 임진왜란 당시 최초로 왜적을 발견해 불을 피워 올렸던 봉수대를 볼 수 있다. 산과 바다의 청취를 동시에 느낄 수 있는 곳이다. 

(출처 : 비짓부산 홈페이지)",,,20210723203306,20250325102838,,,,6,1,26,440,NA,NA01,NA010100,A01,A0101,A01010400,부산광역시 강서구 천성동,,,128.8216713782,35.0317518247,6
2845011,39,가마솥생복집,,"기장에 있는 가마솥생복집은 부산의 대표 복요리 전문음식점으로 부산 향토 음식점 중 하나며 복찬집이라고도 부른다. 은복, 참활복, 까치복 등 다양한 종류의 복어를 지리와 매운탕으로 즐길 수 있으며, 바삭한 복튀김과 함께 밑반찬도 깔끔하게 제공된다. 넓은 매장과 편리한 주차 시설로 가족 모임이나 단체 방문에도 적합하다.",,,20220829144708,20250828133132,http://tong.visitkorea.or.kr/cms/resource/05/2845005_image2_1.jpg,http://tong.visitkorea.or.kr/cms/resource/05/2845005_image3_1.jpg,Type3,6,3,26,710,FD,FD01,FD010100,A05,A0502,A05020100,부산광역시 기장군 차성로 327-2 가마솥생복집,,46060,129.2134452993,35.2470210453,6
2778443,39,가야포차선지국,,"가야포차선지국은 부산시 기장군 정관읍에 자리 잡고 있다. 이곳의 선지국은 부드러운 선지와 고소한 국물 맛이 일품이며, 푸짐한 양과 함께 먹는 밥이 맛을 더해준다. 선짓국에 소가죽과 살코기 사이의 부위인 수구레를 넣어 끓인 것이 수구레국밥이다. 이 밖에 술국과 오삼불고기도 판매되고 있다. 음식점은 장안 IC와 가까운 거리에 위치해 있으며, 주변에는 범어사, 금정산부곡온천이 있어 연계 관광에 나서기 수월하다.",,,20211124191046,20250325143557,,,,6,3,26,710,FD,FD01,FD010100,A05,A0502,A05020100,부산광역시 기장군 정관읍 정관8로 28,,46015,129.1788934446,35.3223258488,6
849929,39,가야할매 밀면,,"가야밀면 할매는 부산 연제구에 위치한 밀면 전문 음식점이다. 밀가루와 옥수수 전분을 섞어 반죽한 면을 사용한다. 하루 이상 끓여 우려내는 육수는 돼지 뼈와 소 뼈를 섞어 맛을 낸다. 대표메뉴인 밀면, 비빔면과 함께 손만두도 맛볼 수 있다. 가야밀면 할매는 지역 주민들 사이에서 오랜 역사를 자랑하는 맛집으로, 맛과 품질에 대한 자부심이 느껴진다. 아늑하고 깔끔한 분위기에서 편안하게 식사를 즐길 수 있으며, 부산을 방문한 관광객들에게도 꼭 추천할 만한 밀면 맛집이다. 이곳은 부산의 전통적인 맛을 느낄 수 있는 장소이다.",,,20091030211645,20250307142014,,,,6,13,26,470,FD,FD01,FD010100,A05,A0502,A05020100,부산광역시 연제구 월드컵대로145번길 32,,47540,129.0798725132,35.1851949389,6
1935608,12,가톨릭 특성화 거리,,"부산 금정구 부곡동 지산고등학교 정문에서 가톨릭대학교 정문 인근의 구간은 일명 ‘가톨릭 특성화 거리’로 불린다. 한국순교복자수녀회, 오륜대 한국순교자박물관, 사도성요한수도회 등 가톨릭 관련 대학과 고등학교를 비롯해 두 개의 수녀회 본원과 성지, 복지, 피정 시설까지 자리하고 있기 때문이다. 지산고등학교 벽면에는 한국 가톨릭의 박해기, 부흥기를 거쳐 현재에 이르기까지 역사적 사건이 조각되어 있다. 특성화 거리를 이루고 있는 상징물들은 독수리, 교회, 수도회 등이 있다.",,,20140718193257,20251023143000,http://tong.visitkorea.or.kr/cms/resource/44/3552344_image2_1.jpg,http://tong.visitkorea.or.kr/cms/resource/44/3552344_image3_1.jpg,Type1,6,2,26,410,VE,VE04,VE040100,A02,A0203,A02030600,부산광역시 금정구 부곡동,,46267,129.0970388630,35.2434553947,6
2785289,12,감지해변,"<a href=""https://www.yeongdo.go.kr/tour/01462/01463.web?amode=view&idx=2183"" target=""_blank"" title=""새창 : 홈페이지로 이동"">https://www.yeongdo.go.kr/tour.web</a>","부산 태종대 옆에 자리한 감지해변은 길이 270m, 폭 40m의 크기에 부산에서는 보기 힘든 조약돌이 깔린 아기자기한 해변이다. 수려한 경관과 바다 위로 드리운 일몰이 아름다워 뷰 포인트로 각광받고 있는 곳이다. 도심에서 30분 정도의 거리에 있어 접근성이 좋다. 각양각색의 다이빙 포인트가 많아 스킨스쿠버 다이빙을 즐기러 오는 다이버들에게 많은 사랑을 받는 곳이기도 하다. 감지해변의 해안선을 따라 약 3㎞의 길이로 조성된 감지해변 산책로는 어린이를 동반해도 무리 없을 정도로 경사가 완만하고, 야생초 꽃밭은 청소년들의 자연학습장으로 더할 나위 없이 좋다. 산책 후 태종대 유원지 부설주차장에 자리 잡은 조개구이촌에서 즐기는 바다 내음 가득한 신선한 조개구이도 빼놓지 말아야 할 코스이다.",,,20211202224528,20240913101210,,,,6,14,26,200,NA,NA02,NA020900,A01,A0101,A01011200,부산광역시 영도구 감지길 110,(동삼동),49126,129.0764900502,35.0625336062,6
294452,12,감천사(부산),"<a href=""https://www.yeonje.go.kr/tour/contents.do?mId=0202050000"" target=""_blank"" title=""새창 : 홈페이지로 이동"">https://www.yeonje.go.kr</a>","감천사는 극심한 가뭄에도 물이 마르지 않고 지하 암반에서 1년 내내 물이 솟아올라 인근 주민들의 식수로 사용하였다는 설이 있는 곳이다. 감천사는 부산 연제구 연산동 묘봉산 자락에 위치한 자그마한 비구니 스님의 수행도량이다. 연제구의 주산인 배산 서쪽 묘봉산의 완만한 능선을 배경으로 자리하고 있는 이곳은 중생들의 목마른 갈증을 해소하기 위한 원력으로 창건된 탓에 연산동 주거단지에서 그리 멀지 않는 곳에 위치하고 있다. 사람들의 입에서 입으로 전해져 온 감천사의 물맛은 연제구청에서 공인한 연산동 약숫물로도 유명세를 떨치고 있어 주민들의 발걸음이 끊이질 않는 도심사찰로 이름나 있다. 또한, 부산의 대표적 도심 포교도량인 혜원정사와 좁은 골목 하나를 사이에 두고 나란히 위치한 감천사는 약숫물 외에도 대웅전에 모셔진 관세음보살의 기도성취가 크다 하여 관음기도도량으로도 이름 높다. 비록 사세가 작고 창건의 역사 또한 짧지만 기도객들의 입소문으로 널리 알려졌다.",,,20071127012214,20250424114002,http://tong.visitkorea.or.kr/cms/resource/20/3476820_image2_1.jpg,http://tong.visitkorea.or.kr/cms/resource/20/3476820_image3_1.jpg,Type3,6,13,26,470,HS,HS03,HS030100,A02,A0201,A02010800,부산광역시 연제구 묘봉산로 40,(연산동),47582,129.0912632411,35.1833036953,6
2869158,39,감포참가자미,,"부산 범일동에 있는 감포참가자미는 자연산 활어 전문점이다. 100% 자연산 어종인 참가자미는 수심 깊은 곳에 서식하여 비브리오균이나 세균의 영향을 받지 않는다. 꼬들꼬들한 식감과 고소한 맛이 있는 참가자미는 흰살생선으로 소화 흡수력이 좋다. 자연산 활어 전문점인 감포참가자미는 새콤달콤 시원한 물회 맛집으로도 알려져 있다. 싱싱한 회와 각종 채소, 밥, 면이 나와 푸짐하게 먹을 수 있다.",,,20221018141453,20250829093536,http://tong.visitkorea.or.kr/cms/resource/32/2869132_image2_1.jpg,http://tong.visitkorea.or.kr/cms/resource/32/2869132_image3_1.jpg,Type3,6,5,26,170,FD,FD01,FD010100,A05,A0502,A05020100,부산광역시 동구 범일로102번길 16-20 (범일동),,48744,129.0610587668,35.1383498379,6
2872626,39,강호중마라도물회,,"부산광역시 녹산동에 있는 강호중마라도물회는 회 전문점이다. 시원한 슬러시와 쌈도 준비되어 있어 슬러시를 물회에 조금씩 넣어서 먹으면 시원하면서도 새콤하면서도 매콤한 국물이 완성된다. 소면과 김 가루, 맛있는 회와 더불어 양념이 일품이다. 마라도물회의 장점은 물회만 하지 않고 회를 못 먹는 사람도 함께 올 수 있게 떡갈비정식 같은 메뉴가 있다. 넓은 전용 주차장이 있어 편리하다.",,,20221021145458,20250708105911,http://tong.visitkorea.or.kr/cms/resource/15/2872615_image2_1.JPG,http://tong.visitkorea.or.kr/cms/resource/15/2872615_image3_1.JPG,Type3,6,1,26,440,FD,FD01,FD010100,A05,A0502,A05020100,부산광역시 강서구 녹산화전로 283 (녹산동),,46734,128.8722536946,35.1120076519,6
2784321,39,개금밀면,,"밀면은 일반적인 국수보다는 찰진 느낌이지만 냉면보다는 부드러운 느낌의 부산 지역에서 만들어 먹는 국수의 일종이다. 곱게 간 밀가루와 전분을 소금물로 반죽해서 뽑은 면을 닭고기나 소고기 또는 돼지고기 뼈를 고아 낸 육수에 말아먹는 부산의 향토 음식이다. 밀이 주된 재료인 면이기 때문에 소화를 돕기 위해 육수를 낼 때 감초, 당귀, 계피 등 한약 재료를 넣는 것이 특징이다. 입맛에 따라 식초와 겨자를 넣고 먹기도 하는데 본연의 진한 국물 맛을 느끼며 먹는 것도 좋다. 개금밀면은 보통의 음식점과는 다르게 들어가자마자 입구에서 주문하면서 바로 계산을 한다. 계산 후에 번호표를 주는데, 원하는 자리에 앉아서 기다리다가 번호가 울리면 찾아가면 되는 셀프식당이다. 부산 3대 밀면집 중 하나로 식사시간이 아니어도 대기 인원이 많다. 그래서 푸드 코트처럼 번호표를 받고 직접 가져다 먹고 다 먹은 그릇은 직접 치워야 하는 수고로움은 있지만 회전율이 빨라 오랜 시간 기다리지 않아도 금방 맛있는 밀면을 먹을 수 있다.",,,20211201191334,20250116105318,http://tong.visitkorea.or.kr/cms/resource/26/2787626_image2_1.jpg,http://tong.visitkorea.or.kr/cms/resource/26/2787626_image2_1.jpg,Type3,6,7,26,230,FD,FD01,FD010100,A05,A0502,A05020100,부산광역시 부산진구 가야대로482번길 9-4,(개금동),47324,129.0251059496,35.1525864700,6
2834026,14,갤러리이알디 부산,"<a href=""http://galerieerd.com/#/3"" target=""_blank"" title=""새창 : 갤러리 ERD 부산로 이동"">http://galerieerd.com/#/3</a>","갤러리이알디는 2016년 서울 이태원에 개관하여 동시대 현대미술과 다양한 디자이너들의 작업을 소개해 오고 있다. 개관이래 국내외 작가들의 자체 전시 및 외부 프로젝트를 진행해 왔으며, 크고 작은 아트페어에 꾸준히 참여하여 작가들의 저변 확대를 도모하고 있다. 또한 아시아의 첫 ‘하우스 오브 핀 율’ (House of Finn Juhl Seoul) 로써 디자이너 Finn Juhl의 가구들과 역량 있는 국내외 디자이너들의 작업을 나란히 소개하며 감각적이고 선구적인 기호를 선보여 왔다. 2019년부터는 갤러리이알디가 확장 이전하여 파인 아트와 디자인을 각각의 공간에서 선보이고 있는데, 기존의 하우스 오브 핀 율과의 협력은 유지하면서 더욱 다채로운 국내외 작가들의 전시 및 프로젝트를 기획하고 있다.  2020년에는 갤러리이알디 부산 지점이 해운대에 개관하여 전시 플랫폼의 다변화 또한 꾀하고 있다.",,,20220808162726,20250521133910,http://tong.visitkorea.or.kr/cms/resource/60/2836060_image2_1.jpg,http://tong.visitkorea.or.kr/cms/resource/60/2836060_image3_1.jpg,Type3,6,16,26,350,VE,VE07,VE070600,A02,A0206,A02060500,"부산광역시 해운대구 해운대해변로 302 (중동, 대림맨션)",,48099,129.1639936365,35.1610686425,6
2760771,39,거대갈비,,"육즙과 육질이 뛰어난 양질의 한우를 맛보고 싶다면 꼭 방문해야 할 맛집이다. 정갈하고 깔끔한 밑반찬으로 고객들의 입맛을 잡고, 숙련된 종업원들의 서비스와 쾌적한 환경에 푸짐한 정까지 더하면서 명성을 높이고 있다. 자극적으로 달거나 짜지 않고 딱 좋은 간에 입안에서 살살 녹는 부드러운 맛이다. 소중한 사람들과 특별한 시간을 갖기 안성맞춤이다.",,,20211021224836,20250902114540,http://tong.visitkorea.or.kr/cms/resource/56/2761256_image2_1.jpg,http://tong.visitkorea.or.kr/cms/resource/56/2761256_image2_1.jpg,Type3,6,16,26,350,FD,FD01,FD010100,A05,A0502,A05020100,부산광역시 해운대구 달맞이길 22 (중동),,48099,129.1672794347,35.1620685910,6
2904908,39,거대곰탕,,해운대 동백역 근처에 있는 거대곰탕은 한우 중에서도 엄선한 차돌양지로 만든 고기 국물과 사골로 우려낸 깊이 있는 육수에 한국식 천연재료들로 탕반(장국밥)을 만들어 진하고 깔끔하다. 오픈하자마자 대기 손님이 있을 만큼 해운대 맛집으로 유명하다. 넓고 깔끔한 내부에 유리 통창으로 밖을 보며 식사할 수 있는 자리도 있어서 혼자 식사하기도 안성맞춤이다. 대표메뉴는 한우 곰탕이며 다양한 곰탕은 모두 맑은 곰탕과 뽀얀 곰탕으로 구분되어 있다. 주차장은 현대베네시티 아파트 상가동을 이용하면 되고 가까운 곳에 동백섬과 해운대해수욕장이 있어 식사 후 함께 둘러보기 좋다.,,,20221110151702,20251103171814,http://tong.visitkorea.or.kr/cms/resource/98/2904898_image2_1.jpg,http://tong.visitkorea.or.kr/cms/resource/98/2904898_image3_1.jpg,Type3,6,16,26,350,FD,FD01,FD010100,A05,A0502,A05020100,부산광역시 해운대구 해운대해변로 163 현대베네시티아파트,상가동 103호,48091,129.1497310611,35.1584047875,6
2867215,39,거창맷돌순두부,,"거창맷돌순두부는 한자리에서 꾸준히 맛집의 전통을 이어오고 있다. 매일 새벽 시간부터 직접 순두부를 만들며, 기본 순두부는 원래 양념이 되어 있는데 기본에 충실한 맛이다. 가짓수가 많지는 않지만 메인 반찬으로 떡볶이, 잡채 기본 반찬으로 김치, 콩나물무침, 나물류, 샐러드를 제공한다.반찬 셀프바가 있어 부족한 것은 직접 덜어 먹을 수 있다. 반찬은 비빔밥도 해 먹을 수 있고 무한으로 리필할 수도 있다. 식당 내부는 쾌적하고 테이블도 많아 혼자 가서 식사하기에도 편안한 분위기이다. 원래 기사식당이었던 곳이라 식당 앞으로 넓은 전용 주차장이 있어 편리하다. 근처에 재한유엔기념공원이 인접해 있어 함께 둘러보기 좋다.",,,20221014112935,20250619172748,http://tong.visitkorea.or.kr/cms/resource/07/2867207_image2_1.JPG,http://tong.visitkorea.or.kr/cms/resource/07/2867207_image3_1.JPG,Type3,6,4,26,290,FD,FD01,FD010100,A05,A0502,A05020100,부산광역시 남구 유엔로 221 (대연동),,48501,129.1005555434,35.1306125441,6
3422647,15,게임 체험 팝업 전시 ‘Game-Playground’,,"부산의 게임 개발사 6개 기업이 참여하여, 관람객이 게임 콘텐츠를 직접 체험하고 즐길 수 있는 팝업형으로 꾸며진 이번 전시는 시민과 관광객이 편하게 찾아와 지역 게임을 경험할 수 있도록 마련됐으며, 일상에서 부산 게임 콘텐츠를 가까이 만날 수 있는 장을 마련했다. 게임에 익숙하지 않은 방문객들도 부산의 게임을 보다 친근하게 느낄 수 있도록, 각 게임의 스토리와 이미지를 담은 전시 부스와 직접 플레이할 수 있는 체험존으로 구성하여 방문객이 편히 게임을 즐길 수 있게 기획되었다. 이번 게임 체험 팝업 전시 'Game Playground'에 참여하는 개발사는 부산에 소재하는 투핸즈인터랙티브 'DIDIM', 겜스터즈 '엘그라시아: 왕국연대기', 깡토스튜디오 '로얄블루의 마법의상실', 매직큐브 '최애캐와 파티가 되어버렸다', 씨플레이 '캣점프', 오드볼게임즈 '워른과 잊혀진 자들'이다. 전시 기간 관람객 참여 프로그램도 운영된다. 전시 게임을 즐기며 스탬프를 수집해 경품 추첨에 참여하는 스탬프 투어, 특정 게임을 집중 체험하는 스페셜 게임 이벤트, 전시장 체험 소감을 지정 해시태그와 함께 SNS에 올리면 추첨으로 기프티콘을 주는 후기 참여 이벤트 등이 준비됐다.",010-8552-8044,"부산광역시, 한국콘텐츠진흥원",20241120162631,20251208161314,http://tong.visitkorea.or.kr/cms/resource/58/3579258_image2_1.jpg,http://tong.visitkorea.or.kr/cms/resource/58/3579258_image3_1.jpg,Type3,6,16,26,500,EV,EV03,EV030400,A02,A0208,A02081300,"부산광역시 수영구 광남로 96 (광안동, 광안 포디움프레스티지 1)",지하 1층,48303,129.1151037338,35.1504883662,6
129631,12,경상좌수영성지,"국가유산청 <a href=""https://www.heritage.go.kr/heri/cul/culSelectDetail.do?ccbaCpno=2332100080000&pageNo=1_1_1_1&sngl=Y""target=""_blank"" title=""새창: 국가유산청 홈페이지로 이동"">https://www.heritage.go.kr/</a>","경상좌수영성지는 경상도 옛 수군의 본영이었다. 좌수영은 조선시대에 동남해안을 관할했던 군영으로 예로부터 남쪽 지방이 지리적인 요인으로 잦은 왜구의 침략으로 피해를 받자, 왜구를 토벌하기 위해 부산에는 경상좌수영을, 통영에는 경상우수영을 세워 남쪽의 방위를 책임졌다. 원래 좌수영은 남구 감만동에 있었는데 태종 때 울산 개운포로 이전했다가 임진왜란 직전에 현재의 수영동으로 옮겨졌다고 한다. 좌수영성의 축조연대는 정확하지 않고 1692년에 개축한 것이라 한다. 좌수영의 동, 서, 남, 북에는 영일문, 호소문, 주작문, 공진문이라 불리는 4개의 문이 있었으며, 일정한 시각에 폐문루, 관해루에 달아둔 북을 울려 여닫았다. 그밖에 3개의 우물과 4개의 배수구, 옹성, 치성, 보루 등이 있었으며, 일제강점기에 대부분 파손되어 현재는 성벽임을 짐작하게 해주는 돌 터와 홍예문, 배수구, 그리고 성의 존재를 짐작하게 하는  남문만이 자리하고 있다.",,,20070720090000,20250409094203,http://tong.visitkorea.or.kr/cms/resource/02/3476802_image2_1.jpg,http://tong.visitkorea.or.kr/cms/resource/02/3476802_image3_1.jpg,Type3,6,12,26,500,HS,HS01,HS010100,A02,A0201,A02010100,부산광역시 수영구 수영성로 43,(수영동),48229,129.1117117085,35.1743106361,6
2838907,39,고관함박,,"부산진역 1번 출구 바로 앞에 있는 고관함박은 함박스테이크 맛집이다. 함박스테이크와 쫄면이 조화로운 맛집으로, 고관까스와 비빔국수 조합이 특히 인기이다. 부드러운 고기와 매콤한 소스가 어우러져 만족스러운 식사를 제공한다. 비교적 저렴한 가격으로 함박스테이크를 제공해 많은 이들이 찾고 있다.",,,20220818142455,20250828105311,http://tong.visitkorea.or.kr/cms/resource/97/2838897_image2_1.jpg,http://tong.visitkorea.or.kr/cms/resource/97/2838897_image3_1.jpg,Type3,6,5,26,170,FD,FD02,FD020300,A05,A0502,A05020200,부산광역시 동구 중앙대로349번길 14 (수정동),,48791,129.0462742511,35.1270313878,6
3336600,38,고래서이뻐,"<a href=""https://www.instagram.com/pretty_whale.shop/"" target=""_blank"" title=""새창 : 고래서이뻐 홈페이지로 이동"">https://www.instagram.com/pretty_whale.shop</a>",고래서이뻐는 해리단길에 주택을 개조해 만든 소품샵이다. 각종 바다와 고래에 관련된 수공예 기념품을 개발하고 판매하는 공간이다. 아기자기한 인형들이나 액세서리도 함께 판매하고 있어 여행 시에 둘러보기 좋은 공간이다. 오프라인에서 판매하는 모든 제품은 인스타그램을 통하여 택배로도 주문이 가능하다. 해운대와 가까워 관광과 함께 방문하기 좋은 명소로 자리 잡고 있다.,,,20240723173052,20250311105223,,,,6,16,26,350,SH,SH05,SH050300,A04,A0401,A04010900,부산광역시 해운대구 우동1로38번길 15-1 (우동),,48087,129.1583856629,35.1657319056,6
2785272,39,고향연화,"<a href=""https://www.instagram.com/pigbanggu""target=""_blank"" title=""새창 : 업체인스타그램 이동"">https://www.instagram.com/pigbanggu</a>","고향연화는 스페셜 안심카츠와 화로카츠 등 고품질 돈까스 메뉴와 전복리조또, 중화로제파스타 등 특색 있는 요리를 제공한다. 후토마키와 왕새우튀김도 인기 메뉴로, 바삭한 튀김옷과 촉촉한 속살이 조화롭다. 세련된 인테리어와 특색 있는 메뉴로 다양한 연령층에 인기가 많은 고향 연화는 대기시간이 발생할 수 있어 방문 시 여유 있게 시간을 잡고 가는 게 좋다.",,,20211202224016,20250828093425,http://tong.visitkorea.or.kr/cms/resource/82/2785282_image2_1.jpg,http://tong.visitkorea.or.kr/cms/resource/82/2785282_image2_1.jpg,Type3,6,3,26,710,FD,FD02,FD020200,A05,A0502,A05020300,부산광역시 기장군 기장읍 연화길 33-8,,46082,129.2245979306,35.2172384782,6
2782765,12,곰내연밭,,"부산에서 여름에 가볼 만한 곳으로 인기가 많은 곳이다. 부산 기장군에 있으며, 철마중리연꽃공원이라고도 불린다. 연꽃 개화 시기는 7월부터 8월 사이라 이 시기에 방문하면 가득 핀 연꽃을 볼 수 있다. 연꽃, 연잎과 함께 개구리나 다양한 곤충들도 볼 수 있어 어린이들과 함께하기 좋다. 근처에는 산책하기 좋은 곰내재 숲 속 쉼터도 있고, 연잎이나 연을 재료로 하는 식당도 있다. 또한 여름과 어울리는 행사나 청정농산물 홍보행사 등 다양한 행사를 진행하는 곳이다.",,,20211129222303,20250325104359,http://tong.visitkorea.or.kr/cms/resource/58/2794158_image2_1.jpg,http://tong.visitkorea.or.kr/cms/resource/58/2794158_image3_1.jpg,Type3,6,3,26,710,NA,NA04,NA040700,A01,A0101,A01010700,부산광역시 기장군 철마면 웅천리 254-4,,,129.1695450043,35.2954092493,6
134326,39,곰보식당,"<a href=""https://www.visitbusan.net/index.do?menuCd=DOM_000000201002001000&uc_seq=1822"" target=""_blank"" title=""새창 : 홈페이지로 이동"">https://www.visitbusan.net/kr/index.do</a>","곰보식당은 부산 사상구 삼락동에 위치한 한우 전문점으로 1975년에 개업하여 오랜 전통을 자랑하는 곳이다. 이곳은 오랜 노하우로 항상 선별된 최상의 한우 암소만을 취급하고 있다. 부드러운 맛보다는 한우 본연의 고소한 맛을 살리는 것에 집중하고 있다. 구포 축산물 도매시장과 바로 인접해 있어 천엽, 간 등의 횟간과 등골 등 각종 부위를 가장 신선한 상태에서 맛볼 수 있다. 갈빗살과 육회뿐만 아니라 곱창전골도 이 집의 자랑이다. 또한 고기를 먹고 난 후 곁들여 나오는 선짓국은 별미이다.",,,20020926090000,20250306150858,,,,6,9,26,530,FD,FD01,FD010100,A05,A0502,A05020100,부산광역시 사상구 낙동대로 1564,,46901,128.9878357701,35.1965808534,6
2841481,39,공극샌드커피,"<a href=""https://www.instagram.com/gonggeuk_sand/""target=""_blank"" title=""새창: 공극샌드커피 공식인스타그램으로 이동"">https://www.instagram.com/gonggeuk_sand/</a>","부산광역시 기장 앞바다를 보며 힐링의 시간을 가질 수 있는 공극샌드커피는 카페 이름이 독특한데 비가 오거나 날씨가 조금 흐려져도 맛이 달라질 수 있는 커피를 내리는 과정에서 형성될 수 있는 미세하고 독특한 맛과 모래에 넘어져도 모래와 모래 사이의 공간인 공극 때문에 다치지 않고 일어설 수 있다는 스토리텔링의 의미까지 담고있다. 야외테라스 및 루프탑이 있어 마음껏 바다 풍경을 즐길 수 있다. 루프탑에는 거울 포토존이 있어 인기가 좋으며, 노란 파라솔이 달린 평상에 앉아 바다와 빨간 등대를 바라보며 커피를 마실 수 있다. 전용 주차장이 있고 주차요원이 있어 편한 주차가 가능하다. 맑은 바닷물과 은빛의 백사장이 가득한 송정해수욕장과 바다와 가장 가까운 사찰로 용궁사가 인접해 있다. 주변 관광 후에 잠깐의 피로를 풀기에 좋은 카페다.",,,20220823112636,20250605113025,http://tong.visitkorea.or.kr/cms/resource/76/2841476_image2_1.jpg,http://tong.visitkorea.or.kr/cms/resource/76/2841476_image3_1.jpg,Type3,6,3,26,710,FD,FD05,FD050100,A05,A0502,A05020900,부산광역시 기장군 기장읍 공수해안길 41,,46084,129.2131276086,35.1845252618,6
128610,12,공수어촌체험마을,"<a href=""http://www.xn--ob0b66vnogvydg9bu8mura767c.kr/""target=""_blank"" title=""새창: 공수어촌체험마을 "">http://www.공수어촌체험마을.kr/</a>","부산 기장군 공수어촌체험마을은 맑고 푸른 동해와 접하고 있어 수려한 해안절경과 천혜의 자연경관으로 도시민의 휴양지로 각광을 받고 있어 관광개발의 잠재력이 풍부하며, 부산의 외곽지역으로 해운대 및 송정해수욕장과 연계되어 있으며 동해 남부선 철도와 국도 14호선이 기장군의 중심부를 관통하여 교통이 매우 편리한 여건을 가지고 있다. 공수란 마을명은 이 마을에 공수전(公須田)이 있는 데에서 유래되었다. 공수전은 고려 시대 때 관청의 영선비, 출장 중인 관리의 숙박이나 접대비 등을 충당하기 위하여 마련해 놓은 밭을 말한다. 이곳은 공수전에 있었기 때문에 공수라는 이름이 되었다. 조선조 광해군 시대는 기장군 남면 공수어촌체험마을이었으나 1914년 기장군이 동래군에 병합되면서 기장면 시랑리 공수어촌체험마을로 되었다.",,,20050926090000,20250325145220,http://tong.visitkorea.or.kr/cms/resource/32/2504632_image2_1.jpg,http://tong.visitkorea.or.kr/cms/resource/32/2504632_image2_1.jpg,Type3,6,3,26,710,EX,EX03,EX030400,A02,A0203,A02030100,부산광역시 기장군 기장읍 공수해안길 13-2,,46084,129.2111944455,35.1844585662,6
2869241,39,공원집,,"부산에 위치한 공원집은 계곡물이 시원하게 흐르는 자연 속에서 오리요리와 닭요리를 즐길 수 있는 맛집으로, 아름다운 풍경과 함께 특별한 식사를 경험할 수 있는 곳이다. 맑은 계곡물 소리를 들으며 식사를 할 수 있어 여름에 많은 이들이 찾는다.  이곳에서는 오리불고기를 비롯해 오리백숙, 토종닭백숙, 옻닭 등 다양한 오리 및 닭요리를 맛볼 수 있어 입맛과 기호에 따라 선택할 수 있다. 요리와 함께 제공되는 반찬들로, 오리고기와 잘 어울리는 쌈무, 겉절이, 상큼한 샐러드, 다양한 쌈채소, 마카로니, 부추무침, 시원한 오이냉국 등이 차려진다. 공원집은 야외 테이블과 실내 좌석이 모두 마련되어 있어, 날씨나 기분에 따라 원하는 공간에서 식사할 수 있는 점도 큰 장점이다. 자연과 어우러진 분위기 속에서 가족이나 지인들과 함께 여유롭고 건강한 한 끼를 즐기기에 안성맞춤인 장소다.",,,20221018144432,20250623131807,http://tong.visitkorea.or.kr/cms/resource/33/2869233_image2_1.JPG,http://tong.visitkorea.or.kr/cms/resource/33/2869233_image3_1.JPG,Type3,6,7,26,230,FD,FD01,FD010100,A05,A0502,A05020100,부산광역시 부산진구 가야공원로 83-12 (가야동),,47390,129.0290835698,35.1457178671,6
2870277,39,공원칼국수,,"공원칼국수는 부산문화회관 근처 남구 대연동에 위치한 곳이다. 물총조개탕, 공원칼국수, 왕만두, 보쌈, 미니보쌈 등 메뉴는 심플한 편이다. 푸짐한 양과 맛으로 찾는 사람이 많아서 웨이팅이 시간이 긴 편이다. 칼국수 맛도 칼국수 맛이지만 김치 맛이 또 다른 포인트다. 칼국수와 곁들여 먹는 김치로 매운 김치와 무김치가 나오는데 칼국수와 매운 김치의 조합이 독특하다. 건물을 옆으로 옮기면서 전에는 건물 뒤 주차장을 이용했는데, 현재는 길 건너의 유엔공원 공영주차장을 이용해야 한다. 식사 후 주차장 영수증에 확인받아 가면 된다. 근처에 부산문화회관이 인접해 있어 함께 둘러보기 좋다.",,,20221019114236,20250624173351,http://tong.visitkorea.or.kr/cms/resource/73/2870273_image2_1.JPG,http://tong.visitkorea.or.kr/cms/resource/73/2870273_image3_1.JPG,Type3,6,4,26,290,FD,FD01,FD010100,A05,A0502,A05020100,부산광역시 남구 유엔평화로 110 (대연동),,48534,129.0954366632,35.1262657140,6
1942348,12,관수옥과 초량왜관 터,,"관수옥은 초량왜관의 우두머리인 관수가 머물던 곳이다. 당시에는 용두산을 중심으로 동쪽이 가장 먼저 시가지가 발달하기 시작하였는데, 바다에서 배를 대는 선착장이 가깝기 때문이다. 일본 사람들이 배로 들어와 동쪽을 중심으로 살기 시작했고, 관수옥을 지나 왜관으로 들어갔을 것이다. 관수옥이 있던 자리에는 지금도 돌계단이 남아있다. 초량왜관은 일본과 우리나라의 무역에서 중심 역할을 했던 곳이다. 용두산을 둘러싸고 만들어진 초량왜관은 안에는 신사를 비롯하여 일본인들의 편의 시설이 가득했다. 지금은 공원으로 들어가는 세 군데의 진입로가 만나는 지점에 초량왜관 터라는 비석이 놓여 있어 예전에 이곳이 초량왜관이었다는 것을 알리고 있다.",,,20140820012210,20250508101521,http://tong.visitkorea.or.kr/cms/resource/24/3049224_image2_1.JPG,http://tong.visitkorea.or.kr/cms/resource/24/3049224_image2_1.JPG,Type3,6,15,26,110,HS,HS01,HS010700,A02,A0201,A02010700,부산광역시 중구 용두산길 37-55,(광복동2가),48950,129.0327483723,35.1005396593,6
2785265,12,관음사(부산),,"도심 안에 자리 잡은 관음사는 대한불교 조계종 송광사의 부산 분원이다. 학을 타고 있는 산이라는 뜻의 승학산에 1940년 5월 1일 승려 일련이 관음사라는 조그만 조막을 지어 수행하고 포교하면서 건립되었다. 이후 요사채를 건립하고, 법당과 후원을 짓고 도량을 넓혀 1984년 승광사 부산 분원으로 등록하였다. 관음사는 부산광역시 유형문화유산으로 지정된 묘법연화경 권4~7을 소장하고 있다. 구마라집이 번역하고 계환이 주해한 것을 저본으로 조선시대 명필인 성달생, 성개 형제가 선친의 명복을 기원할 목적으로 정서한 법화경을 판하본으로 하였다. 

1405년에 전라도 도솔산 안심사에서 도인 신문이 주관하여 목판으로 새긴 것을 후쇄한 것인데, 초간본이 아닌 그리 오래되지 않은 후쇄본임을 알 수 있다. 전체 7권 2책 중 권 4-7의 제2책만 남아 있는 결본이며, 책은 전반적으로 아래위에 습기로 인한 침수 흔적이 일부 있다. 관음사 소장 묘법연화경은 조선 전기인 태종 때에 판각·인쇄된 것으로 조선 전기 불경 및 서지학 연구에 중요한 자료를 제공하는 불교사적, 서지학적 가치가 뛰어난 유형문화유산이다.",,,20211202222942,20250326160543,http://tong.visitkorea.or.kr/cms/resource/10/2790710_image2_1.JPG,http://tong.visitkorea.or.kr/cms/resource/10/2790710_image3_1.JPG,Type3,6,10,26,380,HS,HS03,HS030100,A02,A0201,A02010800,부산광역시 사하구 제석로79번길 33 (당리동),,49316,128.9758364301,35.1088376838,6
2805377,39,광명집,,"광명집은 부산 남구에 위치한 25년 이상의 오랜 전통을 가진 한식 전문점이다. 빨간 양념으로 버무린 뽈찜과 아귀찜을 전문으로 요리하고 있다. 각종 쌈 채소가 함께 나와 수육과 양념을 넣고 쌈을 싸먹기도 좋으며, 맵기 조절이 가능하여 남녀노소 부담 없이 맛볼 수 있다. 아귀찜을 다 먹고 난 후에 감자사리를 양념에 넣고 비벼 먹는 것 또한 인기이다. 전용 주차장 시설을 보유하고 있어 차로 더욱 편리한 이용이 가능하다.",,,20220125175511,20251023143000,,,,6,4,26,290,FD,FD01,FD010100,A05,A0502,A05020100,부산광역시 남구 신선로 458 (대연동),,48518,129.1009667539,35.1256714384,6
132574,38,광복 지하도상가,"<a href=""http://undershop.bisco.or.kr"" target=""_blank"" title=""새창 : 지하도상가 홈페이지로 이동"">http://undershop.bisco.or.kr</a>","지하철 중앙동역에서 남포동역 사이의 지하도에 자리 잡은 광복지하도상가는 공기 순환 시설이 잘 돼 있어 오랜 시간 쇼핑을 하더라도 눈이 따갑거나 목이 아픈 경우가 없다. 특히 상가 간의 통로가 넓어 자유롭고 편안한 쇼핑을 즐길 수 있으며, 상가 곳곳에는 멀티비전, 음악 분수대, 벤치 등 고객 편의 시설과 고객 친화 공간이 마련되어 있어 쇼핑의 즐거움과 쾌적한 휴식을 제공한다. 또한 의류뿐만 아니라 신발, 가방, 액세서리, 공방, 화장품, 란제리, 건강식품, 호프와 커피, 식당 등 다양한 업종의 216여 점포가 즐비해 있어 남녀노소 모두에게 쇼핑의 만족을 주는 최고의 상가이다.",,,20040224090000,20251105111432,http://tong.visitkorea.or.kr/cms/resource/55/3561855_image2_1.jpg,http://tong.visitkorea.or.kr/cms/resource/55/3561855_image3_1.jpg,Type1,6,15,26,110,SH,SH05,SH050200,A04,A0401,A04010600,부산광역시 중구 중앙대로 지하17 (중앙동6가),광복지하쇼핑센터,48955,129.0361453203,35.0997620313,6
2872590,39,광복경양식,,"광복경양식은 광복동에서 오랜 사랑을 받고 있는 광복경양식의 명지 직영점이다. 깊고 진한 육수에 좋은 재료로 매일 끓여 제공하는 수프와 우사골, 각종 야채, 과일을 1주일간 끓여 만들어내는 데미그라스 소스, 샐러드 드레싱, 스파게티 소스 등 모든 음식은 직접 만들어서 사용한다. 건강하고 맛있는 음식을 제공하기 위해 노력하는 맛집으로 실내는 과거와 현재가 공존하는 느낌의 인테리어로 되어있다. 테이블 간의 거리도 적당히 떨어져 있어서 좋고, 전체적 분위기가 깔끔하다. 건물 앞쪽도 주차가 가능하지만 건물 뒤편에 주차장이 마련되어 있다. 청량사, 맥도생태공원이 인접해 있어 함께 둘러보기 좋다.",,,20221021144437,20250708105632,http://tong.visitkorea.or.kr/cms/resource/87/2872587_image2_1.JPG,http://tong.visitkorea.or.kr/cms/resource/87/2872587_image3_1.JPG,Type3,6,1,26,440,FD,FD02,FD020300,A05,A0502,A05020200,부산광역시 강서구 명지국제6로220번길 19 (명지동),,46772,128.9241107421,35.0953632435,6
3576410,15,광복로 겨울빛 트리축제,"<a href=""https://litt.ly/gwangbok_treefestival"" target=""_blank"" title=""새창 : 축제 페이지"">https://litt.ly/gwangbok_treefestival	
</a>","부산의 겨울을 밝히는 대표 트리축제가 K-문화를 담은 찬란한 겨울빛으로 찾아온다.
2025년 12월 5일 올해 단 한번의 하이라이트, 카운트다운과 함께 광복로가 빛으로 깨어나는 점등식을 시작으로 26년 2월 22일까지 '2025 광복로 겨울빛 트리축제'를 만나볼 수 있다.
축제 기간 동안 부산 지역 뮤지션들의 버스킹 공연, 시민이 직접 트리 불빛을 켜볼 수 있는 참여형 점등식 등 다채로운 거리 이벤트가 준비되어 있다. 12월 20일~21일 주말에는 크리스마스 쿠킹클래스, 미니 트리만들기 등 다양한 체험프로그램도 펼쳐지니 빠짐없이 즐겨볼 수 있다.",051-714-4758,부산 중구청,20251128171222,20251128171805,http://tong.visitkorea.or.kr/cms/resource/05/3576405_image2_1.JPG,http://tong.visitkorea.or.kr/cms/resource/05/3576405_image3_1.JPG,Type3,6,15,26,110,EV,EV01,EV010200,A02,A0207,A02070200,부산광역시 중구 광복로 72-1 (광복동2가),"부산 광복로, 광복중앙로 일원",48954,129.0327400915,35.0986398717,6
126857,12,광복로패션거리,"<a href=""https://www.visitbusan.net/index.do?menuCd=DOM_000000201003001000&uc_seq=413&lang_cd=ko"" target=""_blank"" title=""새창 : 홈페이지로 이동"">https://www.visitbusan.net</a>","광복로패션거리는 과거 하천이었던 곳을 복개하여 도로로 사용하고 있는 곳이며, 도로 양쪽으로 오래전부터 옷 가게들이 운집되어 있어서 광복로패션거리로 명명되었다. 광복로가 시작되는 농협 부산지점부터 국제시장 먹자골목 입구까지가 광복로패션거리이며, 이곳은 우리나라 의류, 신발 등이 모여있는 곳으로 야간이나 주말에는 사람들로 발 디딜 틈이 없을 정도로 많은 사람들이 찾는 곳이다. 광복로패션거리에는 중구청 주관으로 매년 12월부터 광복로 겨울빛 트리축제를 시행하고 있으며, 다양한 종류의 조명과 각종 모형이 빛으로 장식되어 아름다운 거리로 탈바꿈하는 곳이며, 축제 기간에는 광복로 일대가 차 없는 거리로 조성되어 여유롭게 축제를 즐길 수 있다. 광복로문화패션거리에는 문화와 패션 그리고 맛집들이 즐비한 곳으로 방문하면 젊음과 활기를 느낄 수 있다.",,,20040223090000,20250407110522,http://tong.visitkorea.or.kr/cms/resource/11/3049611_image2_1.JPG,http://tong.visitkorea.or.kr/cms/resource/11/3049611_image3_1.JPG,Type3,6,15,26,110,VE,VE04,VE040100,A02,A0203,A02030600,부산광역시 중구 광복로 72-1 (광복동2가),,48954,129.0327400915,35.0986398717,6
2708019,28,광안리 SUP Zone,"<a href=""https://www.gwangallisuprise.kr/""target=""_blank"" title=""광안리 SUP Zone"">https://www.gwangallisuprise.kr/</a>","광안리 SUP Zone은 부산 수영구 광안리해수욕장에 위치한 스탠드업 패들보드(SUP) 전문 체험 공간이다. 이곳은 바다 위에서 패들보드를 즐길 수 있는 최적의 장소로, 맑고 푸른 바다와 광안대교의 아름다운 풍경을 배경으로 수상 스포츠를 경험할 수 있다. 초보자부터 전문가까지 다양한 수준의 이용자가 안전하게 즐길 수 있도록 전문 강사와 장비를 제공한다. 또한, SUP 외에도 카약, 윈드서핑 등 다양한 해양 스포츠를 체험할 수 있어 여름철 인기 있는 명소로 자리 잡고 있다. 광안리 SUP Zone은 바다와 함께하는 새로운 경험을 원하는 사람들에게 최적의 장소이다.",,,20210304011834,20250307103416,,,,6,12,26,500,LS,LS02,LS021400,A03,A0301,A03010200,부산광역시 수영구 남천동,,48304,129.1146732910,35.1477386656,6
2991028,28,광안리 해양레포츠센터,"<a href=""https://gwanganli.imweb.me/"" title=""새창: 광안리 해양레포츠센터로 이동"" target=""_blank"">https://gwanganli.imweb.me/</a>","부산 수영구 광안리해양레포츠센터는 부산의 대표적인 해양 스포츠 중심지로, 광안리 해수욕장 인근에 위치하여 뛰어난 접근성과 아름다운 바다 전망을 자랑한다. 이곳은 선셋요트, 제트보트, 카약, 패들보드 등 다양한 해양 스포츠를 체험할 수 있는 시설을 갖추고 있으며, 초보자부터 숙련자까지 모두 이용할 수 있도록 안전 장비와 전문 강사진을 제공한다. 인근에는 다양한 해산물 음식점과 카페들이 있어 식사와 휴식을 함께 즐길 수 있는 이점이 있다. 광안리해양레포츠센터는 아름다운 바다와 함께하는 액티브한 휴식을 원하는 이들에게 추천하는 공간이다.",,,20230621100911,20250521155819,http://tong.visitkorea.or.kr/cms/resource/05/2991005_image2_1.jpg,http://tong.visitkorea.or.kr/cms/resource/05/2991005_image3_1.jpg,Type3,6,12,26,500,LS,LS02,LS021400,A03,A0301,A03010200,부산광역시 수영구 광안해변로54번길 222 광안리 해양레포츠센터,,48305,129.1153538300,35.1461832972,6
127925,12,광안리해변 테마거리,"<a href=""https://www.visitbusan.net/kr/index.do?menuCd=DOM_000000201001001000&uc_seq=377&lang_cd=ko"" target=""_blank"" title=""새창 : 홈페이지로 이동"">https://www.visitbusan.net/kr/</a>","2003년 광안리해수욕장 개장일에 맞춰 완공된 광안리해변 테마거리는 매년 다양한 축제와 행사들이 열리고 있는 곳으로, 인공야자수, 조형물, 벤치, 녹지대 등을 갖추고 있는 광안리해수욕장의 새로운 명소로 자리 잡게 되었다. 해변을 따라 조성된 테마거리는 보행자 중심의 시민휴식공간으로 이국적인 분위기를 연출하고 있다. 테마거리는 남천동 협진태양맨션에서 민락 회타운까지 해안도로를 따라 조성되었으며 해변 측에 보도를 조성하고 전망파빌리온 등 조형물과 가로등, 수목플랜트, 벤치등을 조성하여 낭만의 거리, 해맞이광장, 젊음의 거리로 나누어져 있다. 보행자 거리의 의미를 살려서 전 구간에 점토 블록을 깔았으며, 광안리해변 테마거리 조성으로 지하철 2호선 공사 후 급격한 침체기를 맞던 광안리해수욕장 일대가 젊음과 축제의 거리, 가족의 거리로 예전의 명성을 되찾고, 지역상권도 회복되고 있다. 사시사철 전국에서 수많은 관광객들이 아름다운 광안리해수욕장을 찾고 있으며, 잘 꾸며진 해변거리를 거닐면서 광안대교의 찬란한 야경을 보고, 광안리카페거리와 민락회타운에서 맛있는 음식을 즐기며 추억과 낭만의 거리로 오랫동안 기억에 남을 것이다.",,,20031007090000,20250522092010,http://tong.visitkorea.or.kr/cms/resource/42/3071042_image2_1.JPG,http://tong.visitkorea.or.kr/cms/resource/42/3071042_image3_1.JPG,Type3,6,12,26,500,VE,VE04,VE040100,A02,A0203,A02030600,부산광역시 수영구 민락동,(민락동),48284,129.1221363273,35.1551657503,6
1013112,38,광주요,"<a href=""https://ekwangjuyo.com/weskin_import/about.html"" target=""_blank"" title=""새창 : 광주요 홈페이지로 이동"">https://ekwangjuyo.com</a>","광주요는 한국의 식문화(食文化) 가치를 전하는 대한민국 문화 기업으로 왕실에 진상하기 위해 도자기를 굽던 광주관요의 전통과 장인 정신을 이어받아 생활문화까지 더욱 품위 있게 향상될 수 있는데 목적을 두고 있다. 천연원료의 사용과 수작업 방식 제작 과정으로 자연주의, 환경친화적인 감성을 기본 철학으로 삼는 광주요는 전통 도자문화를 현대화하고, 조상들의 혼이 녹아있는 전통 도자기의 원료, 형태, 문양을 연구하고 재해석하여 완성도 높은 명품으로 자리매김하고 있다. 매장은 이천점, 한남점과 백화점에 입점하여 서울과 부산에 자리하고 있다.",,,20100501232458,20250311141354,http://tong.visitkorea.or.kr/cms/resource/53/1016353_image2_1.jpg,http://tong.visitkorea.or.kr/cms/resource/53/1016353_image3_1.jpg,Type3,6,16,26,350,SH,SH05,SH050100,A04,A0401,A04010700,부산광역시 해운대구 센텀남대로 35,,48058,129.1297464005,35.1688671344,6
2744597,12,구덕문화공원,"<a href=""https://www.bsseogu.go.kr/tour/board/view.do?boardId=BBS_0000081&menuCd=DOM_000000304003000000&paging=ok&startPage=1&dataSid=5013"" target=""_blank"" title=""새창 : 부산 서구 문화관광으로 이동"">https://www.bsseogu.go.kr/tour/</a>","구덕문화공원은 부산광역시 서구 서대신동 구덕산 숲 속에 위치해 있다. 작은 폭포의 물소리와 아름답고 시원하게 뿜는 분수는 이곳을 찾는 이들의 마음속깊이 자연의 정취를 만끽케 한다. 이 공원에는 교육역사관이 있고, 울창한 숲 주변전경의 민속생활관, 온실식물이 자연과 더불어 함께하는 목석원예관 등 다양한 전시관과 폭포, 연못, 꽃길, 산책길 등을 갖춘 자연생태 문화 공간이다. 특히 이곳 구덕문화공원 일대는 2005년 11월 APEC(아시아·태평양 경제협력체) 정상회의 때 회원국 CEO Summit(최고경영자 회의) 배우자들(40명)이 방문한 곳이기도 하다.",,,20210915004458,20250306171912,http://tong.visitkorea.or.kr/cms/resource/40/3369140_image2_1.jpg,http://tong.visitkorea.or.kr/cms/resource/40/3369140_image3_1.jpg,Type1,6,11,26,140,VE,VE03,VE030500,A02,A0202,A02020700,부산광역시 서구 꽃마을로163번길 73 (서대신동3가),,49200,129.0058166756,35.1264334874,6
130200,14,구덕민속예술관,"<a href=""https://blog.naver.com/bgdms"" target=""_blank"" title=""새창 : 구덕민속예술관 블로그 페이지로 이동"">https://blog.naver.com/bgdms</a>","구덕민속예술관은 서구 서대신동3가 대신공원 내에 위치하고 있다. 서부산 지역의 전통문화의 전당으로서 무형문화유산 전승 보급과 전래하는 미풍양속의 계승과 조상의 얼을 심기 위한 민속예술의 산 교육장으로 활용하기 위하여 부산시에서 건립하였다. 지하 1층은 사단법인 구덕민속예술보존협회가 전수장으로 사용하고 있고, 놀이마당 173평에는 1,500명을 수용할 수 있는 계단식 관람석이 마련되어 있다. 무형문화유산 보유종목으로 ‘부산농악’(부산시무형문화유산)과 ‘구덕망깨터다지기소리’(부산시무형문화유산)가 있다.
각종 전국민속경연 대회의 우수한 수상 경력 등을 자랑하고 있는 구덕민속예술보존협회는 매년 1회 정기발표회와 부산민속예술경연 대회를 열어 우리 소리의 맥을 이어가는 등 부산농악의 전수교육은 물론 새로운 민속문화 발굴 등의 활동을 계속하고 있다. 예술관에서는 전수활동을 하고 있는데 부산농악의 경우 부산해사고등학교, 부산정보디자인고등학교, 동호정보여자고등학교 등 3개교를 전수지정학교로 운영하고 있으며, 시민과 학생을 대상으로 연 1회 풍물 무료 강습회도 열고 있다.",,,20071106104642,20250114174115,http://tong.visitkorea.or.kr/cms/resource/42/2649742_image2_1.jpg,http://tong.visitkorea.or.kr/cms/resource/42/2649742_image3_1.jpg,Type3,6,11,26,140,VE,VE09,VE090400,A02,A0206,A02061100,부산광역시 서구 대신공원로 34-91 (서대신동3가),,49200,129.0185100829,35.1239756631,6
135287,39,구덕민속촌,"<a href=""https://linktr.ee/kudokfolkvil"" target=""_blank"" title=""새창: 구덕민속촌 홈페이지로 이동"">https://linktr.ee/kudokfolkvil</a>",구덕민속촌은 딱딱한 콘크리트보다 풋풋한 흙냄새가 그윽하게 배어 있는 토속적인 한옥의 멋을 즐길 수 있다. 식사와 함께 여유 있는 시간과 다양한 즐길 거리들을 함께 보낼 수 있는 곳이다. 가족들과 아이들의 학습 공간으로 활용할 수 있게 동물농장과 민속품 전시장도 마련 중에 있으며 연인들을 위한 야외 라이브 카페와 부대시설로 노래방도 마련되어 있다. 신선한 고기만을 엄선한 연하고 부드러운 살점의 갈비와 20여 가지 한약재를 넣어 만든 한방유황오리를 비롯하여 다양한 요리를 맛볼 수 있다.,,,20060817090000,20250306145402,,,,6,9,26,530,FD,FD01,FD010100,A05,A0502,A05020100,부산광역시 사상구 학감대로39번안길 15-17,,47055,128.9977755336,35.1328603979,6
2661479,28,구덕야영장,"<a href=""https://www.gudeok.go.kr/sb43.php"" target=""_blank"" title=""새창 : 구덕청소년수련관 홈페이지로 이동"">http://www.gudeok.go.kr</a>","구덕야영장은 넓은 잔디광장과 야영지 6곳을 비롯한 옥외취사장, 세면장, 주차장 등 부속시설이 잘 갖추어져 있으며, 도심 안에 자리 잡고 있어 방문이 편리한 곳이다. 휴일이면 많은 가족 단위 시민들이 즐겨 찾는 곳이다. 구덕청소년수련관 안에 있어 기관이나 단체 등에서 각종 행사장으로도 많이 이용되고 있는 곳이며 지역 주민들을 위한 야영장, 잔디 구장 등 다채로운 장소 제공으로 지역 내 평생교육과 가족 화합의 장소로서 시민들의 휴식 공간으로 손색없는 명소로 자리 잡고 있다.",,,20200630020018,20250404142153,http://tong.visitkorea.or.kr/cms/resource/77/3049177_image2_1.JPG,http://tong.visitkorea.or.kr/cms/resource/77/3049177_image3_1.JPG,Type3,6,11,26,140,AC,AC05,AC050100,A03,A0302,A03021700,부산광역시 서구 꽃마을로156번길 109,(서대신동3가),49200,129.0097191372,35.1255892096,6
2859073,39,구덕포끝집고기,,"해운대 송정 구덕포길 끝자락에 있는 구덕포끝집고기는 국내산 품질 좋은 돼지고기에 월계수, 흑후추, 로즈마리 등 수십여 가지의 허브와 정제소금, 구운 소금으로 밑간하여 24시간 숙성한 돼지고기 전문점이다. 삼겹살은 기름기 많은 부위 또는 없는 부위를 주문 시 직원에게 말하면 된다. 기본 찬은 파절이, 장아찌, 명이나물, 소스 등 정갈하게 나온다. 송정 바다 풍경이 바로 보이는 테라스 좌석은 직접 고기를 구워야 하지만 애견 동반이 가능하고, 바다 풍경을 볼 수 있어 인기가 좋다. 숙성된 돼지고기로 속은 촉촉하고 겉은 바삭하여 풍미가 좋다. 또 볶은 고사리와 함께 곁들여 먹어 별미이다. 근처에 해안도로 카페와 가볍게 걷기 좋은 구덕포 방파제가 가까이 있다.
※ 반려동물 동반 가능",,,20220923150338,20250115110428,http://tong.visitkorea.or.kr/cms/resource/70/2859070_image2_1.jpg,http://tong.visitkorea.or.kr/cms/resource/70/2859070_image3_1.jpg,Type3,6,16,26,350,FD,FD01,FD010100,A05,A0502,A05020100,부산광역시 해운대구 송정구덕포길 178,,48073,129.1968878084,35.1680045876,6
2832700,39,구디너프,"<a href=""https://www.instagram.com/good._.enough_isle/""target=""_blank"" title=""새창 : 구디너프 인스타그램으로 이동"">https://www.instagram.com/good._.enough_isle/</a>","건물 전체가 통유리로 되어 오션뷰를 바로 볼 수 있는 부산의 구디너프는 가덕도 핫플레이스다. 1층, 2층, 3층 모두 실내, 실외 테라스, 루프탑이 갖춰져 있어 다양한 각도에서 오션뷰를 즐길 수 있다. 위치적으로는 도시에서 조금 벗어나 넓은 바다와 푸른 산이 보이는 곳에서 이용하는 사람들에게 자유로움을 느낄 수 있게 했으며, 내부적으로는 자유로운 동선과 편안한 휴식을 맛있는 커피와 달콤한 디저트를 함께 이용할 수 있게 함으로써 구디너프 하나만으로도 충분하다는 느낌이 받을 수 있도록 노력했다. 구디너프에서는 산미 있는 원두와 바디감이 있는 원두를 선택할 수 있으며, 커피를 못 마시는 사람을 위한 디카페인 음료와 여러 종류의 허브티가 준비되어 있다. 허브티에 사용되는 재료는 모두 유기농이며 블렌딩 되어 이색적인 맛을 느낄 수 있다. 티에 대해 궁금하거나 자세한 설명이 필요하면 직원에게 물어보면 된다. 디저트 종류도 브리오슈, 스콘, 케이크, 먹물 치즈 빵 등 다양하게 구성되어 있다.",,,20220804162021,20250527173749,http://tong.visitkorea.or.kr/cms/resource/94/2832694_image2_1.jpg,http://tong.visitkorea.or.kr/cms/resource/94/2832694_image3_1.jpg,Type3,6,1,26,440,FD,FD05,FD050100,A05,A0502,A05020900,부산광역시 강서구 가덕해안로1169번길 28 (대항동),,46771,128.8331570019,35.0127458275,6
2873498,39,구로마쯔,,"송정 해수욕장 근처에 있는 구로마쯔는 철판구이 전문점이다. 부산에 송정, 광안리 점 2곳을 운영 중인 구로마쯔는 모두 바다 풍경을 보며 음식을 먹을 수 있는 바다 뷰 맛집이다. 예약제로 운영해 방문 예약이 필수이다. 철판 주위 바 테이블로 이루어져 있는 구로마쯔는 소규모 인원으로 조용하게 식사할 수 있다. 인기 메뉴인 점심 특선은 샐러드, 일본식 계란찜, 모듬 야채구이, 관자구이, 스테이크, 볶음밥, 디저트가 나오는 구성으로 가성비가 좋아 많이 찾는다. 런치는 11시 30분, 13시 30분 2부제로 운영하고 디너는 17시 30분 시작으로 원하는 시간에 맞춰 예약하면 된다. 구로마쯔에서 차로 10분 거리에 일출과 야경을 볼 수 있는 해마루가 있어 함께 둘러보기 좋다.",,,20221024153334,20250116112427,http://tong.visitkorea.or.kr/cms/resource/87/2873487_image2_1.jpg,http://tong.visitkorea.or.kr/cms/resource/87/2873487_image3_1.jpg,Type3,6,16,26,350,FD,FD02,FD020200,A05,A0502,A05020300,부산광역시 해운대구 송정광어골로 41 (송정동),,48073,129.1971986315,35.1774729774,6
1303759,38,구서오시게시장,,"부산 금정구에 위치한 구서오시게시장은 구서역 1번 출구 인근에 위치해 있는 상가형 시장이다. 한때 점포가 400여 개에 이를 정도로 많은 손님들이 찾았던 곳이었지만 현재는 부산의 다른 상권이 발달하며 쇠퇴했으나 다양한 먹거리와 생활용품을 한자리에서 구매할 수 있어 일상적인 장보기 장소로 인기가 높다. 요즘도 할머니들이 직접 키우고 만든 채소, 나물, 손두부, 도토리 묵 등 신선한 농산물 판매하고 있으며 지하철역과 가까워서 접근성이 뛰어나다. 이곳은 지역 주민들의 소통의 장이자, 부산의 전통과 문화를 느낄 수 있는 공간의 역할을 톡톡히 하고있다.",,,20110610023819,20250425095704,http://tong.visitkorea.or.kr/cms/resource/75/1982175_image2_1.jpg,http://tong.visitkorea.or.kr/cms/resource/75/1982175_image3_1.jpg,Type3,6,2,26,410,SH,SH06,SH060200,A04,A0401,A04010200,부산광역시 금정구 구서로 12,,46243,129.0898032743,35.2473742654,6
2755676,12,구포 어린이교통공원,"<a href=""https://www.bsbukgu.go.kr/index.bsbukgu?menuCd=DOM_000000103001004001&cpath="" target=""_blank"" title=""새창 : 부산 북구청 홈페이지로 이동"">https://www.bsbukgu.go.kr/</a>",구포 어린이교통공원은 다양한 활동을 통해 어린이들이 올바른 교통 문화를 배울 수 있는 체험 시설이다. 실내 체험장에서는 교통수단의 발달사와 같은 이론 정보는 물론 애니메이션과 영상 자료를 통해 안전사고를 예방하는 교육도 제공한다. 산책로로 연결된 야외 체험교육장은 실제 도로처럼 조성해 어린이들이 다양한 교통 상황을 직접 경험하면서 교통 지식을 체득할 수 있고 직접 미니카를 운전할 수도 있다. 무료로 운영되고 있어 가족들이 부담 없이 방문해 아이들과 교육적이면서 즐거운 시간을 보낼 수 있다.,,,20211012233916,20250306140045,http://tong.visitkorea.or.kr/cms/resource/17/3397217_image2_1.jpg,http://tong.visitkorea.or.kr/cms/resource/17/3397217_image3_1.jpg,Type3,6,8,26,320,VE,VE02,VE020100,A02,A0202,A02020600,부산광역시 북구 낙동북로 687 (구포동),,46634,128.9999845896,35.2010583530,6
2755696,28,구포무장애숲길,"<a href=""https://www.wheelbusan.or.kr/wheelbusan/bbs/board.php?bo_table=bo_37&wr_id=1""target=""_blank"" title=""새창: 무장애 부산관광 홈페이지로 이동"">https://www.wheelbusan.or.kr/</a>","부산 북구에 위치한 구포무장애숲길은 누구나 쉽게 걸을 수 있도록 조성된 산책로로, 남녀노소는 물론 휠체어나 유모차를 이용하는 이들도 불편함 없이 이용할 수 있다. 완만한 경사의 데크길로 이어진 이 숲길은 접근성이 뛰어나며, 약 2km에 걸쳐 숲의 정취를 온전히 느낄 수 있다. 산책로를 따라 다양한 수종의 울창한 나무들과 계절마다 피어나는 야생화들이 방문객의 눈을 사로잡으며, 길가에는 거북바위, 정승바위 등 독특한 형태의 기암괴석들이 풍성하게 자리하고 있어 지루할 틈 없이 풍경을 감상할 수 있다. 길의 끝에 다다르면 ‘하늘바람 전망대’가 모습을 드러내는데, 이곳에서는 낙동강과 김해평야가 한눈에 들어오는 탁 트인 전경을 감상할 수 있다. 특히 해질 무렵 붉게 물드는 낙조와 어우러지는 야경은 매우 인상적이며, 연인들의 로맨틱한 데이트 코스는 물론, 가족 단위의 가벼운 나들이 장소로도 인기 있는 힐링 공간이다.",,,20211012235338,20250602111747,http://tong.visitkorea.or.kr/cms/resource/80/2755680_image2_1.jpg,http://tong.visitkorea.or.kr/cms/resource/80/2755680_image3_1.jpg,Type3,6,8,26,320,LS,LS01,LS011900,A03,A0302,A03022700,부산광역시 북구 낙동북로 722 (구포동),,46637,129.0004318626,35.1977809510,6
1250885,38,구포시장,"<a href=""https://www.visitbusan.net/kr/index.do?menuCd=DOM_000000201003001000&uc_seq=363&lang_cd=ko""target=""_blank"" title=""새창: 비짓부산 홈페이지로 이동"">https://www.visitbusan.net/kr/</a>","구포시장은 도심에서 찾아보기 힘든 대규모 재래시장이다. 낙동강 유역 구포나루가 있어 옛날부터 발달한 상권이며 김해, 양산 등 인근 지역과 교류가 많은 곳으로 장터가 활성화되었던 지역이다. 구포시장은 상설시장과 정기시장이 공존하는 복합시장으로 지금도 장날이면 갓 들여온 과일과 채소, 각종 생선과 생활용품들을 사고파는 사람들로 북적거리는 옛 시골장터의 모습을 만날 수 있다. 구포시장 입구인 쌈지공원에서 시장으로 들어서면 채소, 젓갈, 족발, 어묵 등을 판매하는 점포들이 있고 이곳을 지나면 수산물 가게가 나온다. 구포장에는 구포국수집과 장터국밥집 등 유명 시장맛집이 많아 든든하게 배를 채우고 장도 볼 수 있다. 낙동강 구포나루 축제, 구포대리지신밟기, 구포감동진나루터와 별신굿 등 다양한 축제와 관광지가 있어 함께 둘러보기 좋다.",,,20110406012552,20250416100232,http://tong.visitkorea.or.kr/cms/resource/38/3081238_image2_1.JPG,http://tong.visitkorea.or.kr/cms/resource/38/3081238_image3_1.JPG,Type3,6,8,26,320,SH,SH06,SH060100,A04,A0401,A04010100,부산광역시 북구 구포시장2길 7 (구포동),,46581,129.0037896031,35.2087575605,6
2809068,39,국이네 낙지볶음,,"부산 수영구에 위치한 국이네 낙지볶음은 낙곱새를 비롯한 싱싱한 낙지볶음을 하는 낙지전문점이다. 순한맛, 중간맛, 매운맛 선택 가능하며, 공기밥이 전 메뉴에 포함되어 있다. 쫄깃한 식감과 감칠맛 나는 양념이 밥과 잘 어우러지며 우동사리, 라면사리, 당면사리도 준비되어 있어 더욱 든든한 한끼 식사가 가능하다. 예능프로그램에서도 소개되었으며 넓은 매장과 주차장이 있어 가족 단위나 단체방문객들도 쉽게 방문할 수 있다.",,,20220303144526,20251104110721,,,,6,12,26,500,FD,FD01,FD010100,A05,A0502,A05020100,부산광역시 수영구 연수로 410,,48242,129.1138311412,35.1680335998,6
132191,38,국제시장,,"부산 국제시장은 1945년 광복이 이후 일본인들이 철수하면서 남긴 물건과 해외동포들이 가져온 물건들을 거래하기 위해 국제시장 자리를 장터로 삼으면서 시장이 형성되었다. 한국전쟁 후 피난민들이 장사를 하며 활기를 띠었던 이곳은 처음에 도떼기시장이라 불리다가 1948년에 건물을 세우고 자유시장으로, 미군 부대에서 흘러나온 물건까지 취급하게 되면서 국제시장이라는 이름을 갖추게 되었다. 그렇게 1950년대부터 1990년대까지 해외양품과 미군 부대 군수물자,  수입 밀수품, 전자제품 등 여러 가지 상품 판매로 호황을 누렸다. 오늘날 구제시장 골목, 팥빙수 골목, 화장품 골목, 먹자골목, 소품골목 등등 정말 다양한 볼거리와 함께 부산의 관광 상품으로 자리한 이곳은 한국 근현대사의 숱한 사연을 고스란히 담고 있다. 국제시장은 2개의 동으로 나뉘어 있어 미로 같아 처음 온 사람이라면 방향감각을 잃을 수 있는데, 그럴 때는 2층 구름다리로 나와 지금 있는 곳이 어디쯤인지 확인할 수 있다. 구름다리는 12개 동을 잇고 있으며, 이곳에서 내려다보이는 시장의 풍경을 또 하나의 매력이다.",,,20040108090000,20250417113253,,,,6,15,26,110,SH,SH06,SH060200,A04,A0401,A04010200,부산광역시 중구 신창로4가 일원,,48946,129.0285792599,35.1016422372,6
1018702,12,국제시장 먹자골목,,"창선동 국제시장 내 먹자골목은 야외 음식점으로 60년이 넘는 역사를 자랑하며, 새콤한 오징어무침을 곁들인 충무김밥과 달콤하면서도 매콤한 맛이 매력인 떡볶이, 물국수와 순대, 부산의 명물인 비빔당면과 팥빙수 등 다양한 길거리 음식을 맛볼 수 있는 곳이다. 국제시장 골목길 좌판 의자에 앉아서 먹고 즐기는 풍경은 우리나라 재래시장의 정감 넘치는 모습 중 하나로, 내국인은 물론 외국 관광객들이 필수적으로 찾는 먹거리 골목이다. 국제시장 먹자골목을 경험하고 국제시장의 옷, 구두, 액세서리 등 다양한 쇼핑을 즐겨보자.",,,20100511223844,20250425093214,http://tong.visitkorea.or.kr/cms/resource/30/3476830_image2_1.jpg,http://tong.visitkorea.or.kr/cms/resource/30/3476830_image3_1.jpg,Type3,6,15,26,110,EX,EX07,EX070200,A02,A0203,A02030400,부산광역시 중구 중구로 36,,48945,129.0280793175,35.1011311741,6
1942576,25,국제시장을 기웃거리다,,"그 지역의 모습을 잘 보려면 시장을 가라고 했다. 펄떡이는 생명의 활력이 느껴지는 시장은 어릴 적 추억과 더불어 현재까지도 우리 삶과 가장 밀접한 관계를 맺고 있다. 가벼운 주머니사정으로도 주린 배를 채울 수 있는 길거리음식들이 아직도 시장상인들의 많은 사랑을 받으며 시장특유의 거리문화를 만들어간다. 국제시장은 무역을 통해 신문물을 가장 빨리 접할 수 있는 곳이었고, 부평시장은 중구일대에 가장 오래된 전통시장으로서 최근엔 야시장이 새로운 주목을 받고 있다. 영화산업의 발상지인 조선키네마 주식회사를 비롯하여 많은 극장들이 있던 곳이며 그 정신을 이어받은 부산국제영화제를 기념하는 기념광장도 남아있다. 다양한 컨셉을 가진 재미있는 도떼기시장탐방을 시작해보자. 
<br /><br />출처:부산관광공사",,,20140821024720,20230810111018,,,,6,15,26,110,C01,C0114,C01140001,C01,C0114,C01140001,,,,129.0281460570,35.0982648295,4
298099,12,국청사(부산),"<a href=""https://www.geumjeong.go.kr/tour/index.geumj?menuCd=DOM_000000412003001002"" target=""_blank"" title=""새창으로 이동"">https://www.geumjeong.go.kr/</a>","국청사는 신라시대 의상대사가 창건한 고찰로, 조선 숙종 29년 금정산성 축조와 함께 중수하여 이름을 국청사라 칭하고 순조 26년의 중건을 거쳐 오늘에 이르고 있다. 국청사지(國淸寺誌)에 '국청사에는 동래 부사 송상현, 부산진 첨사 정발, 다대포진 첨사 윤흥신 등과 함께 승장 만홍, 정안, 성관, 관찰 등 수백 명의 신위를 모시고 제사를 받들고 있다.' 라는 기록이 있음을 비추어 볼 때 임진왜란 때 이미 의승군의 숙영지로 사용되었을 가능성이 크다. 1703년 금정산성이 개축되면서 국청사와 해월사(海月寺)를 지었다. 국청사는 최근 들어 중창을 거듭하였다. 1978년 삼성각을 지었고, 1982년 승려 창봉과 혜성이 경내에 있는 연못 중앙에 3층 석탑을 조성하였다. 1992년 대웅전을 지었고, 1998년 요사를 지었으며, 2010년 일주문을 건립하였다. 국청사에는 조선 시대 승병장이 사용하던 금정산성 승장인이라는 철제 도장이 보관되어 있었다. 이 자료를 통해 승군 작대의 중심지였음을 알 수 있다. 국청사와 해월사 모두 산성을 방어했던 호국 사찰로, 국청사에는 산성을 지키는 승병장이 거주하여 전략 기지의 역할을 한 의승군의 사령부가 있었던 것으로 보인다.",,,20071127222106,20260105153917,http://tong.visitkorea.or.kr/cms/resource/82/3552382_image2_1.jpg,http://tong.visitkorea.or.kr/cms/resource/82/3552382_image3_1.jpg,Type1,6,2,26,410,HS,HS03,HS030100,A02,A0201,A02010800,부산광역시 금정구 북문로 42,,46237,129.0549922383,35.2538895578,6
2869454,39,그라치에,"<a href=""https://www.instagram.com/grazie_crew""target=""_blank"" title=""새창: 그라치에 홈페이지로 이동"">https://www.instagram.com/grazie_crew</a>","부산 영도구에 있는 그라치에는 뇨끼 맛집으로 알려진 이탈리안 레스토랑이다. 이탈리아어로 ‘감사합니다’라는 뜻으로 테이블은 많지 않지만, 아늑하고 따뜻한 분위기로 편안하게 식사할 수 있다. 여러 종류의 파스타와 리조또, 스테이크, 샐러드가 있는 그라치에는 전 메뉴 맵기 조절이 가능하고 아기 의자도 구비되어 가족과 함께 방문하기 좋다. 통오징어를 구워 올린 먹물 리조또와 양송이, 표고, 새송이, 시금치, 베이컨, 크림소스를 곁들인 감자 뇨끼가 이곳 대표 메뉴이다. 주차공간이 있어서 차량으로 쉽게 접근할 수 있다. 연인과 데이트 장소로도 좋고 최대 28명까지 수용이 가능하여 모임 장소로도 적합하다.",,,20221018153614,20250623143018,http://tong.visitkorea.or.kr/cms/resource/45/2869445_image2_1.jpg,http://tong.visitkorea.or.kr/cms/resource/45/2869445_image3_1.jpg,Type3,6,14,26,200,FD,FD02,FD020300,A05,A0502,A05020200,부산광역시 영도구 청학동로 12 (청학동),,49084,129.0615711795,35.0890581423,6
2818890,32,그랜드 조선 부산,"<a href=""https://gjb.josunhotel.com/main.do"" target=""_blank"" title=""새창: 그랜드 조선 부산 호텔 홈페이지로 이동"">https://gjb.josunhotel.com</a>","조선호텔이 지난 100여 년간 고객과 함께 해온 역량과 경험을 집대성하여 발전시킨 그랜드 조선 부산은 호스피탈리티 산업의 본질 탐구와 혁신을 통해 호텔 경험을 제공한다. 웅장한 아트리움, 해운대 바다와 자연, 도시의 컬러를 담은 공간에서 아무런 준비 없이 찾아도 머무는 동안 최적의 편안함과 최고의 즐거움을 느낄 수 있다. 아리아, 팔레드 신, 라운지앤바, 조선델리의 특색 있는 다이닝으로 미식의 즐거움을 더하고, 5층에 위치한 세 개의 연회장은 초청 행사, 웨딩 등 행사 목적에 따라 다양하게 이용할 수 있다. 전 객실 내 프리미엄급 침구를 선보이며 숙면을 보장하고, 수영장과 사우나 등 다양한 휴식 공간에서 여유를 만끽할 수 있다. 조선주니어는 체크인부터 체크아웃, 그리고 그 이후까지 호텔 여정 전반에 걸쳐 어린이 고객에게는 추억을, 부모에게는 여행의 편안한 쉼과 여유를 선사하는 그랜드 조선의 키즈 특화 브랜드이다. 아이들을 배려한 디자인 속에서 차별화된 고급스러움을 느낄 수 있는 키즈룸은 바다, 숲, 하늘을 테마로 디자인되어 어린이 고객의 상상력과 호기심을 자극한다.",,,20220509151350,20250901143430,http://tong.visitkorea.or.kr/cms/resource/07/3529807_image2_1.jpg,http://tong.visitkorea.or.kr/cms/resource/07/3529807_image3_1.jpg,Type3,6,16,26,350,AC,AC01,AC010100,B02,B0201,B02010100,부산광역시 해운대구 해운대해변로 292 그랜드 조선 부산,,48099,129.1631548469,35.1601048456,6
2626043,39,그랜드애플,,"그랜드애플은 즉석요리와 샥스핀 불도장이 있는 뷔페이다. 화려한 샹들리에와 빗살무늬 나무 벽, 디테일한 천연나무조각으로 마치 유럽의 고풍스러운 저택을 연상케 한다. 센텀시티 한샘플래그샵 건물 5층 컨벤션홀과 6층 뷔페로 나뉜 이곳은 수영강과 높은 빌딩이 어우러진 센텀시티 뷰를 감상하면서 특급호텔 출신 셰프들이 조리한 다양하고 특별한 요리를 즐길 수 있다. 만들어져 있는 요리보다 즉석요리가 대부분이다. 다른 뷔페에서는 접하기 힘든 샥스핀 불도장, 꽃새우초밥, 통참치, 소고기립스테이크, 왕새우, 양고기 등도 맛볼 수 있다.",,,20191017012736,20250311150323,,,,6,16,26,350,FD,FD01,FD010100,A05,A0502,A05020100,부산광역시 해운대구 센텀1로 25,,48060,129.1320129356,35.1664785554,6
3470441,32,그랩 디 오션 송도,,,,,20250123150712,20250321112000,,,,6,11,26,140,AC,AC01,AC010100,B02,B0201,B02010100,부산광역시 서구 송도해변로 97 (암남동),,49269,129.0178725220,35.0772669902,6
3421909,12,그런고로,"<a href=""https://xn--or3bi2dc9poqh.com/"" target=""_blank"" title=""새창 : 주식회사 그런고로 홈페이지 이동"">https://부산취향.com</a>","그런고로는 부산에서 활동하는 독립 출판사를 운영하는 작가와 도예가 등 지역 예술가들이 함께 모여 만든 주민사업체다. 이들은 모두 부산 진구에서 나고 자란 토박이들로 재개발로 변해가는 전포동의 모습을 ‘기억’하기 위해 만들어졌다.
자신의 취향에 맞는 향과 사용된 향료를 잘 이해하고 사용하면 자신만의 향을 지닌 사람이 될 수 있다. 주식회사 그런고로는 여기에 추억을 더했다. 부산취향은 ‘소독차 쫓던 한여름밤’, ‘리어카 길보드 차트’, ‘전봇대 아래 첫키스’ 라는 세 가지 시리즈로 구성됐다. 각 시리즈는 이름에서 느껴지는 개성만큼이나 독특한 향으로 소비자들에게 다가간다. 
그런고로는 부산취향을 알리기 위해 다양한 행사에 적극적으로 참여하고, 앞으로도 부산취향은 향기 테라피, 시향 프로그램 등 다양한 향기 체험 프로그램을 꾸준히 개발해 나갈 예정이다.",,,20241119154125,20241120093621,http://tong.visitkorea.or.kr/cms/resource/96/3421696_image2_1.jpg,http://tong.visitkorea.or.kr/cms/resource/96/3421696_image3_1.jpg,Type1,6,7,26,230,EX,EX07,EX070200,A02,A0203,A02030400,부산광역시 부산진구 서전로 40 (전포동),,47293,129.0642468527,35.1575588567,6
2816102,32,그레이193호텔,,"그레이193 호텔은 부산 광안리 해수욕장 도보 1분 거리에 위치하고 있다. 슈페리어, 디럭스, 패밀리, 오션 타입 등 총 25개의 객실을 보유하고 있다. 쾌적한 투숙을 위해 호텔 전체에 세스코 바이러스 케어 시스템을 설치했고 각 객실 내부에 공기청정기를 구비하고 있다. 인근에 민락회센터, 민락수변공원, 벡스코, 해운대 요트경기장 등이 있어 즐기기에 좋다.",,,20220318151141,20250626144604,http://tong.visitkorea.or.kr/cms/resource/61/2815961_image2_1.jpg,http://tong.visitkorea.or.kr/cms/resource/61/2815961_image3_1.jpg,Type3,6,12,26,500,AC,AC01,AC010100,B02,B0201,B02010100,부산광역시 수영구 광안해변로278번길 42 오션브릿지,"B동 5층, 6층",48283,129.1245417048,35.1540103687,6
2782628,39,그린노마드,"<a href=""https://www.instagram.com/greennomad_/"" target=""_blank"" title=""새창 : 그린노마드 사이트로 이동"">https://www.instagram.com/greennomad_/</a>","도심 한가운데 숨은 비밀정원 같은 카페다. 입구부터 키 큰 나무들이 반겨주는 이곳은 카페 안으로 들어서면 나무 소재의 테이블과 선반, 다양한 종류의 식물, 은은한 오렌지빛 조명이 어우러져 따스한 분위기를 풍긴다. 그야말로 자연친화적이면서 감성적인 공간이다. 곳곳에 앤티크 가구와 찻잔, 촛대 등이 자리해 구경하는 재미도 쏠쏠하다.",,,20211129193813,20250827165306,http://tong.visitkorea.or.kr/cms/resource/53/2800253_image2_1.jpg,http://tong.visitkorea.or.kr/cms/resource/53/2800253_image2_1.jpg,Type3,6,12,26,500,FD,FD05,FD050100,A05,A0502,A05020900,부산광역시 수영구 좌수영로 161-10 (망미동),,48214,129.1167972647,35.1784130482,6
2610815,32,그림하우스,greemhouse.com,"그림 하우스는 부산 송정 해주욕장에 위치한 전 객실 바다가 보이는 펜션이다. 푸른 바다, 파란 하늘이 있는 최고의 전망과 industrial vintage로 꾸며진 공간이 있고 자체 세탁실을 운영하여 깨끗한 침구, 수건류 관리와 청결한 객실 청소를 하고 있다.",,,20190712021512,20241126112640,,,,6,16,26,350,AC,AC06,AC060200,B02,B0201,B02011100,부산광역시 해운대구 송정구덕포길 64,(송정동),48073,129.1974681772,35.1729595988,
2833257,39,그릿비 일광,"<a href=""https://instagram.com/greetvicoffee""target=""_blank"" title=""새창 : 그릿비 일광 사이트로 이동"">https://instagram.com/greetvicoffee</a>","바다와 자연이 어우러진 감성적인 카페, 반가운 손님이라는 뜻의 그릿비 일광은 부산 기장군 일광면에 있다. 이곳은 바다를 바라보며 여유로운 시간을 보낼 수 있는 테라스와 모던한 인테리어로 꾸며진 실내 공간을 제공한다. 1층, 2층, 옥상으로 이루어져 있으며 야외 테라스 좌석도 넉넉해 기장 앞바다를 보며 커피를 즐길 수 있다. 입구에 들어서면 왼편에는 다양한 빵이 먹음직스럽게 진열되어 있고 쇼케이스에는 여러 종류의 케이크, 타르트, 밀크티가 진열되어 있다. 또한, 커피, 음료, 디저트 뿐 아니라 브런치 맛집으로도 유명하다. 그릿비 일광은 자연과 함께하는 힐링 공간으로, 바다의 소리와 함께 편안한 휴식을 취할 수 있는 곳이다.",,,20220805154127,20250528170303,http://tong.visitkorea.or.kr/cms/resource/43/2833243_image2_1.jpg,http://tong.visitkorea.or.kr/cms/resource/43/2833243_image3_1.jpg,Type3,6,3,26,710,FD,FD05,FD050100,A05,A0502,A05020900,부산광역시 기장군 일광읍 일광로 354,,46041,129.2548492752,35.2743159804,6
3020552,15,글로컬 문화 in(人) 남산 페스티벌,"<a href=""https://litt.ly/glocalculturenamsanfestival"" target=""_blank"" title=""새창 : 글로컬 문화 in(人) 남산 페스티벌"">https://litt.ly/glocalculturenamsanfestival</a>","2025 글로컬 문화 in(人) 남산 페스티벌은 글로벌 문화와 남산동의 지역 문화를 한 자리에서 만나볼 수 있는 글로컬 문화 축제이다. 지역주민과 부산외국어대학교 학생들이 운영하는 다양한 글로컬 전시,체험 프로그램을 비롯하여 남산동 상인회가 이번 축제를 위해 개발한 글로컬 메뉴가 준비된다. 글로컬한 분위기로 조성되는 남산로 거리에서 가족, 친구, 연인과 함께 글로컬한 문화 공연과 체험을 즐길 수 있다.",051-714-4674,금정구청,20231017114722,20251023143000,http://tong.visitkorea.or.kr/cms/resource/48/3552448_image2_1.jpg,http://tong.visitkorea.or.kr/cms/resource/48/3552448_image3_1.jpg,Type3,6,2,26,410,EV,EV01,EV010200,A02,A0207,A02070200,부산광역시 금정구 남산로 27 (남산동),,46224,129.0893638877,35.2668415191,6
2852685,39,금강만두,,"금강만두는 부산 사직 야구장 맛집이다. 식당 내부는 입식, 좌식 테이블로 이루어져 있고 좌석 간 거리가 여유로워 편하게 식사할 수 있다. 식당 전용 주차장이 있지만 협소하여 인근 주차장을 이용할 경우 식사비 할인이 가능하니 계산 시 이야기하면 된다. 이곳 대표 메뉴는 충무 김밥과 만둣국이 나오는 충무 세트다. 만두 전문점이지만 육개장 맛집으로도 알려져 있다.  금강만두 육개장은 얼큰한 국물과 푸짐한 건더기가 나와 한 끼 든든하게 먹을 수 있어 인기가 많다. 근처에 사직역과 사직구장, 부산어린이대공원이 있어 접근성이 좋다.",,,20220913172850,20250121153640,http://tong.visitkorea.or.kr/cms/resource/76/2852676_image2_1.jpeg,http://tong.visitkorea.or.kr/cms/resource/76/2852676_image3_1.jpeg,Type3,6,6,26,260,FD,FD01,FD010100,A05,A0502,A05020100,부산광역시 동래구 사직북로5번길 11,1층,47865,129.0602739189,35.1961627928,6
1607440,12,금강사(부산),"<a href=""http://www.kumkangsa.or.kr/"" target=""_blank"" title=""새창 : 금강사 홈페이지로 이동"">http://www.kumkangsa.or.kr/</a>","금강사는 대승불교의 금강반야 정신을 실천 수행하는 사찰로, 1951년 월명법사가 창건했다. 그 후 일붕 경보대종사께서 이곳에서 안거했으며 역경, 포교, 도제, 국제불교포교, 교육도량, 전법의 초지 가람이었다.
1964년부터 개산 혜성선사가 금강사에서 도량을 승계하고 중흥불사를 계속하여 국제 불교포교의 근본도량으로 세계속에 알려진 사찰이 되었다. 금강사는 금정산 남쪽 기슭 명당에 자리했으며 많은 고승들이 은거 수행하여 온 비산비야의 수행처이기도 하다. 금강사는 주변 환경이 아름답기로 유명하다. 일주문을 들어서면 노송들이 자욱하고 솔밭향기로 가득하며, 대중문화가 함께하고 있는 차밭골 문화가 있어 시민들이 차 한잔을 하면서 쉬어 갈 수 있는 운치 있는 사찰이다.",,,20120419233913,20251127135416,http://tong.visitkorea.or.kr/cms/resource/14/3561514_image2_1.jpg,http://tong.visitkorea.or.kr/cms/resource/14/3561514_image3_1.jpg,Type1,6,6,26,260,HS,HS03,HS030100,A02,A0201,A02010800,부산광역시 동래구 우장춘로 211 (온천동),,47700,129.0771855435,35.2250098725,6
128830,12,금강식물원,"<a href=""https://www.bisco.or.kr/geumgangpark/sub/sub03/sub03_6/""target=""_blank"" title=""새창: 금강공원 홈페이지로 이동"">https://www.bisco.or.kr/geumgangpark/</a>","우리나라 최초의 민간인이 운영하는 식물원으로서, 부산 시민에게 휴식처를 제공하기 위하여 조성한 종합 식물원이다. 식물의 종류는 약 2,300여 종으로 열대식물 560여 종 중에서 야자류 20여 종과 선인장 등의 다육식물 540여 종이 식생하고 있다. 또한, 식물원 안에는 아름다운 식물이 경관을 이루고 있으며, 자연석을 이용한 여러 가지 작품과 휴식시설이 갖추어져 있어 도시민의 정서적인 휴양지로 사용될 뿐만 아니라 식물학 연구와 교육장으로 활용되고 있다. 금강식물원에는 인공폭포 및 자연석과 조경작품이 있으며, 관람 온실이 있어 다양한 식물과 함께 멋진 정취를 느낄 수 있다. 함께 있는 금강공원에는 케이블카를 운행하며, 동래야류, 동래학춤을 계승하고 보존하는 부산민속예술관, 우리나라 최초의 해양자연사 전문 박물관인 부산해양자연사박물관 등 관광하기 좋은 명소가 함께 있다.",,,20190627030503,20250522092857,http://tong.visitkorea.or.kr/cms/resource/04/3070504_image2_1.JPG,http://tong.visitkorea.or.kr/cms/resource/04/3070504_image3_1.JPG,Type3,6,2,26,410,NA,NA04,NA040700,A01,A0101,A01010700,부산광역시 금정구 장전동 산 43-1,,46240,129.0770632920,35.2264763727,6
3414171,12,금곡동 율리 바위그늘유적,"국가유산청 <a href=""https://www.heritage.go.kr/heri/cul/culSelectDetail.do?pageNo=1_1_1_1&sngl=Y&ccbaCpno=2332100630000"" target=""_blank"" title=""새창 : 홈페이지로 이동"">https://www.heritage.go.kr/</a><br>부산 북구 문화관광 <a href=""https://www.bsbukgu.go.kr/board/view.do?boardId=LIFE&menuCd=DOM_000000401001000000&dataSid=411495"" target=""_blank"" title=""새창 : 홈페이지로 이동"">https://www.bsbukgu.go.kr/tour</a>","금곡동 율리 바위그늘유적은 낙동강을 사이에 두고 김해 평야와 마주 보고 있는 금정산 서쪽 능선 아래쪽에 자리 잡고 있다. 유적 뒤편에는 높이 6m 내외의 암벽이 병풍처럼 길게 둘러싸고 있는데, 유적의 보존상태는 양호하며 특별한 훼손 없이 당시 모습을 잘 보여주고 있다.
1972년 12월부터 1973년 1월 사이에 부산대학교박물관에서 발굴 조사를 실시하여 바위그늘 내부에 조성된 3개의 야외노지(野外爐址)와 바위그늘 바깥의 적석유구(積石遺構) 1기를 확인하였다. 바위그늘 아래쪽으로는 즐문토기 등이 포함된 패총이 형성되어 있었으나, 발굴조사로 인해 지금은 바위그늘유적만 남아 있다. 바위그늘 내부와 패총에서는 신석기시대 후기~말기 단계의 즐문토기류와 함께 마제석부(磨製石斧), 지석, 석착(石鑿), 마제석촉(磨製石鏃) 등이 출토되었는데, 출토 유물로 볼 때 신석기 후기부터 청동기시대까지 거주 공간으로 이용되었던 것으로 추정된다.
이 유적은 바위그늘주거와 패총이 복합된 유적으로 규모, 입지, 출토유물 등으로 볼 때 굴 등 어패류를 획득하기 위한 임시 거주지로 추정되지만, 유적 입지의 특수성이나 자안패형(子安貝形) 토제품, 타원형 토제품 등 일상용품과는 다른 성격의 유물이 출토된 것으로 보아 의례공간(儀禮空間)으로 사용되었을 가능성도 있다. 금곡동 율리 바위그늘유적은 신석기시대 말기를 대표하는 유적으로 신석기시대에서 청동기시대로 이어지는 과도기의 문화양상과 당시의 생활문화를 이해하는데 매우 중요한 유적이다. 특히, 부산은 강과 해안을 끼고 있어 패총유적이 많은 편이지만, 이처럼 산지의 바위를 중심으로 형성된 유적은 전국적으로도 율리 바위그늘유적이 유일하다.

(출처 : 국가유산청)",,,20241113143132,20250306134021,http://tong.visitkorea.or.kr/cms/resource/91/3414191_image2_1.jpg,http://tong.visitkorea.or.kr/cms/resource/91/3414191_image3_1.jpg,Type3,6,8,26,320,HS,HS01,HS011000,A02,A0201,A02010700,부산광역시 북구 금곡동,산24,46509,129.0204258972,35.2505392944,6
129140,12,금련산,,"금련산은 부산광역시 연제구, 수영구, 남구의 경계에 위치한 산으로, 산의 모양이 연꽃 모양을 닮았다고 하여 붙여진 이름이라고 한다. 금련산에는 금련산 청소년 수련원과 부산 시민 천문대, 부산시장, 부산광역시 지방공무원 교육원이 자리 잡고 있다. 산 정상부에는 송신탑이 있고, 산 정상부 근처까지 차로 쉽게 이동할 수 있어 많은 시민들과 관광객들이 찾는 곳으로, 부산항과 광안리 해수욕장, 광안 대교를 조망하기 좋은 곳이다. 오래전 금련산에는 반야암과 바라밀다사(波羅密多寺)라는 사찰이 있었다고 전해지는데, 현재는 사찰 터의 흔적만 남아 있다.",,,20060712090000,20251230154307,http://tong.visitkorea.or.kr/cms/resource/43/3589743_image2_1.jpg,http://tong.visitkorea.or.kr/cms/resource/43/3589743_image3_1.jpg,Type1,6,12,26,500,NA,NA01,NA010100,A01,A0101,A01010400,부산광역시 수영구 광안동,,48428,129.0974161159,35.1602230601,6
134949,39,금문,"<a href=""http://www.kummoon.net"" target=""_blank"" title=""새창 : 금문 홈페이지로 이동"">http://www.kummoon.net</a>","온천장 허심청 후문 근처에 위치하고 있는 금문은 2대째 중국인이 직접 운영하고 있는 전통 있는 음식점이다. 일반 중화요리를 비롯하여  금문만이 자랑할 수 있는 특선 점심에는 금문면과 금문밥이 있으며 특히 중국전통코스요리는 금문에서 자신 있게 추천하는 요리다. 1층부터 3층까지는 중국음식점, 6층에선 사천식 샤부샤부를 전문으로 한다. 모든 층이 엘리베이터로 연결되어 있어 이용이 편리하다. 빌딩주출입구에 경사로가 설치되어 있다.",,,20050510090000,20250306094600,,,,6,6,26,260,FD,FD02,FD020100,A05,A0502,A05020400,부산광역시 동래구 온천장로119번길 57,,47709,129.0817935615,35.2218825305,6
2778487,39,금수복국 해운대본점,,"금수복국은 부산 해운대구 중동에 위치한 복어요리 전문점이다. 2024 미쉐린 가이드라는 방송에서 '미쉐린 셀렉티드 레스토랑'으로 선정된 식당으로 신선한 재료와 직접 담근 장을 사용한다. 1970년 개업해 50년이 넘는 역사를 보유하고 있다. 네 가지 복어 중 하나를 선택해 복국을 주문할 수 있는데, 종류에 따라 맛과 식감이 조금씩 다르다. 메뉴는 복조림, 은복국, 밀복국, 까치복국 등 다양한 메뉴를 취급한다. 또한 복껍질무침과 복튀김을 한 번에 맛볼 수 있는 커플세트가 있다.",,,20211124194514,20250403162713,,,,6,16,26,350,FD,FD01,FD010100,A05,A0502,A05020100,부산광역시 해운대구 중동1로43번길 23,,48095,129.1645185529,35.1624573857,6
298111,12,금수사(부산),,"금수사는 구봉산 아래 자리한 아담한 사찰이다. 금수사 계단 앞으로는 산복도로가 잘 나있으며, 버스정류장이 바로 앞이라 대중교통을 이용하기 좋은 도심 속 사찰로 알려져 있다. 금수사는 한국불교원효종의 총본산으로도 유명하다. 2003년 입적한 원효종 종정 법홍스님이 주석한 이곳에는 원효대사의 유지와 종풍을 받들고자 하는 수많은 사부대중의 귀의처로서 자리매김하였으니 산중이 아닌 일반 백성들 속에 중생들을 깨우쳐 주고자 했던 원효대사의 화쟁 무애사상이 빛나는 사찰이라 해도 과언이 아니다. 한국불교가 낳은 불멸의 성사 원효대사의 유지를 받들고, 호국일념으로 나라를 위기에서 구한 사명대사의 족적이 남아 있는 곳, 구계산 금수사는 이러한 역사적 터전 위에 지금 불법홍포의 기치를 높이 들고 있다. 또한 금수사 경내에 호국영각을 짓고 기미년 독립선언의 민족대표 33인과 안중근, 김좌진, 안창호, 윤봉길 등 애국독립지사 22인의 위패를 모셔 매년 추모법회를 봉행하고 있으니 호국도량으로서의 그 위상이 분명하다 할 것이다.",,,20071127232620,20251127133752,http://tong.visitkorea.or.kr/cms/resource/04/3561504_image2_1.jpg,http://tong.visitkorea.or.kr/cms/resource/04/3561504_image3_1.jpg,Type1,6,5,26,170,HS,HS03,HS030100,A02,A0201,A02010800,부산광역시 동구 망양로 533-1,(초량동),48717,129.0296786530,35.1204207111,6
298112,12,금용암(부산),"<a href=""https://www.yeonje.go.kr/tour/contents.do?mId=0202040000"" target=""_blank"" title=""새창 : 연제구청 문화관광 홈페이지로 이동"">https://www.yeonje.go.kr</a>","금용암은 쇠미산의 작은 암자로, 입구의 송림길과 함께 불국 수미산 산속에 홀로 묻힌 듯 자연과 동화되어 있는 사찰이다. 금용(金蓉)이란 금색 연꽃이란 뜻으로, 불교사상에서 연꽃과 금강석 또는 금과 함께 대표적인 불교사상의 상징을 따서 사찰명을 지었다. 조선 후기 철종 때 이인덕행이라는 보살이 1919년 10월 해인사에서 출가하여 대봉이라는 법명을 받아 쇠미산 기슭에 기와집으로 인법당 3칸을 짓고 금용암이라 불렀다. 금용암이라는 이름은 쇠미산의 별칭인 금용산에서 유래하였다고 하며, 금당인 염화전과 삼성각, 요사인 원통료·향적당 등으로 이루어져 있다. 1992년 지은 염화전은 정면 3칸, 측면 2칸의 팔작지붕 형태이며, 안에는 석가여래 좌상을 중심으로 약사여래 좌상과 관음보살 좌상이 배치되어 있고, 뒤편에는 1993년 조성한 후불탱을 비롯하여 지장탱·신중탱이 있다. 삼성각 안에는 삼신할머니 탱화가 있는데, 불상이 아니라 여인 세 명을 그린 것이다. 이곳 삼신할머니는 오래전부터 득남을 기원하는 이들에게 영험이 있다고 널리 알려져 있다. 절 담벽 아래 비탈길에 대봉의 상반신이 선각된 사적비가 있다.",,,20071127232951,20250407142522,http://tong.visitkorea.or.kr/cms/resource/77/3031277_image2_1.JPG,http://tong.visitkorea.or.kr/cms/resource/77/3031277_image3_1.JPG,Type3,6,13,26,470,HS,HS03,HS030100,A02,A0201,A02010800,부산광역시 연제구 성지곡로 111,(거제동),47500,129.0496638560,35.1916075512,6
130383,14,금정문화원,"<a href=""http://kumjung.kccf.or.kr"" target=""_blank"" title=""새창 : 금정문화원 홈페이지로 이동"">http://kumjung.kccf.or.kr</a>","2000년에 개원한 부산 금정구의 금정문화원은 지역의 문화 발전을 위해 다양한 행사와 강좌를 운영하는 곳이다. 전통 세시풍속을 보존 및 육성하기 위한 정월대보름 달집 태우기, 금정구민이 함께하는 신년 해맞이 행사, 문화유산과 유적들을 답사하는 향토문화탐방을 진행한다. 또한 다양한 장르의 문화강좌, 어르신들을 대상으로 하는 어르신문화활동 등의 여러 사업을 진행하고 있다.",,,20071106105505,20250304165736,http://tong.visitkorea.or.kr/cms/resource/52/3336552_image2_1.jpg,http://tong.visitkorea.or.kr/cms/resource/52/3336552_image3_1.jpg,Type3,6,2,26,410,VE,VE09,VE090100,A02,A0206,A02060700,부산광역시 금정구 중앙대로1826번길 10-4 (구서동),,46250,129.0932140893,35.2473298892,6
126028,12,금정산,"<a href=""https://www.visitbusan.net/index.do?menuCd=DOM_000000201001001000&uc_seq=396""target=""_blank""title=""새창:부산국가지질공원"">https://www.visitbusan.net/</a>","금정산 국가지질공원은 약 7천만 년 전 지하에서 마그마가 식어서 생성된 화강암이 융기하여 형성된 부산 땅의 뿌리를 이루는 산이다. 오랜 세월 비바람에 깎이고 다듬어져 만들어진 기암절벽, 토르, 나마, 인셀베르그, 블록스트림 등의 우아한 화강암 지형을 감상할 수 있다. 금정산의 주봉인 고당봉을 비롯하여 장군봉, 원효봉, 상학봉 등 산정과 이들 산정 사이에 이어지는 산능에는 대부분 산성이 축조되어 있다. 이들 산정 및 산능에는 백악기 불국사 화강암류의 크고 작은 기반암의 노출로 특이한 암괴지형인 토어가 다수 관찰된다. 금정산을 구성하고 있는 지질은 경상계 퇴적암층과 이를 관입 또는 분출한 화산암류, 그 후 이들 암석에 관입한 불국사 화강암류 및 마산암류로 되어 있다. 국가지질공원으로 등록되어 있는 금정산은 기암괴석과 자연이 잘 어우러져 아름다운 풍광을 자랑하는 곳이다.",,,20030826090000,20251128091426,http://tong.visitkorea.or.kr/cms/resource/44/3575744_image2_1.jpg,http://tong.visitkorea.or.kr/cms/resource/44/3575744_image3_1.jpg,Type1,6,2,26,410,NA,NA01,NA010100,A01,A0101,A01010400,부산광역시 금정구 금성동,,46237,129.0518587773,35.2684489780,6
3027098,12,금정산성 동문,"<a href=""https://www.geumjeong.go.kr/index.geumj?menuCd=DOM_000000412003001001"" target=""_blank"" title=""새창 : 홈페이지로 이동"">https://www.geumjeong.go.kr</a>","금정산성 네 개 문루 중 가장 규모가 크고, 전망이 뛰어난 동문은 금정산 주능선의 해발 415m의 고개에 위치하고 있으며, 주민들이 가장 근접하기 쉬운 편이라 금정산성의 으뜸 관문으로 자리하고 있다. 금정산성 부설비의 기록에 의하면 1807년 늦가을에 토목공사를 일으켜 한 달 만에 동문이 완성되었다고 전해진다. 동문은 홍예식문[虹霓式門]으로 정면 3칸, 측면 2칸의 팔작지붕의 단층 문루이다. 금정산성 동문의 창건 유래를 보면, 동래부사 정현덕이 동문과 서문의 재건에 힘쓰고 있을 때의 이야기가 있는데, 내용은 다음과 같다. 동래부사는 두 성문을 아주 완벽하게 세우기 위해 이름난 석공을 수소문한 끝에 사제지간인 두 석공을 찾아 스승에게는 동문을, 제자에게는 서문을 짓게 하였다. 동문을 맡은 스승은 야욕과 욕심이 많아 웅대하게만 짓고자 하였으나 서문을 맡은 제자는 기술이 앞서 정교한 아름다움을 살려 스승보다 먼저 짓게 되었다고 한다. 스승은 제자의 뛰어난 기술을 시기하고 질투하여 그 당시 사람들은 그 스승을 미워하고 제자의 기술을 칭송하였다. 그러나 이들 사제는 동문과 서문 공사가 끝난 뒤에는 힘을 합쳐 밀양 영남루 공사를 하였다.",,,20231027174850,20250407175635,http://tong.visitkorea.or.kr/cms/resource/77/3027077_image2_1.JPG,http://tong.visitkorea.or.kr/cms/resource/77/3027077_image3_1.JPG,Type3,6,2,26,410,HS,HS01,HS010200,A02,A0201,A02010200,부산광역시 금정구 장전동,산 2-3,46247,129.0642277794,35.2453406867,6
3026941,39,금정산성 유가네누룩,"<a href=""http://www.sanmakcho.com/"" target=""_blank"" title=""새창 : 홈페이지로 이동"">http://www.sanmakcho.com/</a>","금정산성유가네누룩은 보통 누룩처럼 사각형이나 도톰한 원형으로 딛지 않고 베보자기에 싸서 발로 동그랗게 납작하게 딛는다. 이렇게 딛어진 누룩은 누룩방의 선반위에다 짚을 깔고 14일 정도 띄운다. 잘 띄운 금정산성유가네누룩은 품질이 좋고 금정산성의 맑은 공기와 깨끗한 물, 500년 동안 전통방식으로 종균을 현재까지 보존하여 정성껏 빚는다. 금정산성유가네누룩은  500년 동안 이어온 유가네 조상들의 경험과 지혜가 고스란히 보존되어 가치가 높은 누룩이다. 이러한 500년 동안의 조상의 지혜와 축적된 전통기술을 바탕으로 전통막걸리의 옛맛을 낼 수 있도록 하고있다.

(출처: 금정산성유가네누룩 홈페이지)",,,20231027170419,20250407160941,http://tong.visitkorea.or.kr/cms/resource/14/3026914_image2_1.JPG,http://tong.visitkorea.or.kr/cms/resource/14/3026914_image3_1.JPG,Type3,6,2,26,410,FD,FD01,FD010100,A05,A0502,A05020100,부산광역시 금정구 산성로 453 (금성동),,46237,129.0564283199,35.2504121966,6
2616370,39,금정산성 창녕집,,"산성 막걸리를 맛보기 위해 찾은 학생들과 행락객들이 안주거리를 요청하면서 집에서 기르던 닭을 재료로 하는 백숙을 시작으로 1980년부터 오리와 흑염소 요리를 판매해오고 있는 곳이다. 부산 향토 음식인 흑염소 요리에 대한 자부심이 강하여 전통 흑염소불고기 조리법을 꾸준히 연구 개발해오고 있다. 국내산 흑염소와 오리를 사용하며 텃밭에서 재배한 채소류를 제공한다. 또한 한약재를 첨가한 숙성 양념을 자체 개발하여 차별성을 두고 있다. 고객의 야외 여가 활동을 위해 족구장을 무료로 제공하고 있기 때문에 단체모임이나 회식 장소로도 좋으며, 식사와 함께 맑은 공기 속 휴식을 취할 수 있어 인기가 좋다.",,,20190823232554,20250626111643,http://tong.visitkorea.or.kr/cms/resource/10/2616410_image2_1.jpg,http://tong.visitkorea.or.kr/cms/resource/10/2616410_image3_1.jpg,Type3,6,2,26,410,FD,FD01,FD010100,A05,A0502,A05020100,부산광역시 금정구 산성로 520,,46238,129.0553257981,35.2445794969,6
2643873,12,금정산성마을 먹거리촌,"<a href=""https://www.geumjeong.go.kr/index.geumj?menuCd=DOM_000000412001009000"" target=""_blank"" title=""새창 : 금정구청 문화관광 사이트로 이동"">https://www.geumjeong.go.kr/</a>","부산의 명소인 금정구 금성동에 자리 잡은 산성마을은 공기 좋고, 물 맑은 수려한 자연환경 속에 부산의 향토음식인 ‘흑염소 불고기’와 전국적으로 이름난 부산지역 특산물인 민속주 1호인 ‘산성 막걸리’가 있어 이곳을 찾는 손님들의 발길이 끊이지 않고 있다. 금정산성 흑염소 불고기는 타 지역과 달리 양념에 고기를 버무려 숯불 위 석쇠에 바로 굽는 직화구이 방식으로 이는 흑염소불고기 특유의 고소한 맛을 유지시키는 비결 중의 하나다. 현재, 금정산성마을 먹거리 촌에는 흑염소불고기, 오리불고기, 오리백숙 등을 취급하는 음식점이 80여 개소가 있으며, 등산객, 직장 회식, 계모임, 가족 외식 등 여러 지역에서 다양한 고객층이 즐겨 찾고 있다.",,,20200116200622,20251127112255,http://tong.visitkorea.or.kr/cms/resource/82/3561482_image2_1.jpg,http://tong.visitkorea.or.kr/cms/resource/82/3561482_image3_1.jpg,Type1,6,2,26,410,VE,VE04,VE040100,A02,A0203,A02030600,부산광역시 금정구 금성동,,46237,129.0538229642,35.2513870387,6
850093,39,급행장,,"한우 전문점인 급행장은 부산광역시 서면역 근처에 위치하고 있다. 1950년 오픈하여 대를 이어오고 있으며 부산 최초로 한우협회 인증점으로 등록되어 있으며 품질 좋은 암소 한우를 고객에게 제공한다. 한우 갈빗살, 한우 등심, 육회 등의 메뉴뿐만 아니라 한우 떡갈비정식, 한우 불고기전골, 갈비탕 등 다양한 식사메뉴도 준비되어 있다. 또한, 소모임부터 단체행사까지 가능한 다양한 공간이 준비되어 있다. 전용 주차장을 구비하고 있어 차량으로도 방문이 용이하다.",,,20091030212054,20251029170356,,,,6,7,26,230,FD,FD01,FD010100,A05,A0502,A05020100,부산광역시 부산진구 서면문화로 4,,47256,129.0580307117,35.1581031257,6
1922520,25,기장 앞바다를 보며 힐링,,"부산 외곽에 자리한 기장. 내륙에서 부산으로 들어서는 관문이자 멸치의 고장이기도 한 기장에서 해안을 따라 맛기행을 떠나보자. 봄이면 은빛 물결을 이루는 멸치 군무가 기다리고 있다. 가까이 자리한 연화리 해물촌에서는 싱싱한 해산물과 진한 전복죽을 맛볼 수 있다. ‘부산 별미’로 첫손에 꼽히는 곰장어의 원조(?)로 알려진 기장 곰장어도 놓칠 수 없다. 바다와 용, 그리고 관음대불이 조화를 이루는 해동용궁사에서 소원을 빌어보는 것도 잊지 말자. 부른 배를 소화시키기에도 제격이다.",,,20140530225621,20230808161931,,,,6,3,26,710,C01,C0114,C01140001,C01,C0114,C01140001,,,,129.2308555185,35.2245100025,7
2872474,39,기장끝집 죽성본점,"<a href=""https://www.instagram.com/onlyjuk_official/"" target=""_blank"" title=""새창: 기장끝집 홈페이지로 이동"">https://www.instagram.com/onlyjuk_official/</a>","부산 기장군에 위치한 기장끝집은 전복죽 전문점으로 구성이 다양한 전복죽을 세트로 제공하는 곳이다. 주문과 동시에 만들어지며, 메인인 전복죽이 압력밥솥 채 나오고, 소쿠리에 신선한 해산물이 한 상으로 차려진다. 전복죽과 궁합이 좋은 파김치, 젓갈, 묵은지 등 밑반찬도 제공된다. 최소 2인부터 주문이 가능하고 혼자 와도 식사는 가능하지만 2인분을 주문해야 하니 이 점을 참고해야한다. 가게 앞에 일부 주차 공간이 있고 조금 떨어진 곳에 전용 주차장도 있어 차량이동인 경우에도 편리하게 방문할 수 있다. 기장끝집 인근에 달음산, 임랑해수욕장이 있어 함께 둘러보기 좋다.",,,20221021140904,20250702095246,http://tong.visitkorea.or.kr/cms/resource/72/2872472_image2_1.JPG,http://tong.visitkorea.or.kr/cms/resource/72/2872472_image3_1.JPG,Type3,6,3,26,710,FD,FD01,FD010100,A05,A0502,A05020100,부산광역시 기장군 기장읍 기장해안로 895,,46078,129.2435319086,35.2348590788,6
130380,14,기장문화원,"<a href=""http://www.gijangcc.or.kr"" target=""_blank"" title=""새창 : 기장문화원 홈페이지로 이동"">http://www.gijangcc.or.kr</a>","기장문화원은 1997년 개관한 곳으로 기장의 전통과 문화를 현재 우리의 삶에 맞게 재조명하고 후손들에게 올바르게 물려주는 것을 목표로 설립된 문화원이다. 이를 위해 기장문화원에서는 기장의 역사, 문화를 연구하고 지역 문화 발전을 위한 문화대학, 향토사연구소 등 다양한 교육 프로그램을 운영하고 있다. 이뿐만 아니라 지역 청소년들을 위한 온라인 역사, 문화 강의를 준비해 세대 간 올바른 교류를 위해 노력하고 있다.",,,20071106105500,20250411103037,http://tong.visitkorea.or.kr/cms/resource/82/3476682_image2_1.jpg,http://tong.visitkorea.or.kr/cms/resource/82/3476682_image3_1.jpg,Type3,6,3,26,710,VE,VE09,VE090100,A02,A0206,A02060700,부산광역시 기장군 기장읍 청강로74번길 35-6,,46080,129.2217032374,35.2353502842,6
2860868,15,기장붕장어축제in칠암,"<a href=""https://www.gijang.go.kr/tour/index.gijang?menuCd=DOM_000000302003001000&cpath="" target=""_blank"" title=""새창 : 기장붕장어축제in칠암 홈페이지 이동"">https://www.gijang.go.kr/tour/index.gijang?menuCd=DOM_000000302003001000&cpath=</a>","제19회 기장붕장어축제 in 칠암은 부산 기장군을 대표하는 수산물인 붕장어를 주제로 한 해양문화축제이다. 칠암붕장어마을에서 개최되는 본 축제는 바다의 풍요로움과 지역의 정체성을 살린 먹거리, 체험, 공연이 함께 어우러진 지역 특화형 축제이다. 붕장어 비빔밥 무료 시식회, 붕장어맨손잡기 체험, 도전, 붕장어OX퀴즈, 전국칠암가요제 등 남녀노소 누구나 즐길 수 있는 다양한 프로그램이 운영된다. 또한 해상 불꽃쇼가 펼쳐져 가을바다의 정취를 더하게 된다. 본 축제는 지역 상권과 주민, 관광객이 함께 참여하는 상생형 지역축제로, 기장의 수산문화와 관광 활성화에 기여하는 대표 해양문화축제이다.",051-721-8050,기장붕장어축제추진위원회,20220927132915,20251023103411,http://tong.visitkorea.or.kr/cms/resource/29/3553829_image2_1.JPG,http://tong.visitkorea.or.kr/cms/resource/29/3553829_image3_1.JPG,Type3,6,3,26,710,EV,EV01,EV010300,A02,A0207,A02070200,부산광역시 기장군 일광읍 칠암리,2-9 칠암붕장어마을,46040,129.2599953837,35.2983189421,6
1953936,12,기장향교,"국가유산청 <a href=""https://www.heritage.go.kr/heri/cul/culSelectDetail.do?culPageNo=1&region=1&searchCondition=%EA%B8%B0%EC%9E%A5%ED%96%A5%EA%B5%90&searchCondition2=&ccbaKdcd=23&ccbaAsno=00390000&ccbaCtcd=21&ccbaCpno=2332100390000&ccbaCndt=&ccbaLcto=&stCcbaAsdt=&endCcbaAsdt=&header=view&returnUrl=%2Fheri%2Fcul%2FculSelectViewList.do&pageNo=1_1_1_0&p=multiSch&sortType=&sortOrd=&sngl=Y&s_kdcdArr=00&s_ctcdArr=00&ccbaPcd1Arr=99&ccbaGcodeArr=00"" target=""_blank"" title=""새창 : 국가유산청 홈페이지로 이동"">https://www.khs.go.kr/main.html</a>","기장향교는 조선 광해군 1617년에 처음 지어졌다. 1855년의 성묘중수기(聖廟重修記)가 남아 있는데, 지금 있는 대부분의 건물은 이때 지어진 것이다. 건물 배치는 교육 공간인 명륜당을 앞에 두고, 제사 공간인 대성전을 뒤로한 전학 후묘의 공간 구성을 이루고 있다. 현존하는 건물로는 대성전, 명륜당, 동재·서재, 풍화루, 내삼문, 외삼문 등이다. 대성전은 앞면 세 칸, 옆면 세 칸 규모이며, 지붕은 옆면에서 볼 때 사람 인(人) 자 모양인 맞배지붕이다. 안쪽에는 공자를 비롯하여 중국과 우리나라 성현의 위패를 모시고 있다. 명륜당은 학생들이 모여 공부하는 강당으로, 양쪽칸은 온돌방이고 가운데 3칸은 마루로 되어 있다. 조선시대에는 나라에서 토지와 노비책 등을 지원받아 학생들을 가르쳤으나, 지금은 교육 기능은 없어지고 제사 기능만 남아 있다.",,,20141006185120,20250910172714,http://tong.visitkorea.or.kr/cms/resource/38/3534938_image2_1.png,http://tong.visitkorea.or.kr/cms/resource/38/3534938_image3_1.png,Type3,6,3,26,710,HS,HS01,HS010900,A02,A0201,A02010700,부산광역시 기장군 기장읍 차성로417번길 35,,46053,129.2158836772,35.2578421006,6
849887,39,김유순대구뽈찜,,김유순 대구뽈찜은 부산광역시 남구 대연동에 있는 대구뽈찜 전문점으로 아삭한 콩나물과 매콤한 양념이 올라간 대구뽈찜을 맛볼 수 있다. 주민들이 많이 찾는 진짜 맛집이라고 한다. 이곳의 대구뽈찜은 콩나물과 대구살에 양념장이 듬뿍 올라간 모습이며 맛의 조합이 좋다. 메인 메뉴와 함께 밑반찬도 푸짐하게 제공한다. 여러 매체에 소개된 적 있을 정도로 많은 사람들이 찾는 음식이다. 내부는 깔끔하고 아늑한 분위기를 풍기고 공간은 적당하다.,,,20091030211543,20250305150645,,,,6,4,26,290,FD,FD01,FD010100,A05,A0502,A05020100,부산광역시 남구 진남로 15,,48439,129.0915367246,35.1364061736,6
2789451,39,깃발집 국수전골,,"깃발집은 부산의 온천동에 위치한 국수 전골 전문점으로 다양한 전골에 직접 제면한 칼국수, 수제비, 죽을 넣어 먹는 국수 전골이라는 전통적인 음식을 판매하고 있다. 이곳의 대표 메뉴인 미역국수전골은 부드러운 국수와 고기, 다양한 채소가 어우러져 풍성한 맛을 낸다. 메뉴에 부추만두사리를 추가해 먹으면 더욱 감칠맛이 난다는 평이 많다. 푸짐한 양이기 때문에 가족 단위나 단체모임에도 적합하다.",,,20211208224003,20250325152617,,,,6,6,26,260,FD,FD01,FD010100,A05,A0502,A05020100,부산광역시 동래구 온천장로107번길 10,(온천동) 2층,47709,129.0838684194,35.2204771709,6
2554070,12,깡깡이 예술마을,"<a href=""http://kangkangee.com"" target=""_blank"" title=""새창: 공식홈페이지로 이동"">http://kangkangee.com</a>","깡깡이 예술마을은 자갈치시장 건너편, 영도대교, 남항대교와 맞닿은 곳에 자리 잡고 있는 버선 형상의 마을이다. 두 군데의 물양장에는 배들이 가득 들어 차있고 십여 곳에 달하는 수리조선소에서는 선박들의 출입이 여전히 활발하여, 항구에서 발원하고 꽃피운 해양문화수도 부산의 원형을 확인할 수 있는 곳이다. 깡깡이란 수리조선소에서 배 표면에 녹이 슬어 너덜너덜해진 페인트나 조개껍데기를 망치로 두드려 벗겨낼 때 ‘깡깡’소리가 난다 하여 생겨난 말인데, 그 무렵 ‘깡깡이마을’이라는 별칭이 생긴 뒤 지금까지도 그 이름으로 불리고 있다. 현재도 십여 곳의 수리조선소와 200여 개에 달하는 공업사와 선박 부품 업체가 마을 공간의 대부분을 차지하고 있어 부산시 발전의 주요 동력분야인 조선산업의 발전사를 고스란히 볼 수 있는 장소이다.",,,20200922001035,20251024140726,http://tong.visitkorea.or.kr/cms/resource/26/2672726_image2_1.jpg,http://tong.visitkorea.or.kr/cms/resource/26/2672726_image3_1.jpg,Type3,6,14,26,200,VE,VE04,VE040200,A02,A0203,A02030100,부산광역시 영도구 대평북로 36,,49039,129.0342206663,35.0932043968,
850121,39,꺼먹동네횟집,"<a href=""http://www.꺼먹동네.kr"" target=""_blank"" title=""새창 : 꺼먹동네횟집 모바일 홈페이지로 이동"">http://www.꺼먹동네.kr</a>","1967년에 영빈횟집으로 인근에서 처음으로 오픈한 곳으로, 칠암리 마을 횟집의 원조격이며 지금까지 변함없이 한자리를 지키고 있다. 대표메뉴는 아나고 회이며 그 외에 장어구이, 모둠회, 마리고기가 준비되어 있다. 200평의 넓은 부지에 있는 식당으로 고풍스러운 한옥 디자인이 눈길을 끈다. 매장 내부는 입식과 좌식 좌석 모두 준비되어 있으며 그 수가 많아 단체로도 이용이 가능하고 주차 또한 용이하다.",,,20091030212147,20250423131310,http://tong.visitkorea.or.kr/cms/resource/75/1902175_image2_1.jpg,http://tong.visitkorea.or.kr/cms/resource/75/1902175_image3_1.jpg,Type3,6,3,26,710,FD,FD01,FD010100,A05,A0502,A05020100,부산광역시 기장군 일광읍 문오성길 509,,46040,129.2595731906,35.2985883478,6
2783360,39,꽃피는 4월 밀익는 5월,,"부산 수영구에 자리한 비건 베이커리 카페다. 비건을 내세우지만 일반인들도 부담감 없이 즐길 수 있는 맛과 구성이 매력적이다. 소금빵은 고소하고 쫄깃한 식감에 초코, 체다치즈 등 다양한 필링을 즐길 수 있으며, 크로와상은 바삭한 겉과 부드러운 크림이 조화롭다. 매장 내 화장실과 테이블석이 마련되어 있어 편리하다.",,,20211130185057,20250827170537,http://tong.visitkorea.or.kr/cms/resource/27/2795627_image2_1.jpg,http://tong.visitkorea.or.kr/cms/resource/27/2795627_image3_1.jpg,Type3,6,12,26,500,FD,FD05,FD050100,A05,A0502,A05020900,부산광역시 수영구 망미번영로70번길 16 (수영동),,48231,129.1110173659,35.1727996812,6
2859101,39,나가하마만게츠,,"해운대역에서 도보로 약 10분 거리에 있는 나가하마만게츠는 후쿠오카에서 1963년부터 운영해 온 일본식 정통 라멘 전문점이다. 돼지 사골을 우려낸 육수에 비법 소스를 넣어 일본에서 먹는 맛 그대로를 느낄 수 있는 곳이다.  오픈 시간은 11시이지만 영업 시작 전부터 찾는 사람들이 많아 가게 앞에 마련된 앱에 전화번호를 입력 후 대기할 수 있다. 오픈 주방으로 되어 있으며, 테이블마다 각종 양념과 밑반찬, 생마늘, 일본식 고춧가루인 시치미 등이 놓여 있어 편하게 이용할 수 있다. 이곳의 가장 특별한 점은 면 삶기를 자유롭게 선택할 수 있는데 짧게 삶을 수록 매우 바삭하고 꼬들꼬들한 식감이 살아있고, 길게 삶으면 부드러운 식감의 면을 맛볼 수 있다.  근처에 도심 속 사찰 해운정사도 가까이 있으니 함께 방문해 보는 것도 좋다.",,,20220923150920,20250616164446,http://tong.visitkorea.or.kr/cms/resource/85/2859085_image2_1.jpg,http://tong.visitkorea.or.kr/cms/resource/85/2859085_image3_1.jpg,Type3,6,16,26,350,FD,FD02,FD020200,A05,A0502,A05020300,부산광역시 해운대구 우동1로 57 (우동),,48088,129.1574801581,35.1667289995,6
3444416,39,나막집,https://www.instagram.com/namakzip,"나막집은 부산 용호동에 위치한 미쉐린 가이드에 선정된 돼지곰탕 전문점이다. 전통적인 돼지국밥을 현대적인 감각으로 재해석하여 진하면서도 깔끔한 국물 맛을 선사한다. 주요 메뉴로는 돼지곰탕, 고기칼국수, 생면칼국수, 수육, 삼겹구이가 있으며, 오픈 주방에서 신선한 재료와 요리 과정을 직접 볼 수 있는 매장이다.",,,20241213121959,20250730165344,http://tong.visitkorea.or.kr/cms/resource/23/3444423_image2_1.JPG,http://tong.visitkorea.or.kr/cms/resource/23/3444423_image3_1.JPG,Type1,6,4,26,290,FD,FD01,FD010100,A05,A0502,A05020100,"부산광역시 남구 분포로 145 (용호동, 더블유)",스퀘어동 1층 1068호,48515,129.1125849531,35.1342484706,6
2783344,12,낙동강 생태탐방선,"<a href=""http://btoeco.or.kr/"" target=""_blank"" title=""새창 : 낙동강 생태탐방선 사이트로 이동"">http://btoeco.or.kr/</a>","낙동강 생태탐방선은 낙동강 물줄기를 따라 에코투어를 즐길 수 있는 프로그램이다. 물금과 대동 코스, 을숙도 일원 코스, 화명과 물금 코스가 있다. 낙동강 생태탐방선은 전화로 사전예약 또는 방문 후 승선이 가능하다. 승선신고서 작성을 위해 신분증을 반드시 지참해야 하며 , 탑승 20분 전까지 탑승장에 도착해야 한다. 여객 30명까지 승선이 가능한 탑승선은 쾌적하고 넓은 내부를 자랑한다. 탐방선이 출발하면 생태탐방 해설사가 낙동강의 생태와 역사에 관해 설명해 준다. 유익한 해설을 들은 후에는 탐방선 2층에서 따뜻한 햇볕과 시원한 강바람을 맞으며 아름다운 낙동강 풍광을 눈에 담을 수 있다. 낙동강 생태탐방선의 특징 중 하나는 친환경에너지를 사용한다는 것인데, 2층에서 태양광발전기와 풍력발전기를 통해 에너지를 얻는 모습을 직접 관찰할 수 있다. 또 선내에 망원경이 비치되어 멀리 있는 풍경까지 더욱 자세한 생태탐방이 가능하다.",,,20211130184315,20250306164914,http://tong.visitkorea.or.kr/cms/resource/51/2787651_image2_1.jpg,http://tong.visitkorea.or.kr/cms/resource/51/2787651_image2_1.jpg,Type3,6,10,26,380,NA,NA04,NA040500,A01,A0101,A01010500,부산광역시 사하구 하단동 1149-10,,,128.9492081536,35.1102509254,6
2554141,12,낙동강문화관,"<a href=""https://www.kwateromc.co.kr/www/contents.do?key=750"" target=""_blank"" title=""새창 : 낙동강 문화관 홈페이지로 이동"">https://www.kwateromc.co.kr</a>","부산광역시 사하구에 위치한 낙동강 문화관은 낙동강과 낙동강 살리기 사업의 올바른 이해를 물 위의 도시를 걷듯 큐브(CUBE) 하나하나에 이야기를 담아내고 있다. 어린이들이 감성적 체험을 할 수 있도록 다양한 체험 프로그램과 놀이시설을 마련하였으며, 강을 주제로 한 미디어작품은 관람객들과 문화적 소통과 공감을 형성하며 다양한 체험 시설은 수변도시의 문화와 미래를 경험할 수 있도록 도운다.",,,20180718185031,20250306160141,http://tong.visitkorea.or.kr/cms/resource/22/3337322_image2_1.jpg,http://tong.visitkorea.or.kr/cms/resource/22/3337322_image3_1.jpg,Type3,6,10,26,380,EX,EX06,EX061000,A02,A0204,A02040800,부산광역시 사하구 낙동남로1233번길 1,(하단동),49300,128.9474416939,35.1082872241,
2903049,39,낙동강오리알 본점,,"고소한 오리 소금구이가 인기인 한식당이다. 2층 규모로 깔끔한 분위기다. 소금구이, 오리탕, 석쇠구이, 버섯전골, 백숙, 찜 등 다양한 오리 요리가 준비되어 있으며 굵은소금을 뿌려 구워 먹는 소금구이가 단연 인기다. 단체 방문 손님을 위한 버스도 운영하고 있다. 오리백숙은 요리 시간이 오래 걸리기 때문에 예약이나 출발 전에 미리 전화를 해두면 빨리 먹을 수 있다. 다른 양념 없이 고기 하나로 승부하는 대저맛집이다. 몸보신에도 좋아 가족 단위 손님이 많이 찾는다. 낙동강오리알은 근처에 유명 카페들도 많아 식사 후에 들리기 좋다. 식당 앞 주차 공간도 넉넉하며 전기차 충전하는 곳도 있다. 정거벽화마을, 렛츠런파크 등이 인접해 있어 함께 둘러보기 좋다.",,,20221109140508,20251031141232,http://tong.visitkorea.or.kr/cms/resource/43/2903043_image2_1.JPG,http://tong.visitkorea.or.kr/cms/resource/43/2903043_image3_1.JPG,Type3,6,1,26,440,FD,FD01,FD010100,A05,A0502,A05020100,부산광역시 강서구 상덕로 35-1,,46711,128.9073095606,35.1926187056,6
2614714,12,낙동강하구 (부산 국가지질공원),"<a href=""http://www.busan.go.kr/geopark/index"" target=""_blank"" title=""새창 : 부산지오파크 홈페이지로 이동"">http://www.busan.go.kr</a>","부산광역시 사하구에 위치한 낙동강하구 지질명소는 천연기념물로 지정된 문화재보호구역이다. 낙동강하구는 모래와 자갈이 쌓여 수면 밖으로 드러나있는 크고 작은 연안사주와 넓은 갯벌이 펼쳐져 있고 대마등, 맹금머리등, 장자도, 신자도, 백합등, 도요등, 진우도로 불리는 크고 작은 연안사주들이 장관을 이루고 있는 곳이다. 낙동강하구 지질공원은 을숙도 낙동강하구탐방체험장에서부터 시작하여 낙동강에코센터, 낙동강하굿둑, 장림포구, 홍티포구, 아미산 전망대, 다대포해수욕장까지 이어지는 지질공원으로 낙동강하구에코센터는 지질공원 안내센터로서 다양한 지질 유적 전시와 영상, 하구답사 등을 진행하고 있는 곳이다. 아미산 전망대에도 연안사주, 낙조 등 천혜의 절경을 조망할 수 있으며 낙동강하구 삼각주의 형성 과정 등 지질유산에 대한 다양한 자료를 전시하고 있다. 낙동강하구의 삼각주 지형은 우리나라에서 흔하지 않을 뿐만 아니라 최대 규모를 자랑하며 지질학적 가치가 매우 높은 지질명소이다.",,,20190809012101,20250812133327,http://tong.visitkorea.or.kr/cms/resource/37/3029337_image2_1.jpg,http://tong.visitkorea.or.kr/cms/resource/37/3029337_image3_1.jpg,Type1,6,10,26,380,NA,NA02,NA020100,A01,A0101,A01011800,부산광역시 사하구 낙동남로 1240,(하단동),49435,128.9460085869,35.1045515050,6
3027444,12,낙조정,"<a href=""https://cafe.naver.com/nakdongculture""target=""_blank"" title=""새창 : 업체 카 이동"">https://cafe.naver.com/nakdongculture</a","낙조정은 부산광역시 사하구 을숙도에 있는 철새 관찰 전망대이다. 낙조정은 철새보호구역에서 철새의 활동에 지장을 주지 않으면서 철새의 형상으로 새와 함께 즐긴다는 의미로 붙여진 이름이다. 낙조정은 2층으로 운영되며 2층에 전망대가 있고, 철새를 관찰할 수 있는 망원경이 비치되어 있어 철새의 이동을 관찰할 수 있는 곳이다. 낙조정에는 경사로 올라가는 특이한 엘리베이터가 설치되어 있어 노약자도 전망대에서 철새를 조망할 수 있도록 운영하고 있다. 낙조정 옆에는 어도관람실도 함께 운영하고 있으며, 지하 2층에 내려가면 물고기를 직접 관찰할 수 있도록 투명 유리창으로 된 어도를 만날 수 있다.",,,20231030094655,20250408090426,http://tong.visitkorea.or.kr/cms/resource/23/3027423_image2_1.JPG,http://tong.visitkorea.or.kr/cms/resource/23/3027423_image3_1.JPG,Type3,6,10,26,380,VE,VE01,VE010200,A02,A0205,A02050600,부산광역시 사하구 낙동남로 1169 (하단동),,49300,128.9394840158,35.1096647018,6
1846830,12,남도해양열차 에스트레인(S-train),"<a href=""https://www.korail.com/tour/touristIntor/tourBeltIntor/namdo""target=""_blank"" title=""새창: 코레일 홈페이지로 이동"">https://www.korail.com/tour/</a>","남도해양관광열차 에스트레인은 경상남도와 전라남도를 연결하는 관광열차이다. 에스트레인의 에스는 바다(Sea)의 첫 글자와 곡선 모양의 경전선, 리아스식 해안인 남해안 모양을 형상화한 것이다. 천혜의 자연경관과 풍성한 남도의 문화를 이어주는 행복하고 편안한 슬로우 기차여행을 추구한다. 기차는 남도 해양의 특징인 다도해의 모습과 쪽빛 바다의 물결을 서정적인 심볼로 형상화한 외관으로 장식했다. 남도해양열차는 4량의 객차로 1호차는 힐링실, 2호차는 다례실, 3호차는 가족실, 4호차는 이벤트실, 자전거 거치대로 구성되어 있다. 남도해양열차는 서울, 서대전, 전주, 순천, 여수를 지나는 전라선과 광주송정, 벌교, 순천, 진주, 마산, 구포, 부산역으로 이어지는 경전선이 있다. 운행시간은 코레일에서 확인 가능하다.",,,20130926004133,20250522105718,http://tong.visitkorea.or.kr/cms/resource/78/3070878_image2_1.JPG,http://tong.visitkorea.or.kr/cms/resource/78/3070878_image3_1.JPG,Type3,6,5,26,170,EX,EX07,EX070200,A02,A0203,A02030400,부산광역시 동구 중앙대로 206,,48760,129.0424332391,35.1152715223,6
2944336,12,남부산교회,,2022년도에 개봉한 영화 <브로커>에서 베이비박스가 있는 교회 장면을 촬영한 장소로 이야기의 시작점이 되는 곳으로 충분히 인상적인 모습의 장소이다. 극 중 이름은 ‘부산가족교회’였다. 언덕이 많은 부산의 지형을 잘 보여주며 40년이 넘는 역사가 쌓인 외관이 영화의 분위기와 잘 어울린다. 길 아래로 걸어 내려오면 극 중에서 등장한 벽화와 정겨운 동네의 풍경 그리고 같은 영화 촬영 장소인 전포삼거리의 버스정류장과 공중전화 부스가 보인다.,,,20230118104029,20251110114042,http://tong.visitkorea.or.kr/cms/resource/00/2947000_image2_1.jpg,http://tong.visitkorea.or.kr/cms/resource/00/2947000_image3_1.jpg,Type1,6,7,26,230,HS,HS03,HS030200,A02,A0201,A02010900,부산광역시 부산진구 진남로 300 남부산교회,,47313,129.0732462115,35.1523762699,6
2788830,38,남산시장,,"부산광역시 금정구에 있는 상가형 재래시장으로 다양한 물품과 식자재, 음식점, 횟집들이 있다. 남산시장은 범어사역 인근에 있으며, 시장 바로 옆에 시장 이용객들은 무료로 주차할 수 있는 주차장이 있어 편리하게 이용할 수 있다. 남산시장에서 파는 상품들은 식재료뿐 아니라 농수산물 모두 신선한 것들이라 믿고 살 수 있으며 바다가 가까운 부산의 이점 덕에 회 센터 못지않은 저렴한 가격에 횟감을 즐길 수 있는 식당도 있다.",,,20211208035056,20251105174100,http://tong.visitkorea.or.kr/cms/resource/11/3562011_image2_1.jpg,http://tong.visitkorea.or.kr/cms/resource/11/3562011_image3_1.jpg,Type1,6,2,26,410,SH,SH06,SH060200,A04,A0401,A04010200,부산광역시 금정구 금강로 700,(남산동),46220,129.0893221400,35.2698995092,6
1942299,12,남선창고터,"<a href=""https://www.bsdonggu.go.kr/board/view.donggu?boardId=BBS_0000100&menuCd=DOM_000000301001001000&startPage=1&dataSid=5000200"" target=""_blank"" title=""새창 : 홈페이지로 이동"">https://www.bsdonggu.go.kr</a>","남선창고터는 1900년 함경도에서 배로 물건을 싣고 와서 보관하던 최초의 물류 창고로, 초기에는 북선창고라 불리었으며 경부선을 통해 서울까지 물류를 운반하기 전에 보관하는 곳이었다. 이후 경원선이 생기면서 윗지방에 북선창고가 만들어지자 이름을 남선창고로 변경하였다. 부산 최초의 근대적 물류창고인 남선창고는 1900년 초량객주 정치국이 초량동에 세웠다. 냉동고가 없던 시절에 바닥에 수로를 만들어 물기를 제거하고 서늘하게 유지하는 방법을 사용했다. 바로 옆 옛 백제병원과는 달리 2009년에 철거되어 지금은 붉은 벽돌로 쌓은 담장만 남아있다. 해방 전까지는 주로 명태창고로 활용되어 일명 명태고방으로도 불렸다. 이후 부산산업경제 변화의 흐름을 타고 화공약품, 합판, 신발, 러시아 보따리 상인들의 짐, 가전제품 등을 위탁 보관하는 일반창고의 역할을 해 왔다.",,,20140820003247,20250522112435,http://tong.visitkorea.or.kr/cms/resource/79/3070879_image2_1.JPG,http://tong.visitkorea.or.kr/cms/resource/79/3070879_image3_1.JPG,Type3,6,5,26,170,HS,HS01,HS011100,A02,A0201,A02010700,부산광역시 동구 초량로13번길 53,(초량동),48816,129.0395112298,35.1167962983,6
574250,39,남성관,,"전통 중화요리 남성관은 여느 집에서 흔히 볼 수 없는 손으로 만든 수타면 전문점이다. 편리한 기계면에 밀려 대부분 수타면이 자취를 감춘 요즘 이곳 남성관은 중화요리에 대한 애정과 정성으로 30여 년의 세월을 전통 중화요리 수타면을 고집하고 있다. 정통적인 중국풍의 테이블과 벽면의 장식들이 또 하나의 멋인 남성관은 각종 단체 모임이나 회식 등을 위한 연회석이 완비되어 있으며, 모임의 성격에 맞는 다양한 코스요리 및 일반 요리가 준비되어 있다.",,,20080613224215,20250626171058,http://tong.visitkorea.or.kr/cms/resource/82/1982682_image2_1.jpg,http://tong.visitkorea.or.kr/cms/resource/82/1982682_image3_1.jpg,Type3,6,7,26,230,FD,FD02,FD020100,A05,A0502,A05020400,부산광역시 부산진구 백양대로136번길 51,,47176,129.0337549338,35.1622327711,6
1303784,38,남천 해변시장,"<a href=""http://www.bbsj.kr/sijang/market.php?sij_idx=62""target=""_blank"" title=""새창: 별별시장 홈페이지로 이동"">http://www.bbsj.kr/</a>","남천동에 위치한 남천해변시장은 다양한 볼거리와 먹거리가 가득한 종합시장이다. 과거에는 바다가 있던 곳으로, 주거지 조성을 위해 매립한 부지에 아파트가 들어서고 좌판이 형성되어 시장이 조성되었다. 1989년 개설되어 현재는 200여 개 점포가 있는 상가건물형 시장이다. 활어, 선어, 해물전 등 수산물을 취급하는 곳이 많으며, 농산물, 야채, 식료품, 초장집, 식당, 분식점, 떡집, 수입품, 정육점 등 다양한 상품을 취급하고 있는 종합시장이다. 재래시장 현대화사업의 일환으로 리모델링을 시행했으며, 냉난방장치 등의 환경을 개선해 고객들이 편리하게 이용할 수 있도록 만들었다.",,,20110610025524,20250522103550,http://tong.visitkorea.or.kr/cms/resource/58/3071058_image2_1.JPG,http://tong.visitkorea.or.kr/cms/resource/58/3071058_image3_1.JPG,Type3,6,12,26,500,SH,SH06,SH060200,A04,A0401,A04010200,부산광역시 수영구 광안해변로15번길 77,(남천동),48313,129.1090851202,35.1392728438,6
2818714,39,남천녹차팥빙수,,"부산 수영구에 위치한 남천녹차팥빙수는 보성녹차팥빙수가 유명한 카페이다. 우유와 얼음 위에 팥과 녹차가루에 올려져 있다. 가격이 저렴하고, 녹차는 무제한으로 제공된다. 카페 앞에는 나무가 우거져 있어 이색적인 분위기를 연출하고, 통나무 땔감이 쌓여 있다. 팥빙수 이외에도 단팥죽이 또 다른 대표 메뉴이다. 20년 넘게 한결같은 맛을 유지하고 있어 관광객은 물로 현지인들도 많이 찾고 있다. 연인과 데이트 장소로도 좋으며, 가족과 함께 부산 여행 시 방문하기에도 좋다.",,,20220506145014,20250909150250,,,,6,12,26,500,FD,FD05,FD050100,A05,A0502,A05020900,부산광역시 수영구 수영로394번길 28,,48311,129.1086712269,35.1407282287,6
2868507,39,남천다옴,,"순우리말 ‘복이 다 들어온다’라는 뜻의 다옴은 국수 전문점이다. 금련산역 5번 출구에서 225m 거리에 있고, 광안리와 남천동 사이에 있어 접근성이 좋다. 남해안의 진한 멸치 육수와 숙성기간을 거친 쫄깃한 면이 맛있는 다옴은 깨끗하고, 건강한 천연 식재료로 본연의 맛을 살려 조리한다. 신선한 채소와 깨끗한 과일 양념이 어우러진 차돌박이 비빔국수가 대표 메뉴이며 그 외에도 국수, 수제비, 비빔밥 등이 있어 다양하게 맛볼 수 있다. 근처 광안리 해수욕장과 해변공원이 있어 함께 둘러보기 좋다.",,,20221017170208,20250829092938,http://tong.visitkorea.or.kr/cms/resource/99/2868499_image2_1.jpg,http://tong.visitkorea.or.kr/cms/resource/99/2868499_image3_1.jpg,Type3,6,12,26,500,FD,FD01,FD010100,A05,A0502,A05020100,부산광역시 수영구 수영로464번길 9 (남천동),,48314,129.1109430695,35.1473775262,6
2872199,28,남파랑길(부산),"<a href=""https://www.visitbusan.net/index.do?menuCd=DOM_000000202002001000&uc_seq=452"" target=""_blank"" title=""새창: 비짓부산 홈페이지로 이동"">https://www.visitbusan.net/</a>","남파랑길은 남쪽(南)의 쪽빛(藍) 바다와 함께 걷는 길이라는 뜻으로, 부산 오륙도 해맞이공원에서 전남 해남 땅끝마을까지 남해안을 따라 총 90개 코스로 이루어진 걷기여행길이다. 남파랑길을 걷다보면 남해의 수려한 해안경관과 대도시의 화려함, 농산어촌마을의 소박함을 모두 만나볼 수 있다. 남파랑길 부산구간 제 1코스는 오륙도 해맞이공원’부터 시작하여 중국 상해거리까지의 코스이며, 제 2코스는 영도를 관통한다. 제 3코스는 송도해수욕장, 송도해안볼레길, 암남공원까지 이어지며, 제 4코스는 넓고 고운 백사장을 자랑하는 다대포해수욕장, 그리고 그 해변의 끝에 자리한 몰운대가 출발점이다. 마지막으로 5코스는 을숙도에서 출발하여 을숙도의 이모저모를 알아볼 수 있다.",,,20221020175605,20251128093000,http://tong.visitkorea.or.kr/cms/resource/73/3575773_image2_1.jpg,http://tong.visitkorea.or.kr/cms/resource/73/3575773_image3_1.jpg,Type1,6,4,26,290,LS,LS01,LS011900,A03,A0302,A03022700,부산광역시 남구 용호동,,48566,129.1212572871,35.1026382801,6
132187,38,남포동 지하도상가,"<a href=""http://undershop.bisco.or.kr"" target=""_blank"" title=""부산 지하도상가 홈페이지로 이동"">http://undershop.bisco.or.kr</a>","지하철 자갈치역과 남포동역 사이에 위치한 편리한 교통과 쾌적한 지하상가로서 부산의 중심 상권으로 자리 잡고 있으며, 넓은 실내 공간(길이 517m, 폭 25~34m, 최신 공조설비, 중앙 집중식 냉, 난방 시설완비)으로 부산 시민의 휴식처 역할도 하고 있는 지하상가이다. 21세기 관광 도시 부산의 제일 관문으로 자갈치시장, 국제 시장을 사이에 두고 있으며, 부산 국제 영화제가 개최되는 곳에 위치하여 외국인 관광객 또한 적지 않은 상가이다. 다양한 품목으로 숙녀복, 남성복, 캐주얼 의류, 유명 메이커 의류, 수공예품, 액세서리 등으로 쇼핑하기 좋은 상가이다.",,,20031119090000,20251105105135,http://tong.visitkorea.or.kr/cms/resource/25/3561825_image2_1.jpg,http://tong.visitkorea.or.kr/cms/resource/25/3561825_image3_1.jpg,Type1,6,15,26,110,SH,SH05,SH050200,A04,A0401,A04010600,부산광역시 중구 구덕로 지하 44,(남포동5가),48953,129.0306458464,35.0980149031,6
986063,38,남포동건어물도매시장,,"부산 바다의 냄새가 눅진하게 배어있는 전통 재래시장이다. 위탁 장사를 하던 이전의 모습에서 세월이 흐름에 따라 지금은 소매상인들이 대부분이지만, 비릿하면서 구수한 부산의 냄새를 맡고 싶다면 방문해 볼 필요가 있는 곳이다. 자갈치시장 동쪽 끝에 위치한 건어물 도매시장으로 건어물을 전문적으로 취급하는 시장이다. 부산시 유일의 수협공판장이 있으며, 이곳의 200여 개 점포에서 마른 멸치, 마른오징어, 새우, 각종 포 등 건어물과 김, 미역, 조개 등 해산물 등을 판매하고 있다. 전국의 중간 도매상들은 물론 일반 소비자들에게도 싼값으로 도소매 하는 부산 제일의 건어물 시장이다.",,,20100326183229,20251105135354,http://tong.visitkorea.or.kr/cms/resource/14/3561914_image2_1.jpg,http://tong.visitkorea.or.kr/cms/resource/14/3561914_image3_1.jpg,Type1,6,15,26,110,SH,SH06,SH060200,A04,A0401,A04010200,부산광역시 중구 용미길8번길 4-1,,48984,129.0345233050,35.0973456050,6
1942298,38,남항시장,,"남항시장은 6.25전쟁을 계기로 부산 영도에 사람이 모여살기 시작하면서 1960년대에 형성된 시장으로 부산에서 3번째로 큰 규모를 자랑한다. 60년 이상의 전통을 자랑하는 남항시장은 전통시장의 매력과 현대적이고 편안한 시설이 어우러져 편리한 쇼핑을 하기 좋다. 현지에서 직송되거나 직접 재배한 농산물, 수산물, 축산물을 주로 취급하고 있다. 어묵, 김치 등의 반찬류 상점과 더불어 생필품과 의류 및 잡화를 취급하는 상점도 골고루 분포해 있다. 좋은 상품을 저렴한 가격에 구입할 수 있어 찾는 손님이 많다. 2013년에 문화관광형 시장 육성사업 공모에 당선되어 다양한 문화 활동을 진행해 왔으며, 시장음악제, 시장연극제 등 시장문화제를 개최해 시장을 지역민과 상인들이 어울릴 수 있는 문화적 공간으로 바꾸고 있다. 인근에 부산에서 유명한 삼진어묵 판매장과 같이 둘러보기 좋다.",,,20140820003509,20250407154651,http://tong.visitkorea.or.kr/cms/resource/45/3026245_image2_1.JPG,http://tong.visitkorea.or.kr/cms/resource/45/3026245_image3_1.JPG,Type3,6,14,26,200,SH,SH06,SH060200,A04,A0401,A04010200,부산광역시 영도구 절영로49번길 73-5,(영선동2가),49053,129.0422784164,35.0889216911,6
2853012,39,낭만송백,"<a href=""http://www.instagram.com/_nangsong""target=""_blank"" title=""새창 : 낭만송백 사이트로 이동"">http://www.instagram.com/_nangsong</a>","넓은 정원과 다양한 체험장이 있는 낭만송백은 부산 강서구 대저동 송백 마을 한적한 곳에 있다. 자차 방문 시 내비게이션에 낭만송백으로 검색하면 비포장도로로 안내가 되기에 경유지에 은진카센타를 추가하고 도착지 낭만송백을 검색하면 포장도로로 안내해 준다. 카페 입구를 들어가다 보면 우측으로 쭉 뻗은 낙동강의 멋진 풍경을 볼 수 있으며 2층 건물로 된 내부는 여러 가지의 식물과 아늑한 분위기로 꾸며져 있다. 1층에서 주문 후 원하는 곳에 앉으면 된다. 2층은 노키즈 존으로 운영되고 있고 낭만송백의 매력은 야외 공간에 모래놀이 체험, 트램펄린, 정자 등이 있어 어린이들과 함께 방문하면 자유롭게 마음껏 뛰놀 수 있다. 또 카페 가까이 을숙도생태공원이 있어 함께 방문하기 좋다.
※ 반려동물 동반 불가",,,20220914105258,20250116091735,http://tong.visitkorea.or.kr/cms/resource/02/2853002_image2_1.jpg,http://tong.visitkorea.or.kr/cms/resource/02/2853002_image3_1.jpg,Type3,6,1,26,440,FD,FD05,FD050100,A05,A0502,A05020900,부산광역시 강서구 맥도강변길 283,1층,46723,128.9310646493,35.1337646256,6
777057,12,내원정사(부산),https://naewon.kr/,"내원정사는 서구 도솔산에 자리잡은 도심 속 사찰로서 부산광역시 전통 사찰로 지정되었다. 창건 이후 1983년까지 10여 년에 걸쳐 1차 불사로 전통 목조의 대웅전, 관음전, 요사채, 종루 등 12동의 당우(堂宇)를 조성하였다. 1985년에는 2차 불사로 불교 유치원을 설립하였다. 또한 1990년에는 3차 불사로 만불전을 건립하였다. 내원정사 만불전은 늘어나는 신도들을 수용하기 위한 법회의 장이며, 사찰 운영의 현대화와 합리화를 위해 현대적 시스템을 갖춘 요사이다. 내원정사에 있는 지정 문화유산으로는 내원정사 수장 묘법연화경(妙法蓮華經)이 있다.",,,20090811230634,20260721165951,https://tong.visitkorea.or.kr/cms/resource/55/3031655_image2_1.JPG,https://tong.visitkorea.or.kr/cms/resource/55/3031655_image3_1.JPG,Type3,,,26,140,HS,HS03,HS030100,,,,부산광역시 서구 엄광산로40번길 80 (서대신동3가),,49200,129.0117290680,35.1265499680,6
3470558,32,넘버25 호텔 기장 연화리점,,,,,20250123154604,20250319175344,,,,6,3,26,710,AC,AC01,AC010100,B02,B0201,B02010100,부산광역시 기장군 기장읍 연화길 64,,46082,129.2264338273,35.2192271784,6
2892757,32,노떼 라 미아 호텔,"<a href=""http://www.nottelamia.com/"" target=""_blank"" title=""새창: 노떼 라 미아 호텔 홈페이지로 이동"">http://www.nottelamia.com/</a>","노떼 라 미아 호텔은 ‘나의 밤’이라는 이태리어로 고객에게 아름다운 하루를 제공하겠다는 호텔의 목표가 담겨 있다. 부산역에서 도보로 5분 거리에 위치하고 있으며 부산지하철 1호선 부산역과 연결된다. 또한 서면과 20분, 남포에서 10분 거리에 위치해 최적의 접근성을 자랑한다. 부산의 랜드마크인 다이아몬드타워(구 부산타워, 용두산공원)를 비롯해 부산항국제전시컨벤션센터와 인접해 있어 비즈니스 출장객부터 가족 및 연인 단위의 여행객까지 다양한 고객층을 위한 최적의 입지 요건을 갖췄다. 객실은 3층부터 14층까지 총 112개로 구성되어 있으며 2층 레스토랑에서 신선한 재료로 제공되는 아메리칸 스타일의 조식을 즐길 수 있다. 또한, 같은 층에 위치한 세미나실에서는 무선 마이크와 빔 프로젝터가 구비되어 있으며 소규모 회의를 하기에 적합하다. 15층에 위치한 루프탑은 북항대교를 전경으로 탁 트인 전망을 즐기며 편안한 시간을 보낼 수 있어 많은 사랑을 받고 있다.",,,20221101150949,20250917154758,http://tong.visitkorea.or.kr/cms/resource/62/2892562_image2_1.jpg,http://tong.visitkorea.or.kr/cms/resource/62/2892562_image3_1.jpg,Type3,6,5,26,170,AC,AC04,AC040100,B02,B0201,B02010900,부산광역시 동구 대영로 265,,48822,129.0397363452,35.1118468560,6
2836431,39,노티스,"<a href=""https://www.instagram.com/notice.1950/""target=""_blank"" title=""새창 : 노티스 홈페이지로 이동"">https://www.instagram.com/notice.1950/</a>","노티스는 1950년에 지어진 쌀 창고를 현대적 감각으로 재해석한 도심 속 복합문화공간이다. 쌀 창고 적벽돌을 그대로 유지하고 벽돌 사이에 숯을 넣는 근현대 건축기법으로 재탄생한 노티스의 1층은 컨벤션홀로 기업행사, 플리마켓, 소규모 웨딩, 문화행사 등 대관을 주로 한다. 2층은 부산항이 한눈에 보이는 카페로 다양한 음료와 베이커리를 판매한다. 3층 루프탑은 탁 트인 야외에서 부산항과 부산항 대교를 바라보며 과거의 부산과 현재의 부산을 모두 즐길 수 있다. 루프탑도 생일 파티, 연말 모임, 돌잔치, 각종 모임 등 특별한 날 공간을 이용할 수 있게 대관 신청이 가능하다. 주변에 용두산공원, 비프광장, 스카이파크전망대 등이 있어 함께 방문하기 좋다.",,,20220812153742,20250528174532,http://tong.visitkorea.or.kr/cms/resource/30/2836430_image2_1.jpg,http://tong.visitkorea.or.kr/cms/resource/30/2836430_image3_1.jpg,Type3,6,15,26,110,FD,FD05,FD050100,A05,A0502,A05020900,부산광역시 중구 대교로 135 (중앙동5가),,48943,129.0374090315,35.1022423326,6
2867934,12,녹산고향동산,,"부산 강서구에 있는 녹산고향동산은 낙동강을 보면서 산책할 수 있는 공원이다. 맞은편에 둔치도 있어 더 운치가 있다. 기념관, 야외무대, 놀이터, 족구장, 전망데크, 산책로, 쉼터 등 다양한 문화공간으로 이루어져 있다. 가볍게 산책하기 좋고, 당일치기 캠핑, 차박, 낚시 등이 가능해 날이 좋을 때나 주말에는 많은 사람이 찾는다. 취사는 할 수 없지만, 배달 음식을 먹는 것은 허용된다. 공원 근처 편의점을 이용할 수도 있으며 돗자리, 텐트도 이용이 가능하여 날씨 좋은 날 피크닉 하기에도 좋다. 강가 주위에는 낚시하는 사람들도 종종 볼 수 있다. 차로 25분 거리에 가덕도 정거마을 문화거리도 있어 함께 방문해 보면 좋다.",,,20221017095233,20250619181859,http://tong.visitkorea.or.kr/cms/resource/14/2867914_image2_1.JPG,http://tong.visitkorea.or.kr/cms/resource/14/2867914_image3_1.JPG,Type3,6,1,26,440,VE,VE03,VE030400,A02,A0202,A02020700,부산광역시 강서구 범방4로 132,,46727,128.8860013488,35.1543170520,6
2840883,39,녹산용가든,,"웅장한 크기가 입구부터 예상되는 녹산용가든은 넓은 주차장은 물론 깔끔한 외관과 소규모 인원부터 대규모 단체까지 수용이 가능한 실내 공간이 인상적인 곳이다. 고기를 파는 건물과 ​일본식 용장어를 파는 식당도 있으며 한쪽에 녹산용가든 자체에서 운영하는 카페도 있다. 한 장소에서 든든한 식사와 여유롭게 커피까지 가능하다. 취급 메뉴는 프리미엄 한우와 한돈이며 이외에도 육회, 갈비탕 등이 준비되어 있다. 고기가 나오기 직전 불과 함께 기본 반찬들이 세팅된다. 유아 놀이방과 연회장도 완비되어 있다. 회식, 돌잔치, 회갑연, 생일파티를 하기에 안성맞춤인 장소이다.",,,20220822162423,20250604174229,http://tong.visitkorea.or.kr/cms/resource/60/2840860_image2_1.jpg,http://tong.visitkorea.or.kr/cms/resource/60/2840860_image3_1.jpg,Type3,6,1,26,440,FD,FD01,FD010100,A05,A0502,A05020100,부산광역시 강서구 낙동남로682번길 94 (녹산동),,46736,128.8935433150,35.1190933587,6
2763856,14,놀이마루,"<a href=""https://home.pen.go.kr/nrmr/main.do"" target=""_blank"" title=""새창 : 놀이마루 사이트로 이동"">https://home.pen.go.kr/nrmr/main.do</a>","2016년 9월 1일 개관한 놀이마루는 폐교된 부산 중앙중학교가 리모델링을 통해 재탄생된 곳이다. 최고라는 뜻의 ‘마루’와 즐거운 ‘놀이’의 합성어로 이루어진 순우리말이다. 놀이마루에서는 예술가와 함께 하는 문화 예술 진로 융합 체험 프로그램 ‘움’, 삶에 행복을 더하는 문화 예술 향유 프로그램 ‘쉼’, 학교교육, 일반 시민 대상 문화예술 지원 프로그램 ‘틈’, 문화 다양성을 위한 복합 문화 프로그램 ‘꿈’ 크게 4가지 주제로 프로그램을 운영한다. 움 프로그램은 부산광역시 소재 학교별, 학년별 신청을 받고, 개인 신청은 불가하다. 북 카페와 전시장은 학생, 교직원, 일반 시민들에게 무료 개방되고 있다.",,,20211028000204,20240806151303,http://tong.visitkorea.or.kr/cms/resource/77/3343377_image2_1.jpg,http://tong.visitkorea.or.kr/cms/resource/77/3343377_image3_1.jpg,Type3,6,7,26,230,VE,VE12,VE120300,A02,A0203,A02030400,부산광역시 부산진구 전포대로209번길 26,(전포동),47293,129.0628997796,35.1564089608,6
1918263,14,누리마루 APEC하우스,"<a href=""http://www.busan.go.kr/nurimaru"" target=""_blank"" title=""새창 : 누리마루 APEC하우스 홈페이지로 이동"">http://www.busan.go.kr/nurimaru</a>","누리마루 APEC하우스는 해운대구 우동의 동백섬에 세워진 국제회의장이다. 이곳을 방문한 각 정상들은 누리마루 APEC하우스를 최첨단 회의 시스템, 고품격 서비스, 한국 전통의 고유한 아름다움을 모두 겸비한 최고의 회의장이라고 극찬한 바 있다. 누리마루 APEC 하우스 명칭은 순수 우리말인 ‘누리(세계) 마루(정상)’와 APEC 회의장을 상징하는 ‘APEC하우스’를 조합한 것으로 ‘세계 정상들이 모여 APEC 회의를 하는 집’이라는 뜻을 가지고 있다. 울창한 동백나무와 송림으로 둘러싸인 자연경관이 아름다운 동백섬에 위치해 있으며, APEC 이후 기념관 및 국제회의장으로 활용되고 있다. 누리마루는 지상 3층의 건축물로 건물 전체의 조형은 한국 전통의 건축인 ‘정자’를 현대적으로 표현했으며, 지붕의 형태는 동백섬의 능선을 형상화하였고, 외부의 사선 기둥(12개)은 Dynamic Busan의 역동성을 표현, 내부의 장식은 한국의 창조적 전통문화를 시각적으로 표현했다. 우리나라 대청마루를 컨셉으로 한 테라스에서는 오륙도, 광안대교, 달맞이 언덕 등을 조망할 수 있으며, 누리마루는 자연미와 현대미를 고루 갖춘 고품격 국제회의장으로서의 면모를 갖추고 있다. 현재 이곳 누리마루 APEC하우스는 국내뿐만 아니라 세계 각국 여행자들이 방문하고 있는 부산의 대표적인 명소로 자리 잡고 있다.",,,20140509230900,20251128134913,http://tong.visitkorea.or.kr/cms/resource/20/3334420_image2_1.jpg,http://tong.visitkorea.or.kr/cms/resource/20/3334420_image3_1.jpg,Type3,6,16,26,350,VE,VE07,VE070400,A02,A0206,A02060400,부산광역시 해운대구 동백로 116,,48100,129.1513116443,35.1523943787,6
3532715,32,누스테이 부산,https://www.noustay.com/busan,"부산 광안리, 도심 속 쉼표 누스테이 부산:분주한 일상 속 온전한 휴식을 찾는 이들을 위한 편안한 안식처입니다.감각적인 디자인과 세심한 디테일이 편안함을 더합니다.넓은 창으로 쏟아지는 햇살과 도심 풍경이 머무는 순간을 특별하게 만들고,루프탑에서는 바쁜 하루를 내려놓는 여유로운 시간이 기다립니다.",,,20250908134838,20250921221819,,,,6,12,26,500,AC,AC03,AC030400,B02,B0201,B02011200,부산광역시 수영구 수영로 722-1 (광안동),에스앤(S&)빌딩 4층,48271,129.1183890728,35.1682225520,6
3027022,28,늘푸른숲,,"늘푸른숲은 도심 가까이 위치하고 있는 셀프바베큐장으로, 소중한 가족, 연인과 일상속에서 벗어나 숲과 더불어 자연속에서 힐링 할 수 있는 공간이다. 시설이용료만 내면 직접 먹거리를 가져가 맛있게 먹을 수 도 있는 환상적인 피크닉 공간이며, 시설이용료와 현지에 마련되어 있는 고기와 숯불로도 피크닉을 즐길 수 있는 곳이다. 가족나들이, 회식, 단체모임, 워크숍 등 장소로 최적인 곳이다. 인근에 등산과 산책하기 좋은 회동수원지 둘레길이 있으므로 산책과 트레킹도 병행하면 좋은 곳이다.",,,20231027172402,20250626163430,http://tong.visitkorea.or.kr/cms/resource/70/3026970_image2_1.JPG,http://tong.visitkorea.or.kr/cms/resource/70/3026970_image3_1.JPG,Type3,6,2,26,410,AC,AC05,AC050100,A03,A0302,A03021700,부산광역시 금정구 체육공원로 270 (선동),,46211,129.1071456915,35.2661308180,6
2867762,39,늘해랑,,"늘해랑은 ‘늘 해와 함께 살아가는 사람들’이란 뜻을 담은 순우리말이다. 수육을 따로 맛볼 수 있는 수육 백반이 인기가 많으며 육수 무한리필이 가능하고 수육과 함께 먹는 가오리 식해와 직접 만든 찹쌀 순대가 별미이다. 가오리와 무, 대파, 양념 등을 넣고 24시간 숙성하는 가오리 식해는 따로 구매하는 손님이 많을 정도로 인기가 많다. 한약재를 넣고 삶은 듯 연갈색을 띠는 수육은 윤기가 흐르고 연갈색을 띠는 국물은 가볍고 담백하다. 조미료를 넣지 않고도 특유의 고소한 맛을 냈다.",,,20221014155235,20251105173745,http://tong.visitkorea.or.kr/cms/resource/48/2867748_image2_1.JPG,http://tong.visitkorea.or.kr/cms/resource/48/2867748_image3_1.JPG,Type3,6,7,26,230,FD,FD01,FD010100,A05,A0502,A05020100,부산광역시 부산진구 중앙대로928번길 12,,47222,129.0716985784,35.1723017878,6
2784351,38,다대씨파크,,"다대씨파크는 다대포항에 위치해 각종 활어와 어패류, 해산물 등 저렴하게 판매해 신선한 회를 배불리 맛볼 수 있는 활어 전문 수산시장이다. 1층 회 센터에  여러 상점들이 있는데 전국에서 생산되는 각종 활어와 어패류, 수산물 등을 판매한다. 수조마다 광어, 도다리, 붕장어, 참돔, 전어, 숭어 등의 바닷고기가 가득하다. 1층에서 구매한 해산물은 2층 일명 초장집이라는 곳에서 상차림비를 내면 바로 먹을 수 있다. 1층에서 구매하지 않아도 2층에 있는 초장집에서도 회나 해산물을 바로 구매해서 즐길 수 있다. 다대포항을 바라보며 운치 있게 신선한 회를 먹을 수 있어 이곳을 찾는 사람들도 있고 포장을 해서 음악 분수를 구경하며 먹는 사람들도 많다.",,,20211201193351,20250828091724,http://tong.visitkorea.or.kr/cms/resource/60/2787660_image2_1.jpg,http://tong.visitkorea.or.kr/cms/resource/60/2787660_image2_1.jpg,Type3,6,10,26,380,SH,SH05,SH050200,A04,A0401,A04010600,부산광역시 사하구 다대동로 20 (다대동),,49522,128.9719937791,35.0551547329,6
769761,12,다대포 꿈의 낙조분수,"사하구청 문화관광 <a href=""https://www.saha.go.kr/tour/contents.do?mId=0609000000"" target=""_blank"" title=""새창 : 부산 사하구 문화관광 사이트로 이동"">http://www.saha.go.kr/tour</a>","다대포 꿈의 낙조분수는 다대포해수욕장 입구 광장에 설치된 분수로 세계 최대 규모를 갖추고 있는 음악분수이다. 2010년 3월 27일 개장을 시작으로 매년 4월부터 10월까지 개장 및 운영을 하고 있다. 분수 바닥 면적 2,538㎡, 원형 지름 60m, 둘레 180m, 최대 물높이 55m 세계 최대 규모로 (사)한국기록원으로부터 대한민국 및 세계 최대 기록으로 인증서를 받은 바 있으며, 2010년 3월 27일 기네스월드레코드에 ‘세계최대 바닥분수’로 등재되었다.
다대포 꿈의 낙조분수는 20종 29개의 소분수로 학날개 형상, 무지개 형상, 해바라기 형상, 안개 등 다양하게 연출이 가능하다. 또한, 가요, 팝송, 클래식 등 매달 60여 곡의 다양한 음악과 함께 선보인다. 무엇보다도 특별한 사연이나 프러포즈 등의 내용이 담긴 메시지를 미리 신청해 놓으면 분수 쇼가 진행되는 동안 그 내용을 소개해주기도 한다. 이곳을 찾은 사람들이 직접 참여하여 좀 더 다양하게 즐길 수 있는 계절별, 테마별 다양한 프로그램을 마련했다. 화려한 장관을 연출하는 분수쇼를 보는 것만으로도 좋은 볼거리가 되지만, 많은 사람들과 함께 즐길 수 있는 프로그램을 통해 분수 쇼와 더불어 좋은 추억거리가 하나 더 생기는 셈이다.",,,20090723224818,20250714175656,http://tong.visitkorea.or.kr/cms/resource/08/3506208_image2_1.jpg,http://tong.visitkorea.or.kr/cms/resource/08/3506208_image3_1.jpg,Type1,6,10,26,380,VE,VE01,VE010400,A02,A0205,A02050300,부산광역시 사하구 몰운대1길 14 (다대동),,49527,128.9680471374,35.0463945293,6
2785275,39,다솥맛집,,"부산 송정 해수욕장 앞에 자리 잡은 다솥맛집은 6층 통 유리창으로 보이는 아름다운 바다 뷰를 내려다보며 식사할 수 있는 곳이다. 전복이 푸짐하게 들어간 솥밥과 전복버터구이가 인기 메뉴이다. 곤드레솥밥부터 와규스테이크솥밥까지 다양한 메뉴를 제공하며, 10가지가 넘는 정성이 담긴 반찬과 함께 오션뷰를 즐길 수 있다.",,,20211202224142,20250828093647,http://tong.visitkorea.or.kr/cms/resource/03/2797503_image2_1.JPG,http://tong.visitkorea.or.kr/cms/resource/03/2797503_image2_1.JPG,Type3,6,16,26,350,FD,FD01,FD010100,A05,A0502,A05020100,부산광역시 해운대구 송정광어골로 29 (송정동),,48073,129.1979263154,35.1786034198,6
2786008,39,다온나루,,"부산 강서구에 자리한 한옥 카페로 ‘ㄱ’자 형태의 고풍스러운 구조가 눈길을 사로잡는다. 좋은 일이 한꺼번에 들어온다는 의미의 순 한글 ‘다온’과 조만강, 서낙동강을 끼고 자리한 쉼터라는 의미에서 ‘나루’를 합하여 이름을 지었다. 경상도 사투리로 모두 오라는 의미의 ‘다온나’도 연상시키는 이름이다. 카페 내부에서는 통유리 너머 널찍한 마당을 눈에 담을 수 있고, 한옥 특유의 따스하면서도 감성 넘치는 공간으로 꾸며졌다. 별채 지음당에는 온돌방 구조의 작은 방이 있어 프라이빗하게 머물기 좋다. 또 지음당 외부에는 야외 테이블이 있어  따뜻한 햇살과 부드러운 바람을 즐길 수 있다.",,,20211206193732,20250708110619,http://tong.visitkorea.or.kr/cms/resource/23/2792523_image2_1.jpg,http://tong.visitkorea.or.kr/cms/resource/23/2792523_image2_1.jpg,Type3,6,1,26,440,FD,FD05,FD050100,A05,A0502,A05020900,부산광역시 강서구 범방3로46번길 21 (범방동),,46727,128.8818019274,35.1464817420,6
850217,39,다원,,"부산 부산진구에 위치한 다원은 대구 뽈 요리 전문점으로, 뽈찜, 뽈탕, 뽈튀김 등 다양한 메뉴를 제공하고 있는 곳이다. 서면역 근처에 위치해 접근성이 좋고, 단독 건물로 1, 2층 모두 사용하여 단체 모임이 가능하다. 뽈찜의 양념이 풍부하고 신선한 대구 살을 사용하였고 바삭한 대구뽈튀김이 또 다른 인기메뉴이다. 가게 내부는 쾌적하고 넓은 편으로 가족과 함께 방문하여 가성비 좋은 가격으로 대구 뽈 요리를 즐길 수 있다.",,,20091030212445,20251223131258,,,,6,7,26,230,FD,FD01,FD010100,A05,A0502,A05020100,부산광역시 부산진구 서면문화로 23-1,,47257,129.0561530695,35.1591363085,6
1889060,25,다이나믹한 부산의 매력을 만나다,,"항구도시 부산의 다이내믹한 매력을 직접 걸으며 만나보자. 자갈치 아지매의 정겨운 사투리가 발길을 잡는 자갈치 시장을 시작으로 보수동 책방골목, 국제시장과 보수동 깡통시장의 먹자골목을 순례하듯 걷는다. 부산항이 한 눈에 내려다보이는 용두산 공원과 부산국제영화제의 산실인 남포동거리를 걸으며 진짜 부산을 만난다.",,,20140124022330,20250520104830,http://tong.visitkorea.or.kr/cms/resource/22/1804822_image2_1.jpg,http://tong.visitkorea.or.kr/cms/resource/22/1804822_image3_1.jpg,Type3,6,,26,110,C01,C0115,C01150001,C01,C0115,C01150001,,,,129.0307014297,35.0968289267,
3532630,32,단아,,"단아는 부산 중심에 위치한 한국적 감성과 캐주얼함이 어우러진 숙소입니다.
지하철 국제금융센터·부산은행역 도보 5분 거리로 이동이 편리하고, 드림씨어터, 전포 카페거리, 서면 번화가가 가까워 문화와 미식, 쇼핑까지 모두 즐길 수 있습니다.
퀸사이즈 침대와 북유럽 감성의 인테리어, 정갈한 어메니티로 쾌적한 휴식을 제공합니다.
풀키친, 무료 주차, 위생적인 침구 케어서비스까지 갖춘 ‘단아’는 여행은 물론 장기 숙박에도 딱 맞는 공간입니다. 가족처럼 따뜻한 소통을 지향하는 호스트와 함께, 부산에서 단정하고 따뜻한 시간을 보내보세요.",,,20250908104815,20250921214808,,,,6,7,26,230,AC,AC03,AC030400,B02,B0201,B02011200,부산광역시 부산진구 전포대로132번길 7 (전포동),,47316,129.0666302168,35.1488570979,6
2875837,12,달맞이동산,,"달맞이 동산은 부산시 해운대구 달맞이 길에 있는 산책로 겸 공원이다. 해운대해수욕장 동쪽에서 청사포(靑沙浦)로 넘어가는 와우산 중턱, 달맞이 고개를 말한다, 짙은 숲으로 드리워진 달맞이 고개에서 바라보는 월출(月出)은 대한 팔경의 하나로 예로부터 시인과 묵객들이 즐겨 찾았다. 현대에 들어와서도 음력 정월대보름 등에 보름달을 구경하는 관람객이 많이 찾는다. 특히 봄철에는 길가에 벚나무가 화사하게 꽃을 피워 장관을 이룬다. 1997년에 세워진 해월정은 달맞이 공원의 상징물이기도 하다. 달맞이와 꽃구경을 한꺼번에 할 수 있다는 곳으로 야외음악당과 달맞이 조각공원, 야생초화원도 있다.",,,20221026130731,20250704092614,http://tong.visitkorea.or.kr/cms/resource/24/2875824_image2_1.JPG,http://tong.visitkorea.or.kr/cms/resource/24/2875824_image3_1.JPG,Type3,6,16,26,350,VE,VE03,VE030400,A02,A0202,A02020700,부산광역시 해운대구 달맞이길 184 (중동),,48116,129.1821532774,35.1571305311,6
1942233,12,대각사(부산),,"대각사는 부산 시내 중심가에 있는 사찰로써, 개항기 일본 정토 진종의 동원본사 부산별원으로 시작하였다. 동원본사 부산별원은 개항기 일본 불교의 조선 포교의 효시로서, 당시 부산에서 신도수가 가장 많았던 일본인 사찰이었다. 해방 후 동본원사 부산별원은 한국 정부에 귀속되었는데, 정부 관제국에서 귀속재산 처분을 할 때 이 사찰의 땅과 건물을 경매받아 경남 불교종무원으로 발족하였다가 창건주에 의해 새로이 한국 사찰로 창건한 것이 현재 대각사이다. 창건 이전의 유물은 범종과 석등만이 있을 뿐, 대웅전이나 진신사리탑은 후에 지어졌다. 현 대웅전은 중간기둥이 없는 특수한 건축공법의 철근 콘크리트 구조로서 약 1천 여명을 수용할 수 있는 큰 건물이다.",,,20140819224532,20250409174947,http://tong.visitkorea.or.kr/cms/resource/39/3049439_image2_1.JPG,http://tong.visitkorea.or.kr/cms/resource/39/3049439_image3_1.JPG,Type3,6,15,26,110,HS,HS03,HS030100,A02,A0201,A02010800,부산광역시 중구 광복중앙로 19 (신창동1가),,48948,129.0307152012,35.1010840062,6
133997,39,대궐안집,"<a href=""http://www.daegwolahnjib.com"" target=""_blank"" title=""새창 : 대궐안집 홈페이지로 이동"">http://www.daegwolahnjib.com</a>","갈비전문점으로 입구에 장식된 기와, 문비형태의 문고리에서 실폭포가 맷돌 위로 맺혀 흐르는 풍경을 연출하고 있다. 고객이 직접 육안으로 볼 수 있도록 주방과 육류 가공실의 벽면을 유리로 설계하여 청결한 이미지와 좋은 고기에 대한 믿음을 고객에게 심어 주고자 한다. 이 집은 점심에 한정 판매하고 있는 소뼈 갈비탕이 인기 메뉴이다. 하루 끓이는 양의 한계 때문에 부득이 한정 판매로 인하여 오후 2시 이전에 갈비탕 판매가 끝나는 게 대부분이며, 당일 11시부터 일찍 서두르지 않으면 먹을 수 없는 부산의 명물이 되었다.",,,20041229090000,20250306150236,,,,6,9,26,530,FD,FD01,FD010100,A05,A0502,A05020100,부산광역시 사상구 광장로 68,,46972,128.9840592735,35.1617263562,6
2385685,25,대나무 울창한 아홉산 숲으로,,부산의 아홉산숲은 영화 <대호>의 촬영지이기도 하다. 그만큼 대나무가 울창해 원시의 자연을 그대로 느낄 수 있는 위풍당당한 곳이다. 그러나 핵심은 국립부산과학관에 있다. 놀면서 배우고 즐길 수 있는 재미난 박물관이라 아이들과 함께라면 더욱 즐거운 코스가 될 것이다.,,,20160530200719,20230809093543,http://tong.visitkorea.or.kr/cms/resource/34/2371134_image2_1.jpg,http://tong.visitkorea.or.kr/cms/resource/34/2371134_image3_1.jpg,Type3,6,3,26,710,C01,C0112,C01120001,C01,C0112,C01120001,,,,129.2127159794,35.2046146711,6
2867692,39,대동냉면밀면,,"대동냉면밀면은 부산시 중구 보수동에 있는 면류와 횟집을 겸하는 식당이다. 부평동에서 거제 횟집을 운영하던 사장님이 건강상의 이유로 식당 영업을 한동안 중단했다가 현재의 위치에서 대동냉면밀면이란 상호로 냉면과 밀면, 다양한 회까지 메뉴에 올리고 장사하는 특이한 형태의 식당이다. 하지만 소문난 횟집 운영의 노하우가 있어 회를 찾는 손님들이 끊이지 않는다. 오후 5시까지는 냉면과 밀면을 포함한 식사류를 판매하지만 5시 이후에는 생선회 손님만 받는다. 주차장이 없지만 지하철 1호선 토송역 1번 출구에서 가까워 대중교통을 이용해도 좋다. 함흥식 비빔냉면과 평양식 물냉면이 있고 밀면(비빔/물) .갈비만두, 만두백반이 있다. 회 종류는 참돔, 농어, 도다리, 모둠회 등 다양하고 푸짐하게 준비돼 있다. 보수동책방골목, 용두산공원이 인접해 있어 함께 둘러보기 좋다.",,,20221014153359,20250120104130,http://tong.visitkorea.or.kr/cms/resource/89/2867689_image2_1.JPG,http://tong.visitkorea.or.kr/cms/resource/89/2867689_image3_1.JPG,Type3,6,15,26,110,FD,FD01,FD010100,A05,A0502,A05020100,부산광역시 중구 흑교로45번길 31,1층,48966,129.0217353553,35.1037002144,6
2796940,38,대변시장,,"부산 기장 대변시장은 전국 유자망 멸치 어획고의 60%를 차지하는 멸치 대표 산지인 대변항에 있다. 봄 멸치와 가을 멸치가 잡히는 시기가 되면 대변시장에 길게 늘어선 좌판에 생멸치나 멸치젓, 해산물 등을 사러 오는 사람들로 붐빈다. 멸치뿐 아니라 미역, 다시마, 건어물 등 기장의 특산품도 함께 판매하고 있다. 바닷가 앞에 위치한 대변시장에서는 어부들의 멸치 털이 하는 모습도 구경할 수 있다.",,,20211215012318,20250902112950,http://tong.visitkorea.or.kr/cms/resource/87/2800387_image2_1.jpg,http://tong.visitkorea.or.kr/cms/resource/87/2800387_image3_1.jpg,Type3,6,3,26,710,SH,SH06,SH060200,A04,A0401,A04010200,부산광역시 기장군 기장읍 대변리 444-72,,46079,129.2306472139,35.2241267082,6
2822838,39,대보름,"<a href=""https://www.the-fullmoon.com/""target=""_blank"" title=""새창: 대보름 홈페이지로 이동"">https://www.the-fullmoon.com/</a>","부산 대보름 카페는 기장 오시리아 관광단지 이케아 맞은편 오시리아스퀘어 1층에 위치하고 있다. 카페 내부는 넓고 꽃장식 등의 화려한 인테리어와 분위기로 사진찍기에도 좋아 인기 있는 카페이다. 단순히 음료만 판매하는 것이 아닌 버거와 다양한 피자메뉴도 판매하고 있어 음료와 함께 즐기기 좋다. 조용한 분위기와 친절한 서비스로 가족과 연인, 다른 누구와 가도 만족스러운 모임이 가능하다. 주차도 편리하고 주변에 산책로도 있어 함께 둘러보기에도 좋다. 대보름은 단순히 음식을 먹는 것이 아닌 좋은 사람과 함께한다는 정을 나눈다는 한국의 식문화에 복, 소원성취를 담은 브랜드이다.",,,20220607114149,20250526110840,http://tong.visitkorea.or.kr/cms/resource/98/2822898_image2_1.jpg,http://tong.visitkorea.or.kr/cms/resource/98/2822898_image3_1.jpg,Type3,6,3,26,710,FD,FD05,FD050100,A05,A0502,A05020900,부산광역시 기장군 기장해안로 98,오시리아스퀘어 디 101호,46084,129.2126497835,35.1877387817,6
2807607,39,대복성,,"부산 수영구에 위치한 대복성은 오랜 전통과 정성을 자랑하는 중화요리 전문점으로, 이곳의 대표 메뉴는 바로 사천짜장이다. 탱글탱글한 면발에 촉촉하고 진한 소스를 듬뿍 비벼 먹는 이색적인 메뉴다. 일반 짜장면보다 한층 깊은 감칠맛이 나며, 입안에서 은은하게 퍼지는 매운맛이 중독적이다. 사천짜장 외에도 대복성에서는 잡채밥, 우동, 간짜장, 탕수육 등 다양한 중화요리를 만나볼 수 있다. 부산 수영구에서 진한 중화요리의 맛을 느끼고 싶은 사람들에게 추천할 만한 곳이다.",,,20220218144512,20251104102727,,,,6,12,26,500,FD,FD02,FD020100,A05,A0502,A05020400,부산광역시 수영구 수미로13번길 11,,48217,129.1123144249,35.1746578306,6
2783380,12,대연수목전시원,"<a href=""https://www.busan.go.kr/green/gcintro22"" target=""_blank"" title=""새창 : 부산광역시 푸른도시가꾸기사업소 홈페이지로 이동"">https://www.busan.go.kr/green/</a>","대연수목전시원은 유엔기념공원을 50m 폭으로 감싸 안으며 자리한 녹지공간이다. 뒤편으로 평화공원과도 연결된다. 부산광역시립박물관, 유엔공원 등 부산의 대표적인 관광지들과 접근성이 뛰어나다. 원래 양묘장으로 설립하여 운영하던 것을 지난 2002년 가족 단위의 자연체험이 가능하도록 새롭게 단장하여 대연수목전시원으로 이름을 바꾸고 시민들에게 개방했다. 아열대식물 체험관과 유리온실을 비롯해 허브원, 침엽수림원, 오륙도원, 수벽원, 낙엽교목원, 상록활엽수원, 죽림원, 무궁화 품종원, 유실수원 등 식물의 생태별로 약 600종의 수목이 구획을 지어 전시되어 있다. 이들 사이로 산책로가 다듬어져 있어 여유롭게 걸으며 식물을 감상할 수 있다.",,,20211130190518,20250325175147,http://tong.visitkorea.or.kr/cms/resource/56/2795656_image2_1.jpg,http://tong.visitkorea.or.kr/cms/resource/56/2795656_image2_1.jpg,Type3,6,4,26,290,NA,NA04,NA040700,A01,A0101,A01010700,부산광역시 남구 신선로447번길 24 (대연동),,48529,129.0986919647,35.1251964498,6
2729157,28,대저캠핑장,"<a href=""https://www.daejeocamping.com/"" target=""_blank"" title=""새창 : 대저캠핑장 사이트로 이동"">https://www.daejeocamping.com/</a>","부산대저캠핑장은 여가와 휴식을 즐길 수 있는 자연생태 친수공간인 대저생태공원 내에 위치하고 있다. 차량진입이 되는 오토캠핑장과 차량진입이 불가한 일반캠핑장으로 구성되어 있으며, 약 100여 개의 사이트로 구성되어 있고 전기사용이 가능하다. 캠핑장에는 야구장, 족구장 등이 있어 레저활동도 할 수 있다. 각 구역마다 화장실과 샤워장이 있으며 관리가 잘 되고 있어서 깨끗하고 온수도 잘 나온다. 개수대도 새벽까지 온수가 잘 나와 편리하다. 캠핑장에는 공터가 많아 야구나 배드민턴 같은 체육 활동이 가능하며, 자전거도 대여해주고 있는데 반드시 생태공원 내에서만 운행하여야 한다. 대저생태공원은 대저수문부터 김해공항 램프까지 이어지는 곳으로, 구포대교 하류부부터 천연기념물 낙동강하구 철새도래지로 지정되어 있으며, 신덕습지를 비롯한 습지 및 자연초지, 유채꽃단지와 체육시설인 축구장, 야구장 등이 조성되어 있다. 특히 공원에 조성된 유채꽃 단지(370,000㎡)에서 매년 4월에 개최되는 유채꽃 축제는 수많은 관광객을 불러 모으고 있다.",,,20210802185355,20250106145532,http://tong.visitkorea.or.kr/cms/resource/74/2729374_image2_1.jpg,http://tong.visitkorea.or.kr/cms/resource/74/2729374_image2_1.jpg,Type3,6,1,26,440,AC,AC05,AC050100,A03,A0302,A03021700,부산광역시 강서구 체육공원로6번길 184,,46703,128.9847746284,35.2074545784,6
2752168,39,대저할매국수,,"다양한 종류의 국수와 호박죽을 무한리필로 즐길 수 있는 대저할매국수는 안전행정부와 부산광역시, 강서구가 지정한 물가 안정 모범업소로 선정된 식당이다. 모든 음식은 직접 원하는 양만큼 담아서 먹을 수 있는데, 면과 김 가루, 단무지 등의 고명을 취향껏 담고 비빔장을 올려 비빔국수로 즐기거나, 간장 양념을 올려 멸치 맛국물 육수를 부어주면 잔치국수로 즐길 수 있다. 고추 절임으로 매운맛도 조절할 수 있다. 멸치 맛국물 육수는 아궁이를 이용해 가마솥에 끓이는데, 흔치 않은 아궁이를 구경하는 재미도 있다. 저렴한 가격으로 손맛을 느낄 수 있는 이곳은 ‘포도밭 대저할매국수’로도 알려져 있는데 가게 앞에 포도밭을 직접 가꾸어 휴게공간으로 개방하고 있다.",,,20211001012322,20251023143000,,,,6,1,26,440,FD,FD01,FD010100,A05,A0502,A05020100,부산광역시 강서구 대저중앙로 337,,46701,128.9837354496,35.2213502237,6
2875849,12,대천공원,,"대천공원은 해운대구 신시가지 조성과 함께 문화휴식 공간을 제공하기 위해 조성된 시민공원이다. 대천호 둘레를 따라 산책로가 잘 갖추어져 있고 어린이들을 위한 놀이시설도 갖춰져 있다. 특히, 대천공원을 방문하는 사람들의 시선을 사로잡는 것은 만선을 기원하는 커다란 상징 조형물과 인공 호수인 대천호다. 호수의 반은 아파트가 빼곡한 도심지의 풍경이, 나머지 반은 수려한 장산의 수림대 풍경이 펼쳐져 있다. 아침저녁으로 호수 둘레를 산책하려는 시민들이 많고 한낮엔 어린이와 함께 여가를 즐기는 가족 단위 방문이 많다. 공원 곳곳에 휴식을 취할 수 있는 정자와 벤치가 있고 야외무대와 광장이 있다. 매점과 화장실 같은 편의 시설도 잘 갖춰져 있다. 주변에 부흥 공원, 동백섬, 해운대 달맞이 공원, 청사포 등도 있다.",,,20221026131307,20250704093231,http://tong.visitkorea.or.kr/cms/resource/42/2875842_image2_1.JPG,http://tong.visitkorea.or.kr/cms/resource/42/2875842_image3_1.JPG,Type3,6,16,26,350,VE,VE03,VE030400,A02,A0202,A02020700,부산광역시 해운대구 장산로 331-18 (좌동),,48066,129.1678566312,35.1813775511,6
127891,12,대천천,"<a href=""https://www.bsbukgu.go.kr/index.bsbukgu?menuCd=DOM_000000403005000000"" target=""_blank"" title="" 새창 부산 북구 문화관광으로 이동"">https://www.bsbukgu.go.kr/</a>","대천천은 금정산 파리봉과 대륙봉의 중간 지점의 계곡에서 발원해 금정산성 서문으로 흘러 내려와 화명운동장을 지나 낙동강에 유입하는 하천이다. 대천천 중간에는 4m 폭포가 떨어지면서 생긴 애기소(沼)라는 움푹 파인 큰 물웅덩이가 있으며, 대천천에는 금정산 서문, 화명수목원, 금정산둘레길, 애기소 폭포와 아름다운 계곡, 우거진 숲들이 많아 도심 유원지로 많이 알려져, 여름철 관광객과 부산 시민이 즐겨 찾는 명소이다. 대천천 하천 양옆으로 산책길과 자전거도로가 잘 정비되어 있다.",,,20030915090000,20250417093020,http://tong.visitkorea.or.kr/cms/resource/60/3476760_image2_1.jpg,http://tong.visitkorea.or.kr/cms/resource/60/3476760_image3_1.jpg,Type3,6,8,26,320,NA,NA01,NA010400,A01,A0101,A01010900,부산광역시 북구 화명동,,46541,129.0192012320,35.2422290925,6
2019366,15,대한민국 국제해양레저위크(KIMA WEEK),"<a href=""http://www.kimaweek.org"" target=""_blank"" title=""새창 : 대한민국 국제해양레저위크 홈페이지 이동"">http://www.kimaweek.org</a>","키마위크는 해양레저 문화확산과 해양관광활성화를 위해 매년 8월 개최하고 있는 종합 해양레저축제이다.  2013년부터 개최되고 있는 키마위크는 부산광역시가 주최하고 (사)한국해양레저네트워크가 주관하고 있다. 주요 프로그램으로는 해변에서 펼쳐지는 문화 이벤트 공간인 '키마비치' 이벤트 존 운영, 다양한 종목의 해양레저 대회 그리고 누구나 참여할 수 있는 해양레저체험페스티벌 등이 있으며, 해양레저를 중심으로 한 다채로운 콘텐츠가 마련되어 있다.",051-760-1130,부산광역시,20150720223140,20250724162459,http://tong.visitkorea.or.kr/cms/resource/21/2553821_image2_1.jpg,http://tong.visitkorea.or.kr/cms/resource/21/2553821_image2_1.jpg,Type3,6,10,26,380,EV,EV01,EV010600,A02,A0207,A02070200,부산광역시 사하구 다대동,,49522,128.9729408629,35.0572211857,6
128564,12,대항 어촌체험 휴양마을,"<a href=""https://cms.seantour.com/BS002/index.do"" target=""_blank"" title=""새창: 대항 어촌체험 휴양마을 홈페이지로 이동"">http://daehang.seantour.com</a>","가덕도 내에는 관측산· 국수봉·남산(190m)  등의 아름다운 산이 많이 존재한다. 관측산은 해발고도 76m로, 일제강점기에 해군의  관측소가 있었고, 국수봉은 해발고도 268m로 기암괴석으로 이루어져 있다. 가덕도내  유적으로 대항조개무지·외양포조개무지, 문화재로 애구바구섬에 있는 가덕도  자생동백군(부산기념물 36)이 있다. 대항조개무지의 규모는 약 200평으로, 신석기  시대의 민무늬토기 조각이 출토되었다. 외양포조개무지는 2곳으로 규모는 각각 150평과  50평 정도이다. 민속으로는 가덕도 대항마을의 숭어들이가 있으며, 대항마을에서는  통발체험을 할 수 있는 체험프로그램을 운영하고 있다.대항마을에 가기 위해서는 선착장까지 갈 경우 남해 제2지선고속도로  상 가락나들목에서 나와 58번 국지도를 따라 남하하다가 송정동에서 2번 국도를 서진,  중소기업지원센터서 가덕 녹산선착장쪽으로 좌회전해 진입하면 된다.
가덕도는 보개산이 바다 가운데 침몰되었다가 다시  솟아서 이루어졌다는 전설이 있는 부산 최대의 섬이다. 최고봉인 연대산(459.4m)을  위시하여 수많은 산들이 펼쳐져 있으며, 해안선을 따라 동북쪽으로 눌차·동선사이를 이어주는 주변 백사장에서부터 기도원앞 바닷가의 경관, 동남쪽으로 대항  새바지의 넓은 자갈밭과 용두암을 시작으로 펼쳐지는 동백숲과 아동섬일대와 동두말,  가덕도 등대 주위의 깎아지른 듯한 기암괴석, 서남쪽으로 돌아 외양포 해수욕장,  두문의 길게 뻗은 솔섬, 천수말 코바위 등 가덕도는 해금강 절경을 방불케 한다.",,,20050726090000,20250114141953,http://tong.visitkorea.or.kr/cms/resource/26/2607126_image2_1.bmp,http://tong.visitkorea.or.kr/cms/resource/26/2607126_image3_1.bmp,Type3,6,1,26,440,EX,EX03,EX030400,A02,A0203,A02030100,부산광역시 강서구 가덕해안로1207번길 9-2,,46771,128.8276908389,35.0117208424,6
2596750,32,더 비에스 호텔,,"더 비에스 호텔은 청결하고 친절한 서비스를 제공한다. 여행객 및 출장객 등 다양한 고객층을 위해 여러 타입의 객실을 갖췄다. 특히 스위트콘도룸은 방 2개, 거실, 외부 테라스가 있고 간단한 취사도 가능해 가족이 숙박하기에 좋다. 로비에는 공용 PC와 프린터, 정수기, 전자레인지가 비치되어 있고, 커피도 제공한다. 도보 1분 거리에 부산 지하철 1호선 초량역이 있어 대중교통 이용에 편리하다.",,,20190412191350,20251031093759,http://tong.visitkorea.or.kr/cms/resource/55/2595455_image2_1.jpg,http://tong.visitkorea.or.kr/cms/resource/55/2595455_image2_1.jpg,Type3,6,5,26,170,AC,AC01,AC010100,B02,B0201,B02010100,부산광역시 동구 중앙대로236번길 7-11 (초량동),,48732,129.0426359082,35.1186044863,6
2747589,28,더무빙 카라반,"<a href=""http://themoving.kr/"" target=""_blank"" title=""새창 : 더무빙카라반  사이트로 이동"">http://themoving.kr/</a>","더무빙 카라반은 부산 기장에 있다. 바다와 해수욕장이 인접하여 경치가 아름답고 대형 카페와 수영장, 각종 편의시설을 갖추고 있다. 카라반에는 수건, 생수, 스피커, 전기 포트, 미니 냉장고, 에어컨, 침대, 입실할 때 주는 캠핑용품 세트가 있다. 화장실과 샤워장, 주방과 세탁실은 공용으로 사용한다. 공용 주방 안에는 개수대, 전자레인지, 전기밥솥, 제빙기, 인덕션, 토스터, 세탁기 등이 있어 언제나 사용할 수 있다. 샤워장 안에는 샴푸, 컨디셔너, 목욕 용품, 드라이기 등이 갖춰져 있다.  카라반 바로 옆에는 제주흑돼지, 김치찜 등을 파는 음식점이 있다.",,,20210923194751,20251120113657,http://tong.visitkorea.or.kr/cms/resource/81/2748081_image2_1.jpg,http://tong.visitkorea.or.kr/cms/resource/81/2748081_image2_1.jpg,Type3,6,3,26,710,AC,AC05,AC050300,A03,A0302,A03021700,부산광역시 기장군 장안읍 해맞이로 290,,46037,129.2701216022,35.3226997305,6
2845041,39,더바베큐051,"<a href=""https://www.instagram.com/the_bbq051/""target=""_blank"" title=""새창 : 더바베큐051 사이트로 이동"">https://www.instagram.com/the_bbq051/</a>","부산 기장군에 위치한 고깃집 더바베큐051은 숙성을 거친 국내산 최고급 암퇘지만을 취급한다. 주문 시 참숯 초벌과 시즈닝으로 강한 숯불 향과 육즙을 느낄 수 있다. 초벌된 고기는 굽기 간편하고, 세트 메뉴 구성도 알차서 만족스러운 식사를 즐길 수 있다. 김치찌개와 된장찌개는 칼칼한 맛으로 고기와의 조화가 좋으며, 냉면과 미역라면도 별미이다.",,,20220829145805,20250828140220,http://tong.visitkorea.or.kr/cms/resource/33/2845033_image2_1.jpg,http://tong.visitkorea.or.kr/cms/resource/33/2845033_image3_1.jpg,Type3,6,3,26,710,FD,FD01,FD010100,A05,A0502,A05020100,부산광역시 기장군 기장읍 기장해안로 62,,46084,129.2111305513,35.1848168585,6
2838872,39,더스타뷔페,"<a href=""http://thestarbusan.alltheway.kr""target=""_blank"" title=""새창 : 더스타뷔페 사이트로 이동"">http://thestarbusan.alltheway.kr</a>","부산진구 서면에 위치한 더스타뷔페는 깔끔한 시설과 정갈하고 맛있는 음식으로 많은 사람들의 사랑을 받는 인기 뷔페 레스토랑이다. 이곳은 다양한 연령층이 즐길 수 있는 한식, 중식, 일식, 양식은 물론, 스테이크, 쌀국수, 디저트까지 폭넓은 메뉴 구성을 자랑해 누구나 만족스러운 식사를 할 수 있다. 특히 웨딩홀과 함께 운영되어 결혼식 피로연, 돌잔치, 생일파티 등 가족 행사나 기념일을 축하하는 장소로 자주 이용된다. 여러 매체를 통해 영화배우 정준호가 운영하는 뷔페로 알려지면서 더욱 주목받고 있으며, 연예인이 직접 운영하는 곳이라는 점에서 색다른 경험을 원하는 방문객들에게도 인기를 끌고 있다. 매장은 월요일과 화요일에는 정기 휴무이며, 주말이나 공휴일에는 행사나 예약 상황에 따라 이용 시간이 달라질 수 있으므로 방문 전 확인이 필요하다. 넓고 쾌적한 실내 분위기와 더불어 품질 높은 음식이 어우러져 특별한 날을 더욱 뜻깊게 만들어주는 장소이다.",,,20220818141006,20250530140309,http://tong.visitkorea.or.kr/cms/resource/63/2838863_image2_1.jpg,http://tong.visitkorea.or.kr/cms/resource/63/2838863_image3_1.jpg,Type3,6,7,26,230,FD,FD02,FD020500,A05,A0502,A05020700,"부산광역시 부산진구 중앙대로666번길 50 (부전동, 더샵 센트럴스타)",,47300,129.0619694214,35.1521316444,6
2699332,32,더웨이브,"<a href=""https://www.thewavepension.com""_blank"">https://www.thewavepension.com</a>","더웨이브펜션은 광안리 바닷가 앞에 위치한 고급 오션뷰의 65평 펜션이다. 워크샵, MT, 각종 모임 등 단체 행사에 최적화되어 있다.",,,20201217025944,20241126130502,,,,6,12,26,500,AC,AC06,AC060200,B02,B0201,B02011100,부산광역시 수영구 민락수변로 9,(민락동),48283,129.1241833736,35.1550991290,
2531399,32,더파크 게스트하우스(The Park Guesthouse),http://www.thecomfyhouse.co.kr,"부산 광안리 해변 시가지에 자리한 더파크 게스트하우스는 홈스테이형 숙소로, 다양한 국적의 관광객을 만날 수 있고 요금이 저렴하다. 거실과 주방, 세탁시설을 갖췄고 각종 편의용품을 편하게 사용할 수 있다. 거실에 공용화장실이 있고, 큰 객실 한곳에는 욕실과 화장실이 함께 있다. 주방에서 간단한 조리가 가능하다. 광안리해과 부산민락횟집거리, 포장마차거리가 지척에 있다. 지하철 광안역과 멀지 않아 이동에 용이하다.",,,20180112233514,20241222171924,http://tong.visitkorea.or.kr/cms/resource/59/2557359_image2_1.jpg,http://tong.visitkorea.or.kr/cms/resource/59/2557359_image3_1.jpg,Type3,6,12,26,500,AC,AC06,AC060200,B02,B0201,B02011100,부산광역시 수영구 광남로 151,(광안동),48299,129.1177811592,35.1548434836,6
2841064,39,더팜471,,"초록의 자연 속에서 차 한 잔의 여유를 즐길 수 있는 ‘더팜471’은 부산 금정구 범어사 인근에 위치한 숲속 카페로, 도심 속에서 잠시 벗어나 자연과 함께 힐링할 수 있는 공간이다. 카페 외관은 검은색과 자줏빛 징크 소재로 마감되어 모던하고 세련된 분위기를 자아내며, 주변 자연과도 조화롭게 어우러져 진다. 실내는 물론 야외 공간도 깔끔하게 정돈되어 있어 나무 그늘 아래에서 편안하게 음료와 디저트를 즐길 수 있다. 연인들이 많이 찾는 데이트 카페로 손꼽히며, 사계절 내내 아름다운 자연 뷰를 감상할 수 있는 점이 매력적이다. 인기 메뉴로는 상큼하고 향긋한 애플 유자차, 진한 맛이 일품인 브라우니 케이크, 부드럽고 달콤한 우유 크림빵 등이 있다. 카페 인근에는 사찰인 범어사가 위치해 있어, 카페 방문 전후로 함께 둘러보기에 좋은 나들이 코스가 된다.",,,20220822173023,20250605103223,http://tong.visitkorea.or.kr/cms/resource/58/2841058_image2_1.jpg,http://tong.visitkorea.or.kr/cms/resource/58/2841058_image3_1.jpg,Type3,6,2,26,410,FD,FD05,FD050100,A05,A0502,A05020900,부산광역시 금정구 하마2길 28-17 (청룡동),,46200,129.0768619006,35.2776734066,6
2754601,32,더펫텔프리미엄스위트,"<a href=""http://thepetel.com/"" target=""_blank"" title=""새창: 더펫텔 홈페이지로 이동"">http://thepetel.com/</a>","국내 유일의 반려동물 동반 전용호텔인 더펫텔프리미엄스위트는 2016년 반려인과 반려동물에게 건강하고 행복한 삶을 선물하기 위해 존재한다. 올바른 반려문화를 선도하고 시대적 요구에 맞춰 사랑하는 반려동물과 함께 여행·출장객을 위한 시설과 서비스를 제공하는 복합반려문화 공간이다. 전 객실은 반려동물의 성향과 행동을 배려하여 반려동물의 관절 부상을 방지하는 논슬립 플로어, 반려동물과 더욱 편하고 안전하게 이용할 수 있도록 계단 비치, 냄새와 바이러스를 제거하는 시스템 운영으로 안전하고 쾌적한 환경을 조성하는데 중점을 두어 보호자와 반려동물 모두가 편안하게 머물 수 있도록 준비되어 있다. 1일 5객실에 한하여 체중 45㎏, 체고 70㎝미만의 법적 맹견을 제외한 대형견의 동반이 가능하다. 반려동물에게 색다른 미식 체험을 위해 신선하고 건강한 음료와 무방부제 고급 수제간식을 경험할 수 있는 카페라운지, 데이케어 & 호텔링 서비스와  하계기간에는 반려견 전용 수영장을 운영하여 반려견들에게도 색다른 체험과 즐거운 추억을 만들 수 있다.",,,20211007224107,20251105161958,http://tong.visitkorea.or.kr/cms/resource/16/2754616_image2_1.jpg,http://tong.visitkorea.or.kr/cms/resource/16/2754616_image3_1.jpg,Type3,6,16,26,350,AC,AC04,AC040100,B02,B0201,B02010900,부산광역시 해운대구 해운대해변로197번길 12,,48093,129.1531418525,35.1592408683,6
2781799,39,덕미,"<a href=""https://www.instagram.com/deokmi_official/"" target=""_blank"" title=""새창 : 덕미 인스타그램 사이트로 이동"">https://www.instagram.com/deokmi_official/</a>",기장읍에 위치한 카페 덕미는 심플하고 세련된 인테리어에 이색적인 음료와 디저트를 판매하는 곳이다. 매장 내부는 어디에서 찍어도 멋진 사진이 나올 수 있도록 깔끔하고 군더더기 없는 공간과 감성적인 공간을 자랑한다. 앞마당에 테이블이 있어 반려동물과도 함께 갈 수 있다(실내 동반 불가). 해안 산책로와 붙어 있어 커피 한잔 마시고 가볍게 바다를 보면서 걷기 좋은 곳이다.,,,20211126213030,20250709135536,http://tong.visitkorea.or.kr/cms/resource/28/2782128_image2_1.jpg,http://tong.visitkorea.or.kr/cms/resource/28/2782128_image2_1.jpg,Type3,6,3,26,710,FD,FD05,FD050100,A05,A0502,A05020900,부산광역시 기장군 기장읍 동암해안길 77,,46083,129.2278093383,35.1963992053,6
2852312,39,덕산명가 참소국밥,,"덕산명가 참소국밥은 한우 국밥을 전문으로 하는 한식당으로, 가마솥에 끓여 내는 얼큰한 한우 국밥을 맛볼 수 있다. 국밥과 함께 제공되는 밥은 무쇠솥에 바로 지어내고, 밥을 덜어 낸 후 숭늉을 만들어 먹을 수도 있다. 국밥 외에도 주문 시 바로 구워내 더욱 맛있는 떡갈비도 인기가 많다.",,,20220908161625,20250828172849,http://tong.visitkorea.or.kr/cms/resource/08/2852308_image2_1.jpg,http://tong.visitkorea.or.kr/cms/resource/08/2852308_image3_1.jpg,Type3,6,4,26,290,FD,FD01,FD010100,A05,A0502,A05020100,부산광역시 남구 유엔로 187 (대연동),,48506,129.0968253177,35.1304208304,6
2785611,38,덕포시장,,"부산시 사상구에 있는 덕포시장은 언덕을 의미하는 ‘덕’과 포구를 의미하는 ‘포’를 써서 언덕에 있는 시장이라는 뜻이다. 오래전 이곳에 커다란 포구가 있었고 포구를 중심으로 유동인구가 많이 몰리면서 자연스럽게 시장이 형성되었기 때문에 붙은 이름이다.  하지만 2007년 덕포시장은 전통시장에 이름을 올리면서 '언덕에 있는 시장'이 아닌 '복이 있는 시장'으로 뜻을 변경하였다. 풍성한 먹거리와 볼거리를 구비해 방문하는 사람들에게 행복이라는 복을 전해주는 시장으로 거듭나겠다는 의지 표명이라고 한다. 부산도시철도 2호선 덕포역에서 가까워 접근성이 좋은 시장으로 건어물, 과일, 채소, 반찬 등 다양한 먹거리가 있고, 떡볶이, 옛날 과자, 강정 같은 간식거리가 있으며 식당, 고객쉼터 같은 편의시설을 갖추고 있다.",,,20211203185857,20250828094620,http://tong.visitkorea.or.kr/cms/resource/56/2790956_image2_1.JPG,http://tong.visitkorea.or.kr/cms/resource/56/2790956_image3_1.JPG,Type3,6,9,26,530,SH,SH06,SH060200,A04,A0401,A04010200,부산광역시 사상구 사상로285번길 8-5,"(덕포동,덕포시장상가)",46950,128.9821175281,35.1708003040,6
2782699,38,데팡스가든센터,"<a href=""http://depanse.co.kr/"" target=""_blank"" title=""새창 : 데팡스가든센터 사이트로 이동"">depanse.co.kr</a>","부산 금정구에 자리한 데팡스가든센터는 화훼 인테리어 제품을 판매하는 유럽형 화훼센터다. 데팡스가든센터에서는 소형식물부터 대형식물까지 다양한 종류의 식물을 구매할 수 있는데, 화분에 담긴 완제품은 물론 직접 원하는 화분과 식물을 골라서 구매할 수도 있다. 식물과 화분 외에 각종 부자재와 원예 공구도 한자리에서 구매할 수 있다. 이처럼 플랜트 인테리어에 필요한 모든 제품을 갖추고 있어 자신만의 개성 있는 공간을 꾸미려는 소비자들의 발길을 끌어모은다. 곳곳에 사진 찍기 좋은 포토존도 자리해 가벼운 마음으로 들러보기 좋다.",,,20211129200914,20250709134757,http://tong.visitkorea.or.kr/cms/resource/74/2795674_image2_1.jpg,http://tong.visitkorea.or.kr/cms/resource/74/2795674_image3_1.jpg,Type3,6,2,26,410,SH,SH05,SH050200,A04,A0401,A04010600,부산광역시 금정구 중앙대로 2315 (노포동),,46202,129.0975791779,35.2908112060,6
3469447,32,덴바스타호텔 동래점,,동래구 숙박업소 중 만족도 1등,,,20250123091925,20250319175514,,,,6,6,26,260,AC,AC04,AC040100,B02,B0201,B02010900,부산광역시 동래구 명륜로112번가길 28 (명륜동),,47808,129.0829994784,35.2049039000,6
130381,14,동래문화원,"<a href=""http://dongnae.kccf.or.kr"" target=""_blank"" title=""새창 : 동래문화원 홈페이지로 이동"">http://dongnae.kccf.or.kr</a>","동래문화원은 동래 지역의 높은 문화 수준을 위해 향토 문화를 발굴하고 보존 및 계승하고, 각종 문화행사 개최를 통해 구민의 자긍심을 고취하고 문화를 진흥하기 위해 설립했다. 1998년 사단 법인으로 개원했으며 1999년 동래문화회관으로 이전했다. 지역 문화 행사 주관, 문화 예술 교양 사업, 국고 보조금 지원 사업 등 크게 3가지 사업을 펼치고 있다. 예술·문화 강좌와 함께 전통과 충절의 고장답게 역사 축제, 제향, 향토 사료 조사 연구 등과 같은 차별화된 사업을 펼치며 본연의 역할에 충실하고 있다. 동래 지역의 역사적 사건의 재현은 부산동래문화원만의 특징이자 부산의 전통을 이어간다는 측면에서 긍정적인 평가를 받고 있다.",,,20071106105501,20250808110727,http://tong.visitkorea.or.kr/cms/resource/41/3476741_image2_1.jpg,http://tong.visitkorea.or.kr/cms/resource/41/3476741_image3_1.jpg,Type3,6,6,26,260,VE,VE09,VE090100,A02,A0206,A02060700,부산광역시 동래구 문화로 80 (명륜동),,47746,129.0905625108,35.2121198984,6
2778476,39,동래밀면,,"동래밀면은 부산시 동래구 수안동에 있다. 인기 메뉴인 물밀면과 비빔밀면은 육수가 진하고 양념이 적당히 매콤달콤해 인기가 많으며, 특미왕만두도 함께 즐기기 좋다. 사리 추가나 들깨손칼국수, 웰빙손칼국수 등 다양한 선택지가 있어 가족이나 친구와 함께 방문하기 좋다. 음식점은 부산 지하철 1호선 교대역에서 가깝고, 주변에는 충렬사, 온천천시민공원이 위치해 있다.",,,20211124193618,20250916090135,http://tong.visitkorea.or.kr/cms/resource/65/2778665_image2_1.jpg,http://tong.visitkorea.or.kr/cms/resource/65/2778665_image3_1.jpg,Type3,6,6,26,260,FD,FD01,FD010100,A05,A0502,A05020100,부산광역시 동래구 명륜로 47 (수안동),,47818,129.0841689993,35.1984074269,6
2822334,12,동래온천길(온천천 카페거리),"<a href=""https://www.instagram.com/artcentcoffee/"" target=""_blank"" title=""부산 동래구 문화관광으로 이동"">https://www.dongnae.go.kr/tour/</a>","부산 동래온천길은 동래 온천천 산책길을 걸으며 동래구의 주요 관광지인 온천장, 명륜 1번가, 온천천 카페거리를 함께 즐길 수 있는 산책코스이다. 비교적 짧은 거리인 5.65.㎞이지만 스탬프 투어를 상시 운영 중이어서 온천천과 동래구 주요 관광명소를 가볍고 즐겁게 돌아볼 수 있다.
특히 온천천 카페거리는 벚꽃으로 유명한 온천천변에 관광객이 많이 모이기 시작해 안락동 주택가에 2011년 경부터 작은 카페들이 들어서면서 카페거리가 형성된 곳으로 현재 약 150여 개의 매장들이 모여 카페, 음식점, 주점, 공방 등이 조화를 이루고 있고 온천천 카페거리에서만 느낄 수 있는 특색과 개성 있는 매장들이 가득하다. 레스토랑과 음식점이 많이 있어 브런치나 식사를 위해 이곳을 찾는 손님들이 늘고 있고, 식사 후엔 온천천의 풍경을 즐기며 티타임을 갖기도 하고 온천천 시민공원을 산책하는 사람들이 많다. 봄에는 벚꽃이 만개하여 아름다운 벚꽃동산을 만들고, 온천천을 따라 조성한 유채꽃이 가득한 지역으로 하얀 벚꽃과 노란 유채꽃을 보러 오는 사람들로 붐비는 곳이다.",,,20220531132806,20250114143147,http://tong.visitkorea.or.kr/cms/resource/33/2822333_image2_1.png,http://tong.visitkorea.or.kr/cms/resource/33/2822333_image3_1.png,Type1,6,6,26,260,VE,VE04,VE040100,A02,A0203,A02030600,부산광역시 동래구 온천천로 451,"도시철도 온천장역(부산광역시 동래구 중앙대로 1520), 도시철도 동래역(부산광역시 동래구 중앙대로 1324), 온천천 카페거리(부산광역시 동래구 온천천로 451)",47900,129.1024592605,35.1916279693,6
2670518,39,동래원조산곰장어,,보양 음식으로 유명한 장어구이를 파는 곳이다. 대표메뉴는 산곰장어소금구이다. 부산광역시 동래구에 있는 한식 전문점이다.,,,20200903005304,20250730130733,http://tong.visitkorea.or.kr/cms/resource/93/2668993_image2_1.jpg,http://tong.visitkorea.or.kr/cms/resource/93/2668993_image3_1.jpg,Type3,6,6,26,260,FD,FD01,FD010100,A05,A0502,A05020100,부산광역시 동래구 명륜로98번길 42,,47813,129.0857576472,35.2021625913,6
3017112,14,동래읍성 임진왜란 역사관,,"동래읍성 임진왜란 역사관은 2005년 수안역 건설 현장에서 임진왜란 당시 해자(성벽 방어시설)가 발견되면서 발굴조사를 하여, 임진왜란 당시 희생된 인골, 각종 무기류 등이 발굴되었고 현장의 역사를 기리기 위하여 수안역 역사 내 박물관을 조성하여 유물을 전시 하였다. 역사관에는 동래부 순절도, 철갑, 투구 등 발굴된 유물을 복제 및 복원한 유물 23종 546점을 보관 및 전시 중이며, 동래읍성 모형, 영상실, 트릭아트 포토존, VR체험존 등을 운영하고 있다. 운영시간 내 문화관광해설사가 상주하며 해설 요청 시 해설사의 설명을 들을 수 있다.",,,20231004101548,20250730130406,http://tong.visitkorea.or.kr/cms/resource/82/3017082_image2_1.JPG,http://tong.visitkorea.or.kr/cms/resource/82/3017082_image3_1.JPG,Type3,6,6,26,260,VE,VE07,VE070300,A02,A0206,A02060300,부산광역시 동래구 충렬대로 지하223 (수안동),,47814,129.0839244809,35.2018764786,6
1607360,12,동래향교,"<a href=""https://www.dongnae.go.kr/index.dongnae?menuCd=DOM_000000401002031028"" target=""_blank"" title=""새창 : 부산 동래구 문화관광으로 이동"">https://www.dongnae.go.kr</a>","조선은 1392년(태조 1) 나라에서 교육진흥책을 위해 지방에 향교를 설립함에 따라 동래에도 동래향교가 설립되었다가 임진왜란 때 동래성 함락과 함께 불타버렸다. 임진왜란 이후 1605년(선조 38) 동래부사 홍준이 재건한 이후 1704년(숙종 30)에 동래부 동쪽 관노산 아래로 옮겨졌다가 1813년(순조 13) 현재의 위치로 옮겨 오늘에 이르고 있다. ‘경국대전(經國大典)’에 의하면 동래부가 되었을 때 동래향교에는 종 6품의 교수 1명과 학생 70명이 있으며, 향교의 유지와 관리를 위해 학전 7 결도 지급되었을 것으로 보인다. 동래향교의 건물구조는 명륜당을 중심으로 반화루, 동재, 서재로 구성된 강학공간과 대성전을 중심으로 동무, 서무와 내·외삼문, 사주문으로 구성된 제향공간으로 구성되어 있다.",,,20120419230326,20250319192601,http://tong.visitkorea.or.kr/cms/resource/25/3336525_image2_1.jpg,http://tong.visitkorea.or.kr/cms/resource/25/3336525_image3_1.jpg,Type3,6,6,26,260,HS,HS01,HS010900,A02,A0201,A02010700,부산광역시 동래구 동래로 103,,47748,129.0841215255,35.2077202717,6
128810,12,동백공원,,"동백공원은 해운대해수욕장 남쪽 끝에 있는 동백섬을 공원으로 조성한 것으로, 1966년 9월 공원 대지로 지정되어 1990년대에 본격적으로 개발되었으며, 동백나무와 소나무가 울창한 자연경관이 아름다운 곳으로 육지와 연결된 육계도이다. 2006년 부산에서 APEC 행사가 개최되면서 동백 공원을 정비하고 조경 복구, 전망 데크 설치, 해안 정비, 산정 광장 및 순환 도로 정비, 쉼터 광장 및 주차장 등을 새롭게 조성하여 관광객의 발길이 끊이질 않는 곳이다. 산책로 외에 배드민턴장, 의자, 화장실 등의 편의시설이 조성되어 있다. 동백공원 주요 시설로는 최치원 유적지와 누리마루 APEC 하우스, 해운대 석각, 공원 앞 바닷가에는 무궁이라는 나라의 왕과 결혼한 황옥 공주에 얽힌 전설이 있는 동백섬 인어상 등이 있으며, 동백섬 둘레를 따라 조성된 해안산책로는 산책이나 운동하기 좋은 곳이다.",,,20060228090000,20251219095747,http://tong.visitkorea.or.kr/cms/resource/62/3575962_image2_1.jpg,http://tong.visitkorea.or.kr/cms/resource/62/3575962_image3_1.jpg,Type1,6,16,26,350,VE,VE03,VE030100,A02,A0202,A02020700,부산광역시 해운대구 동백로 99 (우동),,48100,129.1523226328,35.1536609221,6
135827,39,동백섬횟집,,"동백섬횟집은 해운대해수욕장 인근에 위치한 맛집으로 알려져 있는 곳이다. 3층짜리 하얀색 건물로 실내에서 밖을 볼 수 있는 반원형 창가는 많은 사람들에게 인기가 있다. 한 접시 푸짐하게 담겨 나오는 모둠회가 이 집의 대표 메뉴라 할 수 있는데, 저렴하면서도 그 양이 많아 회로 배를 채운다는 말이 나올 정도다. 부산의 싱싱한 회를 맛볼 수 있으며 회덮밥과 매운탕도 그 맛이 좋다.",,,20070713090000,20250311153735,,,,6,16,26,350,FD,FD01,FD010100,A05,A0502,A05020100,부산광역시 해운대구 해운대해변로209번나길 17,,48093,129.1546889075,35.1604296524,6
130774,14,동삼동패총전시관,"<a href=""http://museum.busan.go.kr/dongsam/index"" target=""_blank"" title=""새창 : 동삼동패총전시관 홈페이지로 이동"">http://museum.busan.go.kr</a>","2002년 개관한 전시관으로 신석기시대의 대표적 문화유산인 동삼동패총 유적지에서 발굴된 유물을 국내외에 공개하고, 살아있는 역사교육의 장으로 활용되고 있다. 패총은 선사시대에 인류가 먹고 버린 조가비와 생활 쓰레기가 쌓여 이루어진 것으로 조개더미 유적이라 할 수 있다. 동삼동패총에서 한반도에서 가장 오래된 재배 곡물인 조와 기장이 발견되었고 석기, 짐승 뼈, 조가비들로 된 살림살이 유물, 농사를 짓는데 쓰이는 연장이 발견되었다. 또한 문양 없는 원시무문토기, 신석기시대의 대표적인 토기인 빗살무늬토기가 출토되어 당시의 생활상과 문화상들을 연구하고 이해하는 데 큰 도움을 주고 있다. 동삼동패총전시관의 제1전시실에는 신석기 시대와 패총에 대한 전반적인 이해를 돕기 위해 신석기 시대 문화, 신석기 시대의 유적과 분포, 동삼동 패총, 신석기시대 자연환경과 분포 등을 전시하고 있고, 제2전시실은 동삼동패총 사람들의 1년, 빗살무늬 토기, 생활 도구, 어로활동, 장신구, 신앙과 의례, 대외교류, 사슴 무늬 토기 등을 전시하고 있다.",,,20060327090000,20250407113215,http://tong.visitkorea.or.kr/cms/resource/85/3031985_image2_1.JPG,http://tong.visitkorea.or.kr/cms/resource/85/3031985_image3_1.JPG,Type3,6,14,26,200,VE,VE07,VE070300,A02,A0206,A02060300,부산광역시 영도구 태종로 729,(동삼동),49125,129.0796423170,35.0712160269,6
3023734,14,동서대학교 소향씨어터 신한카드홀,"<a href=""http://sohyangtheater.co.kr/"" target=""_blank"" title=""새창 : 홈페이지로 이동"">http://sohyangtheater.co.kr/</a>","소향씨어터 신한카드홀은 풍요롭고 다양한 문화가 있는 공연장으로 센텀시티의 중심 영화의 전당 앞에 자리하고 있다. 뮤지컬 전문 공연장으로 다채로운 뮤지컬 공연을 선보이며, 뮤지컬 인재를 양성하고 있다. 뮤지컬 뿐 만 아니라 양한 장르의 공연을 소화할 수 있는 다목적 공간으로 연극, 콘서트 등 폭넓은 프로그램을 선보인다. 또한 최첨단 음향과 조명 시스템을 갖추어 관객들에게 몰입감 있는 공연 경험을 제공한다. 새로운 문화를 담아 관람객들에게 특별함을 제시할 수 있도록 노력하고 있다. 공연 정보와 예매는 대관 신청은 홈페이지 접수를 통해서 가능하다.",,,20231024145621,20250422131053,http://tong.visitkorea.or.kr/cms/resource/09/3023709_image2_1.JPG,http://tong.visitkorea.or.kr/cms/resource/09/3023709_image3_1.JPG,Type3,6,16,26,350,VE,VE06,VE060100,A02,A0206,A02060600,부산광역시 해운대구 센텀중앙로 55 (우동),,48058,129.1276353562,35.1731360622,6
2870868,39,동원장수촌,,"부산 사하구에 위치한  동원장수촌은 부모님을 모시고 식사하기 좋은 보양식 전문점이다. 개별룸을 비롯하여 입식테이블, 좌식테이블, 온돌방, 단체룸 등 다양한 좌석이 마련되어 있다. 100가지 독을 풀어주는 명약이라 불리는 녹두와 기력 회복에 도움을 주는 각종 한방재료를 넣어 푹 끓여 나오는 녹두 한방백숙은 이곳의 대표 메뉴이다. 2인부터 3~4인으로 주문할 수 있는 녹두 한방백숙은 찰밥이 함께 나와 한끼 든든하게 먹을 수 있다.",,,20221019165126,20250829153829,http://tong.visitkorea.or.kr/cms/resource/55/2870855_image2_1.jpg,http://tong.visitkorea.or.kr/cms/resource/55/2870855_image3_1.jpg,Type3,6,10,26,380,FD,FD01,FD010100,A05,A0502,A05020100,"부산광역시 사하구 동매로 117 (하단동, 건우리안)",,49413,128.9709870422,35.1018550433,6
2614716,12,두도,"<a href=""https://www.busan.go.kr/geopark/dudo"" target=""_blank"" title=""새창 : 홈페이지로 이동"">https://www.busan.go.kr/geopark</a>","두도는 부산 서구 송도 반도에서 남동쪽으로 떨어진 섬으로 두도라는 지명은 대가리섬에서 유래하였으며 인근 지역 사람들은 지금도 대가리섬이라고 부르고 있다. 또한 두도는 부산을 상징하는 새인 갈매기들의 천국으로 인근에서 수많은 갈매기를 마주할 수 있다. 동백나무, 비쭉이, 해송 등의 다양한 자생식물과 바다 산호 등이 많이 서식하기도 한다. 해안절벽을 따라 백악기 말에 퇴적된 하부 다대포층과 화산암들이 절경을 이루고 있으며 공룡알 둥지 화석, 부정합, 암맥, 단층, 꽃다발 구조 등의 독특하고 다양한 지질 기록을 볼 수 있다. 또한 육지와 가까이 위치해 낚시꾼들이 즐겨 찾는 곳이기도 하며 무인등대가 설치되어 있어 항해하는 선박의 길잡이 역할도 하고 있다.",,,20190809012532,20251230152504,http://tong.visitkorea.or.kr/cms/resource/28/3589728_image2_1.jpg,http://tong.visitkorea.or.kr/cms/resource/28/3589728_image3_1.jpg,Type1,6,11,26,140,NA,NA02,NA020500,A01,A0101,A01011300,부산광역시 서구 암남동,,49277,129.0148985467,35.0490923097,6
2891745,39,듀스포레,"<a href=""http://instagram.com/douceforet""target=""_blank"" title=""새창 : 듀스포레 사이트로 이동"">http://instagram.com/douceforet</a>","부산 남구에 위치한 브런치 카페 '듀스포레'는 케이크, 수제 잼, 쿠키 등 직접 만든 건강한 디저트와 함께 수프, 샐러드, 샌드위치, 파스타 등 다양한 브런치 메뉴를 제공한다. 실내는 넓고 밝은 분위기로 꾸며져 있어 편안하게 식사와 휴식을 즐길 수 있으며, 잔디정원에는 여러 개의 야외 테이블이 마련돼 도심 속에서도 녹지 공간의 여유를 느낄 수 있다. 반려동물 동반이 가능하며, 전용 주차 공간이 넉넉해 방문객이 편리하게 이용할 수 있다. 또한 인근에는 황령산유원지 생태숲이 위치해 카페 방문 후 자연 산책을 함께 즐기기 좋다. 다양한 디저트와 브런치를 경험하며 여유로운 시간을 보낼 수 있는 장소이다.",,,20221031160108,20251120091625,http://tong.visitkorea.or.kr/cms/resource/40/2891740_image2_1.jpg,http://tong.visitkorea.or.kr/cms/resource/40/2891740_image3_1.jpg,Type3,6,4,26,290,FD,FD05,FD050100,A05,A0502,A05020900,부산광역시 남구 황령대로319번가길 193 (대연동),,48427,129.0897781585,35.1504934531,6
2869159,39,디원카페,,"부산 기장군에 위치한 디원카페는 바다를 바라보며 여유로운 시간을 보낼 수 있는 오션 뷰 카페이다. 산토리니를 연상시키는 인테리어와 함께 ‘천국의 계단’, ‘천사의 날개’ 포토존이 마련되어 있어 푸른 바다를 배경으로 인생사진을 남기기에 좋다. 카페 내부는 통창으로 이루어져 있어 자연광이 잘 들어오며, 시원한 바다 풍경을 감상하며 식사를 즐길 수 있다. 브런치 메뉴는 한 접시에 먹기 좋은 구성으로 제공되며, 신선한 재료로 만든 샌드위치도 인기 메뉴 중 하나다. 전용 주차장이 마련되어 있어 차량 이용 시에도 편리하게 방문할 수 있으며, 카페 인근에는 국립 달음산 자연휴양림이 위치해 있어 식사나 차를 즐긴 후 함께 둘러보기에 좋은 코스로 추천된다.",,,20221018141618,20250620151653,http://tong.visitkorea.or.kr/cms/resource/44/2869144_image2_1.jpg,http://tong.visitkorea.or.kr/cms/resource/44/2869144_image3_1.jpg,Type3,6,3,26,710,FD,FD05,FD050100,A05,A0502,A05020900,부산광역시 기장군 일광읍 일광로 326,,46041,129.2529272719,35.2724494870,6
2759629,39,디저트시네마,,디저트시네마는 매일 영업하지 않아서 사람들을 안달나게 하는 베이커리 맛집이다. 2년 연속 블루리본서베이에 선정되었을 만큼 빵지 순례의 필수 코스로 손꼽힌다. 주말에는 앤티크 하고 빈티지한 우드 스타일 인테리어로 꾸며진 가게에서 직접 구운 다양한 빵을 맛볼 수 있다. 친근한 동네 빵집 같은 분위기 속에서 맛있는 빵과 음료를 함께 즐길 수 있다. 오픈하자마자 줄을 서서 기다릴 만큼 손님이 많으며 재료 소진 시 영업을 마감하므로 미리 이곳의 SNS를 확인하고 방문하는 게 좋다.,,,20211020192201,20251105112455,http://tong.visitkorea.or.kr/cms/resource/10/2759810_image2_1.jpg,http://tong.visitkorea.or.kr/cms/resource/10/2759810_image3_1.jpg,Type3,6,13,26,470,FD,FD05,FD050100,A05,A0502,A05020900,부산광역시 연제구 쌍미천로 32-1 (연산동),,47589,129.0905190532,35.1763072423,6
2675011,12,땅뫼산,"<a href=""https://www.visitbusan.net/index.do?menuCd=DOM_000000201001001000&uc_seq=1798"" target=""_blank"" title=""새창 : 비짓부산 홈페이지로 이동"">https://www.visitbusan.net/</a>","땅뫼산 둘레길은 황토숲길로 조성되어 있으며, 맨발로 걸을 수 있도록 발 씻는 곳을 마련해 두고 있다. 황토숲길은 1.7km에 걸쳐 조성되어 있어서 여유롭게 걷는다면 약 30분이면 완주할 수 있는 길이다. 빽빽한 편백림을 가로지르며 맨발에 닿는 황토의 차가운 감촉을 즐길 수 있는 황토숲길에는 숲 속 오솔길과 나무데크 산책로를 한참 걸어가면 호수 습지에서 자생하는 나무들을 만날 수 있다. 땅뫼산 생태숲은 회동수원지를 곁에 두고 걷는 길로 수려한 자연경관이 곳곳에 이어지는 아름다운 산책로이다. 맨발로 황토숲길을 걸으면 발바닥이 자극되어 혈액순환 개선, 소화 기능 개선, 기억력 증진, 불면증 예방 등 다양한 효과가 있다고 전해진다.",,,20201007051531,20251023143000,http://tong.visitkorea.or.kr/cms/resource/30/3552430_image2_1.jpg,http://tong.visitkorea.or.kr/cms/resource/30/3552430_image3_1.jpg,Type1,6,2,26,410,NA,NA01,NA010100,A01,A0101,A01010400,부산광역시 금정구 오륜대로 260-1,,46255,129.1174425369,35.2472747896,6
2891789,39,라꽁띠,"<a href=""https://www.instagram.com/bistro_laconti"" target=""_blank"" title=""새창 : 라꽁띠 인스타그램으로 이동"">https://www.instagram.com/bistro_laconti</a>",청사포 언덕 회전교차로를 지나 좌측 진회색 건물 2층에 있는 레스토랑 라꽁띠는 로컬 식자재를 활용한 유러피언 요리를 선보인다. 계절에 맞춰 변화하는 셰프의 음식과 소믈리에가 엄선한 300여 종의 와인을 합리적인 가격에 즐기실 수 있어 소중한 이와 함께 최상의 음식과 편안한 서비스를 경험해 볼 수 있는 근사한 공간이다. 대표 메뉴는 생면으로 만든 파스타이며 특히 원통휠치즈까르보나라가 인기 메뉴이다. 기념일에 가기 좋은 비스트로 라꽁띠 가까운 곳에 청사포와 와우산이 있어 함께 둘러보기 좋다.,,,20221031160931,20251024151709,http://tong.visitkorea.or.kr/cms/resource/81/2891781_image2_1.jpg,http://tong.visitkorea.or.kr/cms/resource/81/2891781_image3_1.jpg,Type3,6,16,26,350,FD,FD02,FD020300,A05,A0502,A05020200,부산광역시 해운대구 청사포로 85,,48116,129.1890108643,35.1626050452,6
142861,32,라메르호텔,"<a href=""https://www.instagram.com/lamerhotel/"" target=""_blank"" title=""새창: 라메르호텔 인스타그램으로이동"">https://www.instagram.com/lamerhotel/</a>",부산의 중심인 범일동에 위치한 라메르 호텔은 이동은 빠르고 머무름은 편안한 도심형 비즈니스 호텔이다. 본관에는 모던한 감성의 49개 객실이 준비되어 있으며 전 객실 초고속 무선 인터넷으로 일과 휴식 모두에 집중할 수 있다. 호텔 1층에서는 해수커피 전포 로스터리의 신선한 원두로 내린 커피와 국내산 재료를 듬뿍 담은 수제 샌드위치를 즐길 수 있다.,,,20131115003437,20260105154033,http://tong.visitkorea.or.kr/cms/resource/71/3592171_image2_1.jpg,http://tong.visitkorea.or.kr/cms/resource/71/3592171_image3_1.jpg,Type3,6,5,26,170,AC,AC01,AC010100,B02,B0201,B02010100,부산광역시 동구 조방로34번길 9,,48739,129.0623197090,35.1405246178,6
2708705,32,라비드아틀란호텔2,"<a href=""http://www.lavideatlanhotel2.com"" target=""_blank"" title=""새창 : 라비드아틀호텔2 홈페이지로 이동"">http://www.lavideatlanhotel2.com</a>","라비드아틀란호텔2는 부산 해운대에 자리한 32층 호텔이다. 슈페리어와 디럭스룸에서 고층빌딩의 하늘지붕선을, 코너디럭스 더블룸에서 바다와 도심 풍광을, ‘오션’이 들어간 객실에서 바다를 조망할 수 있다. 객실 발코니와 스카이라운지, 루프탑라운지에서도 전망을 만끽하며 휴식을 취할 수 있다. 유아침대, 휠체어, 우산, 멀티어댑터 대여 서비스를 제공하고, 인근의 동백섬, 달맞이 언덕, 아쿠아리움 등을 관광하기에 좋다.",,,20210310024654,20250120170558,http://tong.visitkorea.or.kr/cms/resource/53/2709453_image2_1.jpg,http://tong.visitkorea.or.kr/cms/resource/53/2709453_image3_1.jpg,Type3,6,16,26,350,AC,AC01,AC010100,B02,B0201,B02010100,부산광역시 해운대구 구남로 37,,48095,129.1615188489,35.1611685856,
2783646,39,러브얼스,"<a href=""https://www.instagram.com/love_urth/"" target=""_blank"" title=""새창 : 러브얼스 사이트로 이동"">https://www.instagram.com/love_urth/</a>","부산 비건 카페 러브얼스의 ‘Urth’는 Us와 Earth를 합친 복합어로, 우리를 사랑하고 지구를 사랑하자는 의미를 담았다. 러브얼스의 비건 버거에는 직접 만든 선 드라이 토마토 페스토가 들어가고, 빵은 부산의 또 다른 비건 베이커리인 매초롬에서 만든 쌀식빵을 사용한다. 러브얼스 벽면에는 비건에 관련된 도서가, 계산대 옆쪽으로는 버려지는 이면지를 활용한 명함과 비건 메시지를 담은 책갈피가 비치되어 있다. 제로 웨이스트에도 적극 동참해 100% 생분해되는 다회용 대나무 빨대를 제공하고, 메뉴 포장 시에도 생분해 용기를 제공한다. 직접 용기를 가져올 경우 할인 혜택을 제공한다.",,,20211130214831,20250828090235,http://tong.visitkorea.or.kr/cms/resource/15/2795715_image2_1.jpg,http://tong.visitkorea.or.kr/cms/resource/15/2795715_image2_1.jpg,Type3,6,12,26,500,FD,FD05,FD050100,A05,A0502,A05020900,부산광역시 수영구 광안로49번길 32-1 (광안동),,48296,129.1186060430,35.1564683169,6
2782750,38,러브이즈기빙,"<a href=""https://www.loveisgiving.kr/"" target=""_blank"" title=""새창 : 러브이즈기빙핑크 사이트로 이동"">https://www.loveisgiving.kr/</a>","부산 광안리에 있는 소품샵이다. 광안리에 3군데의 매장이 있는데 가장 크고 최근에 생긴 3호점이다. 이 곳은 광안역에서 해수욕장 오는 길에 있다. 매장 전체가 핑크빛이 도는 곳이라 찾기 쉽다. 다양한 인테리어 소품들을 판매하고 있으며, 마스크스트랩, 배지, 수첩, 카드, 그립톡, 방향제, 액세서리 등 종류가 다양하다. 가게 이름처럼 핑크 관련 아이템들이 많다.",,,20211129221450,20251031092833,http://tong.visitkorea.or.kr/cms/resource/38/2794238_image2_1.jpg,http://tong.visitkorea.or.kr/cms/resource/38/2794238_image3_1.jpg,Type3,6,12,26,500,SH,SH05,SH050200,A04,A0401,A04010600,부산광역시 수영구 광안로49번길 24 (광안동),1층 러브이즈기빙,48296,129.1183532979,35.1560822443,6
3335951,28,레이저태그스포츠 광안점,"<a href=""https://www.instagram.com/lasertagsports.gwangalli/"" target=""_blank"" title=""새창 : 레이저태그스포츠 광안점 인스타그램으로 이동"">https://www.instagram.com/lasertagsports.gwangalli/</a>","레이저 서바이벌은 남녀노소 모두가 즐길 수 있는 신개념 레포츠이다. 특히, 레이저태그스포츠의 레이저 서바이벌은 강력한 사운드와 리얼한 진동을 느낄 수 있으며 정확한 조준이 가능한 홀로그램 조준경을 장착하여 레이저 서바이벌의 재미를 극대화하였다. 광안리 해변 바로 앞에 위치하여 광안리의 시원한 바다를 느끼고 짜릿한 레이저 서바이벌을 경험할 수 있다. 일상 속 새로움을 찾는 연인, 짜릿한 추억을 만들고 싶은 친구, 더욱 특별한 기억을 남기고 싶은 가족 등 다양한 그룹의 즐거운 실내 놀이터이다.",,,20240722160552,20250306174327,http://tong.visitkorea.or.kr/cms/resource/39/3335939_image2_1.png,http://tong.visitkorea.or.kr/cms/resource/39/3335939_image3_1.png,Type3,6,12,26,500,LS,LS04,LS040100,A03,A0305,A03050100,부산광역시 수영구 광안해변로 269 (민락동),지하층 101호,48286,129.1230695600,35.1558823541,6
2456224,12,렛츠런파크 부산경남,"<a href=""https://www.instagram.com/letsrunpark_official/#"" target=""_blank"" title=""새창 : 렛츠런파크 홈페이지로 이동"">https://www.instagram.com/letsrunpark_official/#</a>","렛츠런 파크는 한국마사회가 운영하며, 2011년 개장 이후 믿고 가는 가족 공원으로 자리 잡았다. 2017년 가족 놀이 시설로 리뉴얼 오픈하여, 사계절 썰매장(슬레이드힐), 워터범퍼카, 워터롤, 렛츠런 투어 4개 시설이 새롭게 단장했다. 또한 공원에서는 친환경 전기차를 운영하여 아이가 있는 가족도 편안하게 공원을 즐길 수 있다.",,,20161214223853,20250318220124,http://tong.visitkorea.or.kr/cms/resource/39/3350939_image2_1.jpg,http://tong.visitkorea.or.kr/cms/resource/39/3350939_image3_1.jpg,Type3,6,1,26,440,EX,EX06,EX061000,A02,A0204,A02040800,부산광역시 강서구 가락대로 929,(범방동),46745,128.8819239173,35.1546447184,6
2840901,39,로다로지,"<a href=""http://www.instagram.com/rodaroji_""target=""_blank"" title=""새창 : 로다로지 사이트로 이동"">http://www.instagram.com/rodaroji_</a>","부산광역시 명지국제신도시에 위치한 베이커리 카페 ‘로다로지’는 건강하고 신선한 빵을 지향하는 곳이다. 식사 대용으로 좋은 다양한 종류의 빵과 수제 케이크를 당일 생산하여 당일에만 판매하는 것을 원칙으로 한다. 모든 제품은 유기농 밀을 사용해 정성껏 만들며, 고객이 안심하고 즐길 수 있도록 빵을 직접 만드는 과정을 볼 수 있는 오픈 키친 형태로 운영된다. 대표 메뉴는 바삭하고 풍미가 살아 있는 다양한 크루아상과 앙버터로, 계절에 따라 다채로운 맛과 속재료의 조화를 느낄 수 있다. 케이크 또한 인기 있는 메뉴로, 예약 시 단일 맛뿐만 아니라 여러 가지 맛을 혼합해 선택할 수 있다.",,,20220822163028,20250605091412,http://tong.visitkorea.or.kr/cms/resource/87/2840887_image2_1.jpg,http://tong.visitkorea.or.kr/cms/resource/87/2840887_image3_1.jpg,Type3,6,1,26,440,FD,FD05,FD050100,A05,A0502,A05020900,부산광역시 강서구 명지국제12로19번길 20-10 (명지동),,46773,128.9236910382,35.1062842348,6
2869129,39,로아누,"<a href=""https://www.instagram.com/roanu868/""target=""_blank"" title=""새창 : 로아누 인스타그램 이동"">https://www.instagram.com/roanu868/</a>","우대 갈비가 맛있는 부산 기장 로아누는 외관은 카페 같지만, 우대갈비, 이베리코 맛집이다. 야외 우드캐빈에서 감성 캠핑을 할 수 있다. 실내석은 예약받지 않고, 우드 캐빈은 예약 필수다. 우대 갈비가 메인 메뉴이며 목살도 맛이 좋다. 우대갈비를 주문하면 직원이 간단한 설명 후 구워 주는데 우대에 붙은 살을 발라 양념 후 구워 준다. 주차 공간도 넓어서 주차하기 편리하다. 10분 거리에 롯데 프리미엄아울렛, 신세계 아울렛, 제2 롯데월드, 스카이 라이너 루지 부산, 해동용궁사 등이 있다.",,,20221018140929,20250829093258,http://tong.visitkorea.or.kr/cms/resource/15/2869115_image2_1.jpg,http://tong.visitkorea.or.kr/cms/resource/15/2869115_image3_1.jpg,Type3,6,3,26,710,FD,FD01,FD010100,A05,A0502,A05020100,부산광역시 기장군 일광읍 기장대로 868-34,,46044,129.2322429307,35.2735239812,6
2832712,39,록산,,"부산 명지에 있는 록산은 깔끔하고 세련된 인테리어가 매력적인 카페이다. 카페 내부는 따뜻한 우드톤의 감성적인 인테리어에 1층, 2층, 야외 테라스가 있다. 넓은 창가 자리는 햇살을 즐기며 여유로운 시간을 보내기에 안성맞춤이다. 메뉴로는 다양한 커피와 차, 에크타르트, 빙수의 디저트가 준비되어 있으며, 특히 수제 케이크와 파스타, 샐러드, 버거 등의 브런치 메뉴가 인기이다. 전반적으로 세련된 감성과 따뜻한 환대가 어우러져 데이트나 혼자만의 시간, 소규모 모임 장소로도 적합한 곳이다. 록산은 일상 속 여유와 특별함을 동시에 느낄 수 있는 공간이다.",,,20220804162915,20250527180725,http://tong.visitkorea.or.kr/cms/resource/06/2832706_image2_1.jpg,http://tong.visitkorea.or.kr/cms/resource/06/2832706_image3_1.jpg,Type3,6,1,26,440,FD,FD05,FD050100,A05,A0502,A05020900,부산광역시 강서구 화전산업대로 272-43 (녹산동),,46736,128.8889633680,35.1113663626,6
2815627,12,롯데월드 어드벤처 부산,"<a href=""https://adventurebusan.lotteworld.com/kor/main/index.do"" target=""_blank"" title=""새창 : 부산롯데월드 홈페이지로 이동"">https://adventurebusan.lotteworld.com/</a>","마법과 환상의 세계! 롯데월드 어드벤처가 부산에서 개장했다. 숲 속의 청량함과 짜릿한 스릴감을 완벽하게 즐길 수 있도록 준비되어 있다. '놀이공원' 하면 떠오르는 언제나 즐겁고 신나는 공연 그리고 퍼레이드를 경험할 수 있다. 부산롯데월드는 대한민국 제2의 도시라고 불리는 부산에 세워진 데다 대중교통을 이용한 접근성도 편리해 개장 첫날부터 끊임없는 발길이 이어지고 있다. 롯데월드 부산은 6개의 테마존으로 꾸려져 있다. 요정 마을 팅커폴스 존 중심에 토킹트리가 있는데 이 나무는 애니매트로닉스 기술이 적용되어 파크 내 6개 테마에 관한 이야기를 들려준다. 롯데월드 내 가장 높은 곳에 위치한 로얄가든 존의 로리캐슬은 물에 떠 있는 듯한 모습으로 연출되어 있으며 부산의 전경과 함께 기장 앞바다를 한눈에 즐길 수 있다. 이외의 놀이 기구들 특히 자이언트 디거, 자이언트 스플래쉬 등 대표 어트랙션은 그 짜릿함이 벌써 입소문을 타고 있다. 이렇게 어른들을 위한 어트랙션뿐만 아니라 유아를 동반한 가족 이용객을 위한 놀이 기구도 준비되어 있다. 날씨와 관계없이 아이와 안전하게 즐길 수 있도록 실내에 배치되어 있다. 

◎ 한류의 매력을 만나는 여행 정보 - 드라마 <힘쎈여자 강남순>
중간과 준희가 남부럽지 않은 데이트를 즐겼던 롯데월드 어드벤처 부산은 동화 속에 들어온 듯한 풍경과 스릴 넘치는 놀이기구, 환상적인 퍼레이드가 공존하는 곳이다. ‘토킹 트리’ 앞에 서면 반지를 주고받으며 행복해하던 중간·준희 커플이 떠오른다.",,,20220408140251,20251117192423,http://tong.visitkorea.or.kr/cms/resource/21/2815721_image2_1.jpg,http://tong.visitkorea.or.kr/cms/resource/21/2815721_image3_1.jpg,Type3,6,3,26,710,VE,VE02,VE020100,A02,A0202,A02020600,부산광역시 기장군 동부산관광로 42,,46083,129.2129995240,35.1960684107,6
1993017,38,롯데프리미엄아울렛 동부산점,"<a href=""https://www.lotteshopping.com/store/main?cstrCd=0352"" target=""_blank"" title=""새창 : 롯데쇼핑 홈페이지로 이동"">https://www.lotteshopping.com</a>","롯데 프리미엄 아울렛 동부산점은 부산 기장군에 위치한 곳이다. 다양한 해외 패션 브랜드와 레저·스포츠, 화장품, 신진 디자이너 쇼룸 등의 매장을 비롯하여 플레이 타임, 레고 숍, 지역 향토 특산물 매장 등 전 연령대를 아우르는 약 550여 개의 브랜드 상품을 합리적인 가격에 제공한다. 또한 ATM, 아동 놀이시설, 물품 보관 서비스 등의 편의시설을 제공함으로써 방문객의 불편함을 최소화하고자 한다. 그리고 상품 구입 시 주변 관광지와 연계된 다양한 혜택을 누릴 수 있다. 동부산점 영수증을 지참할 시 할인된 가격으로 부산 씨라이프 아쿠아리움, 해운대 요트투어 등 부산의 유명 관광지를 즐길 수 있다.",,,20150325013840,20250801150850,http://tong.visitkorea.or.kr/cms/resource/51/3070551_image2_1.JPG,http://tong.visitkorea.or.kr/cms/resource/51/3070551_image3_1.JPG,Type3,6,3,26,710,SH,SH02,SH020200,A04,A0401,A04010600,부산광역시 기장군 기장읍 기장해안로 147,,46084,129.2127940917,35.1922299485,6
142998,32,롯데호텔 부산,"<a href=""https://www.lottehotel.com/busan-hotel/ko"" target=""_blank"" title=""새창 : 롯데호텔 부산 홈페이지로 이동"">https://www.lottehotel.com/busan-hotel/ko</a>","한국 근대화와 관광산업에 이바지하고 싶다는 정신과 서울의 발전을 상징할 만한 수준의 규모와 시설을 갖춘 호텔을 세운다는 것을 목표로 1973년에 지어진 롯데호텔은 서울을 시작으로 현재 서울점, 월드점, 울산점, 제주점, 부산점 등 5개 체인을 보유한 국내 최대, 최고 수준의 특급 체인호텔이다. 국내를 넘어 글로벌 리딩 호텔로 성장한다는 장기적 비전 아래 지속적으로 변화와 혁신을 추구하며 모든 부분에 걸친 ‘Quality-Up’을 위해 롯데호텔 전 직원이 지켜나가는 롯데호텔만의 정신이 있다. 고객만족 극대화를 바탕으로 처음 정신을 이어나가는 변함없는 모습으로 세계 최고 수준의 비즈니스호텔이 될 것이다. 객실, 레스토랑과 바, 8개 국어 동시통역 시설을 완비한 2,500명 수용 규모의 크리스탈볼룸 등 국제회의장과 예식장, 면세점, 호랑이가 있는 커피숍 등 다양한 볼거리와 부대시설을 갖춘 초대형 비즈니스 및 엔터테인먼트 호텔이다. 그리고 감각적인 라이프스타일을 추구하는 고객님을 위한 최고의 미각을 선사하는 오트 퀴진, 웰빙라이프를 위한 고품격 피트니스 클럽과 국내 최대 면세점이 함께 하는 곳이다. 세련되고 모던한 감각, 편안하고 안락한 객실과 세심한 배려가 묻어나는 서비스가 있으며 도심 속의 편안한 휴식 공간, 비즈니스를 위한 최상의 파트너, 끊임없는 리노베이션과 서비스 개선을 통해 고객의 휴식이 편할 수 있도록 항상 최선을 다해 노력하고 있다.",,,20030602090000,20251023143000,http://tong.visitkorea.or.kr/cms/resource/02/3019302_image2_1.jpg,http://tong.visitkorea.or.kr/cms/resource/02/3019302_image3_1.jpg,Type3,6,7,26,230,AC,AC01,AC010100,B02,B0201,B02010100,부산광역시 부산진구 가야대로 772 (부전동),,47285,129.0559892441,35.1573337296,6
133839,39,롯데호텔부산 무궁화,,"롯데호텔 부산 무궁화는 한국 전통 음식을 현대적으로 재해석해 선보이는 모던 한식당이다. 제철 특산물을 이용한 정갈한 메뉴와 오랜 시간 끓여 내는 진한 국물 요리는 여행객들에게 특별한 미식 경험을 선사하고 있다. 갈비구이 시 참나무 숯만을 사용하고 있으며, 직접 제조한 순두부, 그리고 손수 짜서 만든 순수 참기름을 이용한 기본 찬과 일본인에게 인기 만점인 각종 김치, 시원한 국물 맛의 전골과 찌개 등 각종 일품요리부터 궁중요리까지 맛볼 수 있다. 백양산 방면의 탁 트인 전망은 또 하나의 즐거움이다. 네 개의 별실이 따로 마련되어 있어 단체 모임에도 안성맞춤이다.",,,20031001090000,20251104095755,,,,6,7,26,230,FD,FD01,FD010100,A05,A0502,A05020100,부산광역시 부산진구 가야대로 772,43층,47285,129.0564308853,35.1568643460,6
2891814,39,류센소 본점,"<a href=""https://www.instagram.com/ryusenso.korea/""target=""_blank"" title=""새창 : 류센소 사이트로 이동"">https://www.instagram.com/ryusenso.korea/</a>","해운대역 7번 출구 부민병원 옆 한적한 골목에 있는 일식집 류센소는 해운대 산책 후 출출할 때 들르기 좋은 곳이다. 늘 대기자가 있지만 회전도 빨라서 테이블링 후 기다리면 된다. 개별룸으로 되어 있는 테이블 자리와 다찌 자리가 마련되어 있어 여럿이 가도, 혼자 가도 편리하게 이용할 수 있다. 기름진 돈코츠 라멘에 다진 마늘 한 스푼을 넣으면 알싸한 맛이 느끼함을 모두 잡아준다. 시원한 산토리 하이볼 한 잔으로 입가심까지 하고 나면 완벽하다. 지정 주차장은 없으며 주변 공영주차장 이용해야 한다.",,,20221031161229,20250114094301,http://tong.visitkorea.or.kr/cms/resource/03/2891803_image2_1.jpg,http://tong.visitkorea.or.kr/cms/resource/03/2891803_image3_1.jpg,Type3,6,16,26,350,FD,FD02,FD020200,A05,A0502,A05020300,부산광역시 해운대구 구남로8번길 62,1층,48094,129.1562304075,35.1616267696,6
2782695,39,르쎄,"<a href=""http://instagram.com/lessai_/"" target=""_blank"" title=""새창 : 르쎄 사이트로 이동"">http://instagram.com/lessai_/</a>","부산 동래구의 온천천로는 봄날에 흐드러지게 핀 벚꽃이 아름다운 거리다. 과거 동래 지역의 젖줄 역할을 했던 온천천을 따라 벚나무들이 즐비한 때문인데, 하천과의 경계에는 노란색 유채꽃까지 피어 계절의 정취에 흠뻑 빠지게 한다. 온천천 벚꽃길 바로 곁에 자리한 카페 르쎄는 이 같은 풍경을 온전히 즐기기에 더없이 좋은 위치다. 통유리 너머 분홍색 벚꽃과 파란 하늘을 마음껏 눈에 담을 수 있다. 이곳에서는 커피와 차 외에 매장에서 전문 파티시에가 직접 만든 케이크와 디저트를 낸다. 특히 치즈케이크와 녹차 케이크, 쇼콜라 케이크, 무화과 케이크, 크레이프 케이크 등 케이크 종류가 굉장히 다양하다. 미리 주문하면 홀 케이크 구매도 할 수 있다.",,,20211129200604,20250106150150,http://tong.visitkorea.or.kr/cms/resource/29/2795729_image2_1.png,http://tong.visitkorea.or.kr/cms/resource/29/2795729_image2_1.png,Type3,6,6,26,260,FD,FD05,FD050100,A05,A0502,A05020900,부산광역시 동래구 온천천로 467-1,(안락동),47900,129.1041674513,35.1914030262,6
2841417,39,리디앤폴(LIDI&PAUL),"<a href=""https://www.instagram.com/lidi_and_paul/""target=""_blank"" title=""새창 : LIDI&PAUL 사이트로 이동"">https://www.instagram.com/lidi_and_paul/</a>","부산광역시 금정구에 위치한 ‘리디엔폴’은 다양한 원두로 정성껏 내린 핸드드립 커피와 든든한 브런치, 베이커리를 함께 즐길 수 있는 카페이다. 음식 메뉴도 잘 갖추어져 있어 간단한 식사를 원하는 이들에게 제격이다. 특히 소시지, 닭가슴살, 샐러드 등으로 구성된 브런치 메뉴와 파스타는 오전 10시부터 오후 1시까지 주문 가능하며, 여유로운 아침 시간을 보내기 좋다. 카페는 넓고 따뜻한 브라운톤 인테리어로 꾸며져 있어 편안한 분위기 속에서 휴식을 취할 수 있으며, 가족 단위 방문객들에게도 인기가 많다. 주차 공간도 잘 마련되어 있어 차량을 이용해 방문하는 손님들에게도 접근성이 좋다. 아침 일찍 문을 열기 때문에 여유로운 하루의 시작을 커피 한 잔과 함께 하고 싶은 사람들에게 안성맞춤인 장소이다.",,,20220823104550,20250605110318,http://tong.visitkorea.or.kr/cms/resource/98/2841398_image2_1.jpg,http://tong.visitkorea.or.kr/cms/resource/98/2841398_image3_1.jpg,Type3,6,2,26,410,FD,FD05,FD050100,A05,A0502,A05020900,부산광역시 금정구 금샘로 219 (장전동),,46239,129.0836872388,35.2437884436,6
2854887,39,리버사이드,,"리버사이드는 부산 신평소공원 바로 앞에 위치하여 멋진 오션뷰를 감상하며 음식을 맛볼 수 있는 레스토랑이다. 신선한 재료를 사용해 음식을 만들고 있으며, 메뉴로는 관자 알리오올리오, 전복명란파스타, 시금치 쉬림프 리소토, 피자 등 다양한 종류의 양식을 맛볼 수 있다. 이 외에 스테이크, 샐러드, 디저트 등의 메뉴가 준비되어 있다. 매장 내부가 넓어 쾌적하고 편리한 식사가 가능하며, 바다가 보이는 곳에 위치하여 오션뷰와 함께 음식을 즐길 수 있다. 주차시설도 넉넉하기 때문에 접근이 용이하다.",,,20220919091459,20251023143000,,,,6,3,26,710,FD,FD02,FD020300,A05,A0502,A05020200,부산광역시 기장군 일광로 582-44,,46040,129.2596622276,35.2929695350,6
142978,32,리베로호텔,"<a href=""http://www.liberohotel.co.kr"" target=""_blank"" title=""새창 : 리베로호텔 홈페이지로 이동"">http://www.liverohotel.co.kr</a>","리베로 호텔은 해운대 지하철역과 도보 5분 거리, 해운대 해수욕장까지 도보 5분 거리에 위치하며 해운대 문화 행사를 대표하는 구남로 거리의 중심에 위치하고 있다. 호텔 건물 아래에는 대형 백화점 SAVE ZONE이 위치해 고객들에게 여행의 즐거움, 비즈니스, 그리고 생활의 편리함과 접근성 모두를 제공한다.",,,20060616090000,20250919112041,http://tong.visitkorea.or.kr/cms/resource/37/3012137_image2_1.jpg,http://tong.visitkorea.or.kr/cms/resource/37/3012137_image3_1.jpg,Type3,6,16,26,350,AC,AC01,AC010100,B02,B0201,B02010100,부산광역시 해운대구 구남로29번길 21,,48095,129.1612660580,35.1624489933,6
2868609,39,리오네,"<a href=""https://www.instagram.com/rione_busan/"" target=""_blank"" title=""새창 : 리오네 인스타그램으로 이동"">https://www.instagram.com/rione_busan/</a>","부산 수영구에 위치한 리오네는 감각적인 분위기와 함께 정성 어린 요리를 제공하는 캐주얼 레스토랑이다. 이곳은 해외 현지에서 오랜 기간 근무하며 다양한 경험을 쌓은 셰프와 호텔리어 출신의 서버들이 수준 높은 서비스를 제공하고 있어 방문객에게 품격 있는 식사를 선사한다. 리오네는 계절에 맞는 신선한 재료를 엄선하여 요리를 만들며, 차별화된 메뉴 구성으로 고객의 입맛을 사로잡는다. 대표 메뉴로는 깊은 풍미의 성게알어란파스타와 부드러운 식감의 알감자뇨끼가 있다. 건물은 1층과 2층으로 구성되어 있으며, 혼밥을 원하는 1인 손님부터 가족 단위의 외식, 신년 모임이나 연말 행사와 같은 단체 예약까지 수용할 수 있는 다양한 좌석이 마련되어 있다.",,,20221017171249,20250620141049,http://tong.visitkorea.or.kr/cms/resource/71/2868571_image2_1.jpg,http://tong.visitkorea.or.kr/cms/resource/71/2868571_image3_1.jpg,Type3,6,12,26,500,FD,FD02,FD020300,A05,A0502,A05020200,부산광역시 수영구 구락로 36 (수영동),,48220,129.1200610561,35.1716333124,6
2845069,39,마레레스토랑,"<a href=""https://www.instagram.com/ilgwangmare""target=""_blank"" title=""새창 : 마레레스토랑 사이트로 이동"">https://www.instagram.com/ilgwangmare</a>","부산 기장군 일광면에 있는 마레는 창밖으로 보이는 바닷가와 지중해풍 인테리어가 잘 어울리는 이탈리안 레스토랑이다. 아기자기하게 꾸민 실내와 바다를 볼 수 있는 야외 테라스가 있어 데이트 장소로 인기다. 스테이크는 부드럽고 소스와 잘 어우러지며, 로제 스파게티는 해산물이 듬뿍 들어가 깊은 맛을 자랑한다.",,,20220829150944,20250828140713,http://tong.visitkorea.or.kr/cms/resource/60/2845060_image2_1.jpg,http://tong.visitkorea.or.kr/cms/resource/60/2845060_image3_1.jpg,Type3,6,3,26,710,FD,FD02,FD020300,A05,A0502,A05020200,부산광역시 기장군 일광읍 일광로 350,,46041,129.2545020936,35.2739382385,6
2845094,39,마리솔,"<a href=""https://www.instagram.com/cafe_marysol/""target=""_blank"" title=""새창 : 마리솔 사이트로 이동"">https://www.instagram.com/cafe_marysol/</a>","부산 기장 일광 카페거리 시작점에 위치한 마리솔은 대한민국 명장의 제자가 만드는 유일무이한 명품 베이커리 카페이다. 총 4층의 건물로 기장에서 큰 규모를 자랑하는 카페이다. 탁 트인 바다 전망은 기본이고, 제과 명장이 매일 직접 만드는 베이커리와 고급 원두만 선별하여 제대로 된 로스팅을 통해 만든 커피가 유명하다. 그 외 파스타와 피자 메뉴에도 재료를 아낌없이 넣어 다양한 메뉴를 푸짐하게 먹을 수 있다. 또 천국의 계단이라는 포토존이 있으며, 루프탑도 조성되어 있어 바닷바람과 함께 음료를 즐기기 좋다. 넓은 주자장을 보유하고 있어 방문하기에도 편리하다.",,,20220829151624,20250609141626,http://tong.visitkorea.or.kr/cms/resource/78/2845078_image2_1.jpg,http://tong.visitkorea.or.kr/cms/resource/78/2845078_image3_1.jpg,Type3,6,3,26,710,FD,FD05,FD050100,A05,A0502,A05020900,부산광역시 기장군 일광읍 일광로 290,,46041,129.2488304146,35.2721438894,6
2617724,12,마린시티,,부산 해운대구에 위치한 마린시티는 원래 바다였던 곳을 매립하여 생긴 신도시로 밤이 되면 화려하게 불을 밝히는 아파트 및 건물들이 빼곡하게 세워져있어 아름다운 야경 풍경을 가지고 있는 곳이다. 마린시티의 야경은 홍콩이나 상하이의 야경만큼 화려하고 아름다워 연인이나 가족단위 사람들이 많이 방문하고 있다. 각종 화보나 광고 등 촬영지의 배경으로도 많이 등장하고 있는 곳이다. 마린시티의 거리에는 외국 음식점과 고풍스러운 카페와 주점이 다양하게 자리잡고 있어 관광객들고 많이 방문하는 곳이다.,,,20190906024515,20251128105741,http://tong.visitkorea.or.kr/cms/resource/89/3575989_image2_1.jpg,http://tong.visitkorea.or.kr/cms/resource/89/3575989_image3_1.jpg,Type1,6,16,26,350,VE,VE04,VE040200,A02,A0203,A02030100,부산광역시 해운대구 우동,1411,48119,129.1436566548,35.1560327184,6
3075356,32,마티에 오시리아,"<a href=""https://www.matie.com/"" target=""_blank"" title=""새창 : 홈페이지로 이동"">https://www.matie.com/</a>","기장 마티에 오시리아는 한화호텔앤드리조트㈜에서 운영하는 호텔로 예술 작품 고유의 재질감을 뜻하는 미술 용어 마티에르MATIÈRE에서 유래한 라이프스타일 호텔 마티에MATIÈ는 이곳에 머무는 모든 투숙객들의 다양한 삶의 가치관을 존중하고 쾌적한 공간과 배려 깊은 서비스로 가장 편안한 시간을 누릴 수 있는 곳이다. 다채로운 참여 프로그램과 특색 있는 로컬의 콘텐츠로 풍부한 경험을 제공하며, 세심하게 설계된 룸 레이아웃과 유니크한 디자인의 공간은 온전히 나에게 집중하는 시간, 영감을 주는 시간을 선사하며, 활력 있는 생활을 추구할 수 있는 운동시설부터, 심신의 균형과 조화를 다스려주는 스파까지 경험해 볼 수 있다.",,,20231004142839,20251120105554,http://tong.visitkorea.or.kr/cms/resource/44/3075344_image2_1.JPG,http://tong.visitkorea.or.kr/cms/resource/44/3075344_image3_1.JPG,Type3,6,3,26,710,AC,AC02,AC020100,B02,B0201,B02010500,부산광역시 기장군 기장읍 동부산관광7로 17,,46084,129.2145134896,35.1884970648,6
2869196,39,마파람해물찜해물탕 구서본점,,"미파람은 숙성해 만들어 개운한 특제 양념과 물오른 해물, 신선한 콩나물을 이용하여 만드는 해물찜이 별미인 해물요리 전문점이다. 마파람 해물찜은 비린 맛이 없고 양념에 물이 생기지 않아서 마지막까지 깔끔하다. 대표메뉴인 푸짐한 양의 해물찜과 해물탕이 있으며, 이외에도 당일 조업으로 최고의 부드러움을 느낄 수 있는 생아구탕, 두툼한 대구뽈과 아삭한 콩나물, 그리고 특제 양념까지 어우러진 대구뽈찜 등도 맛볼 수 있다.",,,20221018143015,20250709135121,http://tong.visitkorea.or.kr/cms/resource/89/2869189_image2_1.jpg,http://tong.visitkorea.or.kr/cms/resource/89/2869189_image3_1.jpg,Type3,6,2,26,410,FD,FD01,FD010100,A05,A0502,A05020100,부산광역시 금정구 금강로 418 (구서동),,46244,129.0886117820,35.2447995324,6
2872442,39,마포면옥,,"마포면옥은 기장군 장안읍에 있는 밀면 맛집이다. 간장 베이스의 육수도 좋고 쫄깃쫄깃 기장 밀면의 면발 익힘 정도도 손색이 없다. 보통의 식당들은 풀어서 먹으라고 양념장을 한 숟가락씩 퍼주는데 이 집은 면발에 조금만 묻혀준다. 마포면옥 밀면이 보통·중·대 사이즈 관계없이 가격이 동일하고 밀면은 물밀면과 비빔밀면이 있다. 이외 찐만두와 갈비탕도 인기 있는 메뉴이다. 매장 내부는 꽤 넓은 편이고 인근에 임랑해수욕장, 은진사, 박태준기념관 등이 있어 함께 둘러보기 좋다.",,,20221021135842,20251106095036,http://tong.visitkorea.or.kr/cms/resource/10/2872410_image2_1.JPG,http://tong.visitkorea.or.kr/cms/resource/10/2872410_image3_1.JPG,Type3,6,3,26,710,FD,FD01,FD010100,A05,A0502,A05020100,부산광역시 기장군 월내2길 10-36 마포면옥,,46037,129.2798400399,35.3284992619,6
304695,12,마하사(부산),"<a href=""https://www.yeonje.go.kr/tour/contents.do?mId=0310000000"" target=""_blank"" title=""새창 : 홈페이지로 이동"">https://www.yeonje.go.kr</a>","대한불교 조계종 소속의 사찰인 마하사의 창건과 변천은 대웅전 상량문에 자세히 전하며, 아도 화상이 창건했다고 기록되어 있다. 임진왜란 때 사찰 건물이 모두 불탔고, 단계적으로 사찰이 복원되었다. 1970년 승려 문성이 대웅전·응진전·대방·요사·식당을 중건했고, 1985년 승려 지연이 종각을 세우고 반야암을 중창했으며, 1998년 승려 경민이 대웅전과 삼성각을 중건하였다. 마하사의 가람 배치는 산지 사찰이란 지형과 여러 차례의 개축 때문에 전통적인 가람 배치를 따르지 못했지만 좁은 경내를 잘 정리하고 있으며, 대웅전은 정면 5칸, 측면 3칸의 팔작지붕이다. 마하사 경내에는 문화유산으로 지정된 불상인 마하사 대웅전 석조석가여래삼존상과 마하사 응진전 석조나한상, 마하사 응진전 목조석가여래좌상, 불교 미술의 자랑인 마하사 영산회상도, 마하사 응진전 십육나한도, 마하사 응진전 영산회상도, 마하사 현왕도 등 많은 문화유산을 보존하고 있다.",,,20071129190853,20250407143316,http://tong.visitkorea.or.kr/cms/resource/32/3031232_image2_1.JPG,http://tong.visitkorea.or.kr/cms/resource/32/3031232_image3_1.JPG,Type3,6,13,26,470,HS,HS03,HS030100,A02,A0201,A02010800,부산광역시 연제구 봉수로 138,,47610,129.0876863061,35.1639058017,6
3415203,39,만달리,"<a href=""https://www.instagram.com/mandali.official/""target=""_blank"" title=""새창 : 만달리 인스타그램으로 이동"">https://www.instagram.com/mandali.official/</a>",만달리는 부산 기장에 있는 브런치카페로 한적한 분위기 속에서 프레시한 브런치를 즐길 수 있는 곳이다. 브런치를 포함해 음료 메뉴도 다양해 데이트 코스나 나들이 장소로도 인기가 높고 캐치테이블로 원격 웨이팅이 가능한 곳이다. 주변 관광지로 기장 용소웰빙공원이 있다. 유럽 느낌의 외관에 야외 정원이 넓게 있어 날씨 좋은 날에는 야외 테이블 인기가 가장 좋으며 애견 동반도 가능한 곳이다. 대표 메뉴는 클램 차우더 수프와 하우스 포카치아로 조갯살과 감자가 듬뿍 들어간 클램 차우더 수프이다.,,,20241113194059,20251023143000,http://tong.visitkorea.or.kr/cms/resource/00/3415200_image2_1.jpg,http://tong.visitkorea.or.kr/cms/resource/00/3415200_image3_1.jpg,Type3,6,3,26,710,FD,FD02,FD020300,A05,A0502,A05020200,부산광역시 기장군 기장읍 반송로 1392,,46052,129.1946773104,35.2534449764,6
1013694,38,만물의거리,,광복로는 바로 부산 앞바다와 인접해 있다. 그러다 보니 일제강점기 수탈의 현장이자 항일독립운동의 열망이 뜨거웠던 장소였다고 한다. 해방 이후 부산 사람들은 해방의 기쁨과 항일 의식을 잊지 않기 위해 중구 한 동네에 광복동이라 이름을 붙였다. 만물의 거리는 조명의 거리 옆에 위치하고 있으며 만물이라는 이름처럼 수많은 점포에서 다양한 제품이 거래되고 있다. 개성 넘치고 독특한 물건들이 즐비한 이 거리를 걷다 보면 눈이 휘둥그레질 정도로 놀라운 상점을 많이 볼 수 있다. 저렴하고 실용적인 기념품을 찾는 관광객이라면 만물의 거리는 필수 방문 관광지이다.,,,20100504012112,20251105143045,http://tong.visitkorea.or.kr/cms/resource/19/3561919_image2_1.jpg,http://tong.visitkorea.or.kr/cms/resource/19/3561919_image3_1.jpg,Type1,6,15,26,110,SH,SH06,SH060200,A04,A0401,A04010200,부산광역시 중구 국제시장2길 20-1,,48946,129.0286987483,35.0996507962,6
2810909,39,만서리 이가네 막국수,,"만서리 이가네 막국수 본점은 동치미 막국수와 비빔막국수, 옹심이 메밀 칼국수 등 다양한 메밀 요리를 맛볼 수 있는 곳이다. 시원한 맛의 동치미 국물에 메밀국수가 말아 나오며, 새콤한 메밀 싹이 고명으로 얹어 나온다. 특히 옹심이의 쫄깃한 식감과 고소한 맛이 일품이며, 메밀싹무침이 곁들여진 수육도 인기가 많다. 전반적으로 자극적이지 않고 담백한 맛을 자랑하여 남녀노소 부담없이 즐길 수 있다. 가게 내부도 넓어 편한 식사가 가능하다.",,,20220316102251,20251023143000,,,,6,2,26,410,FD,FD01,FD010100,A05,A0502,A05020100,부산광역시 금정구 식물원로 27,,46300,129.0850570958,35.2244517473,6
2867715,39,만석미역 본점,,"부산시 중구 중앙동에 있는 만석미역은 궁중 진상품으로 유명한 기장 미역으로 끓인 미역국 정식 전문점이다. 전복 미역국, 가자미 미역국, 황제 미역국, 조개 미역국, 소고기 미역국, 황태 미역국 등 다양한 미역국을 입맛대로 골라 먹을 수 있다. 2인 이상 주문 시 생선구이가 서비스로 제공된다. 가족 모임을 위해 룸을 갖추었고 30명 이상 수용 가능한 별관도 마련되어 있어 단체 식사도 가능하다. 해풍으로 건조한 가공되지 않은 기장미역을 사용해 맛이 부럽고 쫄깃하다. 미역국 이외에도 민물 장어구이 정식과 전복구이, 전복 회무침, 돼지불고기도 있어 취향에 맞게 선택하여 즐길 수 있다.",,,20221014154019,20250619180445,http://tong.visitkorea.or.kr/cms/resource/02/2867702_image2_1.JPG,http://tong.visitkorea.or.kr/cms/resource/02/2867702_image3_1.JPG,Type3,6,15,26,110,FD,FD01,FD010100,A05,A0502,A05020100,부산광역시 중구 충장대로5번길 32-1 (중앙동4가),,48937,129.0374533120,35.1081305635,6
2853079,39,만선해물탕,,기장군 정관읍 중앙공원 분수대 근처 정관 아동 병원 근처에 있는 만선해물탕은 1998년도부터 이어져 내려온 전통의 비법 육수가 있다. 그 육수로 시원하고 싱싱한 해물탕을 만든다. 해물 요리의 제일 중요한 재료는 신선한 해산물이다. 경매일에 맞춰 사장님이 직접 선별해서 가져온 해물만을 사용한다. 전용 주차장이 있어 편리한 이용이 가능하다.,,,20220914111018,20250829142804,http://tong.visitkorea.or.kr/cms/resource/67/2853067_image2_1.jpg,http://tong.visitkorea.or.kr/cms/resource/67/2853067_image3_1.jpg,Type3,6,3,26,710,FD,FD01,FD010100,A05,A0502,A05020100,부산광역시 기장군 구연로 18-8,,46023,129.1810766062,35.3216704073,6
2872611,39,만호갈미샤브샤브,,"만호갈미샤브샤브는 신선한 갈미조개를 주재료로 한 다양한 요리를 선보이는 음식점이다. 통통한 조갯살이 들어간 갈미샤브샤브가 인기로 갈미조개는 이름부터 다소 생소하지만 일반 조개와는 달리 물에 넣어 익혀도 질겨지지 않고 부드러운 식감을 유지하는 것이 큰 특징이다. 이곳에서는 바로 그런 갈미조개의 장점을 살려 다양한 메뉴를 선보이는데 갈미삼겹살구이와 갈미수육, 그리고 갈미샤브샤브가 있다. 갈미샤브샤브의 경우 조개에서 우러나온 진한 육수의 시원한 맛이 인기이다. 갈미조개의 독특한 매력을 제대로 경험할 수 있는 만호갈미샤브샤브는 해산물을 좋아하는 이들에게 추천하는 곳이다.",,,20221021144929,20250702175802,http://tong.visitkorea.or.kr/cms/resource/03/2872603_image2_1.JPG,http://tong.visitkorea.or.kr/cms/resource/03/2872603_image3_1.JPG,Type3,6,1,26,440,FD,FD01,FD010100,A05,A0502,A05020100,부산광역시 강서구 르노삼성대로 602 (명지동),,46773,128.9286018554,35.1013709857,6
2891826,39,맘보식당,,"부산 송정에 있는 맘보식당은 부산 3대 불고기 맛집으로 선정된 곳이다. 서울식 불고기와 산더미 물갈비 전문점이며 김치찌개랑 양념게장 또한 인기 메뉴이다. 땅콩소스, 채소, 샐러드, 양념게장 등 기본 밑반찬도 정갈하고 푸짐하다. 깔끔한 외관과 실내 인테리어로 데이트 장소는 물론, 회식 등 각종 모임을 하기에도 안성맞춤이다. 가게 앞 주차 공간에 빈자리가 많지 않다. 가까운 곳에 구덕포항과 송정해수욕장이 있어 식사 전후에 가족 나들이하기도 좋다.",,,20221031161453,20250902103123,http://tong.visitkorea.or.kr/cms/resource/20/2891820_image2_1.jpg,http://tong.visitkorea.or.kr/cms/resource/20/2891820_image3_1.jpg,Type3,6,16,26,350,FD,FD01,FD010100,A05,A0502,A05020100,부산광역시 해운대구 송정광어골로 76 (송정동),,48073,129.1960571370,35.1748593600,6
2891849,39,맛소문오리불고기,"<a href=""http://www.instagram.com/msmoriofficial""target=""_blank"" title=""새창 : 맛소문오리불고기 사이트로 이동"">http://www.instagram.com/msmoriofficial</a>","부산 해운대 맛소문오리불고기는 생오리를 수제 고추장 소스와 함께 저온숙성 시킨 생오리불고기로 유명한 맛집이다. 오리소금구이는 잡내 없이 담백하고, 추어탕은 깊은 국물 맛으로 인기가 좋다. 볶음밥은 마무리로 꼭 추천되는 메뉴이며, 넓은 매장과 주차 공간으로 가족 모임이나 단체 방문에도 적합하다.",,,20221031161750,20250902103353,http://tong.visitkorea.or.kr/cms/resource/38/2891838_image2_1.jpg,http://tong.visitkorea.or.kr/cms/resource/38/2891838_image3_1.jpg,Type3,6,16,26,350,FD,FD01,FD010100,A05,A0502,A05020100,부산광역시 해운대구 좌동로 109-17 (좌동),,48079,129.1767893923,35.1739368835,6
2393457,25,맛있는 부산의 남항시장 탐방,,"부산의 남항시장은 6. 25 동란을 계기로 영도에 사람들이 살기 시작하면서 형성된 부산에서 세 번째로 큰 재래시장이다. 시장 안에는 다양한 문화 활동이 진행되고 있어 음악제, 연극제 등을 관람할 수도 있다.",,,20160716003208,20230809085437,,,,6,14,26,200,C01,C0117,C01170001,C01,C0117,C01170001,,,,129.0368537062,35.0955680697,6
250424,12,망산도·유주암,"국가유산청 <a href=""https://www.heritage.go.kr/heri/cul/culSelectDetail.do?ccbaCpno=2332100570000&pageNo=1_1_1_1&sngl=Y""target=""_blank"" title=""새창: 국가유산청 홈페이지로 이동"">https://www.heritage.go.kr/</a>","용원동 앞바다의 작은 섬을 망산도, 이 섬의 동남방 70m 해상의 바위섬을 유주암이라 한다. 두 곳으로부터 약 1km 떨어진 곳에 있는 비각이 유주비각으로 삼국시대 가야 김수로왕비 허태후의 전설과 관련된 것으로 1988년 경상남도 기념물로 지정되었다. 유주비각은 목조 기와집으로 기단이 없이 장초석을 놓고 두리기둥을 세운 것으로 전체적으로 볼 때 벽체 상부를 홍살로 장식한 전형적 비각의 형태이다. 전설에 따르면 수로왕에게 왕비를 맞아들이기를 청하자, 왕은 자신의 왕비는 하늘이 정해 줄 것이라고 대답하였는데 어느 날 서남쪽 해상에 붉은 돛과 붉은 깃발을 단 배가 나타났다. 그 후 배를 인도하니 마침내 그 배는 망산도에 닿았고, 그 배에서 허태후 일행이 상륙하였다. 전설에 따르면, 허태후가 처음으로 배에서 내린 곳이 망산도이며, 타고 온 돌배가 바닷속에 뒤집혀 유주암이 되었다고 한다. 한편으로는 수로왕이 몸소 마중을 나와 이 섬에서 멀리 해상을 바라보며 기다렸다고 하여 망산도라 부른다는 설도 있다.",,,20071029090000,20250407141703,http://tong.visitkorea.or.kr/cms/resource/91/3031391_image2_1.JPG,http://tong.visitkorea.or.kr/cms/resource/91/3031391_image3_1.JPG,Type3,6,1,26,440,HS,HS01,HS011200,A02,A0201,A02010700,부산광역시 강서구 송정동,,51610,128.8209252451,35.0967250919,6
2841499,39,메르데쿠르,"<a href=""http://instagram.com/merdecour_offical""target=""_blank"" title=""새창 : 메르데쿠르 사이트로 이동"">http://instagram.com/merdecour_offical</a>","메르데쿠르(Mer De Cour)에서는 기장 푸른 바다를 마주하며 스페셜 원두로 내린 아메리카노와 파티쉐가 만든 베이커리를 즐길 수 있다. 프랑스의 미슐랭가이드와 미국의 자갓서베이의 장점을 조합하여 만든 대한민국 레스토랑 가이드북인 블루리본서베이에 수록되었으며 조형미가 돋보이는 건축물과 깔끔한 실내 인테리어도 매력적인 공간이다. 대표 메뉴는 마다가스카르 바닐라빈과 고이아사설탕을 넣어 직접 끊여 만든 수제 바닐라빈 시럽이 들어간 라테와 앞뜰의바다를 비롯하여 앞뜰의열매, 앞뜰의숲, 오지다앞뜰 등 앞뜰 시리즈 음료도 인기가 좋다. 대형 카페들이 즐비한 기장에서도 탁 트인 바다 전망 카페를 찾는다면 이곳이 안성맞춤이다.",,,20220823113158,20250605143418,http://tong.visitkorea.or.kr/cms/resource/93/2841493_image2_1.jpg,http://tong.visitkorea.or.kr/cms/resource/93/2841493_image3_1.jpg,Type3,6,3,26,710,FD,FD05,FD050100,A05,A0502,A05020900,부산광역시 기장군 기장읍 기장해안로 871-1,,46078,129.2441569026,35.2331120647,6
2847910,39,메밀447,,"기장 IC 근처에 있는 메밀 447은 메밀 요리 전문점이다. 447은 부산 기장군 일광면과 메밀 주산지인 강원도까지의 거리(km)를 뜻한다. 한약재를 넣어 육수를 만드는 물 메밀국수와 태양초에 과일을 갈아 양념장을 만든 비빔메밀국수가 대표 메뉴이다. 비빔메밀국수의 매콤한 맛과 쫄깃한 식감이 인상적이며, 넓고 깔끔한 실내에서 편안한 식사를 즐길 수 있다. 인근에 학리방파제, 일광이천생태공원과 일광해수욕장 등이 있다.",,,20220902100112,20250828144124,http://tong.visitkorea.or.kr/cms/resource/99/2847899_image2_1.jpg,http://tong.visitkorea.or.kr/cms/resource/99/2847899_image3_1.jpg,Type3,6,3,26,710,FD,FD01,FD010100,A05,A0502,A05020100,부산광역시 기장군 일광읍 화용길 53-33,,46047,129.2287846943,35.2809008672,6
2847893,39,메이크씨,,"부산광역시 기장군 일광면 문동리에 위치한 ‘메이크씨’는 베이글 맛집으로 잘 알려진 인기 베이커리 카페이다. 이곳은 총 4층으로 이루어진 건물에 자리하고 있으며, 매장 입구는 도로 쪽과 바닷가 쪽 두 군데로 나뉘어 있어 접근성이 좋다. 1층은 주차장으로 운영되며, 방문객들이 편리하게 차량을 주차할 수 있다. 2층부터는 넓고 세련된 카페 공간과 화장실이 마련되어 있어 쾌적하게 머물 수 있다. 3층에서는 다양한 음료와 신선하게 구운 베이글, 다양한 베이커리류를 주문할 수 있으며, 깔끔한 실내 공간이 마련되어 있다. 4층에는 커피를 즐길 수 있는 테이블이 배치되어 있어 여유로운 시간을 보낼 수 있다. 이곳에서 판매되는 베이글은 ‘당일 생산, 당일 판매’를 원칙으로 하여 신선하고 믿을 수 있어 더욱 인기가 높다. 주변에는 칠암방파제와 기장의 명산 중 하나인 달음산 등 함께 둘러보기 좋은 자연 관광지도 가까이 있어, 메이크씨 방문과 함께 알찬 여행 코스로 구성하기 좋다.",,,20220902095638,20250610103145,http://tong.visitkorea.or.kr/cms/resource/82/2847882_image2_1.jpg,http://tong.visitkorea.or.kr/cms/resource/82/2847882_image3_1.jpg,Type3,6,3,26,710,FD,FD05,FD050100,A05,A0502,A05020900,부산광역시 기장군 일광읍 일광로 754,,46039,129.2593618262,35.3083844680,6
850466,39,명수정,,명수정은 부산 금정구 범어사 가는 길목에 위치한 음식점으로 추어탕과 민물장어로 유명한 곳이다. 이곳은 구서동 부산은행 건물 4층에 자리하여 찾아가기 어렵지 않다. 대표 메뉴는 추어탕으로 배달도 가능하다. 이외에 오리야채불고기는 4인까지 먹을 수 있고 많은 사람들이 찾는 인기 메뉴이다. 내부는 넓고 아늑한 분위기를 풍긴다. 룸이 있어 모임에 제격이며 영양만점 맛있는 추어탕과 매운탕을 즐길 수 있다.,,,20091030213113,20250304174542,,,,6,2,26,410,FD,FD01,FD010100,A05,A0502,A05020100,부산광역시 금정구 구서로 23,,46242,129.0885367382,35.2466271039,6
2742601,38,명지시장,,"명지시장은 50년 전통을 자랑하는 부산 강서 지역의 대표적 재래시장으로 오일장과 새벽시장을 거쳐 30년 전부터 활어시장으로 유명하다. 낙동강이 합류하는 지역적 이점 덕분에 어획량이 풍부하고 산지와의 유통 거리가 짧아 활어의 신선도를 유지하기 좋으며 120여 개의 점포가 영업 중이다. 매년 늦여름 명지시장의 자랑인 ‘전어 축제’가 열리면서 자갈치시장, 국제시장, 깡통시장과 함께 명실상부 부산의 대표 시장으로 이름을 알리고 있다. 전어는 가을이 되면 봄보다 지방질이 3배 이상 많아져 고소하고 영양도 높아 ‘전어 굽는 냄새에 집 나갔던 며느리도 다시 돌아온다’는 속담의 주인공이다. 축제장에서는 풍물단 공연, 가요제, 전어 썰기 등 다양한 참여 프로그램들이 있으니 전통시장 나들이와 축제 구경까지 함께 해보길 권한다.",,,20210910010738,20251230134139,,,,6,1,26,440,SH,SH06,SH060200,A04,A0401,A04010200,부산광역시 강서구 신포길 13-10 (명지동),,46717,128.9317096042,35.1129197501,6
2752976,39,명지첫집,,40년 경력의 2대를 이어온 명지첫집은 좋은 소금으로 만든 9가지 젓갈과 명지 대파로 맛을 더한 보쌈과 족발 요리를 선보이는 집이다. 수육과 갖가지 반찬이 된장찌개와 함께 나오는 보쌈정식이 대표 메뉴이며 점심 세트메뉴에는 기본 보쌈정식 메뉴에 고등어구이 또는 젓갈 9종 중 택일할 수 있다. 부산 명지는 예로부터 대파와 소금이 유명한 곳이라 명지의 질 좋은 소금으로 직접 담근 젓갈을 다양하게 제공하는 것이 특색 있으며 500g씩 포장하여 판매도 한다. 음식의 만듦새는 물론 담음새까지 하나하나 정성이 느껴지며 깔끔한 실내 인테리어에 프라이빗하게 구분된 공간이 마련되어 있어 손님들이 선호한다.,,,20211005225728,20251105094445,http://tong.visitkorea.or.kr/cms/resource/82/2753482_image2_1.jpg,http://tong.visitkorea.or.kr/cms/resource/82/2753482_image2_1.jpg,Type3,6,1,26,440,FD,FD01,FD010100,A05,A0502,A05020100,부산광역시 강서구 명지국제6로232번길 18 (명지동),,46772,128.9244745864,35.0958548619,6
2572851,32,모닝듀 게스트 하우스(모닝듀),"<a href=""https://morningdewbusan.modoo.at/""target=""_blank"">https://morningdewbusan.modoo.at/</a>","CATNAP은 대한민국 건축상을 수상한 독특한 건축물로, 게스트하우스 운영을 목적으로 지어진 건물입니다. 부산역에서 도보로 약 6분 거리에 위치해 있어 교통이 편리합니다.",,,20181204202936,20241127144650,http://tong.visitkorea.or.kr/cms/resource/58/2571658_image2_1.jpg,http://tong.visitkorea.or.kr/cms/resource/58/2571658_image2_1.jpg,Type3,6,5,26,170,AC,AC06,AC060200,B02,B0201,B02011100,부산광역시 동구 초량중로21번길 5-2,(초량동),48819,129.0364337920,35.1141493149,
2832729,39,모모스커피 본점,"<a href=""https://www.instagram.com/momos_coffee""target=""_blank"" title=""새창: 모모스커피 홈페이지로 이동"">https://www.instagram.com/momos_coffee</a>","부산 금정구에 위치한 모모스커피 본점은 품질 좋고 맛있는 커피로 유명하다. 오래된 건물 정원에서 운치 있게 커피를 맛볼 수 있어 인기이며, 2019년 월드 바리스타 챔피언십에서 우승한 바리스타를 배출한 곳으로 소문이 났다. 로스팅 룸과 베이킹 실이 있어 매일매일 특별하고 맛있는 커피와 빵을 제공한다. 매장 내부는 넓은 편으로 분위기가 있어 연인과 함께 시간을 보내기에도 좋다. 오랜 시간 같은 장소에서 주민들과 관광객의 사랑을 받는 모모스는 온천장역 2번 출구에서 가깝다. 주차장은 따로 마련되어 있지 않다. 각기 다른 매력을 가진 고품질의 커피를 통해 또 다른 즐거움을 느낄 수 있는 오늘의 커피를 추천한다.",,,20220804165728,20250527182343,http://tong.visitkorea.or.kr/cms/resource/27/2832727_image2_1.jpg,http://tong.visitkorea.or.kr/cms/resource/27/2832727_image3_1.jpg,Type3,6,2,26,410,FD,FD05,FD050100,A05,A0502,A05020900,부산광역시 금정구 오시게로 20 (부곡동),,46311,129.0864960018,35.2192717995,6
820382,39,목장원,"<a title=""새창 : 목장원 홈페이지로 이동"" href=""http://www.mokjangwon.co.kr"" target=""_blank"">http://www.mokjangwon.co.kr</a>","목장원은 부산 영도구에 위치한 갈비 전문점이다. 신선한 재료를 사용하는 이곳은 오랜 역사를 자랑하는 곳이다. 200평 규모에 좌석은 160석 정도 배치되어 있어, 모임을 하기에 적합한 장소로 알려져 있다. 단체룸에는 빔프로젝터 스크린이 설치되어 있다. 메뉴는 갈빗살, 안창살, 꽃등심 등 한우를 부위별로 맛볼 수 있고, 곰탕, 냉면, 갈비탕 등 식사 메뉴도 준비되어 있다. 또한 이곳은 바다 앞에 자리하여 아름다운 경치를 바라보며 맛있는 소고기를 맛볼 수 있다.",,,20091015014923,20251030143424,,,,6,14,26,200,FD,FD01,FD010100,A05,A0502,A05020100,부산광역시 영도구 절영로 355,,49113,129.0573775733,35.0716572340,6
2852419,39,몽실종가돼지국밥,,"부산대학병원 옆, 아미시장 건너편에 있는 몽실종가돼지국밥은 인증받은 국내산 한돈을 사용하여 오랜시간 이상 사골 뼈를 푹 고아 만든 진국이 일품인 국밥전문점이다. 환자들도 안심하고 먹을 수 있도록 화학조미료를 전혀 첨가하지 않았으며 입맛에 따라 부추, 고추 등을 추가해서 먹으면 된다. 대표 메뉴는 돼지국밥으로 남녀노소 누구나 즐길 수 있으며 이외에도 순대국밥과 수육백반, 메밀 막국수가 준비되어 있어 다양한 메뉴 선택이 가능하다.  양도 넉넉하여 든든한 한끼 식사를 원하는 사람들에게도 아주 좋다. 매장 내부는 깔끔하고 잘 정돈되어 있어 편하고 쾌적하게 식사가 가능하다.",,,20220913115333,20250611175334,http://tong.visitkorea.or.kr/cms/resource/18/2852418_image2_1.jpg,http://tong.visitkorea.or.kr/cms/resource/18/2852418_image3_1.jpg,Type3,6,11,26,140,FD,FD01,FD010100,A05,A0502,A05020100,부산광역시 서구 까치고개로197번길 3 (아미동2가),,49241,129.0173663871,35.1001616416,6
2862337,39,몽작,"<a href=""https://www.instagram.com/mongjak_/"" target=""_blank"" title=""새창 : 몽작 인스타그램 페이지로 이동"">https://www.instagram.com/mongjak_/</a>","몽작은 가족, 친구, 연인과 프라이빗한 시간을 보낼 수 있으면서 신선한 고기와 캠핑 분위기를 동시에 즐길 수 있는 장소이다. 다양한 고기 선택과 친절한 서비스, 깨끗한 시설로 가족이나 친구들, 단체모임, 회식으로 방문하기 좋은 곳이다. 저녁 시간대에는 멋진 야경을 감상할 수 있어 더욱 매력적이며, 넓은 주차장과 함께 2층에는 단체 모임에 적합한 공간이 마련되어 있다. 곳곳에 네온사인으로 장식된 포토존에서 사진을 찍을 수도 있다.",,,20220929182715,20260102180409,,,,6,14,26,200,FD,FD02,FD020300,A05,A0502,A05020200,부산광역시 영도구 남항서로 36,,49050,129.0361429493,35.0848414795,6
304811,12,묘심사(부산),,"묘심사는 1888년 지금의 서구 토성동에서 대성사라는 이름으로 창건했다. 일제강점기인 1912년부터 임제종 포교당으로 기능했다. 일본인이 사찰을 운영하다가 해방 후에 기독교인에게 팔리기도 했는데, 당시 몇몇 신도가 성보들을 현재의 사찰 자리로 옮겼고 1960년대 무렵 관음보살좌상과 지장보살좌상, 그리고 범종과 종각 등을 가지고 와서 묘심사로 다시 창건했다. 묘심사는 부산항이 한눈에 들어오는 동구 수정동 산복도로변에 위치하는 도심 속 사찰이다. 경내에는 대웅전과 삼성각, 종각 등이 있다. 대웅전은 정면 5칸, 측면 3칸의 익공식 팔작지붕이다. 대웅전에는 금동 석가여래 좌상과 관음보살, 대세지보살이 좌우 협시하고 있다. 또 1946년 제작한 지장시왕도와 신중도가 있다. 대웅전 옆으로 유리 보호각을 둘러 씌운 지장보살 입상이 동자를 안고 서 있다. 그 뒤편 계단 위로 삼성각이 자리한다. 삼성각 내에 칠성도, 산신도와 근대에 제작된 것으로 보이는 높이 30㎝의 돌좌상이 있다. 지장보살 입상 옆으로 ‘ㄱ자’의 현대식 요사채가 있다.",,,20071129233606,20250319190029,http://tong.visitkorea.or.kr/cms/resource/32/3343332_image2_1.jpg,http://tong.visitkorea.or.kr/cms/resource/32/3343332_image3_1.jpg,Type3,6,5,26,170,HS,HS03,HS030100,A02,A0201,A02010800,부산광역시 동구 망양로 671,(수정동),48714,129.0395054026,35.1267618490,6
2776396,39,무진장횟집,,밥알처럼 잘게 썬 ‘눈꽃붕장어회’가 유명한 횟집이다. 기장식 붕장어회는 회를 뜬 것이 아니고 뼈째회로 잘게 썬 것도 아니라 채를 썬 형태로 독특한 식감을 자랑한다. 물기를 쫙 뺀 담백 고소 그 자체로 일반적으로 먹는 붕장어 회처럼 한 점씩 젓가락으로 집어 먹는 것이 아니고 숟가락으로 듬뿍 퍼서 개인에 취향에 따라 깻잎에 싸 먹거나 간장에 찍어 먹으면 된다. 포슬포슬하게 입안에서 녹는 붕장어회를 부산 기장만의 독특한 스타일로 즐기고 싶다면 이 식당을 추천한다.,,,20211119191659,20250108095613,http://tong.visitkorea.or.kr/cms/resource/86/2790886_image2_1.JPG,http://tong.visitkorea.or.kr/cms/resource/86/2790886_image3_1.JPG,Type3,6,3,26,710,FD,FD01,FD010100,A05,A0502,A05020100,부산광역시 기장군 기장읍 연화1길 137,,46082,129.2261339112,35.2171162986,6
2381567,28,문탠로드,"<a href=""https://www.visitbusan.net/kr/index.do?menuCd=DOM_000000202004001000&uc_seq=283&lang_cd=ko""target=""_blank"" title=""새창: 비짓부산 문탠로드 페이지로 이동"">https://www.visitbusan.net/kr/</a>","문탠로드는 해운대 달맞이고개에 위치해 있으며, 달빛을 받으며 가볍게 걷는 길 이란 뜻의 산책로이다. 꽃잠길, 가온길, 바투길, 함께길, 만남길의 다섯 개 테마로 이루어져 있으며, 약 1~2시간 정도 소요된다. 문탠로드를 걷는 동안 바다전망대, 체육공원, 달맞이어울마당, 해월정 등을 볼 수 있다. 문탠로드의 또다른 매력은 숲속 산책길을 걷고 있지만 옆으로는 푸른 바다가 끝없이 펼쳐진다는 것이다. 걷는 중간중간 전망대로 나가 마주하는 부산 앞바다가 쌓였던 스트레스를 날려준다.",,,20160430001154,20251128102929,http://tong.visitkorea.or.kr/cms/resource/35/3575935_image2_1.jpg,http://tong.visitkorea.or.kr/cms/resource/35/3575935_image3_1.jpg,Type1,6,16,26,350,LS,LS01,LS011900,A03,A0302,A03022700,부산광역시 해운대구 달맞이길 120,,48098,129.1756010591,35.1574970351,6
2891868,39,문토스트,"<a href=""https://www.instagram.com/moon4559""target=""_blank"" title=""새창 : 문토스트 사이트로 이동"">https://www.instagram.com/moon4559</a>","줄 서서 먹는 토스트 맛집 문토스트는 송정해수욕장 바로 앞에 있다. 자연산 치즈를 풍성하게 즐길 수 있는 모차렐라치즈가 대표 메뉴이며 치즈 먹은 새우, 베이컨치즈, 고구마치즈 등 치즈가 듬뿍 올라간 각양각색의 토스트는 물론, 커피, 라테, 셰이크, 주스, 티 등 음료 메뉴도 다양하다. 주차는 바로 앞에 있는 공영주차장을 이용하면 된다.",,,20221031162042,20250902103855,http://tong.visitkorea.or.kr/cms/resource/57/2891857_image2_1.jpg,http://tong.visitkorea.or.kr/cms/resource/57/2891857_image3_1.jpg,Type3,6,16,26,350,FD,FD03,FD030200,A05,A0502,A05020200,부산광역시 해운대구 송정해변로 16 (송정동),,48072,129.2043979105,35.1809477221,6
851907,39,문화쌈밥,,한식 전문점답게 정갈하고 다양한 밑반찬이 나온다. 쌈밥을 시키면 고등어조림과 된장찌개가 나오며 합리적인 가격에 맛있는 쌈밥을 맛볼 수 있다.,,,20091030221127,20240912111844,,,,6,4,26,290,FD,FD01,FD010100,A05,A0502,A05020100,부산광역시 남구 유엔평화로 72,,48533,129.0931951234,35.1287570602,6
132805,39,물꽁식당,,"부산에 위치한 물꽁 식당은 아귀요리 전문업소로 오랜 기간 아귀만 전문으로 취급한 음식점이다.
국내산 생아귀만을 취급하여 요리하여 고객의 만족도를 높인다.
아귀찜, 아귀수육, 아귀탕을 맛볼 수 있으며 포장 및 배달도 가능하다.",,,20040227090000,20240913105355,,,,6,15,26,110,FD,FD01,FD010100,A05,A0502,A05020100,부산광역시 중구 흑교로59번길 3,,48963,129.0244017679,35.1045168387,6
2732397,12,물빛색스튜디오,"<a href=""https://mulbitsaek.co.kr/INTRO"" target=""_blank"" title=""새창: 물빛색스튜디오 공식 홈페이지로 이동"">https://mulbitsaek.co.kr</a>","부산의 물빛색스튜디오는 이색 기념사진을 찍을 수 있는 곳이다. 수조 안의 모델의 모습을 촬영하는 수중촬영을 할 수 있다. 물빛색스튜디오에는 너비 3.5m, 깊이 2.4m의 대형 단독 수조가 준비되어 있고, 그 위로 다양한 색상을 비출 수 있는 조명이 준비되어 있다. 또한, 촬영 시에 필요한 의상과 소품도 다양하게 구비되어 있다. 각종 한복과 드레스, 인어 복장 등 선택지가 다양하다. 주로 커플, 웨딩, 만삭 촬영을 하고 있다. 샤워실도 있어 세면도구가 모두 구비되어 있다. 메이크업부터 촬영까지 전문가들의 손길을 거쳐 진행된다.",,,20210810015414,20250516100204,http://tong.visitkorea.or.kr/cms/resource/64/3491264_image2_1.jpg,http://tong.visitkorea.or.kr/cms/resource/64/3491264_image3_1.jpg,Type3,6,1,26,440,EX,EX07,EX070200,A02,A0203,A02030400,부산광역시 강서구 체육공원로6번길 139-28 (대저1동),,46703,128.9797833440,35.2093737159,6
2872395,39,미동암소정,,"미동암소정은 부산 기장군에서 유명한 아홉산숲 입구 인근에 위치해 있다. 오직 국내에서만 사용되는 한우 암소 1++ 특상등급 고기만을 사용하는 곳으로 신선한 고기를 합리적인 가격으로 맛볼 수 있다. 실내가 넓은 룸형태로 되어 있어 단체 회식 등 각종 모임 장소로 손색이 없다. 대표메뉴는 생고기모듬이며 갈비꽃살(살치살), 갈비살, 꽃등심, 거미살 등 다양한 부위의 한우를 즐길 수 있다. 넓은 주차장이 구비되어 있어 차량 방문에 용이하다.",,,20221021135427,20251106094416,http://tong.visitkorea.or.kr/cms/resource/86/2872386_image2_1.JPG,http://tong.visitkorea.or.kr/cms/resource/86/2872386_image3_1.JPG,Type3,6,3,26,710,FD,FD01,FD010100,A05,A0502,A05020100,부산광역시 기장군 철마면 미동길 19,,46050,129.1706423269,35.2883350627,6
309293,12,미륵사(부산),"<a href=""https://www.geumjeong.go.kr/index.geumj?menuCd=DOM_000000412003001003"" target=""_blank"" title=""새창 : 홈페이지로 이동"">https://www.geumjeong.go.kr</a>","미륵사는 의상대사가 범어사를 창건한 해에 원효대사가 세운 절이다. 이곳에는 한가운데 위치한 염화 전 뒤편의 거대한 바위가 스님이 좌선하는 모양과 같다고 하여 ‘좌선바위’라 불리고 있다. 이 바위는 여러 개의 바위들이 모자이크 한 듯이 어울려 있는데, 해가 지고 난 뒤 바위와 바위 사이의 금이 보이지 않게 될 때 전체로 보면 그 형상이 분명하게 드러난다. 이 좌선바위 뒤편에는 미륵불과 닮은 미륵불을 향해 좌선을 하고 있는 형상의 절묘한 터에 원효는 기도도량을 세운 것이 다. 미륵사이란 이름도 여기에서 유래했다고 한다.",,,20071130181145,20250325103121,http://tong.visitkorea.or.kr/cms/resource/99/2687599_image2_1.jpg,http://tong.visitkorea.or.kr/cms/resource/99/2687599_image3_1.jpg,Type3,6,2,26,410,HS,HS03,HS030100,A02,A0201,A02010800,부산광역시 금정구 북문로 126,(금성동),46237,129.0489255467,35.2740066340,6
2869595,39,미미루,,"미미루는 부산 동래구 온천장 지하철역 근처에 위치한 전통 중화 요리 전문점이다. 이곳은 다양한 메뉴 구성으로 방문객들의 시선을 사로잡으며, 특히 식사류 메뉴마다 계란 프라이가 기본으로 올려져 나오는 곳이다. 외부 간판과 메뉴판은 실제 중국 현지 식당을 연상시키는 디자인으로 꾸며져 있어 마치 중국에 온 듯한 분위기를 자아낸다. 미미루는 푸짐한 양과 맛으로 입소문이 난 곳으로, 식사 시간대에는 웨이팅이 있을 만큼 인기가 많다. 주변에는 온천 명소인 허심청 온천탕과 자연을 느낄 수 있는 금강공원이 가까이 있어 식사 후 함께 들러 여유로운 시간을 보내기에 좋다. 미미루는 정통 중화요리를 합리적인 가격에 즐기며 이국적인 분위기까지 느낄 수 있는 매력적인 맛집이다.",,,20221018162953,20250623175841,http://tong.visitkorea.or.kr/cms/resource/80/2869580_image2_1.JPG,http://tong.visitkorea.or.kr/cms/resource/80/2869580_image3_1.JPG,Type3,6,6,26,260,FD,FD02,FD020100,A05,A0502,A05020400,부산광역시 동래구 온천장로 91-1 (온천동),,47709,129.0829796339,35.2195328159,6
985921,12,미술의거리,,"부산광역시 중구에 위치한 ‘미술의 거리’는 예술과 일상이 자연스럽게 어우러지는 공간으로 다양한 전시와 체험을 통해 시민들과 관광객들에게 풍부한 문화 경험을 제공하고 있다. 미술의 거리 기념전, 부산국제영화제 특별전, 문화체험행사 등 크고 작은 전시회와 함께 각종 시연, 체험교실 및 후배 양성, 다양한 미술품의 제작과 보급 등 부산미술의 아방가르드 역할을 해오고 있다. 또한, 부산 중구의 관광벨트 내지는 문화벨트의 중심지적 역할에 충실하면서 부산문화예술의 수준 향상에 기여하고 있다.",,,20100326021758,20251023143000,http://tong.visitkorea.or.kr/cms/resource/89/3552989_image2_1.jpg,http://tong.visitkorea.or.kr/cms/resource/89/3552989_image3_1.jpg,Type1,6,15,26,110,VE,VE04,VE040100,A02,A0203,A02030600,부산광역시 중구 신창동4가,,48946,129.0279265666,35.1006395595,6
2776391,39,미청식당,,"부산 기장군 일광해수욕장 부근에 위치한 미청식당은 성게알비빔밥 전문점이다. 제철에 해녀들이 직접 캐고 손질한 자연산 '말똥성게(앙장구)'와 '보라성게'를 사용해 비리지않고 고소한 성게알밥을 판매하고 있다. 또 다른 대표메뉴로는 참가자미 물회와 제주산 갈치찌개, 구이가 있다. 갈치는 제주산으로 국내산 재료를 사용하여 건강한 맛을 낸다. 전용 주차장이 구비되어 있어 접근성이 좋다. 성게알과 해산물을 좋아한다면 방문해보는 것을 추천한다. 인근에 일광해수욕장이 있어 함께 둘러보기 좋다.",,,20211119191536,20251023143000,,,,6,3,26,710,FD,FD01,FD010100,A05,A0502,A05020100,부산광역시 기장군 일광면 기장해안로 1303,,46044,129.2331904364,35.2603115904,6
2789488,28,미포정거장,"<a href=""https://www.bluelinepark.com"" target=""_blank"" title=""새창 : 미포철길 사이트로 이동"">https://www.bluelinepark.com</a>","2013년 12월 2일 해운대 도심을 지나는 우동-기장 구간의 복선화가 완료되어 해안 절경을 관람할 수 있는 동해남부선 해안 철길은 역사 속으로 사라지고 관광시설로 조성된 미포정거장은 부산 관광명소로 자리 잡고 있다. 현재 해운대 미포, 청사포, 구역포 등 해안 절경을 끼고 있는 철로 부지는 미포와 송정역을 잇는 해변 열차와 스카이 캡슐이 운행되고 있다. 미포정거장 옆으로 나무 데크로 만든 해안 산책로가 조성되어 있어 걷다 보면 해안 절경과, 동백섬, 광안대교, 이기대, 청사포 다릿돌 전망대를 볼 수 있다. 미포정거장은 다수의 영화 촬영지로도 알려져 이곳에 와서 영화의 장면을 떠올려 보며 추억할 수 있다.",,,20211208224327,20250828102740,http://tong.visitkorea.or.kr/cms/resource/26/2800426_image2_1.jpg,http://tong.visitkorea.or.kr/cms/resource/26/2800426_image3_1.jpg,Type3,6,16,26,350,LS,LS01,LS011900,A03,A0302,A03022700,부산광역시 해운대구 달맞이길62번길 13 (중동),,48098,129.1728512790,35.1581969059,6
2784330,12,미포항,,미포항은 해운대해수욕장 동쪽 끝자락에 위치한 작은 포구로 이른 아침부터 인근 바다에서 잡아온 물고기들을 내리는 작은 어선들과 선착장에서 고기와 해산물을 사려는 사람들로 활기찬 곳이다. 그물을 손질하는 어부들의 모습과 햇볕에 말리고 있는 그물의 모습들이 주는 소소한 풍경이 있는 항구이다. 영화 ‘해운대’의 남녀 주인공이 식당과 포장마차를 운영하던 곳으로 나온 미포항은 바다를 바라보며 회와 소주 한 잔을 기울일 수 있는 명소이기도 하다. 미포항 바로 위로는 최근 한 예능 프로그램에서 나온 동해남부선 철길이 있다. 철길을 따라 탁 트인 바다를 감상하며 평상시에는 걸어볼 수 없는 철길을 걷기 위해 이곳을 찾는 발걸음이 늘고 있다. 미포항 - 동백섬 - 광안대교 - 이기대 - 오륙도를 둘러보는 코스의 해운대 관광유람선을 탈 수 있는 선착장이 있다. 낮에는 시원한 바닷바람을 맞으며 주변을 둘러볼 수 있고 밤에는 해운대 주변의 야경을 보기 위해 유람선을 타려고 이곳을 찾는 사람들도 많다. 아침을 활기차게 시작해서 한낮의 여유로움으로 편안함을 느끼고 멋진 일몰과 야경까지 즐길 수 있다.,,,20211201192117,20250311113015,http://tong.visitkorea.or.kr/cms/resource/22/3336622_image2_1.jpg,http://tong.visitkorea.or.kr/cms/resource/22/3336622_image3_1.jpg,Type3,6,16,26,350,NA,NA02,NA020700,A01,A0101,A01011400,부산광역시 해운대구 중동,,48098,129.1717291585,35.1580385696,6
3532667,32,민락스테이,,"광안리 해변 도보 8분 거리의 부산 감성 숙소입니다.
세심한 어메니티가 준비되어 편안한 스테이를 제공합니다.
넷플릭스, 유튜브 다양한 편의시설과 한국전통놀이 세트도 준비되어 있습니다.",,,20250908125845,20250921220955,,,,6,12,26,500,AC,AC03,AC030400,B02,B0201,B02011200,부산광역시 수영구 민락본동로 28 (민락동),2층 202호,48289,129.1288384100,35.1592487503,6
127149,12,민주공원,"<a href=""http://www.demopark.or.kr/""target=""_blank"" title=""새창 : 민주공원 홈페이지 이동"">http://www.demopark.or.kr/</a>","부마민주항쟁 20주년 기념일인 1999년 10월 16일에 개관한 부산에 있는 민주공원은 4·19 민주혁명과 부마 민주 항쟁 및 6월 항쟁으로 이어져 온 부산시민의 숭고한 희생정신을 기리고 계승 발전시키기 위해 조성하였다. 
민주공원 내부 시설인 민주항쟁기념관 2층에는 상설전시실인 늘 펼쳐보임방이 있고, 3층에는 기획전시실인 잡은펼쳐보임방이 있으며, 1층에는 공연장(큰방, 작은방)이 있어 국제회의와 학술행사, 각종 강연회, 노래와 연극·영화·무용 발표회 등 복합문화공간으로 활용되고 있다. 외부 시설로는 장승터가 있으며 장승터에는 민족통일대장부와 민족평화여장부, 민족통일대장군, 민주평화여장부 등의 장승이 세워져 있으며, 역동적인 행사나 공연이 열리는 야외극장과 민주화 운동 과정 중 돌아가신 분들을 기리는 넋기림마당, 전망대, 4·19 광장 등이 조성되어 있다.",,,20070906090000,20250730154352,http://tong.visitkorea.or.kr/cms/resource/47/3498447_image2_1.jpg,http://tong.visitkorea.or.kr/cms/resource/47/3498447_image3_1.jpg,Type1,6,15,26,110,VE,VE03,VE030500,A02,A0202,A02020700,부산광역시 중구 민주공원길 19,(영주동),48901,129.0281096457,35.1093802515,6
2868655,39,바로해장,"<a href=""https://www.instagram.com/clean_your_liver/"" target=""_blank"" title=""새창 : 바로해장 인스타그램으로 이동"">https://www.instagram.com/clean_your_liver/</a>","광안리 해수욕장 인근에 위치한 바로해장은 진한 고기 국물의 국밥이 유명한 곳이다. 매일 육향이 가득한 육수를 만들기 위해 소머리 고기와 소갈빗살, 사태, 내포류를 넣고 끓여 진맛을 끓어 올린다. 한 숟가락만 떠먹어도 곧바로 해장이 되어버리는 해장국을 손님에게 제공한다. 바로해장의 대표메뉴는 소 한마리 해장국과 소갈비 수육이다. 해장국은 기본적으로 토렴으로 제공되며, 수육은 뼈를 제거한 소갈빗살 수육으로, 특제 양념과 곁들여 먹는다. 또, 숙성된 고추장양념에 버무린 전라도식 소고기 수육무침으로 함흥냉면 사리와 함께 곁들여 먹는 별미 음식인 수육냉면무침도 인기가 많다. 해장국밥은 육향을 제대로 끌어올리기 위해 많은 양의 고기를 사용하여 적은 향의 육수를 만들어내기 때문에 생산량이 한정되어 있어 포장과 배달 서비스는 불가하다.",,,20221017172021,20250620141928,http://tong.visitkorea.or.kr/cms/resource/30/2868630_image2_1.jpg,http://tong.visitkorea.or.kr/cms/resource/30/2868630_image3_1.jpg,Type3,6,12,26,500,FD,FD01,FD010100,A05,A0502,A05020100,"부산광역시 수영구 광남로94번길 2 (광안동, 광일)",,48303,129.1146787801,35.1501467300,6
2872574,39,박가네순두부,,"부산 신호동에 있는 박가네순두부는 순두부찌개를 시키면 비빔밥이 나오는 것이 이색적인 집이다. 셀프 바의 밑반찬들은 자유로이 이용할 수 있다. 박가네순두부는 다양한 순두부찌개와 함께 국내산 콩으로 직접 만든 두부로 만든 다채로운 요리들을 가성비 좋게 즐길 수 있는 부산 맛집이다. 박가네순두부 바로 앞에 갯벌 체험을 할 수 있는 소담공원이 있어 산책하기도 좋고, 바다도 볼 수 있다.",,,20221021143845,20250708105334,http://tong.visitkorea.or.kr/cms/resource/60/2872560_image2_1.JPG,http://tong.visitkorea.or.kr/cms/resource/60/2872560_image3_1.JPG,Type3,6,1,26,440,FD,FD01,FD010100,A05,A0502,A05020100,부산광역시 강서구 신호산단1로98번길 91 (신호동),,46760,128.8762264158,35.0808278824,6
2823059,14,박태준기념관,"<a href=""https://www.gijang.go.kr/ptjmemorial/main.do""target=""_blank"" title=""새창: 박태준기념관 홈페이지로 이동"">https://www.gijang.go.kr/ptjmemorial/</a>","부산시 기장군에 위치한 박태준기념관은 대한민국 근현대사에 큰 족적을 남긴 박태준 회장의 업적과 철학, 사상을 기리고자 건립되었다. 기념관에 전시되고 소장된 유물은 일제강점기부터 현대에 이르기까지의 역사와 문화를 알려주고 있다. 기념과 내에 있는 수정원은 곰솔나무와 개잎갈나무 주변을 녹지와 자연석으로 설계하고 건축 입면의 느낌과 바닷가의 풍경을 잘 살려줄 수 있는 식물을 식재하여 봄부터 늦가을까지 계절성을 느낄 수 있는 정원으로  숲의 바람을 즐길 수 있도록 연출되었다. 전시실 내에서도 수정원을 바라볼 수 있도록 하여 수정원과 전시실 그리고 관람객을 하나로 연결해 감동을 관람객 스스로 공유할 수 있도록 조성되었다. 고요한 분위기를 자아내어 일상에 지쳐 사색과 힐링이 필요한 사람들에 추천하는 공간이다.",,,20220608110246,20251204153323,http://tong.visitkorea.or.kr/cms/resource/56/2823056_image2_1.jpg,http://tong.visitkorea.or.kr/cms/resource/56/2823056_image3_1.jpg,Type1,6,3,26,710,VE,VE07,VE070200,A02,A0206,A02060200,부산광역시 기장군 임랑해안길 1 박태준기념관,,46038,129.2612503134,35.3169141022,6
2756690,39,박해윤통영해물밥상,"<a href=""http://phytongyeongfood.itrocks.kr/"" target=""_blank"" title=""새창 : 박해윤통영해물밥상 사이트로 이동"">http://phytongyeongfood.itrocks.kr/</a>","부산 동래구에 있는 박해윤통영해물밥상은 통영 출신 대표가 운영하고 있다. 생굴과 꼬막은 통영에서 매일 하루 사용분만 직접 수송해 와 신선한 해물을 즐길 수 있다. 주메뉴는 해물밥상, 굴매생이탕, 낙지샤브탕, 생굴 또는 전복 샤브탕이다. ‘어머니가 차려준 밥상’을 추구하는 대표의 경영 철학이 있어 상견례 장소로도 좋다. 2층에는 야외 루프탑이 있어 날씨 좋은 날 홍합밥 한 그릇 먹으며 시원한 바다 내음을 만끽할 수 있다. 천장이 높고 룸이 다양하게 마련되어 있어 가족 단위나 소규모 모임에도 적합한 장소이다.",,,20211013235438,20250116131744,http://tong.visitkorea.or.kr/cms/resource/09/2756909_image2_1.jpg,http://tong.visitkorea.or.kr/cms/resource/09/2756909_image3_1.jpg,Type3,6,6,26,260,FD,FD01,FD010100,A05,A0502,A05020100,부산광역시 동래구 연안로 38,(안락동),47905,129.1082532132,35.1911614625,6
2787408,39,반송187,"<a href=""http://instagram.com/bansong187_official/"" target=""_blank"" title=""새창 : 반송187 사이트로 이동"">http://instagram.com/bansong187_official/</a>","반송187은 부산에 위치한 전통 한옥 카페로, 주차 공간이 넉넉하고 내부에는 다양한 좌석이 마련되어 있어 편안하게 머무르기 좋다.  정갈하게 쌓아 올린 돌담과 마당 곳곳에 아름답게 피어난 꽃들이 한순간 마음을 편하게 만들어준다. 돌담을 따라 심어진 멋스러운 소나무가 번잡한 도심 풍경을 잊게 만든다. 187라떼는 꼬숩고 진한 맛으로 방문객들에게 호평을 받고 있으며, 한옥의 아름다움과 함께 여유로운 시간을 보낼 수 있는 곳이다.",,,20211207200519,20250828101956,http://tong.visitkorea.or.kr/cms/resource/53/2792153_image2_1.jpg,http://tong.visitkorea.or.kr/cms/resource/53/2792153_image3_1.jpg,Type3,6,16,26,350,FD,FD05,FD050100,A05,A0502,A05020900,부산광역시 해운대구 신반송로182번길 2-15 (반송동),,48011,129.1608948106,35.2291387386,6
2875862,38,반송3동골목시장,,"반송골목시장은 부산광역시 해운대구 반송3동에 위치한 상가형 시장으로, 생활밀착형 전통시장이다. 이 시장은 2006년에 처음 문을 열었으며, 현재는 약 100여 개의 점포들이 길게 이어진 형태로 구성되어 있다. 주로 농산물, 수산물, 축산물 등 신선식품과 다양한 생필품을 중심으로 판매하고 있어, 인근 주민들의 생활에 밀접하게 연관되어 있다. 시장 주변에 주택단지가 형성되어 있어 단골 고객도 많은 편이다. 반송2동 골목시장과도 인접해 있어 두 시장을 연계하여 이용하는 경우도 있다. 또한 시장 근처에 공영주차장이 마련되어 있어 차량을 이용한 방문도 가능하다.",,,20221026131833,20250704094052,http://tong.visitkorea.or.kr/cms/resource/50/2875850_image2_1.JPG,http://tong.visitkorea.or.kr/cms/resource/50/2875850_image3_1.JPG,Type3,6,16,26,350,SH,SH06,SH060200,A04,A0401,A04010200,부산광역시 해운대구 아랫반송로39번길 18-12 신발집,,48019,129.1503819766,35.2240446703,6
2907087,12,반송공원,,"부산 해운대구에 있는 반송공원은 경찰특공대 부지 89,840㎡에 조성되었다. 광장과 쉼터가 있는 진입 공간, 풋살장 같은 운동 공간, 가족 단위로 이용하기 좋은 피크닉 마당, 숲속 놀이터까지 누구나 즐기기에 좋은 다양한 공간으로 구성되어 있다. 접근성이 좋으며 공원에서 살짝만 더 올라가면 울창한 숲과 연결되는 장산 등산로 진입로가 있어 가벼운 등산을 하기도 좋다. 해운대 집라인 놀이터로도 유명한 반송공원은 아이들이 좋아하는 미끄럼틀, 해먹, 시소 등 다양한 놀이시설이 통나무로 만들어져 있다. 반려동물과 동행 시 목줄과 배변 봉투를 지참해야 하고 반송휴산림공원도 가까이 있어 함께 방문하기 좋다.",,,20221114095720,20250828102001,http://tong.visitkorea.or.kr/cms/resource/82/2907082_image2_1.JPG,http://tong.visitkorea.or.kr/cms/resource/82/2907082_image3_1.JPG,Type3,6,16,26,350,VE,VE03,VE030400,A02,A0202,A02020700,부산광역시 해운대구 반송순환로 100-53 (반송동),,48015,117.9925662504,19.6944274800,6
130796,14,반여도서관,"<a href=""https://www.haeundae.go.kr/index.do?menuCd=DOM_000001004004000000"" target=""_blank"" title=""새창 : 홈페이지로 이동"">https://www.haeundae.go.kr/</a>","부산 반여도서관은 해운대구 반여동에 위치한 도서관이며, 1999년 11월에 개관하여 지역주민의 정보화 교육 및 지식 욕구를 충족시키는 지식·정보센터이다. 1층은 총류, 사회과학, 문학, 역사 도서의 이용이 가능한 제1자료실과 잡지와 신문의 이용이 가능한 정기 간행물실, 그림책과 동화책 등 유아 및 아동 도서를 소장한 어린이실 등으로 구성되어 있다. 2층은 철학, 종교, 자연 과학, 순수 과학, 예술 도서의 이용이 가능한 제2자료실, 각종 전자책 등의 시청각 자료 이용과 인터넷 검색, 문서 작성이 가능한 디지털 자료실, 일반 열람실, 휴게실 등으로 구성되어 있고, 지하 1층에는 시청각실과 매점 등이 있다. 반여도서관은 새로운 독서문화를 정착시키고 다양한 계층이 함께 어울릴 수 있는 평생교육 프로그램을 개발하여 종합 문화 중심지로서의 역할도 수행하고 있으며, 교양강좌를 통해 새로운 지식과 정보를 제공하고, 어린이와 청소년에게 도서관 이용 교육으로 올바른 독서습관을 길러주어, 건전한 도서관 문화 형성에 기여하고 있다.",,,20060418090000,20250414113443,http://tong.visitkorea.or.kr/cms/resource/30/3081430_image2_1.JPG,http://tong.visitkorea.or.kr/cms/resource/30/3081430_image3_1.JPG,Type3,6,16,26,350,VE,VE09,VE090300,A02,A0206,A02060900,부산광역시 해운대구 재반로282번길 38,,48025,129.1338451325,35.2020357183,6
2865941,39,밤나무집,,"부산 기장군 철마면 회동동 등산로를 따라 끝자락으로 떨어지는 곳이 밤나무집이다. 밤나무집은 부산 기장 철마에 위치한 전통 추어탕과 닭백숙 맛집이다. 가마솥으로 끓인 추어탕은 얼큰하고 깊은 맛이 특징이며, 닭백숙과 오리백숙도 인기 메뉴이다. 장작불에서 직접 끓여 만들기 때문에 일반 음식점에서 느낄 수 없는 깊은 맛을 자랑한다.",,,20221012113502,20250829091345,http://tong.visitkorea.or.kr/cms/resource/16/2865916_image2_1.jpg,http://tong.visitkorea.or.kr/cms/resource/16/2865916_image3_1.jpg,Type3,6,3,26,710,FD,FD01,FD010100,A05,A0502,A05020100,부산광역시 기장군 철마면 개좌로 763-25,,46049,129.1487003269,35.2690173764,6
2571959,32,방가방가게스트하우스(풍경집),"<a href=""https://www.gamcheon.or.kr/?CE=accomm_04""target=""_blank"">https://www.gamcheon.or.kr/?CE=accomm_04</a>",감천문화마을내에 자리 잡고 있는 깨끗하고 조용하며 문화마을의 야경을 감상 할 수 있는 멋진 곳이다.,,,20181201001216,20251023143000,http://tong.visitkorea.or.kr/cms/resource/96/2571096_image2_1.jpg,http://tong.visitkorea.or.kr/cms/resource/96/2571096_image2_1.jpg,Type3,6,10,26,380,AC,AC06,AC060200,B02,B0201,B02011100,부산광역시 사하구 감내1로224번길 7,(감천동),49365,129.0097699096,35.0970840680,
2840921,39,방코,,"부산광역시 강서구 명지동 화덕피자 맛집 방코는 낙동강 하굿둑을 지나서 명지에 들어오자마자 초입에 있다. 빨간 벽돌의 둥근 외벽이 마치 화덕을 닮은 듯한 독특한 구조의 건축물과 갤러리를 연상시키는 깔끔하고 모던한 실내 공간에서 재즈 클래식을 들으며 특별한 식사를 즐길 수 있다. 화덕피자와 함께 와인, 맥주를 즐길 수 있는 피자집이며 내부에 건물 모양과 닮은 화덕이 있다. 중앙 정원이 통유리로 보이고 그 주위로 테이블이 배치되어 있다. 이태리식 다양한 피자와 파스타를 맛볼 수 있는 방코는 실내 인테리어 특성상 위험 요소가 있어 노키즈 존이며 브레이크 타임도 긴 편이어서 미리 확인하고 방문하길 권한다.",,,20220822163918,20250605094651,http://tong.visitkorea.or.kr/cms/resource/13/2840913_image2_1.jpg,http://tong.visitkorea.or.kr/cms/resource/13/2840913_image3_1.jpg,Type3,6,1,26,440,FD,FD03,FD030200,A05,A0502,A05020200,부산광역시 강서구 새진목길 51 (명지동),,46717,128.9222825768,35.1154998440,6
2869113,39,배종관동래삼계탕,"<a href=""http://051-555-2464.okqr.co.kr""target=""_blank"" title=""새창 : 배종관동래삼계탕 사이트로 이동"">http://051-555-2464.okqr.co.kr</a>","배종관동래삼계탕은 30년 이상의 전통을 자랑하는 삼계탕 전문점이다. 대표 메뉴로는 녹각, 황기, 당귀, 잣, 밤, 구기자, 대추 등 7가지 한약재를 넣어 정성스럽게 끓여낸 궁중약계탕과, 인기가 많은 동래삼계탕이 있다. 특히 배종관동래삼계탕만의 특징은 부드럽게 익힌 닭 위에 파채를 듬뿍 올려내는 방식인데, 은은한 파 향이 국물과 어우러져 풍미를 더해주며 만족하는 손님들이 많다. 함께 제공되는 겉절이, 잘 익은 깍두기, 시원한 동치미는 삼계탕의 풍부한 맛을 더욱 돋워준다. 삼계탕 속에는 건강한 맛이 가득 밴 찰밥이 넉넉히 들어 있어 식사의 든든함까지 책임진다. 배종관동래삼계탕은 전통과 정성을 한 그릇에 담아낸 건강한 보양 음식점이다.",,,20221018140526,20250620150549,http://tong.visitkorea.or.kr/cms/resource/07/2869107_image2_1.JPG,http://tong.visitkorea.or.kr/cms/resource/07/2869107_image3_1.JPG,Type3,6,6,26,260,FD,FD01,FD010100,A05,A0502,A05020100,부산광역시 동래구 동래로116번길 39 (복천동),,47809,129.0847770907,35.2052983330,6
2677748,12,백양산 웰빙숲,"<a href=""https://www.sasang.go.kr/tour/index.sasang?menuCd=DOM_000000602002004000"" target=""_blank"" title=""새창 : 홈페이지로 이동"">https://www.sasang.go.kr/tour</a>","부산 북구 백양산에 위치한 백양산 웰빙숲은 운수천 주변 환경을 개선하여 시민들의 휴식공간으로 재탄생된 곳으로, 자연과 사람이 공존하는 곳이다. 편백림 태교 명상숲, 숲 속 테마 놀이터, 데크 쉼터, 계곡 전망대, 운수천 체험숲길, 가족이야기 숲 등 다양한 시설은 지친 몸과 마음을 휴식하기에 좋다. 피톤치드를 느끼며 데크길을 따라 산책하기에도 좋으며, 숲속테마놀이터와 자연놀이숲에는 숲미끄럼틀, 숲속놀이집과 징검다리, 트리하우스 등이 있어 아이들과 함께 시간을 보내기에도 좋은 휴식 공간이다.",,,20201021223142,20251128094618,http://tong.visitkorea.or.kr/cms/resource/04/3575804_image2_1.jpg,http://tong.visitkorea.or.kr/cms/resource/04/3575804_image3_1.jpg,Type1,6,9,26,530,NA,NA01,NA010200,A01,A0101,A01010400,부산광역시 사상구 모라동,,46930,129.0093258839,35.1849381103,6
2554111,14,범어사 성보박물관,"<a href=""http://www.beomeomuseum.org/"" target=""_blank"" title=""새창 : 홈페이지로 이동"">http://www.beomeomuseum.org/</a>","범어사 성보박물관은 2003년 개관하였으며 범어사 및 범어사 말사의 불교문화재를 보관, 전시, 연구하는 불교문화재 전문 박물관이다. 범어사는 부산광역시 금정구 범어사로(구 청룡동) 금정산 동쪽 기슭에 위치한 사찰로 대한불교 조계종 제14교구 본사이다. 합천 해인사, 양산 통도사와 더불어 영남의 3대 사찰로 불리며, 2012년 11월 사부대중의 수행정진과 화합을 바탕으로 지유대종사를 초대 방장으로 모시고 총림으로 지정되었다. 본 박물관은 범어사의 오랜 역사와 사회적 역할을 증명하듯 유물 종류와 양 또한 적지 않으며, 특히 그중에서도 다양한 전적들과 책판 및 불교회화가 주를 이루고 있다.",,,20180718022709,20250304172340,http://tong.visitkorea.or.kr/cms/resource/18/3342818_image2_1.jpg,http://tong.visitkorea.or.kr/cms/resource/18/3342818_image3_1.jpg,Type3,6,2,26,410,VE,VE07,VE070100,A02,A0206,A02060100,부산광역시 금정구 범어사로 250,(청룡동),46200,129.0681152667,35.2839753157,6
2708108,12,범일 이중섭거리,"<a href=""https://www.bsdonggu.go.kr/tour/index.donggu?menuCd=DOM_000000307001002003""target=""_blank"" title=""새창: 동구 문화관광 홈페이지로 이동"">https://www.bsdonggu.go.kr/tour/</a>","범일 이중섭거리는 부산 동구 범일동에 위치한 곳이다. 이중섭은 대한민국의 화가로 한국전쟁 시절 피란민촌인 범일동에서 머물렀다고 한다. 이중섭거리에는 이중섭 갤러리, 이중섭 계단, 이중섭 전망대를 구경할 수 있는데 전망대에서는 범일동의 풍경을 훤히 내려다볼 수 있다. 또한 거리를 거닐다 보면 이중섭 화가의 작품들과 다양한 포토존을 볼 수 있다. 거리의 미술관이라고 불리는 이중섭거리에서 작품을 감상하며 추억을 남기는 여행을 즐길 수 있다.",,,20210304233356,20251023143000,http://tong.visitkorea.or.kr/cms/resource/71/3552571_image2_1.jpg,http://tong.visitkorea.or.kr/cms/resource/71/3552571_image3_1.jpg,Type1,6,5,26,170,VE,VE04,VE040100,A02,A0203,A02030600,부산광역시 동구 범일동,,48702,129.0521955945,35.1403327856,6
309338,12,법륜사(부산),,"법륜사는 동래구 칠산동 학소대에 자리한 사찰이다. 이곳은 삼국사기에 나오는 거칠산국이 있던 곳으로 추정되는 유서 깊은 곳으로, 금동관·무기 등이 출토된 바 있는 복천동 고분군과 학이 집단으로 둥지를 틀고 살았던 학소대를 기반으로 하고 있다. 동래 중심지에 우뚝 솟은 학소대의 모습은 그 옛날부터 학이 깃들만한 명소임을 한눈에 알 수 있을 정도로 울창한 소나무로 둘러싸인 곳이다. 법륜사는 범어사의 포교당으로 창건되어, 야학운동을 통한 문맹퇴치와 3.1 운동의 본거지로 민중교화와 민족정신을 배양하던 곳이다. 범어사가 부산지역 포교를 위해 개설한 포교당은 모두 5개이며, 이 중 4개는 모두 없어지고 동래 포교당만이 그 명맥을 유지하고 있어 근대 영남지역 불심을 이끌어 온 본거지라 할 만큼 대중 포교의 중심에 있어 온 사찰이다. 법륜사는 도심 속에 있으나 풍광이 아름다우며 인근에 동래 복천동 고분군 등 관광지가 많다.",,,20071130234546,20250513165123,http://tong.visitkorea.or.kr/cms/resource/97/3081197_image2_1.JPG,http://tong.visitkorea.or.kr/cms/resource/97/3081197_image3_1.JPG,Type3,6,6,26,260,HS,HS03,HS030100,A02,A0201,A02010800,부산광역시 동래구 동래로 160 (칠산동),,47810,129.0879435276,35.2036235793,6
3533137,32,베를리너 하우스,,"전포 사잇길 메인에 위치한 베를리너 하우스는 부산에서 가장 핫한 나이트라이프를 즐길 수 있는 전포사잇길 거리에서 가장 쾌적하고 편안한 휴식을 제공합니다.
최소 2박 이상 예약 가능합니다.",,,20250908215716,20250922124918,,,,6,7,26,230,AC,AC06,AC060200,B02,B0201,B02011100,부산광역시 부산진구 전포대로224번길 26 (전포동),2층,47303,129.0669383150,35.1564645846,6
2811461,32,베이몬드호텔,"<a href=""http://www.baymond.co.kr/"" target=""_blank"" title=""새창 : 베이몬드호텔 홈페이지로 이동"">http://www.baymond.co.kr/</a>","베이몬드 호텔은 도보 5~10분 거리에 해운대해수욕장과 해운대역이 있어 접근성이 뛰어나 인기가 좋다. 객실은 총 6개로 스탠다드, 디럭스, 스위트 등 다양하고, 모든 객실에 라지 킹 사이즈 침대를 두어 편안한 잠자리를 선사한다. 일부 객실에서는 해운대의 전경을 만끽할 수 있다. 호텔 꼭대기에 자리한 베이루프탑은 해운대 해수욕장을 내려다보며 수영을 하거나 빈백에서 일광욕을 즐길 수 있어 인기가 좋다. 식사는 호텔 3층 레스토랑에서 할 수 있고, 셀프세탁실이 있다.",,,20220310154145,20250122135930,http://tong.visitkorea.or.kr/cms/resource/28/2808328_image2_1.png,http://tong.visitkorea.or.kr/cms/resource/28/2808328_image2_1.png,Type3,6,16,26,350,AC,AC01,AC010100,B02,B0201,B02010100,부산광역시 해운대구 해운대해변로209번가길 27,,48093,129.1567804158,35.1595992286,6
3028593,32,베이하운드호텔,"<a href=""http://www.bayhoundhotel.com/"" target=""_blank"" title=""새창 : 베이하운드호텔 홈페이지로 이동"">http://www.bayhoundhotel.com</a>","부산 구도심의 중심지인 남포동에서 영도다리를 건너면 베이하운드호텔이 있다. 9층 건물에 69개의 객실이 있으며 부대시설로는 카페 더 그리너리, 세탁실, 비지니스룸 등을 갖추고 있다. 부산대교와 영도다리를 바라보며 멋진 부산의 야경을 감상할 수 있는 호텔이다. 지하철 1호선 남포역에서 도보로 5분거리에 위치하고 있으며 영도의 핫한 관광지인 흰여울문화마을, 태종대, 국립해양박물관, 중리노을전망대와 가깝다. 또 자갈치시장, 롯데백화점 광복점, 국제시장, 용두산공원 등이 인근에 있어 부산을 찾는 국내외 관광객들이 많이 이용하는 곳이다.",,,20231031120854,20250801161329,http://tong.visitkorea.or.kr/cms/resource/73/3028573_image2_1.JPG,http://tong.visitkorea.or.kr/cms/resource/73/3028573_image3_1.JPG,Type3,6,14,26,200,AC,AC04,AC040100,B02,B0201,B02010900,부산광역시 영도구 태종로65번길 11 (대교동1가),베이하운드호텔,49037,129.0384647425,35.0931822552,6
130668,14,벡스코(BEXCO),"<a href=""https://www.bexco.co.kr/kor/Main.do"" target=""_blank"" title=""새창 : 벡스코 홈페이지로 이동"">https://www.bexco.co.kr/kor/Main.do</a>","부산광역시 해운대구에 있는 BEXCO는 2001년 9월 개관한 국제 규모의 전시·컨벤션센터이다. 벡스코의 시설로는 제 1전시장, 제 2전시장, 회의실 13개소, 컨벤션홀 19개소, 대형 공연장인 오리토리움 등으로 구성되어 있다. 벡스코는 기둥이 없는 초대형 단층 공간으로 전문 전시장과, 다목적홀, 야외전시장, 상설전시장을 갖추고 있으며, 각종 첨단 설비가 완벽하게 갖춰져 있어 국제 전시회 및 국내 전시회, 대규모 회의, 공연, 이벤트, 스포츠 행사장으로 활용되고 있다. 부산코믹월드, 부산국제모터쇼, 부산국제철도기술산업전 등 다양한 정기 행사와 공연을 개최하는 국내 대표 전시장이다.",,,20051021090000,20251121143803,http://tong.visitkorea.or.kr/cms/resource/55/3020355_image2_1.jpg,http://tong.visitkorea.or.kr/cms/resource/55/3020355_image3_1.jpg,Type3,6,16,26,350,VE,VE07,VE070400,A02,A0206,A02060400,부산광역시 해운대구 APEC로 55,,48060,129.1363347095,35.1691116738,6
2840956,39,벨렘351,"<a href=""https://www.instagram.com/belem_main_store/""target=""_blank"" title=""새창: 벨렘351 홈페이지로 이동"">https://www.instagram.com/belem_main_store/</a>","벨렘351은 부산 강서구 대저생태공원 인근에 위치한 대형 베이커리 카페로, 넓은 공간과 감각적인 인테리어로 인기가 있다. 이곳은 제과 명인으로 인증받은 대표가 운영하는 곳으로, 2019년 포르투갈 현지를 직접 방문해 현지 장인으로부터 전통 에그타르트의 제빵 기술을 전수받았다. 정통의 맛을 완벽하게 재현하기 위해 포르투갈에서 사용하는 제빵 기계를 직수입해 베이커리 생산에 활용하고 있다. 빵 외에도 커피와 다양한 디저트를 함께 즐길 수 있으며, 건물 상층에 위치한 루프탑은 대저생태공원의 전경을 한눈에 내려다볼 수 있다. 루프탑 공간은 탁 트인 개방감을 자랑하며, 단체 손님이 이용할 수 있는 넓은 테이블부터 커플을 위한 아늑한 프라이빗 공간까지 다양하게 마련되어 있어 누구나 편안하게 머물 수 있는 분위기를 제공한다.",,,20220822164853,20250605095508,http://tong.visitkorea.or.kr/cms/resource/33/2840933_image2_1.jpg,http://tong.visitkorea.or.kr/cms/resource/33/2840933_image3_1.jpg,Type3,6,1,26,440,FD,FD05,FD050100,A05,A0502,A05020900,부산광역시 강서구 대저로299번길 6 (대저1동),,46702,128.9845550922,35.2115096751,6
1607242,12,보광사(부산),,보광사는 수정산 자락에 있는 대한불교 조계종의 사찰로 부산광역시 동구 범일동에 위치해 있다. 현대에 지어진 사찰로서 깨끗한 경내시설을 갖추고 있고 도시에서 산을 접할 수 있는 곳에 자리해 방문객들의 편의를 높였다. 보광사 대웅전에는 18세기 전후에 제작된 불상인 목조아미타여래삼존상이 봉안되어 있으며 보존 상태도 양호하다. 색난 계열의 조각승에 의해 제작된 불상으로 추정된다. 본존은 아미타여래이며 양측의 좌우협시보살은 관음과 대세지보살로서 모두 3구로 구성되어 있다.,,,20120419204829,20251023143000,http://tong.visitkorea.or.kr/cms/resource/04/3552504_image2_1.jpg,http://tong.visitkorea.or.kr/cms/resource/04/3552504_image3_1.jpg,Type1,6,5,26,170,HS,HS03,HS030100,A02,A0201,A02010800,부산광역시 동구 범상로1번길 35,,48702,129.0468821528,35.1408826262,6
2789334,12,보람공원,,"부산 강서구 명지동에 있는 보람공원은 벚꽃이 흐드러지게 피는 봄에 멋진 풍경을 연출하는 곳이어서 부산 지역의 숨은 벚꽃놀이 명소로도 알려져 있다. 또한  공원 안에는 보람정이라는 정자도 있어 어르신들이 잠시 쉬어 담소를 나누기도 한다. 운동기구뿐 아니라 쉴 수 있는 벤치, 풋살장과 농구장이 있어 휴식뿐만 아니라 체육생활도 즐길 수 있다.  '외국인 근로자와 함께하는 Global park 정비사업'으로 만들어진 풋살장은 누구나 이용할 수 있지만, 녹산산단 내 외국인 근로자의 체육 등 여가 활동과 지역 사회 조기 정착 지원을 목적으로 세워져 외국인 근로자를 우선 배려하는 공원이기도 하다.",,,20211208213726,20250318220118,http://tong.visitkorea.or.kr/cms/resource/45/3337845_image2_1.jpg,http://tong.visitkorea.or.kr/cms/resource/45/3337845_image3_1.jpg,Type3,6,1,26,440,VE,VE03,VE030100,A02,A0202,A02020700,부산광역시 강서구 녹산산단262로14번길 20,(송정동),46757,128.8432429784,35.0881459047,6
2870885,39,보리에 브레드 팩토리,,"부산 사하구 다대동에 위치한 보리에 브레드 팩토리는 천연 발효종과 계절과일 등 엄선한 재료들로 만든 브런치부터 디저트까지 80여 종이 넘는 다양하고 맛 좋은 빵을 맛볼 수 있는 베이커리 카페이다. 베이커리와 카페뿐만 아니라 지역주민과 상생하는 로컬마켓과 가족, 연인, 친구와 함께할 수 있는 쿠킹클래스 등 다채로운 복합문화공간을 지향하는 곳이다. 카페 입구에는 300년이 넘은 은행나무가 자리하고 있는데, 이 나무를 옮겨와 새 공간에 과거의 시간을 더했다.",,,20221019165617,20250829154440,http://tong.visitkorea.or.kr/cms/resource/76/2870876_image2_1.jpg,http://tong.visitkorea.or.kr/cms/resource/76/2870876_image3_1.jpg,Type3,6,10,26,380,FD,FD05,FD050100,A05,A0502,A05020900,부산광역시 사하구 다송로72번길 50 (다대동),,49521,128.9816844453,35.0609625943,6
2785270,39,복성반점,,"부산의 복성반점은 짬뽕 맛집이다. 당일 구입한 신선한 한치와 관자, 조갯살, 새우 등 푸짐한 해산물을 넣어 만든 짬뽕으로 소문난 집이다. 해산물이 주는 시원함과 채소가 주는 감칠맛에 정성을 한가득 들여 끓여 내는 짬뽕은 기호에 맞게 맵기를 보통맛과 매운맛으로 조절해서 시킬 수 있다.",,,20211202223831,20250828092951,http://tong.visitkorea.or.kr/cms/resource/55/2790955_image2_1.JPG,http://tong.visitkorea.or.kr/cms/resource/55/2790955_image2_1.JPG,Type3,6,10,26,380,FD,FD02,FD020100,A05,A0502,A05020400,부산광역시 사하구 하신중앙로 289 (하단동),,49428,128.9624793993,35.1036769053,6
2845123,39,본가딸부자전복죽집,,"부산 기장 연화리에 있는 본가딸부자는 가정식 주택을 개조하여 식당으로 운영 중이다. 외관이 파란 기와와 흰색 벽돌로 되어 있어 찾기 쉽다. 내부는 깔끔하고 좌석 간 거리가 넓어 쾌적하다. 대표 메뉴인 전복죽은 큼직한 솥에 전복 내장이 들어가 푸르스름한 색의 밥에 꼬들꼬들 전복이 푸짐하게 나온다. 진한 바다향이 가득 담겨 나오는 전복죽은 해산물 전문점이지만 전복죽 전문점이라 해도 손색없다. 해물 모듬과 낙지, 개불, 해삼, 삶은 고동, 전복 회, 전복구이 등 단품 메뉴 주문도 가능하다. 전복죽과 함께 곁들여 먹기 좋게 맛보기 모둠도 준비되어 있다.",,,20220829152638,20250609143136,http://tong.visitkorea.or.kr/cms/resource/06/2845106_image2_1.jpg,http://tong.visitkorea.or.kr/cms/resource/06/2845106_image3_1.jpg,Type3,6,3,26,710,FD,FD01,FD010100,A05,A0502,A05020100,부산광역시 기장군 기장읍 연화2길 14-1,,46082,129.2260450183,35.2175468041,6
3470763,32,본호텔,,,,,20250124134457,20250319175938,,,,6,8,26,320,AC,AC01,AC010100,B02,B0201,B02010100,부산광역시 북구 낙동대로 1746-8 (구포동),,46501,128.9999843707,35.2090574567,6
2763881,38,부곡상가시장,,"부곡상가시장은 1978년 주상 복합 건물의 점포를 분양하면서 형성됐다. 상가 건물 주변으로 시장 거리가 형성됐는데, 점포가 입점한 상가를 ‘부곡상가시장’이라 부르고, 상가와 주변에 형성된 시장 거리를 합쳐 ‘부곡시장’이라 부르기도 한다. 2005년 전통시장으로 인정받았다.
상가 안에는 건어물 상점, 슈퍼, 횟집 등의 점포가 있고 시장 주변에는 주로 채소, 과일, 공산품 등을 취급하는 점포가 있다. 전통시장 활성화를 위해 전 점포가 온누리상품권에 가맹되어 있다. 다양한 볼거리, 먹거리가 있는 부곡시장은 날씨와 상관없이 장을 볼 수 있도록 골목에 천막을 설치하여 운영하고 있다.",,,20211028001646,20251105172702,http://tong.visitkorea.or.kr/cms/resource/95/3561995_image2_1.jpg,http://tong.visitkorea.or.kr/cms/resource/95/3561995_image3_1.jpg,Type1,6,2,26,410,SH,SH06,SH060200,A04,A0401,A04010200,부산광역시 금정구 부곡로 107,"(부곡동,부곡상가맨션)",46302,129.0914815074,35.2255211909,6
130216,14,부산 강서문화원,"<a href=""http://www.bsgangseo.com/"" target=""_blank"" title=""새창 : 부산강서문화원 홈페이지로 이동"">http://www.bsgangseo.com/</a>","부산 강서문화원은 1995년 1월에 개원한 곳으로, 지역문화의 계발, 연구, 조사 및 문화진흥을 목적으로 설립되었다. 풍물, 민요, 가야금 등의 문화강좌를 운영하고 있으며 이를 통해 지역민들에게 문화 예술 체험의 기회를 제공하고 있다. 이 밖에도 문화 관광해설, 문화 나눔 봉사, 민속공연 등을 통해 지역의 문화자원을 활용할 뿐만 아니라 문화를 통해 지역사회 발전에 기여하고자 한다.",,,20071106104713,20250318220411,http://tong.visitkorea.or.kr/cms/resource/88/3336488_image2_1.jpg,http://tong.visitkorea.or.kr/cms/resource/88/3336488_image3_1.jpg,Type3,6,1,26,440,VE,VE09,VE090100,A02,A0206,A02060700,부산광역시 강서구 낙동북로 477 강서구청,별관 3층,46702,128.9805054495,35.2113235102,6
1922538,25,부산 금정산에서 마음을 비우다,,"신라 의상대사가 창건한 범어사는 해인사, 통도사와 함께 영남의 3대 사찰로 꼽힌다. 화엄종 10찰의 하나로 창건사적이나 고적기에 신라 흥덕왕 때 창건되었다 기록되어 있다. 하지만 부산 관광지로 가장 유명한 해운대와 남포동에 밀려 상대적으로 덜 알려진 편이다. 부산의 북쪽 외곽에 자리한 금정산과 더불어 트레킹으로 살펴보아도 좋고 차량으로 이동해도 괜찮다. 산성마을로 올라가는 길은 드라이브 코스로도 손색없는 덕분이다. 산성마을 별미인 산성막걸리와 염소불고기를 맛본 후 동래온천에서 피로를 날려버리자. 해물과 파가 야무지게 들어간 동래파전으로 하루 일정을 마무리 하면 어떨까.",,,20140530231519,20230808152914,http://tong.visitkorea.or.kr/cms/resource/50/1459550_image2_1.jpg,http://tong.visitkorea.or.kr/cms/resource/50/1459550_image3_1.jpg,Type3,6,2,26,410,C01,C0114,C01140001,C01,C0114,C01140001,,,,129.0568164127,35.2781007650,7
130798,14,부산 동구도서관,"<a href=""http://www.bsdonggu.go.kr/library/index.donggu"" target=""_blank"" title=""새창 : 부산 동구도서관 홈페이지로 이동"">http://www.bsdonggu.go.kr</a>","1998년 4월 개관한 부산동구도서관은 21세기 정보화 사회를 선도하는 도서관이다. 종합자료실과 어린이실, 시청각실, 어학실 등 기본적인 시설을 갖추고 정기간행물실에는 최신정보 제공을 위한 신문, 잡지, 법령집, 관보 및 취업정보, 수험정보 등을 보유하고 있다. 또한 이곳은 지역 주민을 위한 다양한 프로그램을 개발하여 운영하고 있으며, 색종이 접기, 한문교실 등 교양강좌를 수강할 수 있고, 일반인 독서회, 청소년 독서회, 어린이 독서회 등 연령에 맞춰 다양한 독서회를 개설 운영하고 있다. 그 밖에도 도서관 주간 행사, 독서의 달 행사, 기타 강연회, 독후감 모집, 시낭송회, 동화구연대회, 글짓기대회 등 다양한 행사를 주최하고 있다.",,,20060418090000,20250319190524,http://tong.visitkorea.or.kr/cms/resource/48/3343348_image2_1.jpg,http://tong.visitkorea.or.kr/cms/resource/48/3343348_image3_1.jpg,Type3,6,5,26,170,VE,VE09,VE090300,A02,A0206,A02060900,부산광역시 동구 성북로36번길 54,(범일동),48763,129.0524428566,35.1380885970,6
1303697,38,부산 르네시떼,"<a href=""http://www.renecite21.com"" target=""_blank"" title=""르네시떼 홈페이지로 이동"">http://www.renecite21.com</a>","르네시떼(renecite)는 '다시 새롭게 태어난다'라는 뜻의 르네(rene)와 '유통복합체'를 의미하는 시떼(cite)의 합성어로 패션을 리드하는 이미지를 불어로 표현한 상호명이다. 1999년 2월 오픈해 부산의 동대문시장으로 불릴 만큼 다양한 상품을 취급하고 있다. 르네시떼는 원스톱쇼핑의 꿈을 실현하는 곳으로, 패션의류 부터 전자제품, 가구, 패션잡화 등 다양한 품목을 취급하는 복합유통 도소매 상가이다. 휴게실, 수유실, 북카페 등 각종 편의시설을 갖추고 있으며, 부산 지하철 2호선 사상역과 부산김해경전철 괘법르네시떼역과 가까워 교통이 편리하다.",,,20110610012732,20250414140448,http://tong.visitkorea.or.kr/cms/resource/72/3476772_image2_1.jpg,http://tong.visitkorea.or.kr/cms/resource/72/3476772_image3_1.jpg,Type3,6,9,26,530,SH,SH05,SH050200,A04,A0401,A04010600,부산광역시 사상구 광장로 7,(괘법동),46970,128.9776597721,35.1638537784,6
231945,12,부산 복천동 고분군,"<a href=""https://museum.busan.go.kr/bokcheon/tumbpark01"" target=""_blank"" title=""새창: 복천박물관 홈페이지로 이동"">https://museum.busan.go.kr/bokcheon</a>","부산 복천동 일대의 구릉 위에 있는 가야 때 무덤들이다. 여러 차례에 걸친 발굴 조사로 40여 기의 무덤이 확인되었으나, 대부분의 무덤은 아직도 땅 밑에 남아있다. 무덤의 형태는 땅을 파서 넓은 방을 만들고 나무관을 넣은 덧널무덤, 땅 속에 네모난 돌로 벽을 쌓고 천장을 덮어 만든 구덩이식 돌방무덤, 땅 속에 시체를 바로 묻는 널무덤을 비롯해 여러 가지 형식의 무덤들이 있다. 구릉의 원래 이름을 따서 학소대(鶴巢臺) 고분군이라고도 한다. 동아대학에 의해 10여 기가 최초로 발굴된 이래, 부산 대학이 1974년 구릉 동쪽 사면에 있는 3기의 고분을 발굴하였다. 이후 부산대학박물관과 부산시립박물관에 의해 100여 기가 넘는 고분군이 발굴조사되었다. 이 무덤들에는 도굴되지 않은 큰 무덤이 많아 다양한 유물이 출토되었다. 굽다리접시, 목항아리, 토제등잔을 비롯한 토기류는 낙동강 하류지역의 특징적인 토기들이다. 철제 갑옷·투구류도 다양하게 출토되었다.",,,20071016090000,20250509102810,http://tong.visitkorea.or.kr/cms/resource/94/3083494_image2_1.JPG,http://tong.visitkorea.or.kr/cms/resource/94/3083494_image3_1.JPG,Type3,6,6,26,260,HS,HS01,HS010800,A02,A0201,A02010700,부산광역시 동래구 복천로 66,,47802,129.0906820891,35.2068732659,6
3532971,15,부산 서구 의료관광축제,"<a href=""https://blog.naver.com/seogu00/223968898950"" title=""새창 :부산 서구 의료관광축제 홈페이지 이동"">https://blog.naver.com/seogu00/223968898950</a>","제4회 부산 서구 의료관광축제가 오는 9월 11일과 12일 이틀간 송도오션파크 일원에서 서구, 부산대학교병원·동아대학교병원·고신대학교복음병원·삼육부산병원 공동 주관으로 개최된다. 개막식은 12일 오후 3시에 있을 예정이다. 이 축제는 부·울·경 최초 ‘의료관광특구’인 서구를 널리 알리는 것은 물론, '비즈니스 상담·바이어 팸투어' 등을 통해 외국인환자 유치 활성화 기반을 마련하고, 주민·관광객들에게 올바른 건강 정보와 다양한 의료 체험 기회를 제공하기 위한 것이다. 축제 현장에서는 ‘건강챌린지 게임’, ‘심폐소생술 강연’, ‘명상 요가’, ‘바른걸음 원데이 클래스’ 등 남녀노소 누구나 참여할 수 있는 프로그램이 운영된다. 올해는 특히 관광객 참여를 확대하기 위해 ‘웰빙&글로벌 푸드존’을 새로 조성하고, ‘찾아가는 의료버스’와 ‘플리마켓’ 존을 신설했다. 또한 ‘어린이 보건 뮤지컬’, ‘키즈 닥터 체험관’, ‘레이싱 에어바운서’ 등 아동 맞춤형 프로그램을 강화해 가족 단위 관람객의 호응을 이끌 계획이다. 의료와 문화가 어우러진 무대도 준비된다. 대학병원 명의와 함께하는 ‘건강 토크 콘서트’를 비롯해 마술·벌룬·저글링쇼, 팝페라·색소폰 공연, ‘미스터트롯3 추혁진'의 개막 축하 공연은 관객들에게 힐링의 시간을 선사할 예정이다. 건강 관련 상담과 전시·홍보·체험행사는 60여 개 부스에서 진행되는데, 공동 주관 병원과 보건소, 한의사회 등이 참여해 골밀도 검사, 폐활량 검사, 혈압·혈당 측정, 한의학 약침 진료, 올바른 약 복용 상담 등 다양한 건강 서비스와 정보를 제공한다. 이와 함께 서구와 부산테크노파크는 ‘헬스케어 산업 홍보관’을 운영해 지역 유망 의료기술 업체들의 제품 전시와 체험 기회를 마련, 의료·산업·관광이 결합된 서구만의 특화된 매력을 선보인다.",051-240-4017,부산광역시 서구,20250908172625,20250909154409,http://tong.visitkorea.or.kr/cms/resource/55/3532955_image2_1.jpg,http://tong.visitkorea.or.kr/cms/resource/55/3532955_image3_1.jpg,Type3,6,11,26,140,EV,EV01,EV010600,A02,A0207,A02070200,부산광역시 서구 송도해변로 36 (암남동),,49275,129.0174754570,35.0727563766,6
1215432,32,부산 센트럴호텔,"<a href=""http://www.pusancentral.com"" title=""새창: 센트럴호텔 인스타그램으로 이동"" target=""_blank"">http://www.pusancentral.com</a>","부산 연제구에 있는 센트럴호텔은 연산동 지하철역과 50m 거리에 있고 부산역, 김해공항, 부산여객터미널이 자동차로 30분 거리에 있어 이동에 편리하다. 무료 Wi-Fi와 같은 기본적인 편의시설도 잘 갖추어져 있고 여유로운 퇴실시간으로 편안한 숙박을 돕는다. 건물 1층에 은행, 커피숍, 레스토랑 등 편의시설이 잘 갖추어져 있으며, 영어, 일본어 외국어 안내 서비스 및 유료 조식서비스를 제공한다.",,,20110224215351,20250326152406,http://tong.visitkorea.or.kr/cms/resource/01/2640501_image2_1.jpg,http://tong.visitkorea.or.kr/cms/resource/01/2640501_image3_1.jpg,Type3,6,13,26,470,AC,AC01,AC010100,B02,B0201,B02010100,부산광역시 연제구 중앙대로 1122,(연산동),47520,129.0815722951,35.1877669046,6
2504464,12,부산 송도해상케이블카,"<a title=""새창 : 부산에어크루즈 송도해상케이블카 홈페이지로 이동"" href=""http://busanaircruise.co.kr/"" target=""_blank"">http://busanaircruise.co.kr/</a>","송도해수욕장에 위치한 송도해상케이블카는 우리나라 제1호 공설해수욕장인 송도해수욕장의 옛 명성을 되살리기 위해 29년 만에 복원되었다. 부산에어크루즈는 해수욕장 동쪽 송림공원에서 서쪽 암남공원까지의 구간을 바닥이 투명한 크리스털캐빈을 포함하여 최신기종인 캐빈 39기가 운행된다. 특히, 바다 위를 가로질러 운행함으로써 부산 송도 일대의 빼어난 풍광을 즐길 수 있다. 이 밖에 국내 최초의 케이블카 뮤지엄 ‘송도 도펠마이어 월드’, 아시아 최초의 공중그네 ‘스카이스윙’, ‘테마파크 포토서비스 ’등 다양한 테마시설과 볼거리를 제공한다.

◎ 한류의 매력을 만나는 여행 정보 - 예능 <뉴진스코드 IN 부산>
바다와 산, 그리고 하늘을 한눈에 다 담고 싶다면 ‘송도 해상케이블카’가 모든 걸 충족시켜 줄 것이다. ‘뉴진스코드 IN 부산’에서는 뉴진스 멤버들이 이 케이블카에 탑승해 발밑으로 보이는 바다와 탁 트인 자연 풍경에 감탄하는 모습을 보인다. 부산을 한눈에 담고 싶다면 ‘송도 해상케이블카’에 올라타 보는 것을 추천한다.",,,20170828204609,20251024113010,http://tong.visitkorea.or.kr/cms/resource/11/3413711_image2_1.jpg,http://tong.visitkorea.or.kr/cms/resource/11/3413711_image3_1.jpg,Type3,6,11,26,140,EX,EX07,EX070200,A02,A0203,A02030400,부산광역시 서구 송도해변로 171,,49269,129.0234248332,35.0766810472,6
126122,12,부산 송도해수욕장,"<a href=""https://www.visitbusan.net/kr/index.do?menuCd=DOM_000000201001001000&uc_seq=286&lang_cd=ko"" target=""_blank"" title=""새창: 부산 문화관광 홈페이지로 이동"">http://tour.busan.go.kr</a>","부산 자갈치시장에서 3km 떨어진 곳에 위치하며, 1913년 부산에서 제일 먼저 개장한 해수욕장이다. 2000년부터 5년여간 정비사업을 펼쳐 줄어든 백사장을 확장하고 분수대 등을 설치하며 해변공원이 되었다. 주위에 수산시장과 암남공원 등이 있다. 1913년 부산에서 최초로 개발된 해수욕장 구역으로, 1996년 4월, 군사보호구역에서 개방된 도시 자연공원인 암남공원과 바다낚시로 유명한 두도공원으로 연결된 송도는 울창한 원시림과 자연 그대로 보존된 기암괴석, 그리고 부산의 상징인 갈매기와 멀리 영도를 배경으로 한 조용한 바다정경이 장관인 곳이다.

주변에 다양한 숙박시설과 먹을거리를 갖추고 있으며 구름다리, 산책로, 보트장, 주차장 등 편의시설이 잘 갖추어져 있다. 송도 해안의 암남공원은 해안 생태 공원으로 송도 해안과 부산 남항을 한눈에 담을 수 있는 전망대, 3.8km의 산책로, 도로변 카페, 횟집들이 즐비한 곳이다. 부산시 서구 부민동 3가에는 한국전쟁 중 부산이 임시 수도였을 때 3년 동안 대통령 관저로 사용된 임시수도기념관이 있다. 송도는 이처럼 격변의 역사를 보낸 서구 암남동 장군반도 남단에 자리 잡고 있다.",,,20031209090000,20250326144550,http://tong.visitkorea.or.kr/cms/resource/86/2504686_image2_1.jpg,http://tong.visitkorea.or.kr/cms/resource/86/2504686_image3_1.jpg,Type3,6,11,26,140,NA,NA02,NA020900,A01,A0101,A01011200,부산광역시 서구 송도해변로 100,,49269,129.0164588470,35.0739256715,6
1922568,25,부산 앞바다를 한눈에 아우르다,,"부산에 가면 빼놓을 수 없는 명소가 태종대다. 부산 시내와 앞바다를 한눈에 볼 수도 있고, 주변의 절경과 잘 꾸며 놓은 길은 걷기에 매우 즐거운 곳이다. 영도등대 앞에서는 등대시설과 전시, 자연사 박물관에서 즐거운 시간을 보낼 수 있다.",,,20140530233129,20230809131031,http://tong.visitkorea.or.kr/cms/resource/86/1572286_image2_1.jpg,http://tong.visitkorea.or.kr/cms/resource/86/1572286_image3_1.jpg,Type3,6,14,26,200,C01,C0115,C01150001,C01,C0115,C01150001,,,,129.0870866804,35.0504712626,
132524,38,부산 엄궁농산물도매시장,"<a href=""https://www.busan.go.kr/egmarket/index"" target=""_blank"" title=""새창 : 부산광역시 엄궁농산물도매시장관리사업소 홈페이지로 이동"">https://www.busan.go.kr/egmarket/index</a>","엄궁농산물도매시장은 1993년 12월 개장한 대규모 농산물유통센터이다. 과일, 서양채소, 뿌리채소를 주로 취급하고 있다. 서부산권 물류거점 도매시장으로 생산자와 소비자, 유통인 모두가 믿고 찾는 도매시장을 만들기 위해 전자경매, 원산지표시, 농산물의 경락가격 등 유익한 정보를 실시간 제공하고 있다. 경매 전 농산물 안전성검사 시행 등 철저한 품질관리로 공정하고 투명한 거래질서를 확립하여 신선하고 안전한 우수농산물을 시민들에게 공급하는 데 기여하고 있다. 일반 소비자들은 주로 직판장을 이용한다. 각종 채소, 뿌리채소, 청과물, 양념류, 젓갈류, 건어물, 육류, 일용잡화 등을 취급하고 있으며 넓은 주차장을 보유하고 있어서 이용이 편리한 종합농산물도매시장이다.",,,20031120090000,20251104140611,http://tong.visitkorea.or.kr/cms/resource/02/3071002_image2_1.JPG,http://tong.visitkorea.or.kr/cms/resource/02/3071002_image3_1.JPG,Type3,6,9,26,530,SH,SH06,SH060200,A04,A0401,A04010200,부산광역시 사상구 농산물시장로9번길 11 (엄궁동),,47032,128.9643091143,35.1287185796,6
2946508,12,부산 영화의 거리,"<a href=""https://www.visitbusan.net/kr/index.do?menuCd=DOM_000000201001001000&uc_seq=361&lang_cd=ko""target=""_blank"" title=""새창 : 지자체홈페이지 이동"">https://www.visitbusan.net</a>","부산 영화의 거리는 이국적인 느낌이 물씬 나는 곳이다. 광안대교가 보이는 해운대 해변으로 부산 배경의 영화 포스터와 영화 조각상 등으로 꾸며져 있어 길을 따라 걸으며 감상할 수 있다. 천만 관객 영화존, 애니메이션존, 해운대 배경 영화존 등의 테마로 구성돼 있다. 거리 중간중간 망원경도 설치되어 있어서 아름다운 부산 바다와 광안대교를 가까이 살펴볼 수 있다. 산토리니 광장에는 황정민, 이병헌, 김혜수, 설경구 등 대한민국을 대표하는 배우들의 핸드 프린팅이 벽에 걸려 있다. 광안대교는 야경이 아름답기로 유명해 영화의 거리는 저녁시간에도 사람들의 발길이 끊이지 않는다.",,,20230131110050,20251105153332,http://tong.visitkorea.or.kr/cms/resource/43/2947043_image2_1.jpg,http://tong.visitkorea.or.kr/cms/resource/43/2947043_image3_1.jpg,Type1,6,16,26,350,VE,VE04,VE040100,A02,A0203,A02030600,"부산광역시 해운대구 마린시티1로 91 (우동, 마린시티두산위브포세이돈)",,48119,129.1444371716,35.1549495207,6
2456837,12,부산 영화의 전당,"<a href=""https://www.dureraum.org/bcc/main/main.do?rbsIdx=1"" target=""_blank"" title=""새창 : 영화의 전당 홈페이지로 이동"">https://www.dureraum.org</a>","영화의 전당은 다양한 장르의 영화와 품격 있는 공연을 감상할 수 있는 곳으로, 부산을 대표하는 영상복합문화공간이다. 2011년 개관 이후 유네스코 영화 창의도시 최고 등급 획득, 영화관 최초 ‘실내공기 우수시설’ 인증, 4회 연속 코리아유니크베뉴 선정 등을 통해 국내를 대표하는 문화예술 기관으로 자리매김했다. 부산국제영화제 개·폐막식이 열리는 4000석 규모의 야외극장을 포함하여 하늘연극장, 중극장, 소극장, 시네마테크, 인디플러스, 영화도서관 등의 다양한 규모의 극장을 갖추고 있다.",,,20200919010756,20251023173241,http://tong.visitkorea.or.kr/cms/resource/52/3035052_image2_1.jpg,http://tong.visitkorea.or.kr/cms/resource/52/3035052_image3_1.jpg,Type3,6,16,26,350,EX,EX06,EX061000,A02,A0204,A02040800,부산광역시 해운대구 수영강변대로 120,,48058,129.1270576924,35.1707946470,6
3065360,28,부산 요트투어 요트야,,"해운대 수영만 요트경기장에 있는 요트야는 요트투어를 경험할 수 있는 곳이며, 보유 요트는 라군 2017년형 모델로 카마론 요트로 흔들림이 적고, 공간이 넓어 안전하고, 편안하게 요트투어를 즐길 수 있는 요트이다. 요트투어는 약 50분 정도 소요되며, 수영만 요트경기장을 출발하여, 마린시티, 동백섬, 광안대교, 광안리해수욕장 해안을 운항하며, 아름다운 부산의 전경과 야경을 관광할 수 있는 이색경험을 할 수 있다. 선주가 직접 안전하게 운항하고 있으며, 부산지역에서 운영하는 요트 중 가장 큰 규격의 요트이다. 야간에는 선상에서 불꽃놀이도 해주고 있으며, 짐 보관 서비스도 시행하고 있으며 요트 단독 대여도 가능하다.",,,20231208174229,20250626164432,http://tong.visitkorea.or.kr/cms/resource/37/3065337_image2_1.JPG,http://tong.visitkorea.or.kr/cms/resource/37/3065337_image3_1.JPG,Type3,6,16,26,350,LS,LS02,LS020300,A03,A0303,A03030300,부산광역시 해운대구 해운대해변로 84 (우동),,48090,129.1415539265,35.1608543617,6
1960620,12,부산 자갈치 양곱창 골목,,"부산 지하철 자갈치역 10번 출구를 나오면 바로 앞 골목에 자갈치 양곱창 골목이 있다. 자갈치 시장 인근에 있어 자갈치 양곱창 골목이라 부르며, 오래전부터 양곱창집이 성업하던 곳으로 곱창을 즐기는 사람들이 많이 찾는 곳이다. 자갈치 양곱창 골목의 식당은 특이하게 한 가게 안에 들어가면 여러 식당이 입점해 있는 방식이라 한 가게 안에서도 식당을 선택해야 하는 방식의 식당이 과거부터 운영되어 오고 있으며, 한 가게만 있는 단일식당도 영업하고 있다. 식당 별 영업시간도 제각각이라 방문 시 알아보고 방문하는 게 좋다. 자갈치 양곱창집은 연탄불에 양곱창을 구워 먹는 방식이 과거부터 이어져 내려오고 있으며, 양곱창의 종류는 소금구이, 양념구이, 전골이 있으며, 특정 부위별로 섞여 나온다.",,,20141028202648,20250407155226,http://tong.visitkorea.or.kr/cms/resource/37/3049537_image2_1.JPG,http://tong.visitkorea.or.kr/cms/resource/37/3049537_image3_1.JPG,Type3,6,15,26,110,VE,VE04,VE040100,A02,A0203,A02030600,부산광역시 중구 구덕로 73,(남포동5가),48982,129.0277461155,35.0973677005,6
132190,38,부산 자갈치시장,"<a href=""https://www.bisco.or.kr/jagalchimarket/"" target=""_blank"" title=""새창: 자갈치시장"">https://www.bisco.or.kr/jagalchimarket/</a>","자갈치시장은 중구 남포동과 충무동에 걸쳐 있는 해안통으로 도심과 접하고 있어 시장기능과 위락기능을 겸하고 있을 뿐만 아니라 인근의 신동아 수산물시장, 건어물시장과 함께 부산지역의 성격을 가장 잘 보여주는 시장이다. 자갈치라는 지명은 자갈해안에서 비롯되었다는 설과 활어만을 취급한다고 하여 활어로서 많이 거래되는 ‘자갈치’란 어종의 명칭에서 유래되었다는 설이 있다. 자갈치 해안가 도로변에는 판매기장수 아주머니들이 고등어, 멍게, 고래고기 등을 파는 진귀한 모습을 볼 수 있고 1980년에 문을 연 신동아수산물시장 1층에는 활어 판매와 즉석에서 싱싱하고 맛있는 회를 맛볼 수 있으며 2, 3층에는 건어물 및 해산물 판매와 생선횟집 이 자리하고 있어 새로운 자갈치 시장의 명물로 떠오르고 있다. 

이곳의 장이 성장하게 된 것은 1889년 일본인들이 자국어민을 보호하기 위해 인근에 부산수산주식회사를 세우면서부터였다. 그곳으로 상인들이 몰리자 자갈치시장 상인들도 서서히 근대화를 모색하게 되었는데, 1922년에 이르러 부산 어업협동조합이 남포동에 건물을 짓고 위탁판매 사업을 시작함으로써 자갈치시장의 상인들이 구심점을 찾아 모여들었다. 이에 따라 부산의 어시장은 북항의 부산수산주식회사와 남항의 부산어협 위탁판매장으로 양분되었는데, 그 뒤 부산수산주식회사는 국내 최대의 어시장인 현재의 부산 공동어시장으로 발전하게 되었고, 남항에 출어하는 영세어선들의 어획물을 다루는 영세상인들이 부산어협 위탁판매장 주변에 모여 지금의 자갈치시장을 이루었다.",,,20040109090000,20250325162021,http://tong.visitkorea.or.kr/cms/resource/13/2941313_image2_1.bmp,http://tong.visitkorea.or.kr/cms/resource/13/2941313_image3_1.bmp,Type1,6,15,26,110,SH,SH06,SH060200,A04,A0401,A04010200,부산광역시 중구 자갈치해안로 52,(남포동4가),48983,129.0306042201,35.0966511661,6
132499,38,부산 자유도매시장,"<a href=""http://busanjayu.com/"" target=""_blank"" title=""새창: 부산자유도매시장 홈페이지로 이동"">http://busanjayu.com/</a>","부산의 중심지인 범일동에 위치한 자유시장은 재래 도매시장으로서 주 고객은 서민층 시민과 경상 남북도 지방의 소상인들이다. 일반 소비자들에게도 도매가격으로 상품을 판매하고 있어 누구나 저렴한 가격에 필요한 상품을 구입할 수 있다. 시장 건물은 지하 1층 지상 5층의 10,000여 평 건물에 크고 작은 매장 1,000여 점포가 있다. 1층에 밀집한 신발 매장은 부산에서는 첫 손에 꼽힐 만큼의 규모이며 자유시장 신발도매는 전국에 널리 알려진 사실이다. 
2층 매장은 남녀 의류 전 품목과 생활 한복, 혼수 이불, 양말 등 기타 잡화를 도매하는 광범위한 매장이다. 3층은 생화, 조화, 난, 화환, 꽃바구니, 기타 생활 장식품 매장이며 특히 화훼 상가는 시중가보다 훨씬 저렴하게 구입할 수 있다. 그 외에도 그릇, 전자·전기제품 등 일상생활에 필요한 생활용품을 항상 도매가로 손님을 맞이하고 있다. 자유시장을 찾아주는 고객들의 편의를 제공하기 위하여 지하주차장 서편주차장, 옥상 주차장의 규모는 손님들이 항상 주차할 수 있으며 지하에는 새마을금고와 식당가가 영업을 하고 있다.",,,20031117090000,20251105110718,http://tong.visitkorea.or.kr/cms/resource/44/3561844_image2_1.jpg,http://tong.visitkorea.or.kr/cms/resource/44/3561844_image3_1.jpg,Type1,6,5,26,170,SH,SH06,SH060200,A04,A0401,A04010200,부산광역시 동구 조방로 48,,48739,129.0611336867,35.1410439821,6
126856,12,부산 중앙공원,"<a href=""https://www.bisco.or.kr/jungangpark/"" target=""_blank"" title=""새창 : 중앙공원 사이트로 이동"">https://www.bisco.or.kr/jungangpark/</a>","중앙공원은 과거 대청 공원과 대신 공원으로 각각 나누어져 있던 것을 효율적 관리와 시민들에게 더 나은 휴식처 제공을 위해 1986년 통합된 공원이다. 구 대청 공원은 구봉산 자락에 위치하고 있으며 공원 내에 부산 민주 항쟁 기념관, 민주 공원, 대한민국 건국 이후에 나라를 위해 싸우다 죽은 국군과 경찰관의 영령을 모시는 위령탑인 충혼탑 등이 있다. 구 대신 공원은 구덕산과 엄광산 자락에 위치하고 있으며 공원 내에 구덕 민속 예술관, 자갈 마당 등이 있다. 공원 주변 관광지로는 용두산 공원, 복병산 체육공원, 자갈치 시장 등이 있다.",,,20031208090000,20251031094953,http://tong.visitkorea.or.kr/cms/resource/87/2754987_image2_1.jpg,http://tong.visitkorea.or.kr/cms/resource/87/2754987_image3_1.jpg,Type3,6,11,26,140,VE,VE03,VE030500,A02,A0202,A02020700,부산광역시 서구 망양로193번길 187 (동대신동2가),,49214,129.0279540280,35.1121438284,6
132572,38,부산 중앙시장,,"중앙시장은 범천동 일대에 자리 잡고 있는 전통 재래시장이다. 중앙시장은 화훼특화시장으로 유명한 재래시장이며, 2012년 재건축하여 넓은 주차 공간이 확보된 주상복합건물에 화훼점들이 입주하여 운영하고 있다. 지하 4층, 지상 30층 건물로 이루어져 있으며, 그중 지하 1층에서 지상 3층까지 상가가 형성되어 있고, 지하는 식당가, 지상은 귀금속 상가를 비롯한 일반 판매 점포, 화훼 도매 시장으로 구성되어 있다. 쾌적하고 편리한 쇼핑 환경을 제공하고 있으며, 전통의 정취와 현대의 편의성이 공존하는 시장이다. 다양한 먹거리와 볼거리 잡화, 농산물 등을 판매하고 합리적인 가격에 구입할 수 있는 곳으로 부산 여행 시 한번 쯤 둘러보기 좋다.",,,20031119090000,20250522095554,http://tong.visitkorea.or.kr/cms/resource/23/3070923_image2_1.JPG,http://tong.visitkorea.or.kr/cms/resource/23/3070923_image3_1.JPG,Type3,6,7,26,230,SH,SH06,SH060200,A04,A0401,A04010200,부산광역시 부산진구 중앙번영로20번길 34-3,(범천동),47364,129.0611197346,35.1434103837,6
2660770,12,부산 치유의 숲,"<a href=""https://www.busan.go.kr/green/hfprogram""target=""_blank"" title=""새창: 푸른도시가꾸기사업소"">https://www.busan.go.kr/green/hfprogram</a>","영남권 최초로 부산 기장군 철마면에 치유의 숲이 조성되었으며, 음이온과 피톤치드가 풍부한 자연환경에서 다양한 치유프로그램을 통해 정서 함양과 휴식을 취할 수 있는 곳이다. 부산 치유의 숲은 입구 방문자 센터에서 시작되는 중앙 산책로를 왕복하는 시간은 40분 정도 소요된다. 다양한 대상에 맞춤한 프로그램을 운영하며, 중앙 산책로를 따라 조성된 숲 속 도서관, 마음 나눔터, 숲 속 치유마당, 숲 속 명상터 소나무풍욕장, 태교숲터에서 이루어진다.",,,20200623195838,20250325164353,http://tong.visitkorea.or.kr/cms/resource/30/2661730_image2_1.jpg,http://tong.visitkorea.or.kr/cms/resource/30/2661730_image3_1.jpg,Type3,6,3,26,710,EX,EX05,EX050600,A02,A0202,A02020500,부산광역시 기장군 철마면 철마천로 101,,46049,129.1298103057,35.2690086937,6
3452014,39,부산 카페 라운지,,"부산 카페 라운지는 부산의 다양한 지역에서 찾을 수 있는 세련되고 아늑한 분위기의 카페 공간이다. 이곳은 카페와 라운지의 특징을 결합하여, 편안한 휴식과 함께 고급스러운 커피와 음료를 즐길 수 있는 장소이다. 대부분의 카페 라운지는 스타일리시한 인테리어와 편안한 좌석을 제공하며, 현대적인 디자인을 채택하여 고객들에게 여유로운 시간을 선사하는 곳이다.",,,20241219113318,20250724142917,http://tong.visitkorea.or.kr/cms/resource/97/3451897_image2_1.jpg,http://tong.visitkorea.or.kr/cms/resource/97/3451897_image3_1.jpg,Type1,6,13,26,470,FD,FD05,FD050100,A05,A0502,A05020900,부산광역시 연제구 중앙대로1056번길 13 (연산동),2~4층,47596,129.0796892677,35.1825730073,6
1399532,15,부산고등어축제,"<a href=""https://www.busangde.co.kr/"" target=""_blank"" title=""새창 : 부산고등어축제 홈페이지 이동"">https://www.busangde.co.kr/</a>","부산고등어축제는 송도용궁구름다리, 송도구름산책로, 송도해상케이블카 등 다양한 관광 자원을 보유한 대한민국 제1호 공설해수욕장이자 대한민국 핫 플레이스로 각광받고 있는 송도해수욕장에서 2008년부터 매년 10월 중에 개최되고 있다. 연근해에서 생산되는 고등어의 90% 가량을 어획하고 있는 대형선망수협과 전국 고등어 물량의 80%가 거래되고 있는 부산공동어시장이 소재한 지역 특성을 활용하여 먹거리, 문화예술, 관광자원과 연계한 축제의 관광 상품화를 통해 지역 경제 활성화와 관광산업 육성의 시너지 효과를 창출하고자 기획되었다. 국민생선 고등어를 테마로 수산업 관계자와 지역 주민이 함께 기획하고 참여·홍보함으로써 단순한 먹거리 축제가 아닌 볼거리, 즐길거리가 있는 문화예술축제이자 수산 관련 산업을 육성·발전시키는 대한민국 대표 수산업 문화축제로 명성이 높아지고 있다. 대표 프로그램인 부산공동어시장 현장체험, 맨손 고등어 잡기, 고등어 깜짝 경매를 비롯한 카약타고 고등어 찾기, 고등어 종이배 경주대회, 수산물 직거래장터, 고등어 먹거리장터 등 독특하고 참신한 체험·투어·전시·경연·공연 프로그램을 운영하여 국내외 관광객들에게 이색적인 축제 향유의 기회를 제공하고 있다.",051-231-4085,부산광역시 서구,20111012022519,20251029144149,http://tong.visitkorea.or.kr/cms/resource/36/3547136_image2_1.jpg,http://tong.visitkorea.or.kr/cms/resource/36/3547136_image3_1.jpg,Type3,6,11,26,140,EV,EV01,EV010300,A02,A0207,A02070200,부산광역시 서구 송도해변로 100 (암남동),송도해수욕장,49269,129.0180752934,35.0768587065,6
128164,12,부산광안대교,"<a href=""https://www.bisco.or.kr/gwanganbridge/"" target=""_blank"" title=""새창 : 광안대교 사이트로 이동"">https://www.bisco.or.kr/gwanganbridge/</a>","총연장 7.4km로 광역시도 66호선인 광안 대로는 부산광역시 수영구 남천동 49호 광장에서 해운대구 우동 센텀시티 부근을 잇고 바다를 가로지르는 국내 최대의 해상 복층 교량이다. 광안 대로는 교량으로서의 기능뿐만 아니라 상층부에서 바라보는 주변 경관이 일품으로써 끝없이 펼쳐진 바다와 손을 뻗으면 잡힐듯한 부산의 상징인 오륙도, 광안 대로를 둘러싼 황령산과 아기자기한 광안리 백사장, 해운대 동백 섬과 달맞이 언덕 등이 한눈에 들어온다. 또한, 예술적인 조형미를 갖춘 최첨단 조명시스템이 구축되어 요일별, 계절별로 다양하고 찬란한 불빛으로 색상을 연출할 수 있는 경관조명 덕분에 부산의 명물로 자리 잡았다. 이처럼 낮에는 주변에 위치한 천혜의 관광자원과의 조화를 통한 웅장함을, 밤에는 낭만과 휴식의 야경을 제공하는 등 관광명소와 연계되어 많은 사람들의 사랑을 받고 있다.",,,20040604090000,20250311151258,http://tong.visitkorea.or.kr/cms/resource/77/3368477_image2_1.jpg,http://tong.visitkorea.or.kr/cms/resource/77/3368477_image3_1.jpg,Type1,6,16,26,500,VE,VE01,VE010300,A02,A0205,A02050100,부산광역시 해운대구 수영강변대로 203,,48050,129.1270084045,35.1449947568,6
130799,14,부산광역시 기장도서관,"<a href=""http://library.gijang.go.kr"" target=""_blank"" title=""새창 : 기장군 기장도서관 홈페이지로 이동"">http://library.gijang.go.kr</a>","2003년 3월 개관한 부산 기장 도서관은 지역사회의 지식·정보·문화의 중심체로서 지역주민의 삶의 질 향상을 도모하고, 다양한 독서문화체험 기회 제공으로 책 읽는 문화 조성과 독서생활화 정착에 기여하고 있다. 지역주민의 생각과 경험을 공유하고 소통할 수 있는 공간으로서 21세기 정보화 사회를 선도해 나가기 위하여 주민들의 문화생활과 정보제공의 공간으로서의 역할을 다하고 있다. 기장 도서관은 지하 1층과 지상 3층으로 구성되어 있으며, 지하에는 시청각실, 매점이 있고, 1층에는 어린이 독서방, 아동열람실 등 어린이를 위한 공간이 마련되어 있고, 2층에는 멀티미디어실, 종합자료실이, 3층에는 열람실이 있다. 열린 게시판을 통하여 주민들의 의견을 반영하는 등 열린 도서관이 되도록 노력하고 있으며, 공공도서관으로서의 지적 문화유산을 체계적으로 수집, 보전하여 계승시키는 문화와 역사의 전달자로서 소임을 다하고 있고, 디지털 도서관의 기반 조성을 위하여 다양한 디지털 자료를 비치하여 최첨단 정보를 신속히 제공하고 있다.",,,20060418090000,20250421105705,http://tong.visitkorea.or.kr/cms/resource/87/3476687_image2_1.jpg,http://tong.visitkorea.or.kr/cms/resource/87/3476687_image3_1.jpg,Type3,6,3,26,710,VE,VE09,VE090300,A02,A0206,A02060900,부산광역시 기장군 기장읍 차성동로126번길 13-5,,46063,129.2172810028,35.2497097044,6
3080317,28,부산광역시 부산실내빙상장,"<a href=""http://icerink.busan.kr/html/""target=""_blank"" title=""새창: 부산광역시 부산실내빙상장 홈페이지로 이동"">http://icerink.busan.kr/html/</a>","부산실내빙상장은 2005년 부산 최초의 국제 규격의 실내 빙상장으로 건립되어 최상의 빙질관리와 체계적인 강습지도로 부산시민의 건강증진을 목표로 운영해 오고 있는 곳이다. 문화체육과 생활체육이 어우러지는 체육환경을 만들고자 운영체제 개선과 시스템을 구비하고 있으며 이용객의 안전에도 세심한 주의를 기울이고 있다. 1일 자유이용 및 정기회원으로 빙상장을 이용할 수 있으며, 체육 진흥을 위한 각종대회나 행사, 경기 연습, 체력단련 등으로 활용할 수 있다. 장갑과, 헬멧은 필수로 착용해야 하며 빙상장 내에서 구매도 가능하다. 친구와 가족과 함께 방문하기 좋은 곳이다.",,,20240110181500,20250521164542,http://tong.visitkorea.or.kr/cms/resource/12/3080312_image2_1.JPG,http://tong.visitkorea.or.kr/cms/resource/12/3080312_image3_1.JPG,Type3,6,8,26,320,LS,LS01,LS010900,A03,A0302,A03021300,부산광역시 북구 금곡대로46번길 50 (덕천동),,46547,129.0057781894,35.2134792901,6
130793,14,부산광역시 영도도서관,"<a href=""https://www.yeongdo.go.kr/library.web""target=""_blank"" title=""영도도서관"">https://www.yeongdo.go.kr/library.web</a>","영도 도서관은 지역 주민들의 삶의 질 향상, 지식과 정보의 충족을 목표로 1996년 7월 개관한 도서관이다. 영도 도서관은 지하 1층, 지상 3층으로, 지하 1층은 강의실, 1층은 어린이 자료실, 유아실, 2층은 종합자료실, 3층에는 멀티미디어실과 열람실로 구성되어 있다. 어린이부터 성인까지 전 연령대의 평생교육과 독서 활동을 위해 다양한 행사와 강좌를 제공하고 있다. 독서교실, 독서회, 독서퀴즈 행사를 통해 책 읽는 즐거움과 독서의 생활화를 유도하고 체험형 동화 구연, 들락날락 과학교실, 부모교육 등의 강좌를 통해 지역민들의 다양한 정보와 지식 습득을 돕고 있다.",,,20060412090000,20250407131631,http://tong.visitkorea.or.kr/cms/resource/44/3032044_image2_1.JPG,http://tong.visitkorea.or.kr/cms/resource/44/3032044_image3_1.JPG,Type3,6,14,26,200,VE,VE09,VE090300,A02,A0206,A02060900,부산광역시 영도구 함지로79번길 6,(동삼동),49114,129.0660433825,35.0755014082,6
131146,28,부산광역시교육청학생인성교육원,"<a href=""https://home.pen.go.kr/bsec/main.do"" target=""_blank"" title=""새창 : 부산광역시학생교육원"">https://home.pen.go.kr/bsec/main.do</a>","체험으로 깨닫게 만드는 교육원, 부산광역시학생교육원은 부산의 진산 금정산은 자연경관이 아름답고 삼국통일의 대업을 달성했던 신라 화랑들의 수련장이었으며 금정산성이 있는 곳이다. 이곳은 임진왜란때 우리 조상들이 산성을 쌓고 나라를 지켰던 민족의 성지로 청소년들에게 나라사랑과 조국수호의 정신을 일깨울 수 있는 산 교육장으로 부산광역시교육청 산하 고등학교 학생들의 심성 및 야영 수련활동을 실시하는 곳이다. 공동체험활동, 극기훈련, 호연지기배양 등을 주최사업으로 삼고 있으며 시설이용료는 무료이다.

주요 행사로는 4월에서 10월에 걸쳐 시내 각 중. 고등학교 대상으로 2박 3일간의 심성수련 또는 1박 2일 간의 야영수련을 실시하고 있다. 부산광역시학생교육원은 총면적 179,180㎡, 건축면적 14,812.51㎡에 이르는 대규모의 교육원이다. 이 넓은 장소에 숙박시설과 집회시설, 체육시설, 수련시설 등이 갖춰져 있어 청소년에게 체계적인 체험 교육을 시킬 수 있다.",,,20030526090000,20250326155917,http://tong.visitkorea.or.kr/cms/resource/61/2445261_image2_1.jpg,http://tong.visitkorea.or.kr/cms/resource/61/2445261_image3_1.jpg,Type3,6,2,26,410,VE,VE10,VE100200,A03,A0302,A03020200,부산광역시 금정구 북문로 178,(금성동),46237,129.0456984184,35.2606108543,6
130749,14,부산광역시립 명장도서관,"<a href=""https://home.pen.go.kr/mjlib/main.do"" title=""새창 : 부산광역시립 명장도서관 홈페이지로 이동"" target=""_blank"">https://home.pen.go.kr/mjlib/main.do</a>","부산광역시립 명장도서관은 1994년 3월 개관했으며 13만권 이상의 도서와 1만점 이상의 비도서 자료를 소장하고 있다. 아울러 전자 자료 특성화 지정 도서관으로 지역 주민의 디지털 자료 이용 접근을 지원하고 있다.
주요 사업으로는 어린이를 위한 방학 독서 교실, 독서회, 독서 토론회, ‘독서의 달’ 및 ‘도서관 주간’ 운영과 각종 서평 제공 및 추천 도서 안내 등 시민의 독서 생활화를 위한 독서 진흥 활동과 독서 문화 운동을 전개하고 있다. 또한 시민들에게 지식 습득 및 평생 학습에 도움을 주고자 다양하고 유익한 평생 교육 강좌를 운영하고 있다.
1층은 유아 및 어린이용 도서, 신문, 잡지가 비치된 어린이실, 강좌 등을 위한 토론실과 문화 강좌실, 남자 열람실로 구성되어 있고, 2층은 신문, 잡지, 정부 기관과 각종 단체의 간행물, 사보, 팸플릿 등을 비치하고 있는 정기 간행물실, 비도서 및 영상 자료를 비치하고 인터넷 검색 및 비디오 감상, 어학 학습이 가능한 디지털 자료실, 여자 열람실로 구성되어 있다. 3층에는 전 주제 분야의 일반 도서, 백과사전, 참고 도서 기타 법령집 등의 자료를 이용할 수 있는 종합 자료실이 있으며, 지하 1층에는 보존 서고와 식당 및 매점이 있다.",,,20060307090000,20250315133957,http://tong.visitkorea.or.kr/cms/resource/28/3476728_image2_1.jpg,http://tong.visitkorea.or.kr/cms/resource/28/3476728_image3_1.jpg,Type3,6,6,26,260,VE,VE09,VE090300,A02,A0206,A02060900,부산광역시 동래구 명안로46번길 35,(명장동),47778,129.1065697598,35.2008714550,6
130752,14,부산광역시립 시민도서관,"<a href=""http://www.siminlib.go.kr"" target=""_blank"" title=""새창 : 부산광역시립시민도서관 홈페이지로 이동"">http://www.siminlib.go.kr</a>","부산광역시립시민도서관은 1901년에 홍도회 부산지부로 설립되어 현재까지 120년의 역사를 품은 대한민국 공공도서관의 효시라 할 수 있는 곳이다. 21세기 융복합 사회를 선도하는 시민도서관은 맞춤형 지식 정보 서비스 제공, 빅데이터를 활용한 독서정보 서비스 지원, 선택과 집중의 평생학습 운영 및 프로그램 제공, 94만여 권의 장서를 바탕으로 한 범국민 독서 생활화 등을 추진하는 복합문화공간으로 운영되고 있다. 도서관은 어린이실, 디지털자료실, 족보자료실 등의 다양한 자료실, 970석의 열람실, 동아리실, 강의실, 그 외 편의시설로 구성되어 있다.",,,20060307090000,20250306111111,http://tong.visitkorea.or.kr/cms/resource/01/3336501_image2_1.jpg,http://tong.visitkorea.or.kr/cms/resource/01/3336501_image3_1.jpg,Type3,6,7,26,230,VE,VE09,VE090300,A02,A0206,A02060900,부산광역시 부산진구 월드컵대로 462 (초읍동),,47103,129.0503001507,35.1828835404,6
130797,14,부산광역시립 연산도서관,"<a href=""https://home.pen.go.kr/yeonsanlib/main.do"" title=""새창 : 부산광역시립 연산도서관 홈페이지로 이동"" target=""_blank"">https://home.pen.go.kr/yeonsanlib/</a>","부산광역시립 연산도서관은 부산 연제구에 위치한 공공 도서관이다. 이 도서관은 다양한 장르의 도서를 보유하고 있어, 지역 주민들이 손쉽게 다양한 책을 접하고 지식을 쌓을 수 있는 공간이다. 현대적인 시설과 쾌적한 환경을 갖추고 있으며, 독서뿐만 아니라 다양한 문화 프로그램과 교육 강좌도 운영된다. 또한, 어린이부터 성인까지 모두를 위한 공간이 마련되어 있어 가족 단위로도 방문하기 좋은 장소이다. 연산도서관은 정보와 지식의 허브로, 지역 사회의 교육과 문화 발전에 중요한 역할을 하고 있다.",,,20060418090000,20250307110051,http://tong.visitkorea.or.kr/cms/resource/05/3343405_image2_1.jpg,http://tong.visitkorea.or.kr/cms/resource/05/3343405_image3_1.jpg,Type3,6,13,26,470,VE,VE09,VE090300,A02,A0206,A02060900,부산광역시 연제구 고분로191번길 16 부산광역시립연산도서관,,47558,129.1040120547,35.1861091721,6
130795,14,부산광역시립 중앙도서관,"<a href=""https://home.pen.go.kr/joonganglib/main.do"" target=""_blank"" title=""새창 : 부산광역시립 중앙도서관 홈페이지로 이동"">https://home.pen.go.kr/</a>","중앙도서관은 정보문화센터로서 앞서가는 도서관이 되고자 1990년 개관하였으며, 민주공원이 있는 보수산 자락에 있어 조용하고 안락한 시설로 이루어져 있다. 중앙도서관은 다양한 정보서비스 제공과 평생학습 생활화를 통한 지역주민들 삶의 질 향상을 위해 다양한 프로그램을 운영하고 있으며, 특성화 주제인 부산의 역사와 문화 전반을 담은 다양한 독서문화프로그램 개발과 전국 최초의 영어도서관(분관)을 통한 맞춤형 영어독서 지원 및 영어독서 생활화와 학부모교육과 연수 등 선진 지식정보 문화센터로서의 역할 수행하고 있다. 21세기 화두인 정보화 문화를 구현하기 위하여 정보화 문화를 통한 책과 이용자가 중심에 있는 도서관으로, 지역민과 함께 성장하고 발전하는 도서관이 되고자 한다.",,,20060414090000,20250407134238,http://tong.visitkorea.or.kr/cms/resource/29/3049829_image2_1.JPG,http://tong.visitkorea.or.kr/cms/resource/29/3049829_image3_1.JPG,Type3,6,15,26,110,VE,VE09,VE090300,A02,A0206,A02060900,부산광역시 중구 망양로193번길 146,(보수동1가),48903,129.0269458417,35.1099940500,6
3515311,15,부산국제AI영화제,"<a href=""https://biaif.dureraum.org/main"" target=""_blank"" title=""새창 : 부산국제AI영화제 홈페이지로 이동"">https://biaif.dureraum.org/main</a>","부산국제AI영화제는 AI기술을 활용하여 제작된 영화들을 소개하는 영화제로 AI기술을 통해 만들어진 창의적인 콘텐츠를 발표하는 플랫폼으로서 역할을 하고자 한다. AI의 혁신적 기술로 창조되는 새로운 형태의 예술과 다양한 형식 장르의 영화들을 예술적으로 경험할 수 있도록 기회를 제공하고, AI의 기술로 창의적인 작업에 도전하는 영화 제작자들에게 활동무대를 제공함으로써 새로운 재능을 발굴하고 지원할 수 있는 기회를 제공하고자 한다. 부산국제AI영화제는 AI기술의 영화제작에 대한 새로운 흥미로운 가능성을 탐색하는 글로벌 영화 소통의 장이 될 수 있도록 다양한 노력을 기울이고자 한다.",051-780-6115,(재)영화의전당,20250731132658,20250731132709,http://tong.visitkorea.or.kr/cms/resource/10/3515310_image2_1.jpg,http://tong.visitkorea.or.kr/cms/resource/10/3515310_image3_1.jpg,Type3,6,16,26,350,EV,EV02,EV020800,A02,A0208,A02081100,부산광역시 해운대구 수영강변대로 120 (우동),,48058,129.1270687971,35.1710029572,6
3006246,15,부산국제공연예술마켓,"<a href=""https://bpam.kr/"" target=""_blank"" title=""새창 : 부산국제공연예술제 홈페이지 이동"">https://bpam.kr/</a>","부산국제공연예술마켓(Busan International Performing Arts Market·BPAM·비팜)은 2023년부터 글로벌 허브도시 부산에서 열리고 있는 축제형 공연예술마켓이다. 예술가, 기획자, 프로듀서 등 국내외 공연예술 전문가들이 한자리에 모여 작품을 소개하고 네트워크를 구축하며, 협업과 유통의 가능성을 모색하는 국제 교류의 장이다.",051-745-7298,부산광역시,20230901131059,20251104162330,http://tong.visitkorea.or.kr/cms/resource/43/3537143_image2_1.jpg,http://tong.visitkorea.or.kr/cms/resource/43/3537143_image3_1.jpg,Type3,6,4,26,290,EV,EV01,EV010200,A02,A0207,A02070200,부산광역시 남구 유엔평화로76번길 1 (대연동),부산문화회관,48534,129.0937450823,35.1285070990,6
2558735,15,부산국제공연예술제,"<a href=""http://www.gjfac.org/gjfac/main.php"" target=""_blank"" title=""새창 : 부산국제공연예술제 홈페이지 이동"">http://www.gjfac.org/gjfac/main.php</a>","부산국제공연예술제는 부산광역시 금정구민들의 다양한 시민 문화가 공존하는 온천천을 배경으로 매년 9월 열리는 부산시 대표 거리공연예술제다. 서커스, 퍼포먼스, 음악극 등 다양한 장르의 거리예술을 다루고 있다.
2025년, “예술, 사이에 스며들다”라는 주제로 현대의 예술축제를 다시 바라본다. 우리는 분절된 사회, 단절된 공동체, 고립된 감정 속에서 살아간다. 그러나 그 틈에 스며드는 예술은 사람과 사람, 지역과 세계 사이의 경계를 허물고 연결의 가능성을 열어준다. 예술은 단순한 동행을 넘어, 서로를 감각적으로 이해하게 하는 다리가 된다. 금정이라는 공간에서 시작된 이 축제는 세계의 시민과 예술가들이 ‘사이’를 감각하고, 함께 하나가 되는 여정을 만든다. 예술은 무대 위를 넘어, 사람들 사이로 스며들며 연결과 회복의 의미를 일깨운다.
올해는 유럽, 남미, 아시아 등 해외 10개국의 작품과 함께 국내외 유수 거리예술작품 28여개 작품이 금정구 온천천 및 부산대 대학로 거리를 배경으로하는 다양한 프로그램들을 본 축제를 통해 즐겨 볼 수 있다.",051-715-6984,금정구청,20180824194400,20250917142334,http://tong.visitkorea.or.kr/cms/resource/24/3534524_image2_1.jpg,http://tong.visitkorea.or.kr/cms/resource/24/3534524_image3_1.jpg,Type3,6,2,26,410,EV,EV01,EV010200,A02,A0207,A02070200,부산광역시 금정구 장전온천천로 48 (장전동),부산광역시 금정구 온천천 및 부산대학로 일원,46291,129.0893371356,35.2296540211,6
3345610,15,부산국제아동도서전,"<a href=""https://bicbf.or.kr/"" target=""_blank"" title=""새창 : 2024 부산국제아동도서전 홈페이지로 이동"">https://bicbf.or.kr/</a>","부산국제아동도서전은 국내 최초의 아동도서전으로서, 어린이 그림책을 소개하고 교류하는 플랫폼이자 전 세계 아동을 위한 책 축제이다.

동아시아 문화콘텐츠 산업의 허브로 자리매김하고 있는 도시 부산을 기반으로 부산국제아동도서전은 아시아를 대표하는 아동 콘텐츠 플랫폼으로 도약하고자 한다. 책을 중심으로 출판사, 작가, 일러스트레이터와 아동 콘텐츠 산업의 관계자들이 모여 경험을 공유하는 교류의 장이자 한국 아동도서를 세계에 소개하는 중요한 무대이다.",02-733-8402,대한출판문화협회,20240809142251,20251205151905,http://tong.visitkorea.or.kr/cms/resource/25/3536625_image2_1.jpg,http://tong.visitkorea.or.kr/cms/resource/25/3536625_image3_1.jpg,Type3,6,16,26,350,EV,EV01,EV010200,A02,A0207,A02070200,부산광역시 해운대구 APEC로 55 (우동),벡스코 제1전시장 3홀,48060,129.1355209016,35.1687450332,6
2784363,14,부산근현대역사관 별관,"<a href=""https://www.busan.go.kr/mmch/index"" target=""_blank"" title=""새창 : 부산근대역사관 사이트로 이동"">https://www.busan.go.kr/mmch/index</a>","부산근현대역사관은 일제강점기 시기 건축물인 부산근대역사관(옛 동양척식주식회사, 미국문화원)과 한국 1세대 건축물인 옛 한국은행 부산본부 건물을 그대로 살려 단장한 곳이다. 부산 근현대역사관 별관은 부산 원도심 문화 거점으로 서관, 기록관, 박물관의 기능이 결합된 복합문화공간(라키비움)으로 운영되고 있다. 별관 건물은 근대 건축에 서구양식이 도입되던 시기의 경향을 살필 수 있는 초기 모더니즘 건축양식의 건축물이다. 외벽 중앙에는 넝쿨 문양의 부조로, 창호 주변은 연꽃 모양의 부조로 장식되어 있다. 1층은 서가, 자료검색대, 안내데스크, 인문학 행사 및 공연 공간이며 2층 전시 공간에 마련된 전시 유물과 패널, 정보영상을 통해 해당 시기의 역사·신문 기사·유물·사진·관련 자료 등을 확인하실 수 있습니다. 3층은 사무실, 회의실, 문서고로 이용된다. 살아있는 역사의 장소에서 부산의 근현대사를 보고 느끼고 즐길 수 있는 박물관이다.",,,20211201194130,20240829154055,,,,6,15,26,110,VE,VE07,VE070100,A02,A0206,A02060100,부산광역시 중구 대청로 104,(대청동2가),48949,129.0312012262,35.1026838356,6
3083767,14,부산근현대역사관 본관,"<a href=""https://www.busan.go.kr/mmch/index"" target=""_blank"" title=""새창 : 부산근현대역사관홈페이지로 이동"">https://www.busan.go.kr/mmch</a>","부산근현대역사관은 부산을 대표하는 근현대사 전문 기관으로 격동의 근현대 역사를 통해 오늘날의 부산의 정체성을 보여주며 상설 전시 및 다양한 프로그램 운영하는 현장형 박물관이다. 부산근현대역사관 본관은 한국 1세대 건축물인 옛 한국은행 부산 본부 건물을 활용한 공간이다. 지하 1층은 청년작가 전시 및 공연의 공간이며, 1층은 한국은행 아카이브실, 휴게공간, 카페 및 기념품 샵이다. 2층에서는 특별전 주제 전시를 진행하며 3층과 4층은 교육실과 격동의 근현대 역사를 통해 오늘날 부산의 정체성을 보여줄 상설 전시공간이다. 상설전시는 부산의 근대사와 현대사를 주제로 부산의 역사성을 조명한다.",,,20240118154755,20250729085721,http://tong.visitkorea.or.kr/cms/resource/38/3428638_image2_1.jpg,http://tong.visitkorea.or.kr/cms/resource/38/3428638_image3_1.jpg,Type1,6,15,26,110,VE,VE07,VE070100,A02,A0206,A02060100,부산광역시 중구 대청로 112 (대청동1가),,48949,129.0321900270,35.1027616225,6
2873292,15,부산글로벌웹툰페스티벌,,"제9회 부산글로벌웹툰페스티벌은 2025년 9월 25일부터 9월 28일까지 부산문화콘텐츠콤플렉스에서 열리는 국내 대표 웹툰 축제이다. 올해는 ‘웹툰 시사회’라는 새로운 콘셉트로 진행되며, 아직 공개되지 않은 신작 웹툰을 누구보다 먼저 접할 수 있는 기회를 제공한다. 개막식은 9월 25일 오후 5시 30분 소향씨어터 신한카드홀에서 진행된다. 다양한 프로그램과 특별 전시, 체험형 콘텐츠가 준비되어 있어 웹툰 팬뿐 아니라 창작자와 업계 관계자 모두에게 의미 있는 자리가 될 것이다. 웹툰의 현재와 미래를 동시에 만날 수 있는 이번 행사는 부산을 대표하는 글로벌 콘텐츠 교류의 장으로 자리매김하고 있다.",070-5080-2804,부산광역시,20221024144645,20250923162546,http://tong.visitkorea.or.kr/cms/resource/04/3531704_image2_1.png,http://tong.visitkorea.or.kr/cms/resource/04/3531704_image3_1.png,Type3,6,16,26,350,EV,EV01,EV010600,A02,A0207,A02070200,부산광역시 해운대구 수영강변대로 140 (우동),,48058,129.1256077644,35.1727527343,6
3442423,12,부산기후변화체험교육관,,"부산기후변화체험교육관은 부산광역시 북구 화명동에 위치한 환경 교육 시설로, 기후변화와 에너지 절약에 대한 체험 및 교육을 제공하는 공간이다. 지하 1층, 지상 2층 규모로 신재생에너지 설비, 체험관, 영상관 등을 갖추고 있으며, 어린이와 청소년 대상의 다양한 체험 프로그램을 운영한다.",,,20241211161040,20250724143538,http://tong.visitkorea.or.kr/cms/resource/07/3442507_image2_1.jpeg,http://tong.visitkorea.or.kr/cms/resource/07/3442507_image3_1.jpeg,Type1,6,8,26,320,EX,EX06,EX060900,A02,A0204,A02040400,부산광역시 북구 학사로 118 (화명동),,46527,129.0081635592,35.2329549282,6
252562,12,부산대교,"<a href=""https://www.bsjunggu.go.kr/tour/index.junggu?menuCd=DOM_000000201002000000#tab_list"" target=""_blank"" title=""새창 : 부산 중구 문화관광 홈페이지로 이동"">www.bsjunggu.go.kr/tour</a>","부산대교는 부산광역시 영도구 봉래동과 중구 대교동을 연결하는 다리이다. 영도 대교가 영도의 유일한 다리로 심각한 정체 현상을 보이는 시점에서 대형 화물 수송이 가능하고 교통량을 분담하기 위해 부산 개항 100주년을 기념해 건립되었다. 1934년 준공된 영도대교와 더불어 영도와 내륙 부산을 연결하는 동맥이자, 부산의 산업을 촉진시키는 교통로이기도 하다. 많은 난점을 해결하면서 순수 우리의 기술과 자재를 가지고 완공한 국내 최초의 3경간 연속아치교로 유명하다. 1976년 10월에 착공하여 1981년 1월 30일에 완공됨으로써 기계공업단지 및 신흥만으로 성장하는 영도지구의 물동량을 신속히 처리할 수 있는 산업도로 겸 임항도로로서 기능을 발휘하게 된 부산의 새로운 명물이다.",,,20071101090000,20251023143000,http://tong.visitkorea.or.kr/cms/resource/75/3031875_image2_1.JPG,http://tong.visitkorea.or.kr/cms/resource/75/3031875_image3_1.JPG,Type3,6,14,26,200,VE,VE01,VE010300,A02,A0205,A02050100,부산광역시 영도구 봉래나루로 79 (봉래동1가),,49033,129.0388146742,35.0945765502,6
1607138,14,부산대학교 박물관,"<a href=""https://pnumuseum.pusan.ac.kr/pnumuseum/index.do"" target=""_blank"" title=""새창 : 부산대학교 박물관 홈페이지로 이동"">https://pnumuseum.pusan.ac.kr/pnumuseum</a>","부산대학교박물관은 국립부산대학교 부산캠퍼스에 위치한 박물관이다. 1956년 준공하여, 1964년 5월 정식 개관하였다. 한국전쟁 기간 중에는 국립중앙박물관의 피난 국보문화재를 보관하는 역할을 하였다. 고고·미술·민속 등 2만 4천여 점에 달하는 문화유산을 소장하고 있으며 이를 바탕으로 다양한 상설 및 특별전시를 운영하고 있다. 또한 역사와 문화에 대한 관심과 흥미를 유발하기 위해 매년 새로운 기획으로 시민인문강좌를 개설하고 있다.",,,20120419192625,20250304170945,http://tong.visitkorea.or.kr/cms/resource/13/3332613_image2_1.jpg,http://tong.visitkorea.or.kr/cms/resource/13/3332613_image3_1.jpg,Type3,6,2,26,410,VE,VE07,VE070100,A02,A0206,A02060100,부산광역시 금정구 부산대학로63번길 2,,46241,129.0798600805,35.2333923163,6
126147,12,부산동명불원,"<a href=""http://www.btbf.kr"" target=""_blank"" title=""새창: 부산동명불원 홈페이지로 이동"">http://www.btbf.kr</a>","용당동 용비산에 자리 잡고 있는 동명불원(東明佛院)은 동명목재 회장 고 강석진씨가 국가번영과 부모의 왕생극락을 빌고 동명의 산업현장에서 일하는 동명 가족들의 행운을 위해 건립했다. 대부분의 우리나라 사찰이 한국 전통 양식인데 비해, 이 절은 동남아시아의 영향을 받아 용마루가 곧게 뻗어 있고 미얀마의 고탑에서 발굴된 부처님의 사리를 모셔 놓았으며, 이곳에 안치된 목조개금불상은 우리나라에서 제일 큰 불상이며, 범종 또한 한국 최대 규모로, 에밀레종보다 더 무겁다고 한다. 동명불종은 종두에 사룡이 새겨져 있는데 종래 볼 수 없었던 독특한 기법이다. 대웅전 내부에는 석가세존을 중심으로 우편에 미륵보살, 좌편에 제화 갈라보살 등 3본을 모셨다. 법당 가운데에는 기둥없는 특수 공법을 사용했고, 내부 천장의 중앙에 용머리를 조화시켰으며 양쪽 벽에는 비천상을 새겼다. 극락전, 나한전, 관음전이 갖추어져 있고, 칠성각, 산신각, 독성각은 2층으로 설계하고 2층에는 불교서적을 진열하고 있다.",,,20020404090000,20250521171220,http://tong.visitkorea.or.kr/cms/resource/69/3070669_image2_1.JPG,http://tong.visitkorea.or.kr/cms/resource/69/3070669_image3_1.JPG,Type3,6,4,26,290,HS,HS03,HS030100,A02,A0201,A02010800,부산광역시 남구 동명로 57 (용당동),,48520,129.1038166893,35.1189694636,6
133313,39,부산명물횟집,,"부산명물횟집은 2대에 걸쳐서 한 곳에서 50년 전통을 가진 업소이다. 모든 음식이나 젓갈 등을 직접 집에서 담가서 사용하고 있다. 인기메뉴는 회백반으로 광어회 한 접시에 고기뼈를 푹 고아서 만든 시원한 맑은 국과 여섯 가지 밑반찬이 나오는 회정식이다. 그 외에 다양한 생선회와 식사류의 메뉴가 준비되어 있다. 이곳은 여러 잡지나 방송에서 많이 취재해 가고, 일본 잡지에도 몇 번 소개된 적이 있을 정도로 맛집이다.",,,20021115090000,20250724143854,,,,6,15,26,110,FD,FD01,FD010100,A05,A0502,A05020100,부산광역시 중구 자갈치해안로 55,1층,48984,129.0311458269,35.0971289007,6
129725,14,부산문화회관,"<a href=""https://www.bscc.or.kr/main/"" target=""_blank"" title=""새창 : 부산문화회관 홈페이지로 이동"">https://www.bscc.or.kr/</a>","재단법인 부산문화회관이 운영하는 부산문화회관은 1988년 대극장 준공을 시작으로 1993년 전관을 개관하였다. 대극장(1,417석)과 중극장(783석), 어린이 전용극장인 사랑채극장(312석)과 클래식 전용극장인 챔버홀(414석)을 운영하고 있으며, 뮤지컬, 클래식, 무용, 연극 등 다양한 공연을 개최하고 있다. 전시실에서는 부산미술대전, 부산서예대전 등 대규모 공모전을 비롯하여 다양한 기획전시가, 2024년 신규 개관한 배움터에서는 매년 상·하반기 문화예술 아카데미가 열린다. 야외공원은 부산문화회관과 부산시립박물관, UN공원을 하나로 이어주는 문화공원으로서 시민들을 위한 휴식 공원으로 조성되어 유치원, 어린이들의 휴식공간, 소풍장소로 각광받고 있다.",,,20071106102708,20250305142319,http://tong.visitkorea.or.kr/cms/resource/68/3332668_image2_1.jpg,http://tong.visitkorea.or.kr/cms/resource/68/3332668_image3_1.jpg,Type3,6,4,26,290,VE,VE06,VE060100,A02,A0206,A02060600,부산광역시 남구 유엔평화로76번길 1 부산문화회관,,48534,129.0937450823,35.1285070990,6
2787128,38,부산새벽시장,,"부산 사상구 감전동에 위치한 부산의 대표적인 전통시장으로 1982년 부전시장과 충무동 새벽시장 상인들이 옮겨오면서 형성된 부산새벽시장은 농산물 특화 전문시장이다. 2004년부터 현대화 작업을 통해 시설을 정비하고, 주차장을 설치하는 등 시설 현대화 사업을 진행해왔고, 12개의 2층 건물과 1개의 주차장 건물이 모여있는 상가 건물형 시장으로 대지면적 12,590㎡, 건물 연면적이 14,421㎡, 매장 면적이 8,003㎡에 점포 수는 320여 개다. 주요 취급 품목으로는 채소, 과일, 건어물, 식료품, 잡화까지 다양하게 취급하는 종합 시장이다.",,,20211207183839,20250828101036,http://tong.visitkorea.or.kr/cms/resource/28/2790928_image2_1.JPG,http://tong.visitkorea.or.kr/cms/resource/28/2790928_image3_1.JPG,Type3,6,9,26,530,SH,SH06,SH060200,A04,A0401,A04010200,부산광역시 사상구 새벽로 141 (감전동),,46988,128.9826012838,35.1537799975,6
2856938,15,부산수제맥주마스터스챌린지,"<a href=""https://litt.ly/busancraftbeermasterschallenge"" target=""_blank"" title=""새창 : 부산수제맥주마스터스챌린지 홈페이지 이동"">https://litt.ly/busancraftbeermasterschallenge</a>",2025 부산수제맥주마스터스챌린지는 부산지역 수제맥주 브랜드의 경쟁력 강화를 위해 전문가와 일반 시민들이 평가를 진행하여 올해 부산지역 최고의 수제맥주를 뽑아보는 시민 참여형 축제이다. 시민들이 직접 참여하는 수제맥주 심사부터 5일간 짜릿한 즐거움을 끊임없이 선물할 비어콘서트와 부산 지역 수제맥주를 맛볼 수 있는 크래프트 비어 마켓 등 남녀노소 모두가 즐길 수 있는 다양한 부대행사와 이벤트가 준비되어 있으니 9월 20일 ~ 9월 24일 5일간 벡스코로 와서 부산수제맥주의 맛을 느껴보길 바란다.,051-714-4758,부산광역시,20220921131640,20250915141235,http://tong.visitkorea.or.kr/cms/resource/53/3536453_image2_1.jpg,http://tong.visitkorea.or.kr/cms/resource/53/3536453_image3_1.jpg,Type3,6,16,26,350,EV,EV01,EV010600,A02,A0207,A02070200,부산광역시 해운대구 APEC로 55 (우동),,48060,129.1355209016,35.1687450332,6
130166,14,부산시립미술관,"<a href=""http://art.busan.go.kr/"" target=""_blank""title=""새창 : 부산시립미술관 홈페이지로 이동"">http://art.busan.go.kr/</a>","미술인구의 저변 확산과 미술창작의 활성화를 목적으로 하여 개관한 최첨단 감각의 현대적 미술관이다. 여러 장르의 작품 전시와 각종 사회교육 프로그램을 실시하여 일반 시민들에게 다양한 문화향유 기회를 제공하는 열린 미술관을 지향하고 있다. 건물은 지하 2층, 지상 3층으로, 전시실과 수장고, 교육연구실, 사무공간, 야외조각 공원 등이 있다. 전시실은 13개의 전시실과 160석의 강당을 비롯하여 전시의 내용에 따라 내부를 적절하게 쓸 수 있도록 개폐식 구조로 되어 있다. 시립미술관에서는 격년제로 짝수 해에 개최되는 비엔날레 축제의 행사장이며, 1년 내내 기획전, 소장품전, 해외 미술전 등이 열려 시민들에게 예술과의 만남의 기회를 제공한다.",,,20071106104508,20250404100704,http://tong.visitkorea.or.kr/cms/resource/62/2712662_image2_1.jpg,http://tong.visitkorea.or.kr/cms/resource/62/2712662_image3_1.jpg,Type3,6,16,26,350,VE,VE07,VE070600,A02,A0206,A02060500,부산광역시 해운대구 APEC로 58,(우동),48060,129.1370458254,35.1666980687,6
2554068,12,부산영화체험박물관,"공식 홈페이지 <a href=""https://busanbom.kr/""target=""_blank"" title=""새창 : 공식 홈페이지 이동"">https://busanbom.kr/</a><br>공식 인스타그램 <a href=""https://www.instagram.com/bom_bom_a/"" target=""_blank"" title=""새창 : 공식 인스타그램 이동"">https://www.instagram.com/bom_bom_a/</a>","부산영화체험박물관은 전국 최초의 영화 관련 전문 전시 체험 시설이다. 영화의 원리를 이해하고 제작의 즐거움을 체험할 수 있는 다양한 전시시설 및 영화의 과거와 미래를 연결하는 하이테크 시네마를 갖추고 있다. 이야기가 있는 콘텐츠와 다양한 체험시설을 통해 영화의 모든 것을 보고, 느끼고, 즐기는 문화 공간이다. 전시체험을 통해 한 편의 재미있는 영화탐험스토리를 따라가면서 영화의 역사와 원리, 영화의 장르 및 제작방법, 영화축제 등의 영화 콘텐츠를 쉽고 재미있게 체험할 수 있다.",,,20180718004520,20251024140528,http://tong.visitkorea.or.kr/cms/resource/19/3539019_image2_1.jpg,http://tong.visitkorea.or.kr/cms/resource/19/3539019_image3_1.jpg,Type3,6,15,26,110,EX,EX06,EX061000,A02,A0204,A02040800,부산광역시 중구 대청로126번길 12,(동광동3가),48950,129.0336899238,35.1017589855,
2381553,12,부산영화촬영스튜디오,"<a title=""새창 : 부산영상위원회 홈페이지로 이동"" href=""http://www.bfc.or.kr"" target=""_blank"">http://www.bfc.or.kr</a>","부산영화촬영스튜디오는 국내 스튜디오 중 단일규모로는 최상의 사운드 스테이지를 보유하고 있으며, 완벽한 방·차음과 특수촬영시설 등을 갖춘 250평 규모와 500평 규모의 실내 스튜디오를 보유하고 있다. 이뿐만 아니라 물품창고, 감독실, 스태프실, 분장실, 목공실, 식당 등의 각종 부대시설을 고루 갖추고 있다. 부산영상위원회에서 운영하는 견학 프로그램을 이용하면 일부 시설 관람이 가능하다. 또한 매주 금요일에 영화 산업 전반에 관한 이해와 더불어 부상영상위원회 연혁 및 활동사항 설명, 영화 세트장 견학이 가능하다.",,,20160429231219,20250311112815,http://tong.visitkorea.or.kr/cms/resource/73/3337973_image2_1.jpg,http://tong.visitkorea.or.kr/cms/resource/73/3337973_image3_1.jpg,Type3,6,16,26,350,EX,EX06,EX061000,A02,A0204,A02040800,부산광역시 해운대구 해운대해변로 52,(우동),48090,129.1380958485,35.1625180008,6
2790332,28,부산요트투어 3355마린,,"부산 해운대구에 위치한 부산요트투어 3355마린은 해양 레저와 관광을 동시에 즐길 수 있는 프리미엄 요트 투어를 운영하는 곳이다. 바다와 도시의 풍경을 동시에 감상할 수 있으며, 일몰 시간대의 투어는 황홀한 바다와 하늘의 조화도 볼 수 있고 밤에는 광안대교야 야경도 즐길 수 있다. 또한 퍼블릭 투어뿐 만 아니라 프라이빗 투어도 함께 운영하고 있어 가족과 연인과 함께 요트체험을 하기에도 아주 좋다. 친절한 서비스의 부산요트투어 3355마린에서 편안하고 특별한 시간을 보내며, 부산의 아름다운 바다를 만끽하며 특별한 추억을 만들고자 하는 이들에게 추천할 만한 명소이다.",,,20211209192408,20250626143445,http://tong.visitkorea.or.kr/cms/resource/71/2790371_image2_1.jpg,http://tong.visitkorea.or.kr/cms/resource/71/2790371_image3_1.jpg,Type3,6,16,26,350,LS,LS02,LS020300,A03,A0303,A03030300,부산광역시 해운대구 해운대해변로 84,,48090,129.1419844733,35.1598405944,6
3009050,28,부산요트투어 고고요트,"<a href=""https://smartstore.naver.com/gogo_yacht""target=""_blank"" title=""새창: 고고요트 홈페이지로 이동"">https://www.gogo_yacht.kr</a>","부산요트투어 고고요트는 럭셔리한 요트체험을 즐길 수 있는 곳이다. 최신형 풀옵션 투어 52인승 요트를 보유하고 있으며, 한정판 요트로 특별한 경험을 할 수 있다. 최대 승선인원을 감축하여 운항하고 있기 때문에 여유롭고 쾌적하게 이용할 수 있다. 게다가 주간에 폴라로이드 인화 사진 서비스와 광안대교의 멋진 야경과 함께 즐기는 폭죽 이벤트가 무료로 제공되고 있다. 쾌적한 시설과 세련되고 고급스러움, 편안함을 동시에 누릴 수 있는 고고요트에서 낮과 밤이 모두 매혹적인 부산 앞바다에서 사랑하는 사람들과 멋진 인생샷을 남기고, 해운대와 광안리의 아름다운 전경과 주변 광광 명소를 힐링하며 즐길 수 있다.",,,20230908135518,20250422112410,http://tong.visitkorea.or.kr/cms/resource/19/3009019_image2_1.jpg,http://tong.visitkorea.or.kr/cms/resource/19/3009019_image3_1.jpg,Type3,6,16,26,350,LS,LS02,LS020300,A03,A0303,A03030300,부산광역시 해운대구 해운대해변로 84,1번 계류장,48090,129.1415539265,35.1608543617,6
2610457,25,부산의 가을은 영화로 들썩인다,,"부산하면 빼놓을 수 없는 것이 바로 ‘부산국제영화제’. 꼭 영화를 보지 않아도 된다. 영화제 기간에는 도시 전체가 축제 분위기여서 부산에 있는 것만으로도 누구나 흥겨워진다. 전야제 행사가 열리는 BIFF광장에서 스타들을 스쳐 지날 수도 있고, 운이 좋으면 자갈치시장이나 해운대해수욕장 횟집에서 스타들과 한 잔 술을 나눌 가능성도 있다. 생각만 해도 즐겁지 않은가!",,,20190710202510,20250520105707,http://tong.visitkorea.or.kr/cms/resource/83/2364283_image2_1.jpg,http://tong.visitkorea.or.kr/cms/resource/83/2364283_image3_1.jpg,Type3,6,,26,110,C01,C0114,C01140001,C01,C0114,C01140001,,,,129.0281738287,35.0983842612,6
2022923,25,"부산의 아름다운 낮과 밤을 느끼는 주경, 야경 여행",,"부산의 아름다운 낮과 밤, 해운대 달맞이길 부터 광안대교 까지,
부산의 주경과 야경을 함께 즐기는 1석 2조 시티투어 여행이다.
자가용을 이용한 드라이브 여행이 아니라면 부산 시티투어 BUTI를 
이용해 보는 건 어떨까?<br />- 2015 시티투어 책자 참고",,,20150807194645,20230808163057,http://tong.visitkorea.or.kr/cms/resource/50/1763850_image2_1.jpg,http://tong.visitkorea.or.kr/cms/resource/50/1763850_image3_1.jpg,Type3,6,16,26,350,C01,C0114,C01140001,C01,C0114,C01140001,,,,129.1822754969,35.1568472316,6
2360805,25,부산의 자연생태 체험 코스,,"부산은 바다가 있는 큰 도시로 다양한 코스, 체험거리, 즐길거리가 무궁무진하다. 그중에서도 이 코스는 부산을 둘러싼 육지 자연환경과 바다환경과 생물들을 골고루 둘러볼 수 있는 코스다. 코스 중간에 부산이 가진 다양한 별미 맛보는 것도 잊지 말자.",,,20160111200128,20250520105118,http://tong.visitkorea.or.kr/cms/resource/49/1994249_image2_1.jpg,http://tong.visitkorea.or.kr/cms/resource/49/1994249_image3_1.jpg,Type3,6,,27,720,C01,C0112,C01120001,C01,C0112,C01120001,,,,128.8419725161,36.1298034567,6
2764008,14,부산자원순환협력센터,"<a href=""https://brc.beco.or.kr/"" target=""_blank"" title=""새창 : 부산자원순환협력센터 사이트로 이동"">https://brc.beco.or.kr/</a>","부산자원순환협력센터는 폐기물의 순환 체계 구축과 시민 환경교육을 위해 노력하고 있는 부산지역 자원순환 정책의 거점이다. 센터에서는 폐자원 정보관리, 자원순환특화단지 입주기업 지원과 함께 다양한 업사이클링(upcycling) 교육, 전시, 체험, 견학 프로그램을 운영함으로써 순환자원 가치제고의 허브 역할을 하고 있다. 센터 1층에는 전시관과 체험을 즐길 수 있는 체험관, 영상관이 있고, 2층에는 체험학습장과 공연장이 있다. 체험 프로그램으로는 신나는 에코투어버스, 생활도자교실, 나만의 에코 컵 만들기, 청소년 자원 순환학교 등 운영하고 있다.",,,20211028005824,20250304161713,http://tong.visitkorea.or.kr/cms/resource/61/3342761_image2_1.jpg,http://tong.visitkorea.or.kr/cms/resource/61/3342761_image3_1.jpg,Type3,6,1,26,440,VE,VE07,VE070300,A02,A0206,A02060300,부산광역시 강서구 생곡산단1로24번길 58,(생곡동),46729,128.8823411310,35.1331637995,6
130737,14,부산자유회관(부산통일관),"<a href=""http://www.koreaffbb.or.kr/bbs/content.php?co_id=freedom_league"" target=""_blank"" title=""새창 : 부산자유회관 홈페이지로 이동"">www.koreaffbb.or.kr</a>","통일관(부산자유회관)에는 한국전쟁을 돌아보며, 남, 북 간의 이질감을 해소하고 경제·사회·문화 등 각 분야에서 공동체를 형성하는데 중추적인 역할을 담당하기 위한 전시관 및 야외전시관을 운영하고 있으며, 자유회관 대강당, 강의실 등에 대한 대관 행사도 시행하고 있다.
통일관 1층에는 대륙으로 향하는 통일 기차에 대하여 영상 자료 상영을 통한 통일에 대한 개념과 내용을 소개하고, 스탬프 체험과 퍼즐 체험, 북한 관련 그림 그리기 체험 등을 할 수 있다. 2층 전시관에는 ‘통일을 기다리는 부산’, ‘역사로 본 통일’, ‘북한의 생활’, ‘통일과 미래’ 4가지의 주제로 한국전쟁 당시 부산의 옛 흔적을 담은 사진 전시가 있다. 피난 흔적이 남은 부산, 통일 관련 이슈 및 현황, 남북 분단 이후 현재까지의 긴장과 화해의 시간 등을 다루고 있으며, 역사 속 통일 기록을 통해 통일의 당위성을 이해하고 있다. 더하여 최근 북한의 생활 모습, 북한의 역사 유적과 유물, 통일 한국의 미래 비전과 통일 편익, 통일 정책 등을 소개하고 있다. 야외전시실에는 F-86 항공기 외 9종의 전쟁 관련 물자들이 전시되어 있다.",,,20060222090000,20250708091326,http://tong.visitkorea.or.kr/cms/resource/42/3032342_image2_1.JPG,http://tong.visitkorea.or.kr/cms/resource/42/3032342_image3_1.JPG,Type3,6,7,26,230,VE,VE07,VE070300,A02,A0206,A02060300,부산광역시 부산진구 초읍천로 113-10,,47100,129.0455755619,35.1828751212,6
3080300,38,부산전자종합시장,,"부전전자종합시장은 부산지역에서 가장 큰 시장을 형성하고 있는 부전마켓타운에 위치해 있다. 1968년 부전역전시장으로 개발된 상가형 전자시장으로 부전역과 부전시장 옆에 자리 잡고 있다. 지하 2층, 지상 4층 건물에 입주해 있으며 지하 2층은 전기실 및 기계실로 이용하고 지하 1층부터 지상 3층까지 전자제품을 판매하는 시장으로 운영하고 있고 4층은 주차장이다. 소규모 점포 약 145개소가 운영되고 있으며 저렴한 가격과 품질 좋은 전자제품을 취급하여 2007년 11월 우수시장박람회에서 대통령 표창장을 수상하기도 했다.",,,20240110180340,20251104111506,http://tong.visitkorea.or.kr/cms/resource/95/3080295_image2_1.JPG,http://tong.visitkorea.or.kr/cms/resource/95/3080295_image3_1.JPG,Type3,6,7,26,230,SH,SH05,SH050200,A04,A0401,A04010600,부산광역시 부산진구 부전로 196 (부전동),,47250,129.0624412844,35.1637636841,6
130834,14,부산점자도서관,"<a href=""http://www.angelbook.or.kr"" target=""_blank"" title=""새창 : 부산점자도서관 홈페이지로 이동"">http://www.angelbook.or.kr</a>","부산점자도서관은 활자 매체로부터 소외된 시각장애인들에게 점자, 음성, 각종 전자기기 등을 통하여 문자 생활이 가능하게 하며, 시민들을 대상으로 장애인에 대한 인식개선을 추진함으로써 시각장애인의 문화복지 향상에 이바지함을 목적으로 설립되었다. 주요 사업으로는 점자·전자 자료 제작, 음성 자료 제작, 도서대출, 독서진흥, 디지털도서관 운영, 홍보 및 인식개선 등이 있다. 시각장애인 도서 종류로는 점자, 전자, 음성 영상 등이 있으며 전화 또는 이메일로 도서를 신청할 수 있다. 대출 신청 후 우편 또는 택배로 도서를 전달하며 반납 시에는 우체국에 가져다주거나 혹은 도서관에 전화 후 인터넷에 등록하면 우체부가 직접 방문하여 반납할 책을 수령한다.",,,20060510090000,20251205092517,http://tong.visitkorea.or.kr/cms/resource/53/3338053_image2_1.jpg,http://tong.visitkorea.or.kr/cms/resource/53/3338053_image3_1.jpg,Type3,6,9,26,530,VE,VE09,VE090300,A02,A0206,A02060900,부산광역시 사상구 덕상로72번길 9,,46938,128.9898027697,35.1781301800,6
2853131,39,부산조개창고,,"부산조개창고는 자신이 원하는 조개만 골라 먹을 수 있는 조개구이 무한리필집이다. 최고의 선도를 자랑하는 다양한 조개들을 해수에 보관해 손님들이 최적의 상태로 즐길 수 있게 제공하고 있다. 부산조개창고에서는 별미로 셀프조개탕을 무한으로 이용할 수 있고, 전복은 물론 키조개, 가리비, 장어, 문어, 새우 등의 해산물과 함께 육즙이 가득한 소고기, 삼겹살, 항정살, 갈매기살 외 떡볶이, 소시지, 닭꼬치, 염통꼬치 등을 시간제한 없이 마음껏 즐길 수 있다.",,,20220914112658,20250829143039,http://tong.visitkorea.or.kr/cms/resource/21/2853121_image2_1.jpg,http://tong.visitkorea.or.kr/cms/resource/21/2853121_image3_1.jpg,Type3,6,3,26,710,FD,FD01,FD010100,A05,A0502,A05020100,부산광역시 기장군 정관읍 구연3로 17,,46023,129.1815710140,35.3214426643,6
3016659,15,부산종합민속예술제,"<a href=""http://www.busanfolkartfestival.com/"" target=""_blank"" title=""새창 : 부산민속예술제 축제 페이지"">www.busanfolkartfestival.com/</a>","역사도시 부산 문화유산의 우수성을 널리 알리고, 시민들에게 전통민속문화 향유기회를 제공하고자 「부산민속예술제」가 매년 가을 개최된다. 문화유산을 기반으로 한 시민참여형 축제로부산지역 무형문화재뿐만 아니라 타시도 무형문화재를 초청하여 공연 및 체험교실을 연다. 다양한 체험과 놀이를 즐기다 보면 자연스럽게 문화유산과 가까워진다.",051-714-1508,부산광역시,20230927133829,20251023143000,http://tong.visitkorea.or.kr/cms/resource/47/3359047_image2_1.jpg,http://tong.visitkorea.or.kr/cms/resource/47/3359047_image3_1.jpg,Type3,6,7,26,230,EV,EV01,EV010200,A02,A0207,A02070200,부산광역시 부산진구 시민공원로 73 (범전동),부산시민공원 다솜광장,47197,129.0572361352,35.1654495102,6
3559571,15,부산중구반려동물축제,"<a href=""https://www.bsjunggu.go.kr/board/view.junggu?boardId=BBS_0000001&menuCd=DOM_000000103001001000&dataSid=250114"" target=""_blank"" title=""새창 : 부산중구반려동물축제 홈페이지 이동"">https://www.bsjunggu.go.kr/board/view.junggu?boardId=BBS_0000001&menuCd=DOM_000000103001001000&dataSid=250114</a>","부산중구반려동물축제는 부산광역시 중구에서 개최되는 반려동물 문화 행사다. 반려동물과 보호자가 함께 참여할 수 있는 산책 프로그램, 건강 상담, 행동 교육 등의 프로그램이 운영되는 축제이다.반려동물의 책임 있는 양육 문화를 확산하고 지역 반려동물 산업을 활성화하기 위한 목적의 행사이다. 또한 부산 중구 내 지역 주민과 중구를 방문한 관광객이 함께 참여하는 열린 축제이다.",070-8893-2437,부산광역시 중구청,20251031095519,20251031153923,http://tong.visitkorea.or.kr/cms/resource/63/3559563_image2_1.jpg,http://tong.visitkorea.or.kr/cms/resource/63/3559563_image3_1.jpg,Type3,6,15,26,110,EV,EV01,EV010600,A02,A0207,A02070200,부산광역시 중구 용두산길 37-30 (광복동2가),,48950,129.0323594995,35.1011951345,6
3093625,12,부산진 별빛산책길,,"부산진 별빛산책길은 부산진구 범전동에 위치한 특별한 길이다. 이 길은 고보조명과 빛 조형물을 이용하여 약 400m의 4개 구역 별 야간 빛 테마 거리가 조성되어 있다. 1구간은 빛의 꽃길, 2구간은 별빛길, 3구간은 바다물결 빛길, 4구간은 녹색빛길로 이뤄져 있다. 먼저 꽃길은 사시사철 꽃으로 둘러싸인 채 걸을 수 있고, 다음 이어지는 별빛길은 밤하늘에 있는 모든 별을 땅에 그려놓은 듯하다. 다음은 넘실대는 바다 위를 걷는 듯한 바닷길이 이어지고, 마지막으로 여러 가지 잎들로 구성되어 한 발짝 잎사귀 위를 걷는 것 같다.",,,20240201162039,20250306102808,http://tong.visitkorea.or.kr/cms/resource/21/3093621_image2_1.PNG,http://tong.visitkorea.or.kr/cms/resource/21/3093621_image3_1.PNG,Type3,6,7,26,230,VE,VE04,VE040100,A02,A0203,A02030600,부산광역시 부산진구 범전동,212-191,47205,129.0546280676,35.1640385095,6
132189,38,부산진시장,"<a href=""http://www.busanjinmart.co.kr"" target=""_blank"" title=""새창 : 부산진시장 홈페이지로 이동"">http://www.busanjinmart.co.kr </a>","부산진시장은 혼수와 원단특화 전문시장으로 유명한 곳으로 서울 동대문시장, 대구 서문시장과 함께 전국 3대 시장으로 꼽힌다. 백화점 못지않은 많은 물품과 방대한 종류의 상품들을 판매하는 1,350여 개의 점포들이 입점해 있다. 
1913년 9월 매일 열리는 상설시장으로 출발했으며, 1930년 10월 시장번영회를 발족했다. 1968년 3월에는 현재의 부산진시장 건물을 착공해 이듬해 지하 2층, 지상 3층의 현대화 건물로 탈바꿈했다. 
한복, 원단, 이불, 그릇 등 혼수용품과 의류, 액세서리뿐만 아니라 해물, 식육점과 분식점도 영업 중이며 많은 품목을 구비하고 있다. 특히 혼수, 원단용품 점포가 600여 개에 달해 경남과 전국 도매상들이 찾는 시장이다. 
부대시설로는 컴퓨터, 바둑 등을 즐길 수 있는 휴게실과 부모님들의 편의를 위한 유아휴게실, 옥상에는 만남의 광장이 준비되어 있으며, 1,000대를 주차할 수 있는 별도의 주차 건물을 보유하고 있다.",,,20031117090000,20251105110024,http://tong.visitkorea.or.kr/cms/resource/33/3561833_image2_1.jpg,http://tong.visitkorea.or.kr/cms/resource/33/3561833_image3_1.jpg,Type1,6,5,26,170,SH,SH06,SH060200,A04,A0401,A04010200,부산광역시 동구 진시장로 24,,48737,129.0587979118,35.1361805951,6
1277679,12,부산타워,"<a href=""https://www.visitbusan.net/index.do?menuCd=DOM_000000201001001000&uc_seq=550"" target=""_blank"" title=""새창 : 비짓부산 홈페이지로 이동"">https://www.visitbusan.net</a>","부산타워는 부산 원도심 용두산공원에 있는 120m 높이의 전망대이다. 전망대에서는 부산항과 광안대교, 남포동 일대의 전경을 한눈에 감상할 수 있다. 특히 야경이 아름다워 관광객들에게 인기 있는 장소로 손꼽힌다. 타워 내부에는 다양한 전시와 문화 행사가 열리는 공간이 마련되어 있어 방문객들에게 다양한 문화 체험을 제공한다. 타워 상층에는 전망대가 하층에는 하늘을 나는 잠수함 컨셉으로 다양한 놀이 시설들이 있으며, 내려오면 화려한 포토존과 부산을 상징하는 여행지를 컬러로 꾸민 방도 있다. 또한, 타워 주변에는 다양한 먹자골목과 박물관이 있어 함께 둘러보기에도 좋다.",,,20110513184244,20251212173156,http://tong.visitkorea.or.kr/cms/resource/40/3494840_image2_1.jpg,http://tong.visitkorea.or.kr/cms/resource/40/3494840_image3_1.jpg,Type1,6,15,26,110,HS,HS02,HS020100,A02,A0205,A02050200,부산광역시 중구 용두산길 37-30 (광복동2가),,48950,129.0323594995,35.1011951345,6
2726803,28,부산항힐링야영장,"<a href=""https://www.busanpa.com/redevelopment/Contents.do?mCode=MN0081"" target=""_blank"" title=""새창 : 부산항만공사 홈페이지로 이동"">https://www.busanpa.com/</a>","바다가 보이는 부산항 힐링 야영장은 부산광역시 동구 초량동에 위치한 약 8,925㎡(2,700 평) 부지의 북항의 항구와 바다, 부산항 대교의 야경을 볼 수 있는 곳에 위치한 야영장이다. 부산항의 아름다운 밤 풍경을 볼 수 있고 사이트 크기가 비교적 넓어 가족 단위의 캠핑을 즐기기에 좋은 곳이다. 부산항 힐링 야영장은 펜스 하나 사이로 어마어마한 대형 크루즈의 모습을 바로 가까이서 볼 수 있다. 담장 사이로 들뜬 외국 여행자와 텐트를 분주히 설치하는 엄마 아빠와 어린이들, 국적은 알 수 없지만 행복한 표정으로 손 인사를 나누며 행복해질 수 있는 곳이 이곳 부산항 힐링 야영장만의 특징이다. 어린이들에게 색다른 캠핑의 추억을 안겨 줄 수 있는 곳이다. 텐트 바로 옆에 주차할 수 있어 짐을 옮기는 수고를 덜어준다. 배전함이 있어 릴선만 있으면 전기 사용이 가능하다. 밤에는 시설 내의 가로등 조명이 밝아 안전한 편이다. 농구대와 미니 도서관, 흔들의자, 수영장, 잔디구장이 있어 어린이들이 마음껏 뛰어놀기에 좋으며 소외계층을 위한 야영 비품도 구비되어 있어 편리하게 이용할 수 있다.",,,20210723185157,20250903143547,http://tong.visitkorea.or.kr/cms/resource/57/2726957_image2_1.jpg,http://tong.visitkorea.or.kr/cms/resource/57/2726957_image3_1.jpg,Type3,6,5,26,110,AC,AC05,AC050100,A03,A0302,A03021700,부산광역시 중구 이순신대로 72 (중앙동4가),,48940,129.0440916874,35.1057837263,6
2861958,39,부센동,"<a href=""https://www.instagram.com/busen_don"" target=""_blank"" title=""새창: 부센동 공식 홈페이지로 이동"">https://www.instagram.com/busen_don</a>","부산 수영구에 위치한 부센동은 카이센동 전문점으로 신선한 해산물 공급과 저온 숙성으로 감칠맛 나는 사시미들을 초간이 된 밥 위에 올려 제공된다. 직접 만드는 부센동만의 특제 간장과 살살 녹는 숙성사시미의 조화가 인기이다. 내부는 따뜻한 분위기의 일식집으로 바 테이블과 2인, 4인이 앉을 수 있는 테이블이 있다. 메뉴로는 대표적인 산더미 시그니처 부센동이 있으며, 한우 육회니꾸동, 연어생한우육회동, 오색 타다키동 등 다양하게 준비되어 있어 취향에 맞게 선택해 즐길 수 있다.",,,20220929143646,20251104104434,,,,6,12,26,500,FD,FD02,FD020200,A05,A0502,A05020300,"부산광역시 수영구 수영로588번길 7 (광안동, 광안 협성엠파이어Ⅱ)",,48294,129.1136786414,35.1583902331,6
2861189,39,부우사안,,"부산광역시 해운대구 우동에 위치한 부우사안은 중국요리전문점이다. 지하철 2호선 해운대역 7번 출구에서 가깝다. 북경오리부터 딤섬까지 다양한 중식 요리를 먹을 수 있는 곳으로 단독 건물 1층부터 3층까지 사용하는 큰 규모의 중식당이다. 건물 앞에 주차장이 마련되어 있어 편리하다. 1~2층은 의자와 소파 등 다양한 좌석이 구비되어 있고, 2층은 개별 룸으로 이루어져 있다. 북경오리로 알려진 베이징덕은 최소 이틀 전 전화 예약을 해야 한다. 부우사안에서는 11시 30분부터 14시 30분까지만 주문 가능한 런치세트 메뉴가 있는데 다채로운 요리와 식사, 디저트가 나오는 구성으로 알차게 먹을 수 있다. 다양한 메뉴로 선택의 폭이 넓어 각종 모임이나 특별한 날 방문하기 좋은 곳이다. 바로 앞 해운대 해수욕장도 있어 가볍게 산책하기 좋다.",,,20220927171947,20250311112324,,,,6,16,26,350,FD,FD02,FD020100,A05,A0502,A05020400,부산광역시 해운대구 해운대해변로209번나길 16 동성장,,48093,129.1545194851,35.1601741223,6
1855868,39,부전돼지국밥,,"부산 사상구 괘법동에 있는 부전돼지국밥은 국밥 전문 음식점이다. 1988년부터 운영해온 곳으로 사상터미널 맞은편에 위치해 있다. 국밥을 주문하는 경우 국수가 제공된다. 국밥에 들어가는 순대는 매일 가마솥에서 직접 만들며, 부추와 새우젓을 함께 넣어 먹으면 더욱 맛있게 즐길 수 있다. 돼지국밥 뿐 만 아니라 섞어국밥, 순대국밥, 따로국밥이 있어 취향에 맞게 선택해 즐길 수 있다. 24시간 영업이라 이른 아침에도 밤 늦게라도 방문해 든든한 한 끼를 즐길 수 있다.",,,20131105223601,20251023143000,,,,6,9,26,530,FD,FD01,FD010100,A05,A0502,A05020100,부산광역시 사상구 사상로 214,,46964,128.9839369933,35.1642344065,6
132188,38,부전마켓타운,"<a href=""https://www.visitbusan.net/kr/index.do?menuCd=DOM_000000201003001000&uc_seq=327&lang_cd=ko""target=""_blank"" title=""새창: 비짓부산 홈페이지로 이동"">https://www.visitbusan.net/</a>","부전마켓타운은 애당초 '기장골목시장'에서 출발하였다. 6.25전쟁이후 부산 근료인 기장,서생,일광,월내 등지에서 생산된 농.수산물을 싣고 온 보따리 장수들이 동해남부선 부전역에서 짐을 풀고 행상을 벌인 것이 그 시초가 됐다. 기장골목시장이 부전시장이 되고, 부전마켓타운으로 발전한 것이다. 부전상가, 부전시장, 서면종합시장, 부전인삼시장, 부전종합상가, 부산전자종합상가 등 6개의 시장이 모여 거대한 부전마켓타운을 결성했다. 여러 시장들이 모여있는 만큼 없는 게 없을 정도로 다양한 각종 농수산물과, 축산물 및 생활용품 등을 판매하고 있다. 도매부터 소매까지 취급하기 때문에 상품이 다양하고 특히 김장철이 되면 배추, 무, 양념류를 저렴하게 구입할 수 있다. 부산 지하철 1호선 부전역과 고속철도 동해선 부전역이 옆에 있어 교통이 편리하고 부산 중심지에 위치해 접근성이 좋다.",,,20031117090000,20250430104849,http://tong.visitkorea.or.kr/cms/resource/04/3070904_image2_1.JPG,http://tong.visitkorea.or.kr/cms/resource/04/3070904_image3_1.JPG,Type3,6,7,26,230,SH,SH06,SH060200,A04,A0401,A04010200,부산광역시 부산진구 중앙대로755번길 21,(부전동),47254,129.0614025211,35.1624610334,6
1878218,38,부평깡통시장,"비짓부산 <a href=""https://www.visitbusan.net/index.do?menuCd=DOM_000000201003001000&uc_seq=400"" target=""_blank"" title=""새창: 부평시장 홈페이지로 이동"">https://www.visitbusan.net</a>","부산 부평깡통시장은 6·25 후 미군이 진주하면서 군용 물자와 함께 온갖 상품들이 밀수입되었는데 특히 과일, 생선 등 갖가지 통조림이 많이 수입되어 시장의 이름이 깡통시장이 되었다고 한다. 
또한 '도떼기 시장'이라고도 했는데 그 당시 이곳을 토애 전국의 주요 시장으로 수입 물건들이 공급되었다고 한다. 워낙 시장 규모가 크고 외국 물건 등 없는 물건이 없다고 해서 도떼기 시장이 국제 시장으로 불리게 되었는데, 현재는 다양하고 많은 제품의 수입이 허가되면서 시장이 다소 위축되기는 했지만 아직도 그 명성과 저력은 여전히 느낄 수 있는 명소이다. 지금은 양주, 의류, 장식품, 액세서리, 패션 잡화와 미니 카세트 등 일부 외제 전자제품도 취급하고 있다. 110m가량 이어지는 시장거리에는 11개의 향토 향토음식 매대와 일본, 필리핀 등 6개의 다문화 먹을거리 매대, 13 새의 의류, 액세서리, 매대가 설치되어 있다. 부평깡통시장 입구와 시장 내 사거리에서는 하루 2차례 마술과 기타 공연 등 다양한 볼거리도 제공되며 시장 옆으로는 화려한 LED조명이 반겨준다.

◎ 한류의 매력을 만나는 여행 정보 - 예능 <뉴진스코드 IN 부산>
한국, 부산의 문화를 느낄 수 있는 ‘부평깡통시장’은 뉴진스의 리얼리티 예능 프로그램 ‘뉴진스코드 IN 부산’을 통해 소개된 적이 있는 곳이다. 이곳은 여러 나라의 음식부터 물품을 찾아볼 수 있는 다국적 시장이다. 부산 여행을 계획 중이라면 한국의 옛 문화와 음식, 전통을 체험할 수 있는 ‘부평깡통시장’을 들러 볼 것을 추천한다.",,,20140102201413,20251105102507,http://tong.visitkorea.or.kr/cms/resource/70/3561970_image2_1.jpg,http://tong.visitkorea.or.kr/cms/resource/70/3561970_image3_1.jpg,Type1,6,15,26,110,SH,SH06,SH060200,A04,A0401,A04010200,부산광역시 중구 부평1길 48,,48977,129.0260517037,35.1015921962,6
132550,38,부평동한복거리,"<a href=""https://www.bsjunggu.go.kr/board/view.junggu?boardId=LIFE&menuCd=DOM_000000205002001000&startPage=1&dataSid=85550"" target=""_blank"" title=""새창 : 홈페이지로 이동"">https://www.bsjunggu.go.kr</a>","부평동 한복거리는 국제시장 맞은편에 세워진 한복거리 상징물이 있는 곳부터 두 개의 골목이다. 6.25 당시 피난민을 대상으로 부녀자들이 생계수단으로 안방에서 한복을 만들어 오다가 국제시장이 생기면서 국제시장 포목점에서 포목을 구입하여 수공으로 한복을 지어 판 것이 그 시작이다. 1960년대 이후 여러 한복점들이 하나하나 형성되면서 지금은 부산의 역사를 간직한 하나의 명물거리로 성장하였다. 1997년에 한복의 특성을 살린 상징물이 설치되었고 한복거리축제가 열리기도 했다. 현재는 100여 개의 한복 전문점이 자리 잡고 있다. 주변 유명 관광지로는 국제시장, 보수동 책방 골목, 부평 깡통 야시장 등이 있다.",,,20031117090000,20250430110153,http://tong.visitkorea.or.kr/cms/resource/44/3476844_image2_1.jpg,http://tong.visitkorea.or.kr/cms/resource/44/3476844_image3_1.jpg,Type3,6,15,26,110,SH,SH05,SH050200,A04,A0401,A04010600,부산광역시 중구 부평2길 44,,48978,129.0265905492,35.1014505558,6
1747913,14,북구문화예술회관 공연장,"<a href=""https://www.bsbukgu.go.kr/index.bsbukgu?menuCd=DOM_000000402003001002"" target=""_blank"" title=""새창 : 홈페이지로 이동"">https://www.bsbukgu.go.kr</a>","북구문화예술회관 공연장은 341석의 대공연장과 교양강좌실 2개소를 운영하고 있으며, 2018년 리모델링하여 공연 목적에 걸맞은 환경을 구성하였다. 웅장한 내부시설과 안락한 객석, 넓은 공간은 물론 더욱 업그레이드된 고성능의 음향시설과 조명시설을 보유하여 수준 높은 공연이 가능하도록 준비되어 있으며, 무용, 음악, 연극, 클래식 등 다양한 장르를 담아낼 수 있는 공연장이다. 북구문화예술회관에는 북구빙상장과 2023년 1월 개관한 부산북구역사문화홍보관도 있으며, 역사문화홍보관은 북구 연대기, 문화재, 구포만세운동, 구포나루, 구포 먹거리, 근대유물전시, 신문방명록 등 북구의 역사와 문화를 한눈에 볼 수 있다.",,,20121106004729,20250306135006,http://tong.visitkorea.or.kr/cms/resource/87/3343387_image2_1.jpg,http://tong.visitkorea.or.kr/cms/resource/87/3343387_image3_1.jpg,Type3,6,8,26,320,VE,VE06,VE060100,A02,A0206,A02060600,부산광역시 북구 금곡대로46번길 50,(덕천동),46547,129.0057670798,35.2134515157,6
2643387,12,북맛골,"<a href=""https://www.geumjeong.go.kr/tour/index.geumj?menuCd=DOM_000000414004006001&cpath="" target=""_blank"" title=""새창 : 부산 금정구 문화관광으로 이동"">https://www.geumjeong.go.kr/tour/</a>","북맛골은 ‘부산대 북쪽 장전동에 위치한 맛집 골목’이라는 뜻으로, 부산대 밥집의 살아 있는 역사를 이어가고 있는 곳이다. 부산대 북문 쪽 새로 지어진 원룸 건물 사이사이에 고주택과 20여 개의 오래된 식당들이 여전히 남아있는데, 식당들이 쭉 이어져 있는 100m 정도 되는 거리가 바로 ‘북맛골’이다. 북맛골에는 20~30년 된 아주 오래된 식당들과 최근에 학생들에게 인기 있는 식당들이 착한 가격, 푸짐한 양, 한결같은 맛으로 학생들의 배를 든든히 채워주고 있다. 낭만과 청춘이 교차하는 부산대 젊음의 거리에서 부모님 세대와 자식들을 유일하게 이어주고 있는 추억의 골목에서 단골과 새로운 방문객들이 그 맛을 찾아서 오늘도 발길을 잇고 있다.",,,20200110232744,20250304171741,http://tong.visitkorea.or.kr/cms/resource/01/3336601_image2_1.jpg,http://tong.visitkorea.or.kr/cms/resource/01/3336601_image3_1.jpg,Type3,6,2,26,410,VE,VE04,VE040100,A02,A0203,A02030600,부산광역시 금정구 장전동,,46325,129.0825597462,35.2369919623,
2782747,38,분홍이네,,"부산 광안리해수욕장 근처에 있는 소품 숍이다. 광안리는 예쁜 카페와 아기자기한 소품 숍이 많아 10~20대 이용객이 많은 곳이기도 하다. 가게 이름처럼 분홍색의 문을 열고 들어가면 핑크색 지하 공간이 나온다. 지하 공간이 생각보다 넓고, 테마별로 공간이 나누어져 있다. 옛날 추억의 교실로 꾸며놓은 곳부터 미키마우스, 월리를 찾아라, 심슨 등 다양한 캐릭터 인형들이 다양하게 구비되어 있고, 그 외에도 접시, 컵, 주방용품, 액세서리 등 여러 가지 품목을 취급하고 있다.",,,20211129221103,20251031092254,http://tong.visitkorea.or.kr/cms/resource/94/2794294_image2_1.jpg,http://tong.visitkorea.or.kr/cms/resource/94/2794294_image3_1.jpg,Type3,6,12,26,500,SH,SH05,SH050200,A04,A0401,A04010600,"부산광역시 수영구 광안로45번길 2 (광안동, 광안비취빌리지)",,48296,129.1173728455,35.1554211893,6
2867903,39,불끈낙지,,"개금에 있는 불끈낙지이다. 낙지 같은 경우 낙지 한 마리가 인삼 한 근과 맞먹는다는 말이 있을 정도로 보양식으로 많이 찾고 맛 또한 일품이다. 메뉴로는 낙지볶음, 낙지 만두, 치즈돈가스 등이 있다. 세트 메뉴도 준비되어 있어 친구들, 연인들, 가족 등 누구나 방문하여 가성비 좋게 식사가 가능하다. 묵사발, 고르곤졸라, 낙지볶음덮밥 세트는 특별한 맛을 자랑하는 이색 메뉴다. 셀프바에서 양배추, 순두부, 콩나물, 미역냉국을 맘껏 먹을 수 있어서 인기가 높다. 바로 앞에 넓은 주차 공간이 있어 편리하다. 선암사, 삼광사 등은 함께 둘러보기 좋은 관광 명소이다.",,,20221014171127,20251105174450,http://tong.visitkorea.or.kr/cms/resource/01/2867901_image2_1.JPG,http://tong.visitkorea.or.kr/cms/resource/01/2867901_image3_1.JPG,Type3,6,7,26,230,FD,FD01,FD010100,A05,A0502,A05020100,부산광역시 부산진구 가야대로410번길 4 하이마트개금점,,47319,129.0176038500,35.1516753219,6
3470765,32,브라운도트 호텔 사상르네시떼,,,,,20250124135048,20250319180018,,,,6,9,26,530,AC,AC01,AC010100,B02,B0201,B02010100,부산광역시 사상구 새벽로223번길 83 (괘법동),,46971,128.9795791131,35.1615179638,6
3044610,32,브라운도트 호텔 서면역점 비즈니스,<a href=“https://blog.naver.com/browndotsm“ target=“_blank” title=“새창 : 공식블로그로 이동”>https://blog.naver.com/browndotsm</a>,"브라운도트 호텔 서면역점 비즈니스는 서면역 도보 3분 거리에 있는 비즈니스 호텔로, 넓은 객실, 화장실과 욕실을 분리한 디자인, 고급 린넨사양을 적용한 안락한 베딩이 인상적이다. 합리적 비용으로 서면을 중심으로 하는 부산 여행 시 가성비 좋게 이용이 가능하고, 롯데백화점, 젊음의 거리, 서면 맛집 등 핫플레이스와 접근성이 좋아 편리하게 여행을 즐길 수 있다.",,,20231118133612,20250317144118,,,,6,7,26,230,AC,AC01,AC010100,B02,B0201,B02010100,부산광역시 부산진구 가야대로756번길 16 (부전동),,47284,129.0540422103,35.1566393270,6
3083398,32,브라운도트호텔 서면범천점,,"부산의 상업 중심지인 서면 번화가에서 도보 8분 거리에 위치한 브라운도트호텔 서면범천점은 국제금융센터, 전포 카페거리, 서면 먹자골목, 부산시민공원 등과 인접해 있으며, 젊은이들의 생동감이 넘치는 상권 중심지인 서면의 활기찬 분위기를 만끽할 수 있는 곳에 위치해 있다. 국제금융센터가 인근에 위치하고 있어 부산을 방문하는 금융인, 관광객 등 방문객이 부산 중심가 호텔인 브라운도트호텔 서면범천점에서 편안하고 여유로움 휴식을 취할 수 있다.",,,20231005161424,20251120111238,http://tong.visitkorea.or.kr/cms/resource/19/3084219_image2_1.jpg,http://tong.visitkorea.or.kr/cms/resource/19/3084219_image3_1.jpg,Type3,6,7,26,230,AC,AC01,AC010100,B02,B0201,B02010100,부산광역시 부산진구 황령대로7번길 20-11 (범천동),,47353,129.0606113054,35.1485125805,6
3083414,32,브라운도트호텔 송정점,,"브라운도트호텔 송정점은 송정해수욕장에서 도보 약 3분, 동해선 송정역에서 도보 약 20분 거리에 위치하고 있다. 깨끗하고 안락한 객실을 보유하고 있으며, 일상에서 벗어나 감성을 자극하는 도심 속 디자인 호텔로, 전 객실이 오션뷰로 되어 있는 것이 특징이다. 특히, 바다 전망을 파노라마 뷰로 즐기고 싶은 고객들이 스위트 오션뷰 룸을 많이 이용하는데 침대에서 일렁이는 파도를 바라보며 휴식을 취할 수 있다. 호텔 인근에 송정해수욕장, 용궁사, 오시리아관광단지 등 많은 관광지와 맛집들이 즐비한 지역으로 추억에 남는 여행을 즐길 수 있다.",,,20231031135109,20251120110452,http://tong.visitkorea.or.kr/cms/resource/07/3083407_image2_1.jpg,http://tong.visitkorea.or.kr/cms/resource/07/3083407_image3_1.jpg,Type3,6,16,26,350,AC,AC01,AC010100,B02,B0201,B02010100,부산광역시 해운대구 송정광어골로 30 (송정동),,48073,129.1973402500,35.1787978313,6
3028497,32,브라운도트호텔 정관점,,"기장군 정관신도시에 위치한 호텔로 2021년에 오픈해 최신 시설을 자랑한다. 현대적이고 세련된 디자인의 객실을 운영하고 있다. 디럭스, 프리미엄, VIP, 스위트, 패밀리 등 다양한 타입의 객실이 있고 전 객실에 오리털 이불과 라텍스 매트리스가 구비되어 있다. 약 50대의 차량을 수용하는 넓은 주차시설을 보유하고 있다. 브라운도트호텔 정관점은 부산, 양산, 울산 등과 가깝고, 인근에는 신세계프리미엄아울렛, 임랑해수욕장, 장안사 등이 있어 관광과 쇼핑을 한번에 즐길 수 있다.",,,20231031112558,20251120103913,http://tong.visitkorea.or.kr/cms/resource/82/3028482_image2_1.JPG,http://tong.visitkorea.or.kr/cms/resource/82/3028482_image3_1.JPG,Type3,6,3,26,710,AC,AC01,AC010100,B02,B0201,B02010100,부산광역시 기장군 정관읍 산단1로 98-31,,46027,129.1817794758,35.3161515953,6
2752996,39,브라운피크닉,"<a href=""http://www.instagram.com/brown_picnic"" target=""_blank"" title=""새창 : 브라운피크닉 사이트로 이동"">http://www.instagram.com/brown_picnic</a>",부산 기장군 철마에 위치한 브라운피크닉은 동화 속에 나오는 집처럼 예쁜 공간이다. 숲 속에 조그맣게 지어진 하얀색 건물 외관이 주변 자연과 조화를 이룬다. 실내로 들어가면 브라운 계열 컬러를 사용한 인테리어와 소품에서 카페 이름이 브라운피크닉임을 상기한다. 노란 파라솔과 테이블이 펼쳐진 야외 정원 곳곳에 소박하게 핀 야생화에 눈길이 간다. 브라운피크닉 원두는 밸런스가 좋은 마일드한 블랜드로 차분한 바디감과 후미에 은은하게 느껴지는 산미와 단맛이 부드러운 게 특징이다. 수제로 만든 바닐라빈라테와 달달한 생크림이 올라간 비엔나커피 아인슈페너도 인기가 좋다. 또한 시즌 메뉴로 옛날 팥빙수와 호두파이가 유명하다. 근처에 있는 아홉산 숲을 둘러보고 쉬어가기 좋은 코스이다.,,,20211005231449,20251124180757,http://tong.visitkorea.or.kr/cms/resource/15/2753515_image2_1.jpg,http://tong.visitkorea.or.kr/cms/resource/15/2753515_image2_1.jpg,Type3,6,3,26,710,FD,FD05,FD050100,A05,A0502,A05020900,부산광역시 기장군 철마면 개좌로 763-25,,46049,129.1487058779,35.2691645819,6
2853145,39,브레이크인커피,"<a href=""https://www.instagram.com/breakin_coffee/""target=""_blank"" title=""새창 : 브레이크인커피 사이트로 이동"">https://www.instagram.com/breakin_coffee/</a>","기장군 정관읍 해운대CC 올라가는 길의 왼쪽에 있는 브레이크인커피는 실내에서 넓은 통유리를 통해 들어오는 풍경을 마음껏 감상할 수 있는 장점이 있다. 베이커리도 직접 만들어 빵 퀄리티가 좋다. 케이크류도 오레오, 카카오 나이트, 당근, 모카초코, 로투스 캐러멜, 바스크치즈, 티라미수 등을 다양하게 맛볼 수 있다. 반짝이는 조명 덕분에 밤이 더 아름다운 야외 테이블의 인기도 높다. 편안한 느낌을 주는 숲속의 초록으로 가득한 뷰가 브레이크인커피의 가장 큰 매력이며 주차 공간 또한 매우 넉넉하다. 정관박물관이 인접해 있어 함께 둘러보기 좋다.",,,20220914113140,20250724152636,http://tong.visitkorea.or.kr/cms/resource/40/2853140_image2_1.jpg,http://tong.visitkorea.or.kr/cms/resource/40/2853140_image3_1.jpg,Type3,6,3,26,710,FD,FD05,FD050100,A05,A0502,A05020900,부산광역시 기장군 병산로 117,,46004,129.1778263576,35.3408376410,6
2696456,32,브로시스 호텔,"<a href=""http://www.brosishotel.co.kr/""_blank"">http://www.brosishotel.co.kr/</a>",남포동 중구 소재 호텔로 10월15일 그랜드 오픈하였다. 부산관광호텔로 등록된 객실48개(게스트하우스 포함)의 소형호텔이다.,,,20201210232700,20241126152330,,,,6,15,26,110,AC,AC06,AC060200,B02,B0201,B02011100,부산광역시 중구 구덕로48번길 4,(남포동4가),48953,129.0309291380,35.0986453934,
2847969,39,브리타니,"<a href=""http://instagram.com/cafe_brittany""target=""_blank"" title=""새창 : 브리타니 사이트로 이동"">http://instagram.com/cafe_brittany</a>","부산에 있는 섬 중 가덕도에 있는 브리타니는 야외 테이블과 루프탑이 있는 브런치 카페이다. 카페 브리타니의 시그니처 메뉴는 브리타니 샌드 크림 라테이다. 커피를 제외한 대부분의 음료는 와인잔에 담겨 나와 통창으로 보이는 바다를 배경으로 사진을 찍으면 멋스럽게 나온다. 음료뿐 아니라 이곳에서 직접 만드는 피자, 샌드위치 등 브런치 메뉴도 있어 식사도 가능하다. 야외 공간은 반려동물 동반이 가능해서 반려견 전용 음료 퍼푸치노도 판매하고있다. 루프탑에는 바다 배경으로 사진을 찍을 수 있는 포토존도 있다. 인근에 함께 둘러보기 좋은 여행지로 대항항, 새바지항, 외양포 등이 있다.",,,20220902101720,20250610110839,http://tong.visitkorea.or.kr/cms/resource/60/2847960_image2_1.jpg,http://tong.visitkorea.or.kr/cms/resource/60/2847960_image3_1.jpg,Type3,6,1,26,440,FD,FD05,FD050100,A05,A0502,A05020900,부산광역시 강서구 가덕해안로 663 (천성동),,46770,128.8128719869,35.0375815671,6
3016434,32,블루스토리 호텔,"<a href=""http://www.bluestoryhotel.com/""target=""_blank"" title=""새창 : 블루스토리 호텔 사이트로 이동"">http://www.bluestoryhotel.com</a","해운대 해수욕장 바로 앞에 위치한 블루스토리 호텔은 해운대의 해변과 도시를 모두 찾는 고객에게 가장 편안한 여행의 경험을 선사한다. 해운대역(부산 2호선)까지 도보 5분으로 뛰어난 접근성과 편리한 교통환경을 갖추고 있다. 또한 부산의 맛을 느낄 수 있는 다양한 먹거리도 쉽게 찾을 수 있고, 호텔에서 10분 거리에 위치한 벡스코는 대중교통으로도 이동할 수 있어 비즈니스로 해운대를 방문하는 고객에게 교통의 편의까지 더하여 최고의 입지를 자랑한다. 객실은 스탠다드룸 뿐만 아니라 가족 단위 고객을 위한 복층룸, 테라스룸 등 다양한 객실을 보유하고 있으며, 객실 내에는 개별난방 시스템, 데스크, 미니 냉장고, TV 등의 편의 시설이 잘 갖추어져 있다.",,,20230927101043,20251120113034,http://tong.visitkorea.or.kr/cms/resource/24/3016424_image2_1.jpg,http://tong.visitkorea.or.kr/cms/resource/24/3016424_image3_1.jpg,Type3,6,16,26,350,AC,AC01,AC010100,B02,B0201,B02010100,부산광역시 해운대구 해운대해변로237번길 11 (우동),,48093,129.1575108976,35.1599464255,6
2838935,39,비상(VSANT),,북구에서 사하구 쪽 강변 대로에 있는 카페 비상(VSANT)은 공장지대의 폐기물 처리용 용지를 깔끔히 재정비하여 만든 곳이다. 3층 건물로 입구 쪽에 야외 테라스가 마련되어 있다. 전체적으로 노출 콘크리트와 철재를 사용한 인더스트리얼 인테리어로 꾸며져 있어 빈티지 감성을 느낄 수 있다. 층마다 다양한 소품들로 공간 연출을 해 놓아 볼거리가 많으며 특히 1층 한쪽에는 빨간색 폭스바겐 차를 비치해 놓은 포토존도 마련되어 있다. 3층 루프탑은 젊은 작가들의 그라피티 아트로 꾸며져 있으며 선베드가 준비되어 있어 탁 트인 공간에서 하늘과 낙동강 뷰를 한눈에 볼 수 있다. 건물 뒤쪽에 넓은 주차장이 있어 편리하게 이용할 수 있다.,,,20220818143556,20250530144917,http://tong.visitkorea.or.kr/cms/resource/29/2838929_image2_1.jpg,http://tong.visitkorea.or.kr/cms/resource/29/2838929_image3_1.jpg,Type3,6,9,26,530,FD,FD05,FD050100,A05,A0502,A05020900,부산광역시 사상구 강변대로 420-7 (엄궁동),,47033,128.9621705766,35.1226858823,6
2868824,39,비스포레,"<a href=""https://www.instagram.com/vispore/""target=""_blank"" title=""새창 : 업체 인스타 이동"">https://www.instagram.com/vispore/</a>","부산 수영구에 있는 비스포레는 정성, 분위기, 맛 삼박자를 제대로 갖춘 이탈리안 라자냐와 파스타 전문점이다. 비스포레는 다양한 이탈리안 와인을 함께 제공하며, 음식과의 페어링이 뛰어나 미식의 즐거움을 선사한다. 메뉴는 토마토 한개 라자냐, 갈릭 크림치즈 라자냐, 오징어 먹물 리조또, 소프트 쉘 크랩 로제 파스타 등 다양한 메뉴가 준비되어 있다. 또한, 비스포레는 수영강과 센텀시티, 마린시티 뷰가 시원하게 펼쳐지고 낮에는 햇살과 함께 강변의 여유로움을 저녁에는 화려한 도시 야경을 바라보며 식사할 수 있는 곳이다. 근처에 걷기 좋은 광안해변공원과 민락공원이 있어 식사 전후로 산책이나 관광을 함께 즐길 수 있다.",,,20221018094228,20250620144203,http://tong.visitkorea.or.kr/cms/resource/40/2868740_image2_1.jpg,http://tong.visitkorea.or.kr/cms/resource/40/2868740_image3_1.jpg,Type3,6,12,26,500,FD,FD02,FD020300,A05,A0502,A05020200,부산광역시 수영구 민락수변로239번길 4 (민락동),,48275,129.1287021896,35.1636843621,6
2595879,32,비치모텔,"<a href=""http://blog.naver.com/guswjd3364"" target=""_blank"" title=""새창 : 비치모텔 홈페이지로 이동"">http://blog.naver.com/guswjd3364</a>","비치모텔은 부산역에서 약 8km 떨어진 바닷가에 위치한다. 5개의 가족실을 제외한 모든 객실에서 바다를 조망할 수 있다. 조식으로 빵, 커피, 계란을 제공하고 1층 로비에 물과 커피도 비치해두었다. 객실 내 커피포트와 각 층마다 전자레인지와 생수가 있어 간단한 취식도 가능하다. 세탁 서비스도 제공한다. 북항대교를 이용해 해운대로 이동하기 좋고, 인근에 이기대도시자연공원, 송도해변, 신선대 등 관광지가 있다.",,,20190409224117,20251230135332,http://tong.visitkorea.or.kr/cms/resource/64/2686464_image2_1.jpg,http://tong.visitkorea.or.kr/cms/resource/64/2686464_image3_1.jpg,Type3,6,14,26,200,AC,AC04,AC040100,B02,B0201,B02010900,부산광역시 영도구 하리해안길 10-9 비치모텔,,49125,129.0813283358,35.0692440569,6
2861291,39,사마정,,"해운대 마린시티 맛집으로 알려진 사마정은 일본식 샤브샤브 전문점이다. 지하철 2호선 동백역 1번 출구에서 가깝다. 건물 2층에 있는 사마정은 아늑한 분위기에 개별 룸과 단체석이 완비되어 있고, 내부 홀 좌석은 칸막이로 분리되어 있어 조용하게 식사할 수 있다. 평일과 주말 점심시간에는 사람이 많아서 미리 예약하고 가는 게 좋다. 사마정에는 한돈과 1등급 이상의 한우를 무제한으로 먹을 수 있는 타베호다이가 있다. 테이블 이용 시간을 120분으로 제한하고 있지만 고기와 사이드 메뉴 야채, 버섯, 치킨, 탕수육, 육회, 완자 등을 마음껏 먹을 수 있는 시간이다. 육수는 불고기 맛, 멸치 다시 맛, 얼큰한 맛 총 3가지로 2가지 선택이 가능하다. 또 정해진 시간 동안 다양한 종류의 술을 무제한 마실 수 있는 노미호다이도 있어 가족 식사나 회식 등 모임을 하기 좋은 곳이다. 식사 후 근처 걷기 좋은 해운대 해수욕장과 동백섬이 가까이 있어 함께 방문해 보는 것도 좋다.",,,20220928094006,20250829152511,http://tong.visitkorea.or.kr/cms/resource/90/2861290_image2_1.jpg,http://tong.visitkorea.or.kr/cms/resource/90/2861290_image3_1.jpg,Type3,6,16,26,350,FD,FD01,FD010100,A05,A0502,A05020100,"부산광역시 해운대구 마린시티3로 46 (우동, 우신골든메르시아)",,48119,129.1453481989,35.1551411828,6
841730,39,사미헌,"<a href=""http://samihunmall.com"" target=""_blank"" title=""새창: 사미헌 홈페이지로 이동"">https://samihunmall.com/</a>","부산 진구에 위치한 사미헌은 한우 숯불구이, 갈비탕 등을 판매하는 한식 전문점이다. 모든 과정은 숙련된 한우 명장의 손길로 깐깐한 작업을 거치며, 정직한 식문화 철학으로 국내외 인사들이 방문하는 곳이다. 최소 2인부터 10인, 20인, 30인 이상 대형룸을 완비하여 소규모 모임 및 단체 모임, 회사 회식, 칠순, 고희연 등 다양한 모임을 프라이빗하게 즐길 수 있다.  또한 블루리본을 13년 연속으로 수상하며 그 품질과 신뢰를 인정받고 있다. 한우 상강꽃살, 한우치맛살, 한우 업진살 등 한우전문점인 만큼 다양한 부위의 소고기를 제공하고 있다.",,,20091029052004,20251215175911,http://tong.visitkorea.or.kr/cms/resource/78/3583678_image2_1.jpg,http://tong.visitkorea.or.kr/cms/resource/78/3583678_image3_1.jpg,Type3,6,7,26,230,FD,FD01,FD010100,A05,A0502,A05020100,부산광역시 부산진구 서면문화로 19,,47257,129.0566863597,35.1589974450,6
2787109,39,사비아,"<a href=""https://www.instagram.com/sabbia.kitchen/"" target=""_blank"" title=""새창 : 사비아 사이트로 이동"">https://www.instagram.com/sabbia.kitchen/</a>","파스타, 리소토, 스테이크를 맛있게 하는 사비아는 해운대 달맞이 길에 자리 잡은 이탈리안 레스토랑으로 건물 1층에 간판 없이 통유리로 인테리어 된 트렌디 한 감각의 식당이다. 솜씨가 뛰어난 셰프가 만들어 내는 깔끔한 음식이 예쁜 접시에 먹음직스럽게 플레이팅 되어 나오는데, 세 가지 버섯을 곁들인 감자 뇨키와 레몬크림소스 새우 리가토니, 채끝등심 스테이크가 인기 많다. 오픈 된 키친에서 정성스레 만드는 음식을 직접 눈으로 볼 수 있는 사비아는 행복한 분위기와 맛있는 음식이 함께하는 레스토랑으로, 평일에도 웨이팅이 있는 핫 플레이스라 예약을 해야 헛걸음을 하지 않을 수 있다.",,,20211207183241,20250116111349,http://tong.visitkorea.or.kr/cms/resource/18/2798218_image2_1.JPG,http://tong.visitkorea.or.kr/cms/resource/18/2798218_image3_1.JPG,Type3,6,16,26,350,FD,FD02,FD020300,A05,A0502,A05020200,부산광역시 해운대구 달맞이길117번라길 100,(중동),48115,129.1827141976,35.1623021845,6
2032436,15,사상강변축제,"<a href=""https://www.xn--939a392a91cocr48bfii.com/"" target=""_blank"" title=""새창 : 사상구청 사상강변축제 안내 페이지로 이동"">https://www.xn--939a392a91cocr48bfii.com/</a>","부산 사상구 대표 축제인 사상강변축제는 도심 속 천혜의 자연을 배경으로 누구나 즐길 수 있는 로컬 문화예술 콘텐츠로 구민을 찾아간다. 올해 제22회를 맞는 사상강변축제의 슬로건은 “정원도시 사상, 도시를 초록하다!”로, 생태환경도시 사상구의 역량과 미래를 널리 알린다. 청년밴드 프로젝트 <청춘ON>, 사상강변음악회, 사상강변가요제, 불꽃놀이, 사상 청소년 예술제, 사상 다문화 박람회 등 다양한 프로그램과 자연과 사람 문화가 공생하는 친환경 축제를 모티브로 ESG 힐링쉼터와 먹거리부스엔 키오스크 운영 및 다회용기를 제공한다. 축제장소인 삼락생태공원은 부산 제1호 지방정원으로 지정되었다.",010-7326-1991,사상구,20151006191537,20250917151449,http://tong.visitkorea.or.kr/cms/resource/40/3539740_image2_1.png,http://tong.visitkorea.or.kr/cms/resource/40/3539740_image3_1.png,Type3,6,9,26,530,EV,EV01,EV010200,A02,A0207,A02070200,부산광역시 사상구 삼락동,29-52 삼락생태공원,46911,128.9735266606,35.1689392430,6
2785762,12,사상근린공원,"<a href=""https://www.sasang.go.kr/yeyak/index.sasang?menuCd=DOM_000001002002000000"" target=""_blank"" title=""새창 : 홈페이지로 이동"">https://www.sasang.go.kr/tour/index.sasang</a>","사상근린공원은 다양한 테마공간이 마련되어 있어 아이들과 야외 활동을 하기 좋은 놀이공간이다. 동화 이상한 나라의 앨리스를 주제로 한 시계 광장을 시작으로 유아 숲 체험장인 작은 숲 속 나라, 어린이 놀이터인 신비의 숲, 모험심을 기를 수 있는 모험의 성 등이 있다. 놀이장 상단부 숲 속 쉼터에는 동화에 등장하는 동물들을 실제로 만나볼 수 있는 소규모 체험장도 마련되어 있어,  동화 속에 와있는 듯한 행복감을 준다.  그 외에도 바운스 돔, 짚 라인, 바닥분수대, 사상 정원, 솔밭쉼터 등 아이들이 재밌고 즐겁게 뛰어놀면서 모험심도 기르고, 꿈도 키울 수 있는 공원이다. 어른들을 위한 산책로도 있다.",,,20211203224827,20250306153619,http://tong.visitkorea.or.kr/cms/resource/07/3370707_image2_1.jpg,http://tong.visitkorea.or.kr/cms/resource/07/3370707_image3_1.jpg,Type1,6,9,26,530,VE,VE03,VE030400,A02,A0202,A02020700,부산광역시 사상구 가야대로 35,(감전동),46989,128.9768740479,35.1521995132,6
130382,14,사상문화원,"<a href=""http://www.sasangculture.or.kr/"" title=""새창 : 사상문화원 홈페이지로 이동"" target=""_blank"">http://www.sasangculture.or.kr</a>","1999년 개원한 사상문화원은 사상 주민들의 수준 높은 문화 향유 기회 제공과 삶의 질 향상을 목표로 설립된 문화원이다. 주된 사업은 문화 예술 진흥사업, 교육사업, 지역 문화 활성화 사업이다. 문화예술 진흥사업의 경우 다누림홀 기획공연, 문화가 있는 날, 사상강변축제 등을 통해 진행하고 있다. 문화 예술 교육의 경우엔 민요, 노래교실, 한국무용, 필라테스 등 폭넓은 교육 프로그램을 운영 중이다. 또한 사상문화지 발간, 사상향토사 연구 사업 등을 통해 지역의 문화를 연구, 보존에 힘쓰고 전통문화에 대한 올바른 이해를 돕기 위해 노력하고 있다.",,,20071106105503,20250306143854,,,,6,9,26,530,VE,VE09,VE090100,A02,A0206,A02060700,부산광역시 사상구 가야대로196번길 51,(학장동),47022,128.9948587180,35.1476309123,6
2785277,39,사천게장집,,"부산 사상구 재첩 거리에 위치한 간장ᆞ양념 게장에 재첩국을 무한리필로 제공하는 곳이다. 가게 앞에 주차장이 바로 있어 주차가 편리하고, 매장이 넓어 식사하는데 불편함이 없다. 주문하면 기다림 없이 바로 차려지는 밥과 기본 반찬들에 청양고추가 올라간 간장게장, 매콤 달콤 양념에 버무려져 나오는 양념게장, 시원한 재첩국을 저렴한 가격에 무한으로 먹을 수 있다. 양념이 잘 베여있는 게살에 밥을 비벼 김에 싸 먹으면 그 맛이 일품이다.",,,20211202224236,20250828094134,http://tong.visitkorea.or.kr/cms/resource/93/2790693_image2_1.JPG,http://tong.visitkorea.or.kr/cms/resource/93/2790693_image3_1.JPG,Type3,6,9,26,530,FD,FD01,FD010100,A05,A0502,A05020100,부산광역시 사상구 낙동대로1518번길 27 (삼락동),,46901,128.9855943821,35.1935311540,6
2650232,12,산복도로,"<a href=""https://www.visitbusan.net/kr/index.do""target=""_blank"" title=""새창: 부산 문화관광"">https://www.visitbusan.net/kr/index.do</a>","산복(山腹)은 산허리를 뜻하며, 산복도로는 경사지를 개발하면서 맨 위쪽에 자리한 도로다. 1964년 10월 산동네를 연결하는 첫 산복도로가 열렸으며, 중구 대청동 메리놀병원 앞에서 동구 초량동 입구까지 1820m 구간에 걸친 산복도로가 부산 곳곳에 만들어졌다. 이러한 산복도로는 산비탈에 숨은 이야기와 아름다운 경치를 볼 수 있다. 산 중턱을 따라 구불구불 이어지는 도로를 따라 부산의 바다와 구도심이 한눈에 들어온다. 특히 도로변에 위치한 집들은 옥상이 주차장이자 전망대가 돼 관광객들의 눈길을 사로잡는다. 밤에는 부산항대교의 화려한 야경이 더해져 최고의 야경 명소로 변신한다. 망양로를 따라 산꼭대기까지 이어지는 집들이 저마다의 불빛을 내뿜으며 이국적인 분위기를 물씬 풍긴다.",,,20200324023540,20240806160054,http://tong.visitkorea.or.kr/cms/resource/16/3343716_image2_1.jpg,http://tong.visitkorea.or.kr/cms/resource/16/3343716_image3_1.jpg,Type3,6,15,26,110,VE,VE04,VE040100,A02,A0203,A02030600,부산광역시 중구,(영주동),48917,129.0309232942,35.1092330974,6
135004,39,산성청송가든,,"산성마을에 2대에 걸쳐 옛 전통을 지키고 있는 금정산성의 명소 산성청송가든이다. 친절한 분위기와 더불어 맛깔스런 음식조리에 최선을 다한다. 흑염소불고기, 오리숯불고기, 한방오리백숙 등 주변에서 흔히 맛볼 수 없는 건강식으로 사랑받고 있다. 가게 내부는 넓고 단체석도 마련되어 있어 가족모임이나 단체 행사로도 적합하다. 또한, 족구장 시설도 준비되어 있어 단체 모임 하려는 이들이 많이 방문하고 있다.",,,20050525090000,20251216113322,,,,6,2,26,410,FD,FD01,FD010100,A05,A0502,A05020100,부산광역시 금정구 산성로 516,,46238,129.0552285771,35.2448405765,6
3080310,28,삼락강변체육공원인라인스케이트장,"부산광역시청 <a href=""https://www.busan.go.kr/nakdong/samrakpark01"" target=""_blank"" title=""새창 : 부산광역시청 홈페이지로 이동"">https://www.busan.go.kr/nakdong/samrakpark01</a>","삼락생태공원에는 총 3개의 인라인스케이장이 있는데 1트랙은 제2주차장 옆 , 2트랙은 제4주자창 옆, 3트랙은 제8주차장 옆에 있다. 세 인라인스케이트장 모두 삼락생태공원의 주차장과 붙어 있어 접근성이 매우 좋다. 특히 3트랙은 부산~김해선 괘법르네씨떼역에 가까이 있어 경전철에서 내려 걸어서 갈 수 있고, 규모도 가장 크며 3트랙 외에도 인라인광장 및 작은 트랙 2개도 갖추고 있어 다양한 활동을 할 수 있다. 3개 트랙 모두 인라인 장비 대여시설은 없으므로 개인이 장비(인라인, 보호장구 등)를 준비하여야 한다.",,,20240110181045,20250807170001,http://tong.visitkorea.or.kr/cms/resource/06/3080306_image2_1.JPG,http://tong.visitkorea.or.kr/cms/resource/06/3080306_image3_1.JPG,Type3,6,9,26,530,LS,LS01,LS010100,A03,A0302,A03020400,부산광역시 사상구 삼락동,29-14,46907,128.9717797997,35.1612622933,6
2756707,28,삼락수상레포츠타운,"<a href=""http://www.xn--pi2b9jw6tva82omwm82nv7e0qi.com/"" target=""_blank"" title=""새창 : 삼락수상레포츠타운 사이트로 이동"">http://www.삼락수상레포츠타운.com</a>","스스로 노를 저으며 바라보는 낙동강은 어떤 모습일까 궁금하다면 삼락수상레포츠타운을 방문해 보자. 또한 샛강투어탐사를 즐길 수도 있는데, 자연 친화적인 레저활동은 물론, 물을 두려워하지 않고 자신의 힘으로 가고 싶은 방향으로 가보는 경험을 통해 청소년들이 즐기기 좋은 체험활동이다. 또한, 삼락수상레포츠타운에는 세일링요트도 있어 강바람 즐기면서 여유로운 시간을 보내기 좋다. 처음에는 어려워도 열심히 노를 저어 스스로의 힘으로 성취하고 나면 자신감이 생겨나고 스트레스도 확 풀릴 것이다.",,,20211014001022,20250110150614,http://tong.visitkorea.or.kr/cms/resource/54/2756954_image2_1.jpg,http://tong.visitkorea.or.kr/cms/resource/54/2756954_image2_1.jpg,Type3,6,9,26,530,LS,LS02,LS021400,A03,A0301,A03010200,부산광역시 사상구 삼락동 29-21,,46912,128.9682186811,35.1728970354,6
2782626,12,삼익비치수변공원,,"광안리해수욕장이 한눈에 들어오는 삼익비치수변공원은 낮에는 산책이나 자전거를, 밤에는 화려한 야경을 즐기기에 더없이 좋은 장소다. 특히 부산을 대표하는 야경 명소로 꼽히는 광안리해수욕장은 푸른 바다와 우리나라 최초의 2층 해상교량이자 최대 규모의 현수교를 자랑하는 광안대교가 어우러진 풍광이 압권이다. 시간대와 요일, 계절별로 10만 가지 이상의 다양한 색상을 연출하는 경관 조명시설도 야경의 화려함을 더한다. 삼익비치 수변공원에서 바라보는 광안대교는 해수욕장과는 또 다른 각도로 매력을 뽐낸다. 해 질 무렵의 노을도 더 가까이에서 감상할 수 있다. 해마다 봄이 되면 현지인들은 물론 관광객들도 일부러 찾는 삼익비치 벚꽃길과도 연결되어 볼거리를 더한다.",,,20211129193619,20251128095142,http://tong.visitkorea.or.kr/cms/resource/38/3575838_image2_1.jpg,http://tong.visitkorea.or.kr/cms/resource/38/3575838_image3_1.jpg,Type1,6,12,26,500,VE,VE03,VE030500,A02,A0202,A02020700,부산광역시 수영구 남천동,148-103,48305,129.1169286916,35.1462388759,6
2470024,12,삼진어묵 체험·역사과학관,"<a href=""https://www.samjinfood.com/service/bakery_store_reservation.php"" title=""새창 : 삼진어묵 체험·역사과학관 홈페이지로 이동"">https://www.samjinfood.com</a>","부산광역시 영도구에 위치한 삼진어묵 체험·역사과학관은 부산어묵의 역사를 만나볼 수 있는 동시에 다양한 볼거리와 흥미로운 프로그램을 제공하고 있는 곳이다. 삼진어묵 체험·역사관은 1, 2층이 체험 공간으로 운영되고 있으며, 3층에는 역사과학관으로 구성되어 있어 어묵과 관련된 역사적, 과학적 정보를 만나볼 수 있다. 어묵 체험 문화를 주도하고 있는 체험관이자 역사과학관으로 몽떡오꼬노미, DIY 어묵탕, 피자어묵 등 전문 강사와 함께 수제 어묵 요리를 만들어보는 체험 프로그램을 운영 중이다. 또한, 직접 만든 어묵 요리는 현장에서 시식이 가능하다.",,,20161228232531,20250519133557,http://tong.visitkorea.or.kr/cms/resource/64/3399264_image2_1.jpg,http://tong.visitkorea.or.kr/cms/resource/64/3399264_image3_1.jpg,Type3,6,14,26,200,EX,EX06,EX061000,A02,A0204,A02040800,부산광역시 영도구 절영로7번길 41-1 (봉래동2가),,49035,129.0427254928,35.0928101531,6
851286,39,상국이네,"<a href=""https://www.instagram.com/sangcookine_official"" target=""_blank"" title=""새창 : 공식인스타그램으로 이동"">https://www.instagram.com/sangcookine_official</a>",해운대시장에 위치한 상국이네는 부산 3대 떡볶이집 중 한 곳으로 해운대역 맛집으로도 유명한 곳이다. 떡볶이를 포함해 각종 튀김과 어묵을 판매하고 있으며 떡볶이 떡이 가래떡이라 일반 떡볶이보다 더 크고 쫄깃한 식감을 맛볼 수 있다. 또한 주문할 때 박스가 있어 매장에서 먹지 않고 편하게 포장으로 떡볶이를 구매할 수 있는 맛집이다.,,,20091030215445,20250311152617,,,,6,16,26,350,FD,FD01,FD010100,A05,A0502,A05020100,부산광역시 해운대구 구남로41번길 40-1,,48095,129.1629548127,35.1620074073,6
3064931,12,색채마을,"<a href=""https://www.visitbusan.net/kr/index.do?menuCd=DOM_000000201001001000&uc_seq=2106&lang_cd=ko""target=""_blank"" title=""새창: 비짓부산 홈페이지로 이동"">https://www.visitbusan.net</a>","색채마을은 대청공원 경로당에서부터 대청 공영주차장까지의 건물과 계단, 담벼락 등에 그림, 풍경, 도형들을 원색에 가까운 색감으로 색칠한 이색 관광마을이다. 부산시에서 도시경관의 미래상을 제시하고자 색채계획사업에 따라 2009년 조성하였다. 마을 주변에 형성된 인공적인 색상들과 대비되어 마을의 존재감을 독특하게 드러낸 배색으로 도색하였으며, 산복도로 로망스, 새로운 희망, 호랑이, 부산 원도심, 사계, 꿈꾸는 비행, 꿈을 불다, 설렘은 알록달록한 향기, 그곳의 향수, 소확행  등 다양한 작품들로 이루어져 있다. 색채마을 끝에 있는 공영주차장 5층 옥상에는 대청 스카이 전망대를 운영하고 있어 부산항을 조망할 수 있고, 마을 중간중간에는 카페도 있어 휴식과 관광을 겸할 수 있다.",,,20231208175601,20250414102243,http://tong.visitkorea.or.kr/cms/resource/23/3064923_image2_1.JPG,http://tong.visitkorea.or.kr/cms/resource/23/3064923_image3_1.JPG,Type3,6,15,26,110,EX,EX03,EX030100,A02,A0203,A02030100,부산광역시 중구 망양로 327-1 (대청동4가),,48904,129.0294707029,35.1070333171,6
3533138,32,샌드스테이,https://sandstay.modoo.at/,"‘샌드스테이'는 광안대교의 눈부신 전경, 젊은 에너지를 품고 있는 광안리 바닷가 2분거리에 위치하고 있습니다. 바다를 온전히 곁에 두고 '아늑하고 평온한 휴식'을 위한 공간입니다.
최고급 실크벽지와 간살도어, 고급가구를 매치하여 오롯이 '쉼'에 집중할 수 있도록 하였습니다.
광안리의 랜드마크인 모래를 테마로 광안리를 사랑하는 호스트가 섬세한 감성으로 디자인 하였습니다.",,,20250908220303,20251023143000,,,,6,12,26,500,AC,AC06,AC060200,B02,B0201,B02011100,"부산광역시 수영구 광안해변로279번길 29 (민락동, 유정)",,48287,129.1253526663,35.1569128366,6
2860819,39,샤브막심 송정본점,"<a href=""https://www.instagram.com/shabu_maxim/"" target=""_blank"" title=""새창 : 샤브막심 인스타그램으로 이동"">https://www.instagram.com/shabu_maxim/</a>","샤브막심은 부산 송정해수욕장 옆 구덕포에 위치하고 있다. 송정 바닷가를 정면으로 마주하고 있어 전면 통창을 통하여 막힘없는 오션뷰를 보며 식사를 할 수 있다. 샤브막심의 가장 큰 장점은 테이블마다 개인 화로 및 개인 냄비를 이용하여 개인의 취향에 맞게 선호하는 재료들로 마음껏 먹을 수 있다는 점이다. 또 이곳은 무제한 샐러드바를 운영하고 있어 기본 메뉴를 주문하면 무료로 이용이 가능하다. 샤브샤브에 들어가는 각종 채소와 버섯, 샐러드, 후식류 등 다양하게 준비되어 있다.",,,20220927121205,20251105143502,http://tong.visitkorea.or.kr/cms/resource/16/2860816_image2_1.jpg,http://tong.visitkorea.or.kr/cms/resource/16/2860816_image3_1.jpg,Type3,6,16,26,350,FD,FD01,FD010100,A05,A0502,A05020100,부산광역시 해운대구 송정구덕포길 104,,48073,129.1974932227,35.1712292375,6
2860823,39,샤브야 본점,,"해운대 달맞이길 언덕에 있는 샤브야 본점은 샤브샤브 월남쌈 전문점이다. 개별 룸이 있는 샤브야는 각 테이블마다 키오스크가 있어 편리하게 주문할 수 있다. 한우, 생조개, 소고기, 한돈 총 네 가지의 샤브샤브 월남쌈이 있고, 생조개 샤브월남쌈을 제외한 모든 메뉴는 맑은 육수와 얼큰 육수를 선택할 수 있다. 1인 1 주문 시 모든 채소와 칼국수, 영양죽 등을 무제한으로 즐길 수 있다. 기본으로 제공되는 채소 외에 더 필요한 채소와 소스 등은 셀프코너를 이용하면 된다. 4세 이상부터 추가 금액을 받고, 반려견을 동반할 수 있는 별도의 룸도 갖춰져 있다. 근처에 부산의 멋진 야경을 볼 수 있는 해월정과 걷기 좋은 해수욕장이 있어 함께 둘러보기 좋다. 
※반려동물 동반 가능",,,20220927121720,20250114161803,http://tong.visitkorea.or.kr/cms/resource/22/2860822_image2_1.jpg,http://tong.visitkorea.or.kr/cms/resource/22/2860822_image3_1.jpg,Type3,6,16,26,350,FD,FD01,FD010100,A05,A0502,A05020100,부산광역시 해운대구 달맞이길 193 부광가든,,48115,129.1823171232,35.1581804168,6
2867598,39,서대시장족발,,"서대시장 원조족발은 부산시 서구 서대신 시장 안에 있는 있는 숨은 맛집이다. 냉채족발과, 순대 두루치기 등으로 다양하게 요리된 족발을 맛볼 수 있고 특히 각종 채소에 족발과 새콤한 겨자소스를 함께 버무려 내는 냉채족발이 인기이다. 떡과 순대를 매콤하게 볶아내는 순대 두루치기와 어묵탕은 술안주로도 좋다. 또 서대 족발이 족발 마니아들한테 사랑을 받는 이유는 오이 양파절임 때문이다. 이곳에서만 맛볼 수 있는 별미로 족발을 찍어 먹거나 고기 위에 얹어 먹으면 맛있다. 단골이 많아 포장하려는 손님들이 줄을 잇는 곳으로 전용 주차장은 따로 없지만 근처 구덕 신협 앞에 있는 화랑주차장에 주차할 수 있다. 부산 송도해수욕장, 부산 송도해상케이블카는 함께 둘러보기 좋은 관광 명소이다.",,,20221014145547,20251105173039,http://tong.visitkorea.or.kr/cms/resource/90/2867590_image2_1.JPG,http://tong.visitkorea.or.kr/cms/resource/90/2867590_image3_1.JPG,Type3,6,11,26,140,FD,FD01,FD010100,A05,A0502,A05020100,부산광역시 서구 대영로 43-2,,49234,129.0163189960,35.1097049981,6
2763981,38,서동미로시장,"<a href=""https://www.geumjeong.go.kr/tour/index.geumj?menuCd=DOM_000000412001004001&cpath="" target=""_blank"" title=""새창 : 금정구청 문화관광 사이트로 이동"">https://www.geumjeong.go.kr/tour/</a>","부산 금정구에 위치한 ‘서동 미로 시장’은 길이 마치 미로 같다 하여 붙여진 이름이다. 서동시장, 서동 향토 시장, 서동 전통 골목시장 3개의 시장을 합하여 ‘문화 관광형 시장’으로 부르는데, 전통 시장의 모습뿐만 아니라 예술 창작공간, 문화 강좌를 진행하는 새로운 형태의 시장이다. 2012년 6월 개관한 서동예술창작공간은 지상 2층, 지하 1층 규모의 다목적실, 전시실, 예술인 작업실, 강의실, 작은 도서관, 옥상 하늘 쉼터, 야외 공연장 등을 갖추고 있다. 문화 예술 전통시장이라는 이름에 걸맞게 시장 상인 및 지역 주민들을 대상으로 다양한 문화 강좌도 진행한다.",,,20211028004905,20251127112026,http://tong.visitkorea.or.kr/cms/resource/76/3561476_image2_1.jpg,http://tong.visitkorea.or.kr/cms/resource/76/3561476_image3_1.jpg,Type1,6,2,26,410,SH,SH06,SH060200,A04,A0401,A04010200,부산광역시 금정구 서동로141번길 16 (서동),,46320,129.1024697033,35.2159085830,6
2778503,39,서울깍두기,,"서울깍두기 본점은 부산시 금정구 장전동에 자리 잡고 있다. 대표 메뉴는 국수사리와 밥이 말아져 나오는 설렁탕이며, 뽀얀 국물에 푸짐한 고기가 들어있다. 이외에도 곰탕, 꼬리곰탕, 양지탕, 도가니탕, 족탕 등 다양한 메뉴가 준비되어 있다. 양질의 고기를 충분히 끓여 나온 진한 국물과 칼칼하고 시원한 맛의 깍두기가 더해지는 맛이 일품이다. 음식점은 부산 지하철 1호선 부산대역에서 가깝고, 주변에는 부산대학교 젊음의 거리, 온천천어울마당이 위치해 있어 연계 관광으로도 좋다.",,,20211124195137,20251023143000,,,,6,2,26,410,FD,FD01,FD010100,A05,A0502,A05020100,부산광역시 금정구 장전온천천로 75,,46290,129.0887065771,35.2317537744,6
2783308,28,서프마린,"공식 네이버블로그 <a href=""https://blog.naver.com/hjs0329"" target=""_blank"" title=""새창 : 서프마린 네이버블로그로 이동"">https://blog.naver.com/hjs0329</a><br>공식 인스타그램 <a href=""https://www.instagram.com/surfmarine_busan/"" target=""_blank"" title=""새창 : 서프마린 인스타그램으로 이동"">https://www.instagram.com/surfmarine_busan/</a>","부산 광안리해수욕장은 한여름 무더위를 날려버릴 액티비티를 즐기기에 적합한 장소이다. 서프마린에서는 광안리해수욕장 노을을 배경으로 패들보드 체험을 할 수 있어 소중한 사람과 함께 특별한 추억을 쌓을 수 있다. 바다로 나가기 전, 패들보드의 구조와 패들보드를 움직이는 방법, 주의사항에 대해 교육시간을 갖기 때문에 초보자 혹은 처음 패들보드를 접하는 사람들도 이용이 가능하다. 또한, 해변으로 나가도 바다와 익숙해지는 시간을 한 번 더 갖기 때문에 누구나 큰 어려움 없이 패들보드를 즐길 수 있다. 파도가 잔잔하다면 시원한 물살을 가르며 광안대교 아래까지도 이동이 가능하다. 서프마린 강사들이 패들보드 체험을 하는 모습을 촬영하기 때문에 황홀한 순간을 사진으로 남길 수도 있다.",,,20211130182742,20250624204153,http://tong.visitkorea.or.kr/cms/resource/87/3500487_image2_1.jpg,http://tong.visitkorea.or.kr/cms/resource/87/3500487_image3_1.jpg,Type3,6,12,26,500,LS,LS02,LS020100,A03,A0303,A03030100,부산광역시 수영구 광안해변로 125 (남천동),우진빌딩 지하 1층,48304,129.1145761217,35.1461166232,6
128053,12,선암사(부산),"<a href=""http://www.sunamsa.or.kr/"" target=""_blank"" title=""선암사 사이트로 이동"">http://www.sunamsa.or.kr</a>","선암사는 대한불교 조계종 제14교구 본사인 범어사의 말사이다. 675년 원효(元曉)가 창건하였다. 창건 당시에는 견강사(見江寺)라고 불렀으며, 절 뒷산 절벽 바위 위에서 화랑들이 무술을 닦으면서 절 이름을 선암사로 바꿨다고 하기도 하고, 1483년 각초(覺招)가 중창하면서 바꿨다고도 한다. 1568년 신연(信衍), 1718년 선오(禪悟)가 각각 중수했고 1918년에는 동운(東雲)이, 1955년에는 혜수(慧修)가 중수하였다. 선암사에는 휴식형 템플스테이를 운영하고 있으며, 불교교양대학과 원효합창단, 불교봉사단, 도자기 만들기, 용왕기도 등 다양한 행사들을 운영하고 있다. 선암사 시설로는 대웅전을 중심으로 극락전, 관음전, 명부전, 조사전, 칠성각, 산신각, 요사채와 종각이 있는 극락정토 도량이며, 석축 위 동백나무가 아름답다. 경내를 관통하고 흐르는 계곡에 있는 돌다리가 극락교이며, 용왕단 뒤쪽으로 흐르는 조그마한 폭포가 선암폭포이다.",,,20040302090000,20251023143000,http://tong.visitkorea.or.kr/cms/resource/36/3552636_image2_1.jpg,http://tong.visitkorea.or.kr/cms/resource/36/3552636_image3_1.jpg,Type1,6,7,26,230,HS,HS03,HS030100,A02,A0201,A02010800,부산광역시 부산진구 백양산로 138,,47148,129.0275328529,35.1768587956,6
2872553,39,선창갈미조개,,"선창갈미조개는 명지선창회타운에 있는 조개구이 전문점이다. 선창갈미조개는 TV조선 식객 허영만의 백반기행에 소개될 정도로 유명한 맛집으로 그날 갈미조개(개량조개)가 동나면 일찍 문을 닫는다. 기본 차림 상은 상추, 깻잎, 마늘, 고추, 김, 쌈장 등과 함께 순두부가 나온다.",,,20221021143333,20250708104638,http://tong.visitkorea.or.kr/cms/resource/45/2872545_image2_1.JPG,http://tong.visitkorea.or.kr/cms/resource/45/2872545_image3_1.JPG,Type3,6,1,26,440,FD,FD01,FD010100,A05,A0502,A05020100,부산광역시 강서구 르노삼성대로 602 (명지동),,46773,128.9286018554,35.1013709857,6
403961,39,선창횟집,,"선창횟집의 창밖으로는 에메랄드 빛 짙푸른 파도와 광안대교가 눈앞에 펼쳐진다. 이곳에서는 도미, 우럭, 광어, 감성돔, 능성어 등의 등의 활어를 맛볼 수 있다. 선창횟집만의 특별 메뉴는 생선 완자와 생선뼈 찜이다. 각각 식사와 생선회를 주문할 때 함께 나온다. 생선 살을 그대로 튀긴 생선 완자는 맛이 담백하며, 회를 뜨고 남은 뼈에 양념을 입힌 생선뼈 찜은 살을 발라먹는 재미를 느낄 수 있다. 넓은 홀과 개별룸 시설을 완비하고 있어 각종 모임을 하기에도 좋다.",,,20080120072516,20250311154507,,,,6,16,26,350,FD,FD01,FD010100,A05,A0502,A05020100,부산광역시 해운대구 달맞이길62번길 67,,48098,129.1738428948,35.1568915149,6
319563,12,성암사(부산),"<a href=""https://www.visitbusan.net/kr/index.do?menuCd=DOM_000000201001001000&uc_seq=1796&lang_cd=ko""target=""_blank"" title=""새창: 비짓부산 홈페이지로 이동"">https://www.visitbusan.net/</a>","부산의 중심인 황령산의 작은 봉우리인 갈미봉 자락에 위치하고 있는 성암사는 거북이가 알을 낳고 있는 형국이라고 하여 부귀와 재물을 상징한다고 하는 명당 자리에 있다. 성암사 뒷산에는 머리와 등 부분이 거북이 모습을 한 바위를 볼 수 있는데 거북이가 알을 낳는 자리의 기운 때문인지 옛날부터 삼성전과 용왕당에서 기도를 드리면 자손을 얻는다는 전설이 전해지고 있다. 역대로 성암사 신도 가운데 사법시험을 비롯한 각종 국가고시에 합격한 사람이 많이 배출되었다고 하고 있어, 거북바위의 전설이 신기한 곳이다. 구전에 의하면 성암사는 고려말 창건된 오래된 전통 있는 고찰이며, 현재에는 초하루법회, 인등재일법회, 지장재일법회를 열고 있으며, 경남불교대학과 불교대학원을 설립해 수 많은 불자들에게 불법을 전하고 있다.",,,20071207192935,20250522100243,http://tong.visitkorea.or.kr/cms/resource/32/3070632_image2_1.JPG,http://tong.visitkorea.or.kr/cms/resource/32/3070632_image3_1.JPG,Type3,6,4,26,290,HS,HS03,HS030100,A02,A0201,A02010800,부산광역시 남구 진남로210번길 58-15,(문현동),48422,129.0800957995,35.1456799238,6
403957,39,성일집,"<a href=""http://www.ggom.co.kr"" target=""_blank"" title=""새창 : 성일집 홈페이지로 이동"">http://www.ggom.co.kr</a>",60여 년 전통의 제대로 된 곰장어 구이를 파는 집이다. 갓 잡은 곰장어에 야채와 양념을 넣고 철판에 볶는 평범한 방식이지만 60여 년 전통의 비법 양념 덕분에 특별한 맛이 난다. 매운맛과 단맛 어느 하나에 치우치지 않는 감칠맛 나는 양념은 주인이 직접 만들고 있다.<br>,,,20080120072506,20240913104516,,,,6,15,26,110,FD,FD01,FD010100,A05,A0502,A05020100,부산광역시 중구 대교로 103,,48943,129.0375007674,35.0994287600,6
3373600,39,세븐아일랜드,"<a href=""https://www.instagram.com/7island_coffee/"" target=""_blank"" title=""새창 :세븐아일랜드 홈페이지로 이동"">https://www.instagram.com/7island_coffee/</a>","세븐 아일랜드는 우리가 ‘섬에 가고 싶었던 이유들’을 모두 반영한 공간이다. 섬에 둘러싸인 섬 위에 놓인 여유, 흥미로움, 고요, 만남이 공존하는 이 공간, 세븐 아일랜드는 섬을 경험하는 공간이다. 6~12인까지 수용가능한 미팅룸을 사전 예약 시 이용이 가능하여 단체로 방문하기에도 좋다. 애견동반은 불가능한 곳으로 참고하면 된다. 대표메뉴는 블랙라떼로, 세븐아일랜드만의 모노톤 인테리어와 바다 위에 떠 있는 섬에서 영감을 받아 개발했다고 한다.",,,20240925134655,20250318220121,http://tong.visitkorea.or.kr/cms/resource/21/3373621_image2_1.jpg,http://tong.visitkorea.or.kr/cms/resource/21/3373621_image2_1.jpg,Type3,6,1,26,440,FD,FD05,FD050100,A05,A0502,A05020900,부산광역시 강서구 가덕해안로 560 (천성동),,46770,128.8072472729,35.0451417294,6
1019616,28,센텀시티 아이스링크,"<a href=""http://www.shinsegae.com/store/entertainment/centum-icelink.do?storeCd=SC00008#focus_move"" target=""_blank"" title=""새창 : 센텀시티 아이스링크 홈페이지로 이동"">http://www.shinsegae.com</a>","신세계백화점 센텀시티가 운영하는 실내 아이스링크장이다. 백화점 4층에 있으며, 최대 500명을 수용하는 최첨단 아이스링크장으로 낮에는 자연채광 속에서 스케이트를 즐길 수 있고, 밤에는 화려하고 낭만적인 조명을 받으며 환상적인 야간 스케이팅을 즐길 수 있는 곳이다. 모든 연령대가 만족할 수 있는 다목적 아이스링크장으로 아이스링크장을 내려다보며 세계의 다양한 음식을 즐길 수 있는 푸드파크와 스낵코너, 그밖에 다양한 문화홀, 휴게실, 고객지원센터 등이 운영되고 있다.",,,20100512222740,20251023143000,http://tong.visitkorea.or.kr/cms/resource/63/3544863_image2_1.JPEG,http://tong.visitkorea.or.kr/cms/resource/63/3544863_image3_1.JPEG,Type3,6,16,26,350,LS,LS01,LS010900,A03,A0302,A03021300,부산광역시 해운대구 센텀남대로 35,,48058,129.1295519730,35.1688560217,6
2952019,39,소공간,"<a href=""https://www.instagram.com/sogonggan_dining"" target=""_blank"" title=""새창: 소공간 인스타그램 홈페이지로 이동"">https://www.instagram.com/sogonggan_dining</a>",부산에 위치한 소공간은 한식 퓨전 코스요리를 선보이는 곳이다. 우리 소(1++) 메인으로 당일 공수한 지역색 가득한 제철 식재료와 조화로운 구성으로 담백하게 표현하고 있다. 이곳은 웰컴키즈존으로 베이비 체어와 식기 그리고 키즈밀이 준비되어 있어 미리 요청할 경우 준비가 가능하며 매장 내부에 룸이 있어 미리 예약할 경우 4인부터 6인까지 이용이 가능하다.,,,20230310150443,20250120102725,http://tong.visitkorea.or.kr/cms/resource/16/2952016_image2_1.jpg,http://tong.visitkorea.or.kr/cms/resource/16/2952016_image3_1.jpg,Type3,6,16,26,350,FD,FD01,FD010100,A05,A0502,A05020100,부산광역시 해운대구 해운대해변로298번길 47,,48099,129.1674016555,35.1617297426,6
2758469,12,소두방공원,,"소두방공원의 ‘소두방’은 솥뚜껑을 닮았다는 것에서 유래된 정관의 옛 지명이다. 이 공원은 부산 기장군 정관읍의 대표 산림형 공원으로 정관박물관, 정관도서관, 축구장 등의 체육시설, 어린이놀이시설 등이 있어 주민들의 이용도가 높은 공원이다. 소두방공원 산책로에는 맨발 걷기를 할 수 있는 황톳길도 조성되어 있어 맨발 걷기에도 좋으며, 세족장과 먼지털이기를 설치하여 주민들의 만족도를 높이고 있다. 황톳길은 기장군에서 주 3회 산책로 정비를 실시하고 있다. 아이들이 뛰어놀기 좋은 자연친화 놀이시설은 놀이와 교육이 함께하는 입체적 콘텐츠를 도입하여 만들었다. 숲속배움마당, 숲속감성놀이마당, 숲속모험놀이마당의 세 개의 단층 공간으로 구성되어 있으며, 공간마다의 이동은 미끄럼틀, 경사놀이터를 이용하도록 했다. 각각의 공간별 콘셉트에 맞춰 통나무건너기, 숲속오두막, 숲속나무건너기, 통과놀이대, 숲속인디언집, 해먹, 낙수놀이대, 피크닉장 등을 설치했고, 아이들이 신나고 안전하게 뛰어놀 수 있도록 바닥이 우드칩과 잔디로 포장되어 있다.",,,20211019012117,20250305104024,http://tong.visitkorea.or.kr/cms/resource/82/3336582_image2_1.jpg,http://tong.visitkorea.or.kr/cms/resource/82/3336582_image3_1.jpg,Type3,6,3,26,710,VE,VE03,VE030100,A02,A0202,A02020700,부산광역시 기장군 정관읍 방곡리,,46019,129.1843288936,35.3291390743,6
1607335,12,소림사(부산),,"대한조계종 소림사는 1913년 승려 송영이 창건하였으며, 해방 직후인 1945년 비구니 정금광이 인수하였다. 1948년 순 한국식 불단으로 개조하여 가람을 수호하며 포교 활동을 활발하게 했다. 소림사는 부산 대중 불교의 산실이자 부산 지역의 지도적인 재가 불자를 양성한 대표 사찰이다. 산림 법회를 60여년간 지속해 오고 있으며 그밖에 다양한 법회와 기도 등을 행하고 있다. 소림사의 전각은 무량수전과 대웅전이 있으며, 무량수전에는 본존불인 아미타불상과 좌우에 관음보살상, 지장보살상을 봉안하고 있다. 무량수전 내에는 신중단, 칠성단, 독성단, 산신단 등이 있고, 대웅전은 석가모니 불상과 관세음보살상, 대세지보살상을 봉안하고 있으며, 지장보살상, 홍법대사상, 부동명왕상도 함께 봉안하고 있다.",,,20120419224920,20251127134813,http://tong.visitkorea.or.kr/cms/resource/09/3561509_image2_1.jpg,http://tong.visitkorea.or.kr/cms/resource/09/3561509_image3_1.jpg,Type1,6,5,26,170,HS,HS03,HS030100,A02,A0201,A02010800,부산광역시 동구 초량상로65번길 7 (초량동),,48812,129.0373336157,35.1177378193,6
2784320,39,소문난원조조방낙지본점,,"낙지볶음을 전문으로 하는 원조 조방낙지는 부산 동래구청 근처 조방낙지 골목의 대표 맛집으로 유명하다. 1인 기준 가격이 합리적이면서 대중적인 맛이라, 언제든지 한 끼 식사로 가볍게 즐길 수 있다. 조방낙지는 얼마큼 소스가 졸여지느냐에 따라 맛을 좌우하는데 개인의 취향에 따라 양념의 진하기를 조절할 수 있다. 특히 어린이와 함께 먹기에는 기본양념이 다소 자극적일 수 있으므로, 양념을 적게 넣어야 한다.",,,20211201191108,20250828090748,http://tong.visitkorea.or.kr/cms/resource/25/2787525_image2_1.jpg,http://tong.visitkorea.or.kr/cms/resource/25/2787525_image3_1.jpg,Type3,6,6,26,260,FD,FD01,FD010100,A05,A0502,A05020100,부산광역시 동래구 명륜로94번길 37 (명륜동),,47808,129.0839355318,35.2040345702,6
1805861,39,속시원한 대구탕,,해운대 달맞이 고개에 위치한 대구탕 전문점인 속시원한 대구탕은 오랜 세월 동안 단일메뉴인 대구와 무를 넣고 맑게 끓여내는 대구탕을 판매하고 있다. 해운대에도 비슷한 상호의 대구탕집이 많이 있어 잘못 찾아가는 경우도 많이 있지만 해운대에서 오랫동안 대구탕 하나만을 고집하며 맛집으로 소문난 곳이다. 특유의 깔끔한 국물로 현지인은 물론 관광객들의 입맛까지 사로잡아 재방문을 부르는 맛집이다. 가게 내부는 넓고 깔끔한 편이기 때문에 가족단위나 단체모임에도 적합하다.,,,20130419030912,20250416103058,http://tong.visitkorea.or.kr/cms/resource/88/3049888_image2_1.JPG,http://tong.visitkorea.or.kr/cms/resource/88/3049888_image3_1.JPG,Type3,6,16,26,350,FD,FD01,FD010100,A05,A0502,A05020100,부산광역시 해운대구 달맞이길 229,,48115,129.1841196663,35.1610190212,6
2793181,39,속씨원한대구탕미포본점,,대구라는 생선으로 맛을 낼 수 있는 시원함을 최대한으로 담아낸 대구탕 전문점인 이곳은 전날의 과음 흔적으로 해장이 필요하거나 든든한 한 끼 식사를 해결할 수 있는  맛집이다. 대구탕을 시키면 부위가 랜덤으로 나오지만 본래 대구는 입과 머리가 크다고 해서 대구라는 명칭이 붙여졌기 때문에 머리 쪽이 나오는 것이 거의 일반적이다. 그러므로 특별히 몸통이나 다른 부위를 원할 경우에는 주문 시에 미리 말하면 원하는 부위로 맛볼 수 있다. 또한 일정 금액을 추가하면 대구 내장인 곤(곤이)을 추가 할 수 있어 곤 특유의 부드러운 식감을 더한 탕을 즐길 수 있다. 주문한 음식이 나오면 맑은 국물과 뽀얀 대구가 담아진 한 그릇과 다진 혼합 양념이 함께 나오는데 매콤한 맛을 더하고 싶다면 양념을 첨가하는 것을 권한다.,,,20211213230705,20250902102847,http://tong.visitkorea.or.kr/cms/resource/23/2794823_image2_1.jpg,http://tong.visitkorea.or.kr/cms/resource/23/2794823_image2_1.jpg,Type3,6,16,26,350,FD,FD01,FD010100,A05,A0502,A05020100,부산광역시 해운대구 달맞이길62번길 28 (중동),,48098,129.1706181201,35.1589051184,6
2860829,39,솔내음한정식,,"해운대 달맞이길에 있는 솔내음한정식은 한정식 코스요리 전문점이다. 건물 3층에 있어 광안대교와 오륙도를 보며 식사할 수 있고, 날이 좋으면 대마도까지 보여 창가 쪽 자리가 인기 있다. 홀과 개별 룸이 있어 모임, 생일, 상견례 등 특별한 날 조용하게 식사할 수 있고, 각 룸은 많은 인원이 들어갈 수 있어 각종 행사 진행도 가능하다. 깔끔하고 고급스러운 분위기의 솔내음 한정식은 랍스터, 갈비찜, 궁중떡불고기, 해물냉채 등이 나오는 다채로운 코스요리부터 해물파전, 전복 버터구이, 메로구이, 계절 회 등 여러 가지의 단품 메뉴도 있어 다양한 한식을 즐길 수 있다. 근처에 해운대블루라인파크와 야경이 멋진 해월정이 있어 함께 방문해 보는 것도 좋다.",,,20220927122256,20250617095913,http://tong.visitkorea.or.kr/cms/resource/26/2860826_image2_1.jpg,http://tong.visitkorea.or.kr/cms/resource/26/2860826_image3_1.jpg,Type3,6,16,26,350,FD,FD01,FD010100,A05,A0502,A05020100,부산광역시 해운대구 달맞이길117번길 17-11 (중동),,48117,129.1750177459,35.1586246757,6
2557807,28,송도 구름산책로,"<a href=""https://www.bsseogu.go.kr/tour/board/view.bsseogu?boardId=BBS_0000078&menuCd=DOM_000000304011000000&startPage=1&dataSid=597""target=""_blank"" title=""새창: 부산광역시 서구 문화관광 홈페이지로 이동"">https://www.bsseogu.go.kr/tour/</a>","해수욕장 동편에 있는 거북섬을 육지와 있는 다리인 송도구름산책로는 일부구간은 투명 강화유리로 되어있어 바다 한가운데를 걸어가는 느낌을 느낄 수 있다. 바다 위를 거닐며, 수많은 배가 정박해 있는 송도연안과 송도해수욕장을 한눈에 볼 수 있어 부산 해수욕장의 새로운 랜드마크로 부상하고 있다. 2015년에 문을 연 송도구름산책로는 바다로 이어지는 다리다. 다리 위에 조성된 강화유리와 매직 그레이팅 구간을 지날 때 바닥을 통해 일렁이는 바다를 볼 수 있어 짜릿한 기분을 만끽할 수 있다. 또한 일출과 일몰 시간에는 환상적인 경관을 선사하여 많은 이들의 발길을 이끌고 있다. 자연과 도시가 어우러진 이곳은 사람들에게 힐링과 여유를 제공해준다.",,,20180817000130,20250522162544,http://tong.visitkorea.or.kr/cms/resource/65/2687365_image2_1.jpg,http://tong.visitkorea.or.kr/cms/resource/65/2687365_image3_1.jpg,Type3,6,11,26,140,LS,LS01,LS011900,A03,A0302,A03022700,부산광역시 서구 암남동 129-4,,49269,129.0224999494,35.0753645109,6
129093,12,송도마을,,송도 마을은 부산광역시 서구 암남동에 위치한 자연 마을로 송림이 우거져 송도로 불렸다. 마을 형성 시기에 대해서는 알려진 바가 없다. 송도 마을이 송도 해수욕장 형성 이전인지 이후인지를 정확히 알 수 없으나 광복 이전까지는 이 주변 해안이 모두 일본인 전용 구역이었다고 한다. 이 지역은 일제 강점기 부산부 암남정에 속했고 1951년 서구 출장소가 설치되었고 1957년 서구 암남동에 속하였다. 광복 이후 송도 해수욕장이 거북섬과 연결되는 구름다리에 케이블카 (2002년 5월 철거)가 설치되는 등 관광지로 각광을 받으며 마을은 횟집이 늘어나며 번성하게 된다. 1963년 부산직할시 서구 암남동 송도 마을이 되었으며 1995년 부산광역시 서구 암남동 송도 마을이 되어 현재에 이른다.,,,20060629090000,20250922143002,http://tong.visitkorea.or.kr/cms/resource/87/3476787_image2_1.jpg,http://tong.visitkorea.or.kr/cms/resource/87/3476787_image3_1.jpg,Type3,6,11,26,140,VE,VE04,VE040200,A02,A0203,A02030100,부산광역시 서구 충무대로 47 (암남동),,49268,129.0178502571,35.0789056952,6
2614725,12,송도반도 (부산 국가지질공원),"<a href=""https://www.busan.go.kr/geopark/songdo"" target=""_blank"" title=""새창 : 부산지오파크 홈페이지로 이동"">https://www.busan.go.kr</a>","8~7천만 년 전인 중생대 백악기 말 다대포-송도 지역의 동쪽에 있는 동래단층과 서쪽의 양산단층이 움직이면서 두 단층 사이의 땅이 벌어지고 움푹 꺼져 그릇 모양의 다대포 분지가 만들어졌다. 이 분지에는 큰 호수가 만들어지면서 두꺼운 퇴적층들이 쌓이게 되었고, 이 퇴적층을 다대포 층이라 한다. 다대포 층은 구성하고 있는 암석의 특징(붉은색 층의 존재 여부, 화산성 물질의 함량)과 퇴적환경의 차이에 따라 다시 하부 다대포 층과 상부 다대포 층으로 나뉜다. 송도 반도에서는 한국의 지질 노두 150선에 선정된 다대포 층이 해안가를 따라 하부부터 상부까지 연속으로 나타나며, 우리나라 제1호 해수욕장인 송도해수욕장 경관과 함께 공룡알 둥지 화석, 석회질 고토양, 암맥, 단층 등의 지질기록을 만끽할 수 있다.",,,20190809014427,20251219092914,http://tong.visitkorea.or.kr/cms/resource/24/2614724_image2_1.bmp,http://tong.visitkorea.or.kr/cms/resource/24/2614724_image2_1.bmp,Type3,6,11,26,140,NA,NA03,NA030500,A01,A0101,A01010500,부산광역시 서구 암남동,,49274,129.0195115760,35.0659655069,6
2994364,12,송도스카이파크,"<a href=""https://busanaircruise.co.kr/main/main.html"" target=""_blank"" title=""새창 : 송도해상케이블카 홈페이지로 이동"">https://busanaircruise.co.kr</a>","송도스카이파크는 송도해상케이블카의 도착 지점에 있는 테마파크다. 송도 베이스 스테이션에서 케이블카를 탑승하고 송도 해변과 영도 등 주변의 풍광을 15분 정도 관람하면 송도스카이파크에 도착한다. 지하 1층에는 케이블카 뮤지엄인 송도 도펠마이어월드가 있으며, 1층에는 매표소, 승강장, 광장, 분식점 등이 있다. 2층에는 오션테라스와 카페, 3층에는 어린 왕자 테마파크인 스카이하버 전망대가 있다.
송도스카이파크 앞 파크스퀘어광장에는 움직이는 거대한 공룡 모형이 전시된 다이노어드벤처와 각종 포토존이 있어 사진 찍기 좋다. 광장에서 연결되어 있는 암남공원은 바다를 보며 산책하기 좋은 트레킹 코스로 많은 시민들이 찾고 있는 곳이기도 하다. 
송도스카이파크 광장을 내려오면 관광 명소인 용궁구름다리도 있다.",,,20230718145348,20251230165220,http://tong.visitkorea.or.kr/cms/resource/85/3589785_image2_1.jpg,http://tong.visitkorea.or.kr/cms/resource/85/3589785_image3_1.jpg,Type1,6,11,26,140,VE,VE01,VE010200,A02,A0205,A02050600,부산광역시 서구 암남공원로 181 (암남동),,49276,129.0204310648,35.0613910358,6
2784356,28,송도해안볼레길,,"송도해안볼레길은 부산 갈맷길 4코스 1구간 중 송도해수욕장에서 암남공원 일주로를 거쳐 암남공원 입구까지의 구간으로 특히 해안선을 따라 펼쳐지는 해변, 항구, 바다와 기암, 숲길을 한꺼번에 즐길 수 있는 해안산책로이다. 우리나라 최초의 해수욕장인 송도해수욕장에서 시작해 국내 최초의 해상 조각품인 고래조형등대, 가수 현인 선생의 동상을 지나, 해변 끝에 위치한 송도포구에 다다른다. 포구와 작은 공원을 지나면 국가지질공원 안내소가 나오고 송도해안 볼레길의 백미인 붉은 계단으로 이어지는 송도 해안산책로가 시작된다. 송도 해안산책로는 붉은 계단과 다리가 기암절벽 위로 끊어질 듯 이어진다. 이 산책로는 구름다리처럼 금방이라도 끊어질 듯 아슬아슬한 느낌을 주는 것이 특징이다. 산책로와 다리 위에서 바라보는 푸르고 시원한 바다와 바닷바람에 몸을 맡기고 있으면, 마치 내가 바다의 어느 일부분이 된 것 같은 찌릿한 착각마저 느끼게 해 준다. 해안산책로 끝에는 국가지질공원이 위치해 있다. 이곳은 유네스코가 지정하는 3대 자연환경 보전제도 중 하나로, 눈이 아리도록 붉게 펼쳐진 암반은 붉은 계단, 다리와 처음부터 하나였던 것처럼 자연스럽게 조화를 이룬다. 송도해수욕장을 비롯해 조각품, 전망대, 산책로 등과 울창한 삼림을 자랑하는 산과 푸르고 광활하게 펼쳐진 바다가 조화를 이루는 송도해안 볼레길은 해안선을 따라 바다를 바라보며 오염되지 않는 청정한 삼림욕을 즐길 수 있으며, 원시자연공원이라는 호평을 받고 있다.",,,20211201193547,20250829132428,http://tong.visitkorea.or.kr/cms/resource/04/2787704_image2_1.jpg,http://tong.visitkorea.or.kr/cms/resource/04/2787704_image2_1.jpg,Type3,6,11,26,140,LS,LS01,LS011900,A03,A0302,A03022700,부산광역시 서구 암남동 산123-18,,,129.0189477017,35.0672236899,6
2868850,39,송원일식,,"부산 수영구청 근처에 있는 송원일식은 개별 룸이 구비되어 있는 일식 전문점이다. 1, 2층으로 운영 중인 이곳은 깔끔한 내부와 화려한 꽃들이 장식이 되어 있어 눈길을 끈다. 가성비 좋은 일식 코스 맛집으로 방문 전에 전화 예약 또는 네이버 예약을 하고 방문하면 인원수에 맞게 좌석과 테이블 세팅을 해 주며, 좌식 테이블 바닥은 뚫려 있어 편하게 식사할 수 있다. 생선회, 계절 요리, 맑은 국, 초밥, 특별 요리, 추천 요리, 식사, 후식 등이 나오는 마쯔 코스, 란코스, 키쿠 코스, 사쿠라 코스가 있다. 또 점심에만 판매하는 특선 코스도 인기가 좋다. 근처에 걷기 좋은 남천해변공원이 있어 함께 둘러보기 좋다.",,,20221018094750,20250116112130,http://tong.visitkorea.or.kr/cms/resource/37/2868837_image2_1.jpg,http://tong.visitkorea.or.kr/cms/resource/37/2868837_image3_1.jpg,Type3,6,12,26,500,FD,FD02,FD020200,A05,A0502,A05020300,부산광역시 수영구 남천동로9번길 41 인재빌딩,,48307,129.1108264879,35.1446611618,6
3532572,32,송정담다펜션,http://펜션담다.com,"펜션담다는 부산 해운대 송정에 위치해 있습니다. 수영장과 침실에서 바다를 보며 휴식과 여유를 즐길 수 있는 편안한 공간을 자랑하며, 부산 송정의 대표적인 관광지와도 가까워 여행객들에게 휴식과 이동의 편리함을 제공합니다.
눈을 뜨면 송정해수욕장의 푸른 파도가 펼쳐지고, 창밖으로 블루라인 해변열차가 지나가는 감성적인 뷰도 즐길 수 있습니다.",,,20250908095959,20251023143000,,,,6,16,26,350,AC,AC03,AC030100,B02,B0201,B02010700,부산광역시 해운대구 송정중앙로6번길 126 (송정동),"3,4,5층",48073,129.1981457361,35.1787728490,6
2860833,39,송정물총칼국수,,"송정 해수욕장 근처에 있는 송정물총칼국수는 쫄깃한 면발이 일품인 칼국수 맛집이다. 해감 과정에서 물총처럼 물을 뱉어내는 동죽조개와 홍합, 가리비 등 다양한 조개를 푸짐하게 넣어 국물맛이 깊고 시원하다. 어린이들도 먹을 수 있는 기본 맛과 어른들이 좋아하는 얼큰 맛이 있어 선택 주문할 수 있다. 
단, 매장 내 화구 부족으로 테이블당 메뉴는 한 종류로 통일해야 한다, 칼국수와 곁들여 먹기 좋은 해물파전은 새콤달콤 양배추무침과 함께 먹으면 별미다. 가게 앞 주차 공간이 마련되어 있지만 협소하여 점심시간에는 근처 해변 공영주차장을 이용해야 한다. 식사 후 걷기 좋은 죽도 공원이 인근에 있다.
※반려동물 동반 가능",,,20220927122827,20250114105143,http://tong.visitkorea.or.kr/cms/resource/31/2860831_image2_1.jpg,http://tong.visitkorea.or.kr/cms/resource/31/2860831_image3_1.jpg,Type3,6,16,26,350,FD,FD01,FD010100,A05,A0502,A05020100,부산광역시 해운대구 송정중앙로6번길 184 명신횟집,,48073,129.1966570430,35.1763758683,6
2784112,28,송정서핑학교,"<a href=""http://surfschool.co.kr/"" target=""_blank"" title=""새창 : 송정서핑학교 사이트로 이동"">surfschool.co.kr</a>","송정서핑학교는 1995년 부산 송정해수욕장에 최초로 설립된 서핑 전문학교이다. 전통을 자랑하는 송정서핑학교에서는 훌륭한 지도자와 선수들, 유소년을 배출하고 있으며 서핑 동호인은 물론 국내 서핑 문화의 활성화에 최선을 다하고 있다. 강습 후 헤매다 끝나는 서핑이 아닌 강사 도움 없이 혼자 스스로 파도를 잡는 서핑을 추구한다.",,,20211201013435,20250828090442,http://tong.visitkorea.or.kr/cms/resource/72/2787972_image2_1.jpg,http://tong.visitkorea.or.kr/cms/resource/72/2787972_image2_1.jpg,Type3,6,16,26,350,LS,LS02,LS020100,A03,A0303,A03030100,부산광역시 해운대구 송정해변로 34-8 (송정동),,48072,129.2024952959,35.1810226785,6
1117817,38,송정전통재래시장,"<a href=""https://www.gijang.go.kr/index.gijang?menuCd=DOM_000000104009003003""target=""_blank"" title=""새창 : 홈페이지로이동"">https://www.gijang.go.kr</a>","송정장은 기장군 철마면 송정리에서 열리는 전통재래시장이다. 일제시대 편찬된 동래안내에 의하면 송정장은 기장장과 함께 보통시장으로 5월10일에 개설되었다고 기록하고 있다. 따라서 송정장은 일제시대에 존재한 것은 분명하지만 개설시기와 거래 품목 등에 대해서는 정확하게 알 수 없다. 다만 송정장은 일제시대 5일장으로 등장하고 있는 것으로 매달 5일, 10일이 들어가는 날짜에 장이 열리고 있다. 송정장은 기장장과 함께 보통시장으로 개설되었다고 하며 1940년대에 개설된 것으로 추정된다. 과거에는 기장 내에서 큰 시장이었으나 현재는 그 규모가 작아졌다. 부산 1호선 노포역에서 차로 6분 거리에 위치해 있는 소형 시장이다.",,,20101027235506,20250425094625,http://tong.visitkorea.or.kr/cms/resource/24/3070624_image2_1.JPG,http://tong.visitkorea.or.kr/cms/resource/24/3070624_image3_1.JPG,Type3,6,3,26,710,SH,SH06,SH060100,A04,A0401,A04010100,부산광역시 기장군 철마면 두송길 7-31,,46002,129.1116442329,35.3047987868,6
2785965,39,송정집,,"송정집은 전통 한식 메뉴와 특색 있는 국수 요리 전문점이다. 비빔국수, 들깨오곡 메밀면, 한우육개장 등 다양한 메뉴가 준비되어 있으며, 특히 찐만두는 수제만두로 인기가 높다. 음식 간이 자극적이지 않아 건강한 한 끼를 즐길 수 있다. 주차가 편리하고 매장 분위기가 아늑해 가족이나 친구와 함께 방문하기 좋다.",,,20211206191807,20250828095557,http://tong.visitkorea.or.kr/cms/resource/49/2800449_image2_1.JPG,http://tong.visitkorea.or.kr/cms/resource/49/2800449_image2_1.JPG,Type3,6,16,26,350,FD,FD01,FD010100,A05,A0502,A05020100,부산광역시 해운대구 송정광어골로 59 (송정동),,48073,129.1963681835,35.1762119923,6
2808104,39,송정해녀집,,"송정해녀집은 부산 기장군 에 위치한 해산물 전문점으로, 매일 아침 해녀분들이 직접 잡은 신선한 해산물로 만든 요리를 제공하고 있다. 대표 메뉴인 해산물 모듬은 다양한 해산물을 한 번에 맛볼 수 있는 메뉴로, 신선한 멍게, 해삼, 개불, 소라, 문어 등을 제공한다. 막회는 신선한 회를 푸짐하게 즐길 수 있는 메뉴로, 쫄깃한 식감과 고소한 맛이 일품이며, 전복죽은 고소한 전복죽으로 든든하게 배를 채울 수 있으며, 부드러운 식감과 진한 맛이 특징이다. 식당 바로 앞에는 넓은 전용 주차장이 마련되어 있어 주차 걱정 없이 편하게 방문할 수 있으며, 창가 자리에서는 아름다운 바다 전망을 감상하며 식사를 즐길 수 있다.",,,20220223105454,20251023143000,,,,6,3,26,710,FD,FD01,FD010100,A05,A0502,A05020100,부산광역시 기장군 공수해안길 57-2,,46084,129.2133497693,35.1860500946,6
3442923,39,솥이랑 서면점,https://boodlefighter.co.kr/?utm_source=naver&utm_medium=smartplace&utm_campaign=1,"<여권없이 떠나는 필리핀 미식 여행
웨이팅 가치 있는 소문난 이색맛집>

- 국내 최초이자 유일한 필리핀 퓨전 바베큐 브랜드
- 육해공 바베큐를 한꺼번에 바나나잎 위에 담은 이색적인 구성
- 남녀노소 연령/국적 불문 넓은 스펙트럼의 고객층
- SBS, MBC, KNN 등 다양한 방송에서 검증한 맛집
- 배달 및 포장으로도 즐길 수 있다.

[ 필리핀 퓨전 바베큐 전문점, 부들파이터 ]",,,20241212111931,20250718090000,http://tong.visitkorea.or.kr/cms/resource/54/3442954_image2_1.jpg,http://tong.visitkorea.or.kr/cms/resource/54/3442954_image3_1.jpg,Type1,6,7,26,230,FD,FD01,FD010100,A05,A0502,A05020100,부산광역시 부산진구 중앙대로 672 (부전동),삼정타워 6층 602호,47296,129.0596334885,35.1530453881,6
1942253,12,수리조선소길,"<a href=""http://kangkangee.com"" target=""_blank"" title=""새창: 공식로 이동"">http://kangkangee.com</a>","한국 조선 산업 부흥의 시발점이자 견인차 역할을 한 장소로 배를 수리하기 위해 필수적으로 부식된 페인트를 망치로 두들겨 벗겨내는 작업을 깡깡이라 하는데 이 때문에 깡깡이길 이라고 불리기도 한다. 수리조선소길에 있는 깡깡이 예술마을은 자갈치시장 건너편, 영도대교와 남항대교가 맞닿은 곳에 자리 잡고 있는 버선 형상의 마을로 예부터 조선소 마을로 알러져 왔다. 19세기 후반, 우리나라 최초로 발동기를 장착한 배를 만든 ‘다나카 조선소’가 세워졌던 대한민국 근대 조선산업의 발상지이자 70년대 80년대에는 원양어업 붐을 타고 수리조선업의 메카로 자리 잡았었다. 선박 수리업 사양길로 인해 전보다는 못하지만 현재도 10여 곳의 수리조선소와 200여 개에 달하는 공업사와 선박 부품 업체가 마을에 자리잡고 있다. 이 밖에도 마을 내에는 옛 다나카 조선소 자리, 선박 체험관, 마을 박물관, 마을 공작소 등이 자리 잡고 있다.",,,20140819234533,20250409102900,http://tong.visitkorea.or.kr/cms/resource/19/3031919_image2_1.JPG,http://tong.visitkorea.or.kr/cms/resource/19/3031919_image3_1.JPG,Type3,6,14,26,200,VE,VE04,VE040100,A02,A0203,A02030600,부산광역시 영도구 대평로 42,(대평동2가),49039,129.0334901970,35.0923794753,6
1805853,39,수민이네,,"수민이네는 부산 해운대구 청사포에 위치한 장어구이 전문점이다. 이곳에서는 장어뿐만 아니라 조개, 가리비, 우럭, 새우를 연탄불에 구워 먹을 수 있다. 장어구이는 깨와 고추를 썰어 넣은 매콤한 양념과 함께 구워 먹을 수 있으며, 구이류뿐만 아니라 탕류 및 해물류도 메뉴로 하고 있다. 아늑한 분위기와 친절한 서비스로 가족 단위 손님들에게 인기가 많으며, 해운대 지역의 로컬 맛집으로 자리잡고 있다.",,,20130419024335,20250311143418,,,,6,16,26,350,FD,FD01,FD010100,A05,A0502,A05020100,부산광역시 해운대구 청사포로58번길 118,,48116,129.1909968571,35.1606275259,6
2668102,39,수변최고돼지국밥 민락본점,"<a href=""http://www.수변최고돼지국밥.kr"" target=""_blank"" title=""새창: 수변최고돼지국밥 홈페이지로 이동"">http://www.수변최고돼지국밥.kr </a>","수변최고돼지국밥 민락본점은 부산 수영구 민락동에 위치한 인기 있는 돼지국밥 전문점이다. 이곳은 진하고 구수한 돼지국물과 부드러운 돼지고기, 풍성한 고기 덩어리가 특징이다. 특히, 국물 맛이 깊고 진한 것이 이 집의 자랑이다. 또한, 각종 반찬이 함께 제공되어 국밥을 더욱 맛있게 즐길 수 있다. 수변최고돼지국밥은 깔끔한 인테리어와 친절한 서비스로 많은 손님들에게 사랑받고 있으며, 부산을 방문한 관광객뿐만 아니라 지역 주민들에게도 인기 있는 맛집이다. 저렴한 가격에 푸짐한 양을 제공하여 가성비가 뛰어난 곳으로, 부산의 대표적인 돼지국밥 맛집으로 알려져 있다.",,,20200820005119,20250307102708,,,,6,12,26,500,FD,FD01,FD010100,A05,A0502,A05020100,부산광역시 수영구 광안해변로370번길 9-32,,48280,129.1343130018,35.1567852389,6
2838489,39,수복돼지국밥,,"부산광역시 연제구 연산동에 있는 수복돼지국밥은 소문난 돼지국밥 맛집이다. 연산역 10번 출구로 나와 연산 터널 가는 방향으로 걷다 보면 좌측에 자리해 있다. 건물 1층에 주차장이 있으며, 2층, 3층은 식당으로 3층에 단체석이 마련되어 회식, 가족 모임 등 단체 모임 장소로 이용할 수 있다. 전 층 엘리베이터가 있어 어르신들과 함께 방문하여도 좋다. 국밥 종류가 다양한 수복돼지국밥은 돼지국밥, 내장만 들어간 내장국밥, 고기와 내장이 섞어 나오는 섞어 국밥, 고기와 순대가 함께 나오는 순대국밥, 고기, 내장, 순대 모두 다 들어간 모듬국밥이 있다. 기본 찬은 양념 부추, 김치, 고추, 마늘, 양파, 새우젓이 제공되는데 추가 반찬은 셀프바에서 이용하면 된다. 이곳에서 직접 만드는 순대도 별미로 국밥과 곁들여 먹기 좋다. 또 수육, 순대 버섯전골 등 다양한 메뉴가 있다.",,,20220818101342,20250530133002,http://tong.visitkorea.or.kr/cms/resource/79/2838479_image2_1.jpg,http://tong.visitkorea.or.kr/cms/resource/79/2838479_image3_1.jpg,Type3,6,13,26,470,FD,FD01,FD010100,A05,A0502,A05020100,부산광역시 연제구 고분로 41-1 (연산동),,47550,129.0869385453,35.1859366536,6
2852696,39,수안커피컴퍼니 커피하우스,"<a href=""https://www.instagram.com/suancoffeecompany""target=""_blank"" title=""새창: 수안커피컴퍼니 커피하우스 홈페이지로 이동"">https://www.instagram.com/suancoffeecompany</a>","부산 동래구 수안동에 위치한 ‘수안커피컴퍼니 커피하우스’는 수안역 인근에 자리한 커피 전문 매장이다. 이곳은 오직 커피에 집중할 수 있도록 꾸며진 공간으로, 커피 애호가들 사이에서 큰 인기를 얻고 있다. 다양한 원두를 직접 골라 시음해볼 수 있는 시스템을 갖추고 있어 자신의 취향에 맞는 커피를 찾아가는 재미가 있다. 특히, 고품질 원두를 온라인과 오프라인 모두에서 구매할 수 있어 집에서도 전문적인 커피를 즐기고자 하는 사람들에게 적합하다. 외관은 독특한 형태의 건축물로 고급스럽고 세련된 인상을 준다. 내부는 넓고 쾌적한 구조로 되어 있으며, 따뜻한 조명이 더해져 편안한 분위기를 자아낸다.",,,20220913173327,20250612100458,http://tong.visitkorea.or.kr/cms/resource/89/2852689_image2_1.jpg,http://tong.visitkorea.or.kr/cms/resource/89/2852689_image3_1.jpg,Type3,6,6,26,260,FD,FD05,FD050100,A05,A0502,A05020900,부산광역시 동래구 충렬대로256번길 32 (수안동),,47877,129.0867104050,35.1998517568,6
2869572,39,수영 돼지국밥,,"수영돼지국밥은 부산 돼지국밥의 정석, 뽀얀 국물의 국밥이 유명한 광안리 해수욕장 근처 돼지국밥집이다. 부추겉절이나 새우젓, 고추장 양념을 넣어 먹는 돼지국밥, 모둠 국밥 등의 메뉴가 있고, 항정살 수육을 맛볼 수 있는 수육 백반이 인기 있다. 수영돼지국밥은 국이 보드랍고, 담백한 맛이 특징이다. 돼지 다리뼈만 넣고 우려낸 뽀얀 국물의 돼지국밥을 맛볼 수 있다. 장시간 동안 고아 낸 국물은 구수한 맛을 내며 누린내가 나지 않아 돼지국밥을 처음 접하는 사람들도 부담스럽지 않게 즐길 수 있다. 전용 주차장이 있어 차량 방문도 용이하다. 근처에 광안리해수욕장이 인접해 있어 함께 식사 후 산책코스로도 함께 즐길 수 있다.",,,20221018162500,20250623173529,http://tong.visitkorea.or.kr/cms/resource/56/2869556_image2_1.JPG,http://tong.visitkorea.or.kr/cms/resource/56/2869556_image3_1.JPG,Type3,6,12,26,500,FD,FD01,FD010100,A05,A0502,A05020100,부산광역시 수영구 무학로 6 (광안동),,48291,129.1144673681,35.1617870895,6
2869279,38,수영팔도시장,"<a href=""http://www.paldomarket.co.kr/""target=""_blank"" title=""새창 : 수영팔도시장 사이트로 이동"">http://www.paldomarket.co.kr/</a>","조선 시대 좌수영장을 유래로 하는 수영 팔도시장이다. 전국 방방곡곡에서 사람이 모여들어 갖가지 물품이 유통되는 곳이라는 의미로 수영 팔도시장이라는 이름이 생겨났다고 한다. 수영 팔도시장은 상가 주택 복합형 시장이며, 농수산물은 물론 의류, 잡화 및 귀금속, 약국과 맛집들까지, 없는 것 빼고 다 있는 수영 팔도시장이다. 수영 팔도시장은 아케이드 천정이 설치되어 있어 날씨에 구애받지 않고 쾌적하게 장을 볼 수 있다. 시장 인근에 공영주차장이 있고 주차비도 일정 부분 지원돼서 부담 없이 자차를 가지고 갈 수 있다. 주차장 이용 시 장바구니 카트를 무료로 대여할 수 있어 장바구니 카트로 편하게 장을 볼 수도 있다. 근처에 민락수변공원, 광안리해수욕장이 인접해 있어 함께 둘러보기 좋다.",,,20221018145413,20250623135639,http://tong.visitkorea.or.kr/cms/resource/57/2869257_image2_1.JPG,http://tong.visitkorea.or.kr/cms/resource/57/2869257_image3_1.JPG,Type3,6,12,26,500,SH,SH06,SH060200,A04,A0401,A04010200,부산광역시 수영구 수영동,190,48228,129.1174085470,35.1702389751,6
2785269,39,수월경화,,"물에 비친 달, 거울에 비친 꽃이란 뜻을 가진 수월경화는 엘리베이터가 없는 건물 4층에 위치해 있는데 올라가는 계단이 감각적으로 꾸며져 여기저기 사진을 찍다 보면 어느새 4층이다. 대표메뉴는 '달달하고 부드럽다'의 순우리말인 달보드레 상자이다. 막걸리를 발효해서 만든 흑미 증편과 고소한 콩고물이 맛난 인절미 꼬챙이, 프랑스산 명품 초콜릿 발로나로 만든 가나슈 모나카, 통팥앙버터모나카 그리고 단짠 하모니 감태명란피낭시에까지 더해 푸짐한 선물세트를 같다. 또한 수월경화는 세 가지 테마로 운영 중인데 첫 번째 카페는 송정바다를 멍하니 바라보며 커피와 차, 다과를 즐기는 공간이고 수월경화 피크닉은 좋은 추억을 남길 수 있는 곳으로 100% 예약제며 수월경화 세 번째 이야기인 '리추얼 오브 수월경화'는 에프터눈티, 티클래스 등 프라이빗 한 문화공간이다.",,,20211202223554,20250116131214,http://tong.visitkorea.or.kr/cms/resource/03/2785303_image2_1.jpg,http://tong.visitkorea.or.kr/cms/resource/03/2785303_image3_1.jpg,Type3,6,16,26,350,FD,FD05,FD050100,A05,A0502,A05020900,부산광역시 해운대구 송정중앙로6번길 188,(송정동) 4층,48073,129.1966014983,35.1761508920,6
2860839,39,스노잉클라우드,"<a href=""https://www.instagram.com/snowing_cloud_haeundae_""target=""_blank"" title=""새창: 스노잉클라우드 홈페이지로 이동"">https://www.instagram.com/snowing_cloud_haeundae_</a>","부산 해운대 달맞이길 해월정 뒤편 언덕에 있는 스노잉 클라우드는 하늘에서 내려다보는 바다 풍경이 멋진 루프탑 디저트 카페다. 맑은 날엔 청사포, 오륙도, 대마도까지 보이는 파노라마 바다 뷰를 즐길 수 있다. 깔끔하고 고급스러운 분위기의 스노잉클라우드는 커피 위에 수제 크림을 올려주는 스노잉 콜드브루와 로제 에이드, 뱅쇼, 샹그리아 등 10여 가지의 다양한 시그니처 음료가 있어 골라 먹는 재미가 있다. 실내보다 야외 공간이 더 분위기 좋은 이곳은 낮에는 바다 풍경을, 저녁에는 부산의 멋진 야경을 볼 수 있다. 카페 바로 앞에 걷기 좋은 달맞이동산과 해운대 해수욕장이 있어 함께 둘러보기 좋다.",,,20220927123418,20250617100934,http://tong.visitkorea.or.kr/cms/resource/37/2860837_image2_1.jpg,http://tong.visitkorea.or.kr/cms/resource/37/2860837_image3_1.jpg,Type3,6,16,26,350,FD,FD05,FD050100,A05,A0502,A05020900,부산광역시 해운대구 달맞이길117번가길 120-30 (중동),,48117,129.1816866465,35.1573082804,6
2670566,39,스시몬,,신선한 해산물을 맛볼 수 있는 매장이다. 대표메뉴는 참치회다. 부산광역시 동래구에 있는 일식전문점이다.,,,20200903184413,20250731145005,http://tong.visitkorea.or.kr/cms/resource/91/2668991_image2_1.jpg,http://tong.visitkorea.or.kr/cms/resource/91/2668991_image3_1.jpg,Type3,6,6,26,260,FD,FD02,FD020200,A05,A0502,A05020300,부산광역시 동래구 삼성대길 40,,47738,129.0819690166,35.2047566751,6
2870354,39,스완양분식,,"부산역 근처 초량에 있는 돈가스 맛집 스완양분식이다. 옛날식 돈가스 조리 방법을 고수하고 있어 추억의 맛을 찾으러 오는 손님들이 많다. 후추를 듬뿍 넣은 수프와 깍두기 반찬까지 예전 그대로의 맛을 제공하고 있다. 튀김옷은 얇고 고기가 두꺼워서 식감도 좋다. 경양식 돈가스인데 부드럽고 눅눅하지 않으며, 특히 소스가 맛있어 많은 사람들이 추천한다. 스완양분식은 매축지 마을에 백조처럼 흰 건물에서 처음 장사를 하게 되면서 스완양분식이라 이름 지어졌다 한다. 1993년부터 영업한 노포이며, 영화 아저씨 촬영 현장 부근에 있어 원빈이 먹고 간 돈가스집으로도 알려져 있다. 따로 주차장이 없으니 참고하길 바란다.",,,20221019135055,20250624174640,http://tong.visitkorea.or.kr/cms/resource/26/2870326_image2_1.JPG,http://tong.visitkorea.or.kr/cms/resource/26/2870326_image3_1.JPG,Type3,6,5,26,170,FD,FD02,FD020300,A05,A0502,A05020200,부산광역시 동구 중앙대로236번길 7-5 (초량동),,48732,129.0423831660,35.1181073148,6
2865975,39,스페이스앤무드,"<a href=""https://www.instagram.com/spaceandmood""target=""_blank"" title=""새창: 스페이스앤무드 홈페이지로 이동"">https://www.instagram.com/spaceandmood</a>","스페이스앤무드는 공간을 의미하는 ‘Space’와 공간을 통해 느껴지는 기분인 ‘Mood’를 합쳐 우리를 둘러싼 공간이 행복한 에너지를 갖길 희망하는 뜻을 담고 있다. 스페이스앤무드는 모던 클래식 디자인을 기반으로 카페와 호텔, 온라인샵을 운영하고 있다. 부산 서면에 위치해 있으며, 이곳만의 감성이 깃든 감각적인 식음료와 공간을 즐길 수 있고, 온라인샵에서는 스타일리쉬한 리빙 제품을 구매할 수 있다. 이 곳의 대표메뉴는 머핀 위 루꼴라, 베이컨, 수란에 소스를 곁들인 클래식 에그베네딕트이며, 이외에도 참나물 로제파스타, 크로와상 샌드위치 등 다양한 메뉴가 준비되어 있다. 디저트로는 제누아즈 위에 향긋한 레몬 제스트와 부드러운 마스카포네 크림을 겹겹이 쌓아 상큼하면서도 단맛이 매력적인 레몬 마스카포네 케이크는 인기메뉴이며, 예약하면 홀케이크로 받아볼 수 있다.",,,20221012114314,20250619112203,http://tong.visitkorea.or.kr/cms/resource/50/2865950_image2_1.jpg,http://tong.visitkorea.or.kr/cms/resource/50/2865950_image3_1.jpg,Type3,6,7,26,230,FD,FD05,FD050100,A05,A0502,A05020900,부산광역시 부산진구 새싹로 22-1 (부전동),,47253,129.0577306889,35.1599112511,6
128108,12,스포원파크,"<a href=""https://www.spo1.or.kr/park/index.do"" target=""_blank"" title=""새창 : 스포원파크 홈페이지로 이동"">https://www.spo1.or.kr/park/index.do</a>","스포원파크는 2002년 부산아시안게임을 위해 조성된 금정체육공원을 시에 개방한 시설로, 8만 8천 평의 평지 부지에 경기장 3동(경륜장, 스포츠센터, 테니스장), 야외 체육시설, 교육체험시설, 수변광장과 숲이 있는 종합 레포츠 공원이다. 전체 부지의 1/3이 40만 그루의 녹음인 데다 공원 내 에티켓 준수 시 돗자리, 소형텐트가 허용되고 있다. 또한 다양한 레포츠 시설이 구비되어 있어 취향에 따라 원하는 활동을 즐길 수 있어 휴일 힐링을 위한 최적의 장소로 꼽히고 있다. 

스포츠센터에서는 실내 종목으로 수영, 골프, 피트니스, 배드민턴, 탁구와 키즈랜드, 문화교실을 이용할 수 있다. 주 경기장은 BNK썸 여자농구단의 홈경기장으로 사용되고 있다. 야외체육시설로는 인조잔디 축구장, 풋살장과 국제대회개최 규격의 하드코트 실내‧외 테니스장이 있으며, 공원 외곽을 따라 순환 조깅로‧자전거로 가 조성되어 있어 간단한 산책과 라이딩을 즐길 수 있다. 자전거는 테니스경기장 1층 자전거대여점에서 대여가 가능하다. 또한 청소년을 위한 교육체험시설로 탄생의 신비 성문화센터, 어린이 교통나라, 재난안전체험장의 교육시설뿐만 아니라, 자전거 경주 관람을 즐기는 성인을 위한 경륜장도 마련되어 있다.",,,20040409090000,20250324160916,http://tong.visitkorea.or.kr/cms/resource/25/3409925_image2_1.jpg,http://tong.visitkorea.or.kr/cms/resource/25/3409925_image3_1.jpg,Type1,6,2,26,410,VE,VE03,VE030500,A02,A0202,A02020700,부산광역시 금정구 체육공원로399번길 324,,46207,129.1070700628,35.2891615670,6
1082315,12,스포원파크재난안전체험관,"<a href=""https://www.spo1.or.kr/park/park_06_03.do""target=""_blank"" title=""새창: 스포원파크 홈페이지로 이동"">https://www.spo1.or.kr/park</a>","부산시 경륜공단은 15일 테니스 센터코트 지하 1층의 유휴공간을 활용하여 ‘재난 안전 체험관’을 만들어 2008년 10월 17일에 문을 열었다. 재난안전체험관은 재난체험시설(지진체험관, 연기체험관, 소화기작동 체험관, 응급처지 체험관)과 교육 전시시설(오리엔테이션홀, 재난역사 전시관, 생활안전전시관) 등으로 나뉘어 모두 7개 주제의 공간으로 구성되어 있다. 체험관은 전직 소방관 등으로 구성된 자원봉사자 12명이 재난 및 안전에 대한 안내 및 설명을 진행하게 된다.",,,20100827231524,20250326112650,http://tong.visitkorea.or.kr/cms/resource/12/2504712_image2_1.jpg,http://tong.visitkorea.or.kr/cms/resource/12/2504712_image3_1.jpg,Type3,6,2,26,410,EX,EX07,EX070200,A02,A0203,A02030400,부산광역시 금정구 체육공원로399번길 324,,46207,129.1051090492,35.2918223435,6
2674974,12,승학산,"<a href=""https://www.saha.go.kr/tour/contents.do?mId=0104000000"" target=""_blank"" title=""새창 : 홈페이지로 이동"">https://www.saha.go.kr/tour/</a>","승학산은 구덕산과 시약산의 서쪽으로 당리동의 뒷산이다. 승학산의 정상으로 사하구와 사상구가 나누어진다. 승학산은 고려 말의 무학대사가 전국을 두루 돌아다니며 산세를 살폈는데 이곳에 오니 산세가 준엄하고 기세가 높아 마치 학이 나는 듯하다 하여 승학산이라는 이름을 붙였다는 전설이 있으며, 이곳 정상의 억새풀은 아름답기로 유명하여 가을철 산행의 백미로 등산객의 발길이 잦은 곳이다. 승학산의 주요 볼거리는 억새군락지, 제석골 산림공원, 편백나무림, 삼나무 명상치유의 숲, 기상관측소, 체육시설, 전망데크, 무대시설, 임도 등이 있다. 승학산 등산 코스는 다양하나, 동아대학교 뒤에서 출발하여 승학산 정상을 거쳐 서대신동 꽃마을에서 수정산으로 이르는 등산 코스는 부산 시내를 한눈에 내려다볼 수 있는 좋은 등산 코스이다.",,,20201007045450,20250509170424,http://tong.visitkorea.or.kr/cms/resource/46/3029246_image2_1.jpg,http://tong.visitkorea.or.kr/cms/resource/46/3029246_image3_1.jpg,Type1,6,10,26,380,NA,NA01,NA010100,A01,A0101,A01010400,부산광역시 사하구 하단동,,49306,128.9851266839,35.1310381466,6
2736088,32,시그니엘 부산,"<a href=""https://www.lottehotel.com/busan-signiel/ko.html"" target=""_blank"" title=""새창: 롯데호텔 앤 리조트 홈페이지로 이동"">https://www.lottehotel.com/busan-signiel/ko.html</a>","시그니엘 부산은 2025년 미쉐린 키 (MICHELIN Key) 셀렉션 2 Key를 획득하였다. 이곳은 해운대의 랜드마크 ‘엘시티(LCT)’타워에 위치한 260실 규모의 럭셔리 호텔이다. 
‘시그니엘 서울’에 이은 시그니엘의 두 번째 호텔로 부산 해운대의 환상적인 오션뷰와 광안대교를 감상하며 진정한 여유를 누릴 수 있는 완벽한 여정이 준비되어 있습니다. 지하철 중동역과 해운대역에서 쉬운 접근성을 자랑하며, 인근에 해운대 로데오거리가 위치하고 있다. 
다이내믹한 뷰를 즐길 수 있는 인피니티 풀, 투숙객 전용 가든 테라스 등 다채로운 부대시설이 시그니엘의 품격과 어우러져 그동안 부산에서 볼 수 없었던 새로운 가치를 전한다. 시그니엘은 세계 최상급 외식문화를 갖춘 호텔이다. 
차오란은 화려하게 번영하였던 1920년대 홍콩의 분위기를 반영한 모던 차이니즈 레스토랑이다. 낮에는 딤섬과 차를, 저녁에는 칵테일을 즐길 수 있는 Modern Chinese Tapas & Bar 차오란은 런던 미쉐린 스타 레스토랑 셰프의 다채로운 요리를 선보이고 있다.",,,20210823203152,20251023143000,http://tong.visitkorea.or.kr/cms/resource/74/2736074_image2_1.png,http://tong.visitkorea.or.kr/cms/resource/74/2736074_image3_1.png,Type3,6,16,26,350,AC,AC01,AC010100,B02,B0201,B02010100,부산광역시 해운대구 달맞이길 30,,48099,129.1684043635,35.1611020536,6
2872534,39,시즌 조개구이,,"부산광역시 강서구 신호동에 있는 시즌 조개구이는 조개요리 전문점이다. 내부에는 손님들이 직접 신선한 재료를 눈으로 확인할 수 있는 공간이 있으며, 주문 즉시 재료를 손질하여 제공한다. 깔끔한 인테리어와 전용 테라스는 여행을 온 듯한 느낌을 주어 먹는 재미와 캠핑 분위기를 느낄 수 있다.  전용 주차장이 있고, 인근에 신호공원, 소담공원, 명치철새탐조대 등이 있다.",,,20221021142810,20250708104311,http://tong.visitkorea.or.kr/cms/resource/20/2872520_image2_1.JPG,http://tong.visitkorea.or.kr/cms/resource/20/2872520_image3_1.JPG,Type3,6,1,26,440,FD,FD01,FD010100,A05,A0502,A05020100,부산광역시 강서구 신호산단4로64번길 8 (신호동),,46759,128.8796759994,35.0850996898,6
3474149,32,시타딘커넥트호텔 하리 부산,,,,,20250210005115,20250319180256,,,,6,14,26,200,AC,AC01,AC010100,B02,B0201,B02010100,부산광역시 영도구 동삼오션로 58 (동삼동),,49128,129.0825282207,35.0696412558,6
2869183,39,신가네 호떡 김밥 떡볶이,,"신가네 호떡 김밥 떡볶이는 주문과 동시에 구워내는 쫀득한 찹쌀 호떡으로 유명한 분식 전문점이다. 겉은 노릇하고 속은 쫄깃한 호떡은 직접 굽는 방식으로 따뜻하게 제공되며, 재료 소진 시 조기 마감될 정도로 인기가 높다. 떡볶이는 특유의 진하고 매콤한 소스로 많은 단골의 입맛을 사로잡는다. 김밥이나 만두를 떡볶이 소스에 찍어 먹는 방식이 별미이며, 한 가지 메뉴가 아닌 다양한 조합으로 즐길 수 있어 만족도가 높다. 특히 김밥에 사용되는 쌀, 우엉 등 모든 재료는 국내산만을 사용해 안심하고 먹을 수 있는 점도 장점이다. 간편하면서도 정성이 담긴 맛으로 누구나 편하게 즐길 수 있는 신가네는 남녀노소 꾸준한 사랑을 받고 있는 분식집이다.",,,20221018142310,20250620152258,http://tong.visitkorea.or.kr/cms/resource/69/2869169_image2_1.JPG,http://tong.visitkorea.or.kr/cms/resource/69/2869169_image3_1.JPG,Type3,6,6,26,260,FD,FD03,FD030400,A05,A0502,A05020100,부산광역시 동래구 충렬대로249번길 61 (복천동),,47810,129.0867797268,35.2041012820,6
2836405,39,신기숲,"<a href=""http://sinki.co.kr/?folder=brand&page=forest""target=""_blank"" title=""새창 : 신기산업 홈페이지로 이동"">http://sinki.co.kr/</a>","부산 영도에 있는 신기카페에서 더 여유로운 공간으로 보여주고자 가까운 위치에 신기숲을 오픈했다. 작은 건물에 지어진 신기숲은 산새소리유치원을 개조하여 만든 카페다. 대나무 숲 속에서 자연을 훼손하지 않고 산새 소리와 바람 소리 그리고 따뜻한 햇살을 느낄 수 있는 곳이다. 내부는 자연 친화적 디자인의 인테리어와 우드 테이블이 감성을 더한다. 그리고 직접 만들어 나오는 신선한 빵과 이곳만의 색다른 시그니처 음료가 준비되어 있다. 허브티 종류도 카페인, 디카페인으로 준비되어 카페인에 민감한 사람들에게는 메뉴 선택의 폭이 넓다. 13세 이하 출입 불가인 노키즈 존으로 운영하며 무료 와이파이 제공이 없어 차분하게 커피를 마실 수 있는 곳이다.",,,20220812151441,20251105141832,http://tong.visitkorea.or.kr/cms/resource/98/2836398_image2_1.jpg,http://tong.visitkorea.or.kr/cms/resource/98/2836398_image3_1.jpg,Type3,6,14,26,200,FD,FD05,FD050100,A05,A0502,A05020900,부산광역시 영도구 와치로 65 산새소리유치원,,49086,129.0603019046,35.0868889171,6
132576,38,신동아 수산물시장,"<a href=""http://shindongamarket.co.kr/"" target=""_blank"" title=""새창: 신동아 수산물시장 홈페이지로 이동"">http://shindongamarket.co.kr/</a>","1987년 준공된 신동아 수산물 종합시장(신동아 회 센터)에는 186개 활어횟집이 입점해 있다. 지하에는 음식 센터가 모여 있어 자갈치시장의 신선한 재료에 부산 특유의 맵싸한 양념이 감칠맛 나게 어우러진 양 곱창, 곰장어를 맛볼 수 있다. 1층에는 활어, 전복 등 어패류 점포가 2층에는 각종 건어물 가게가 시원한 바닷바람을 풍기며 손님을 맞고 있다. 3층에는 회 센터가 밀집되어 있는데 1층에서 고기를 직접 골라가면 싱싱한 회를 즐길 수 있다. 직접 골라 믿을 수 있고 저렴한 가격에 신선한 회를 즐길 수 있어 자갈치시장 1등 관광코스로 사랑받는 곳이다. 

1992년 신동아, 자갈치시장(어패류 조합), 건어물이 남포동 상권을 살리기 위해 자갈치 수산물 축제를 발족 및 개최하고 2009년에 자갈치 문화포럼 마켓타운 선정(신동아, 건어물, 자갈치시장 어패류 조합, 남포지하상가, 광복지하상가, 신천지 백화점) 2010년 첫 회 상인대학(교육, 연수)을 통해 경영 마인드를 기르고 각종 서비스를 강화해서 시장 경쟁력을 향상하는데 중점을 두었다.",,,20031119090000,20251105112333,http://tong.visitkorea.or.kr/cms/resource/63/3561863_image2_1.jpg,http://tong.visitkorea.or.kr/cms/resource/63/3561863_image3_1.jpg,Type1,6,15,26,110,SH,SH06,SH060200,A04,A0401,A04010200,부산광역시 중구 자갈치로 42,(남포동5가),48983,129.0290793478,35.0968511160,6
2869439,39,신라농원,,"부산 덕천역 10번 출구 근처에 있는 신라농원은 단체석과 개별 룸이 구비되어 있는 참숯석쇠구이 전문점이다. 한우 등심, 갈빗살, 눈꽃살, 양념갈비, 돼지갈비, 돼지 등심 갈비 등 여러 종류가 있어 어린아이부터 어른까지 호불호 없이 먹을 수 있어 가족 외식하러 오기 좋은 곳이다. 신라농원 기본 상차림은 쌈 채소, 양파 간장 소스, 백김치, 장아찌 등이 나오고 추가 반찬은 셀프 바를 이용하면 된다.",,,20221018153147,20250829094030,http://tong.visitkorea.or.kr/cms/resource/30/2869430_image2_1.jpg,http://tong.visitkorea.or.kr/cms/resource/30/2869430_image3_1.jpg,Type3,6,8,26,320,FD,FD01,FD010100,A05,A0502,A05020100,부산광역시 북구 기찰로 7 (덕천동),,46547,129.0059921082,35.2117128258,6
2714406,32,신라스테이 서부산,"<a href=""http://www.shillastay.com/seobusan/"" target=""_blank"" title=""새창: 신라스테이 서부산 홈페이지로 이동"">http://www.shillastay.com/seobusan/</a>","신라스테이 서부산은 미래 첨단산업도시(명지국제신도시)에 위치하고 있다. 남파랑길, 갈맷길, 사하 선셋로드 등 도보여행 명소와 다대포 해수욕장, 몰운대 공원, 아미산 전망대, 낙동강 하구 에코센터, 을숙도 생태공원 등 부산의 대표적인 관광 명소와 근접한 최적의 위치를 자랑한다. 또한 부산현대미술관, 부네치아 장림포구 등 부산의 문화와 예술을 체험할 수 있는 명소와 인접해 다채로운 여가 활동을 경험할 수 있다. 이 밖에도 김해국제공항 및 주요 산업 시설 요충지로 이동이 편리해 비즈니스, 관광, 문화 체험 및 휴식을 모두 충족시킬 수 있는 최상의 선택의 될 것이다.",,,20210423182648,20250923182333,http://tong.visitkorea.or.kr/cms/resource/10/2714410_image2_1.jpg,http://tong.visitkorea.or.kr/cms/resource/10/2714410_image3_1.jpg,Type3,6,1,26,440,AC,AC01,AC010100,B02,B0201,B02010100,부산광역시 강서구 명지국제7로 38,,46726,128.9052901222,35.0967044145,6
2832671,39,신발원,"<a href=""https://www.instagram.com/official_shinfayuen/"" target=""_blank"" title=""새창 :  신발원 인스타그램으로 이동"">https://www.instagram.com/official_shinfayuen/</a>","부산역 5번 출구에서 90m 거리에 있는 신발원은 고기만두 맛집이다. 육즙 가득한 고기만두와 바삭한 군만두가 유명하다. 콩국과 콩과자도 인기 메뉴로, 따뜻한 콩국에 쫄깃한 빵을 곁들여 먹으면 포만감 있는 식사가 된다. 그 외에도 새우만두, 겉바속촉의 군만두도 인기다.",,,20220804155519,20250828104302,http://tong.visitkorea.or.kr/cms/resource/67/2832667_image2_1.jpg,http://tong.visitkorea.or.kr/cms/resource/67/2832667_image3_1.jpg,Type3,6,5,26,170,FD,FD02,FD020100,A05,A0502,A05020400,부산광역시 동구 대영로243번길 62 (초량동),,48818,129.0387363501,35.1148492791,6
767084,38,신세계백화점 센텀시티점,,"세계 최대의 백화점으로 기네스북에 오른 신세계 센텀시티는 백화점과 아이스링크, 영화관, 골프레인지, 아쿠아랜드 등이 갖춰진 세계 최대의 복합쇼핑센터이다. 신세계 백화점 센텀시티점은 지하 2층, 지상 9층으로, 매장 면적이 약 12만 6,612㎡이며, 연면적은 약 29만 3,904㎡에 달한다. 건축, 예술, 쇼핑, 엔터테인먼트 등 우리 삶을 풍요롭게 하는 모든 가치를 담아 하나의 문화도시로 완성된 곳이다. 여성복, 남성복, 화장품 및 잡화 브랜드, 스포츠 매장 등이 있으며, 매장 외에도 산호 광장, 센텀 광장, 어린이 테마파크, 의류 수선실, 전문 식당가, 다이닝, 카페, 스파랜드와 아이스 링크, 영화관 등이 있다.",,,20090716202114,20250123112250,http://tong.visitkorea.or.kr/cms/resource/17/3026417_image2_1.JPG,http://tong.visitkorea.or.kr/cms/resource/17/3026417_image3_1.JPG,Type3,6,16,26,350,SH,SH01,SH010100,A04,A0401,A04010300,부산광역시 해운대구 센텀남대로 35,,48058,129.1297408475,35.1687865886,6
2532877,38,신세계사이먼 부산 프리미엄 아울렛,"공식 홈페이지 <a href=""https://www.premiumoutlets.co.kr/rpage/main/index/03"" target=""_blank"" title=""새창: 부산점 페이지로 이동"">http://www.premiumoutlets.co.kr</a><br>공식 인스타그램<br><a href=""http://www.instagram.com/premiumoutlets.korea"" target=""_blank"" title=""새창: 행사 홈페이지로 이동"">http://www.instagram.com/premiumoutlets.korea</a>","신세계사이먼 부산 프리미엄 아울렛은 전국 광역도시 최초로 2013년 부산광역시 기장군에 문을 열었다. 부산울산고속도로 장안 IC와 인접해 뛰어난 접근성을 자랑하며, 남녀노소 누구나 편안하게 쇼핑을 즐길 수 있는 다양한 편의시설을 갖추어 많은 사랑을 받고 있다.
특히 이탈리아 투스카니풍 건축 양식으로 지어진 아울렛은 고풍스럽고 이국적인 경관을 자랑하며, 국내외 인기 브랜드를 두루 갖춘 부산·경남권 대표 쇼핑 플레이스로 자리매김했다. 매스티지부터 하이엔드까지 폭넓은 패션 브랜드는 물론, 아웃도어와 다양한 카테고리의 합리적인 상품군까지 갖춰 남녀노소 모두에게 즐거운 쇼핑 경험을 제공한다.
페라가모, 에트로, 아르마니, 코치, 제냐, 톰포드 등 럭셔리 브랜드를 합리적인 가격으로 만나볼 수 있으며, 나이키·아디다스·노스페이스·파리게이츠·PXG 등의 스포츠·아웃도어 브랜드와 띠어리·타임·씨피컴퍼니·슈콤마보니 등 국내외 의류·잡화 브랜드를 상시 할인된 가격으로 즐길 수 있다.
또한 2024년 9월에는 ‘부산 속 작은 유럽’을 콘셉트로 현대적으로 재해석한 SOUTH 부지를 확장 오픈했다. 이곳에는 경남 지역 최대 규모의 나이키 매장을 비롯해 비수도권에서는 보기 드문 쉐이크쉑, 블루보틀, 클랩피자 등 인기 F&B 브랜드가 새롭게 입점하여, 단순한 쇼핑 공간을 넘어 풍부한 라이프스타일 경험을 제공하는 복합 문화 공간으로 거듭났다.",,,20180119023438,20251117160112,http://tong.visitkorea.or.kr/cms/resource/90/3542590_image2_1.jpg,http://tong.visitkorea.or.kr/cms/resource/90/3542590_image3_1.jpg,Type3,6,3,26,710,SH,SH02,SH020200,A04,A0401,A04010600,부산광역시 기장군 정관로 1133 부산프리미엄아울렛,,46029,129.2349940728,35.3238517233,6
851832,39,신센,,"신센 본점은 부산 수영구에 위치한 인기 있는 일본식 돈카츠 전문 음식점이다. 이곳은 신선한 재료와 특별한 조리법으로 만든 바삭한 돈카츠가 특징이다. 돈카츠는 겉은 바삭하고 속은 촉촉한 식감이 일품으로, 깊은 맛을 자랑한다. 또한, 신센 본점은 정성스럽게 준비된 다양한 반찬과 함께 제공되어 더욱 맛있는 식사를 경험할 수 있다. 내부는 깔끔하고 모던한 분위기로, 편안하게 식사를 즐길 수 있다. 신센 본점은 일본식 돈카츠를 좋아하는 사람들에게 최적의 장소로, 부산을 방문하는 이들에게 꼭 추천할 만한 맛집이다.",,,20091030220937,20250307104718,http://tong.visitkorea.or.kr/cms/resource/65/1867165_image2_1.jpg,http://tong.visitkorea.or.kr/cms/resource/65/1867165_image3_1.jpg,Type3,6,12,26,500,FD,FD02,FD020200,A05,A0502,A05020300,부산광역시 수영구 남천동로108번길 49,,48304,129.1135956300,35.1468804084,6
2838382,39,신창국밥 본점,,"부산 토성역 3번 출구에서 250m 거리에 있는 신창국밥 본점은 맑은 육수에 순대, 내장 등 다양한 부위를 넣어 끓인 국밥 맛집이다. 메뉴도 국밥, 밥과 국 따로 나오는 따로국밥, 수육밥, 수육으로 간단하다. 기본 찬은 생양파, 마늘, 새우젓, 깍두기, 배추김치가 나온다. 추가 김치는 테이블마다 넉넉히 준비되어 편하게 먹을 수 있고 나머지 반찬은 셀프바를 이용하면 된다. 신창국밥은 수육, 국밥 주문 시 지방 없는 살코기만, 내장, 순대 없이 등 개인의 취향에 따라 주문할 수 있다.   
※ 반려동물 동반 불가",,,20220817173741,20250828104304,http://tong.visitkorea.or.kr/cms/resource/72/2838372_image2_1.jpg,http://tong.visitkorea.or.kr/cms/resource/72/2838372_image3_1.jpg,Type3,6,11,26,140,FD,FD01,FD010100,A05,A0502,A05020100,부산광역시 서구 보수대로 53 (토성동1가),,49224,129.0225825782,35.1009644253,6
2867542,38,신평종합시장,,"부산광역시 사하구 동매역 2번 출구에서 나와 조금 걸으면 신평종합시장이 있다. 1981년 개설된 상가건물형의 소형시장이다. 신평종합시장은 신평 시장 거리에 위치하고 있어, 신평종합시장을 신평 골목 시장과 분리하지 않고 이 일대를 ‘신평 시장’이라고도 부른다. 신평종합시장에는 다양한 먹거리와 과일 상점이 있는데, 저렴한 가격으로 다양한 먹거리 구매를 할 수 있다. 독특하고 개성이 넘치는 시장으로, 다양한 점포들이 한 곳에 줄지어있기 때문에 마트 못지않은 쇼핑이 가능하다. 곳곳에 맛집들이 있고 시장의 개념을 넘어서 예술의 공간으로 트렌드를 맞춰가고 있기에 지역주민들은 물론 여행객에게도 가보고 싶은 곳으로 꼽힌다. 노상 공영주차장을 이용할 수 있어 주차가 편리하며, 장림포구, 장림생태공원이 인접해 있어 함께 둘러보기 좋다.",,,20221014143849,20250619173337,http://tong.visitkorea.or.kr/cms/resource/24/2867524_image2_1.JPG,http://tong.visitkorea.or.kr/cms/resource/24/2867524_image3_1.JPG,Type3,6,10,26,380,SH,SH06,SH060200,A04,A0401,A04010200,부산광역시 사하구 신평동,111-604,49393,128.9753647093,35.0919423443,6
2622969,32,싱글싱글,"<a href=""http://blog.naver.com/hostel_singlesingle"">http://blog.naver.com/hostel_singlesingle</a>","호텔급의 안락함을 제공하기 위하여 싱글싱글은 전 객실 호텔 침구 및 구스이불을 사용하고 있다. 부산역 지하철역 1번 출구에서 도보 3분, 부산역에서 도보 7분 거리! 기차역, 공항 리무진 정류소, 지하철역, 버스정류장과 가까워 뚜벅이 여행자들을 위한 최적의 위치하고있다. 루프탑(옥상)이있고, 조식이 제공되며 취사도 가능하다.",,,20191005010118,20241126163948,,,,6,5,26,170,AC,AC06,AC060200,B02,B0201,B02011100,부산광역시 동구 초량중로 18-1,(초량동),48820,129.0368393230,35.1137465906,
2860851,39,싱싱뽈락회 해운대본점,,"해운대 해수욕장 근처에 있는 싱싱뽈락회 해운대본점은 자연산 회 전문점이다. 2층 건물로 넓은 규모의 실내 공간과 깔끔한 인테리어로 쾌적하게 회를 즐길 수 있다. 뽈락은 뼈째 썰어내는 세꼬시로 많이 먹고, 구이와 찜으로도 먹는다. 회를 주문하면 기본 찬으로 미역국, 땅콩, 간장 새우, 고동, 야채 무침 등이 나온다. 특히 세꼬시와 곁들여 먹는 된장소스가 별미로 된장에 다진 고추, 마늘, 참기름 등을 넣어 만들어 짜지 않고 감칠맛이 있다. 회와 함께 나오는 초밥, 다시마, 백김치에 함께 싸 먹으면 색다른 맛을 느낄 수 있다. 해운대 해수욕장 서쪽에 위치한 부산 기념물인 동백섬도 가까이 있어 함께 방문하기 좋다.",,,20220927124836,20250626152903,http://tong.visitkorea.or.kr/cms/resource/50/2860850_image2_1.jpg,http://tong.visitkorea.or.kr/cms/resource/50/2860850_image3_1.jpg,Type3,6,16,26,350,FD,FD01,FD010100,A05,A0502,A05020100,부산광역시 해운대구 해운대해변로209번나길 64 (우동),,48093,129.1571359371,35.1597103343,6
2759609,39,쌍둥이돼지국밥 본점,,"쌍둥이돼지국밥 본점은 다양한 부위의 고기와 내장을 활용한 국밥과 수육 메뉴로 유명하다. 특히 섞어국밥은 내장과 돼지고기의 조화로운 맛이 특징이며, 수육백반은 부드러운 항정살과 쫄깃한 순대가 인기다. 깔끔한 국물과 신선한 재료로 맛의 깊이가 뛰어나며, 매장도 넓고 청결해 편안한 식사를 즐길 수 있다.",,,20211020190005,20250916090438,http://tong.visitkorea.or.kr/cms/resource/76/2759676_image2_1.jpg,http://tong.visitkorea.or.kr/cms/resource/76/2759676_image2_1.jpg,Type3,6,4,26,290,FD,FD01,FD010100,A05,A0502,A05020100,부산광역시 남구 유엔평화로 35-1 (대연동),,48505,129.0923340030,35.1318094808,6
229912,12,씨라이프부산아쿠아리움,"<a href=""https://www.visitsealife.com/busan/""target=""_blank"" title=""새창: 씨라이프부산 홈페이지로 이동"">https://www.visitsealife.com/busan/</a>","씨라이프부산아쿠아리움은 아쿠아리움 브랜드인 SEA LIFE사에서 운영하는 아쿠아리움으로, 부산아쿠아리움만 누적 1,500만 명 이상 방문객이 다녀간 부산의 관광명소이다. SEA LIFE 부산은 다양한 종의 해양 생물들을 비롯해 총 8개의 전시관을 운영하고 있으며, 상어투명보트, VR 체험존 등을 통해 생생한 해양 생태계를 보여주고 있다. 지하 1층에서 지하 3층까지 이루어져 있으며, 테마별로 특성을 살린 수조와 해저터널, 수중 생태계의 모든 것을 체험할 수 있는 시설을 갖추고 있다. 2014년 리브랜딩을 위한 내부 수리를 시행하여 친화적인 환경 조성으로 재구성하였으며, 가오리해안, 해마유치원, 샤크워크 등 관람시설이 신설되었다.",,,20070716090000,20250430111836,http://tong.visitkorea.or.kr/cms/resource/09/3020609_image2_1.jpg,http://tong.visitkorea.or.kr/cms/resource/09/3020609_image3_1.jpg,Type3,6,16,26,350,VE,VE02,VE020400,A02,A0202,A02020600,부산광역시 해운대구 해운대해변로 266,(중동),48100,129.1610328343,35.1591965750,6
3465024,32,아난티 앳 부산 빌라쥬,"<a href=""https://ananti.kr/ko/atbusan"" target=""_blank"" title=""새창: 아난티 앳 부산 빌라쥬 홈페이지로 이동"">https://ananti.kr/ko/atbusan</a>",,,,20250108164310,20250409085610,,,,6,3,26,710,AC,AC01,AC010100,B02,B0201,B02010100,부산광역시 기장군 기장읍 기장해안로 267-7,,46083,129.2228402426,35.1994015538,6
2503780,32,아난티 앳 부산 코브,"<a href=""https://ananti.kr/ko/busan"" target=""_blank"" title=""새창: 아난티 앳 부산 코브 홈페이지로 이동"">https://ananti.kr/ko/busan</a>","아난티 앳 부산 코브는 부산의 숨은 아름다운 해변을 품은 기장에 위치해 '도심 속에서 만나는 완벽한 휴식처’라는 차별화된 컨셉과 규모, 서비스로 이국적이고 색다른 경험을 누릴 수 있다. 아난티 앳 부산 코브는 최근 부산의 새로운 관광 명소로 각광받고 있는 오시리아 관광단지의 아난티 코브에 위치해 해운대 해수욕장과 센텀시티,  벡스코(BEXCO)에서도 지리적 이점과 편리한 접근성을 갖추고 있다. 객실에서는 프라이빗 발코니가 마련되어 푸른 빛 청명한 하늘을 배경으로 탁 트인 오션뷰 또는 마운틴 뷰를 마음껏 감상 할 수 있다. 동서양을 넘나드는 라이브 쿠킹 스테이션, 다모임 레스토랑에서는 트렌디한 다이닝을 경험할 수 있으며, 맥퀸즈 라운지에서는 여유로운 오후를 위한 애프터눈티를 즐길 수 있다. 오션 뷰를 마주한 대규모 연회장과 미팅, 이벤트를 위한 공간을 갖추고 있으며. 그랜드 볼룸은 최대 1,500명까지 수용이 가능하고, 아름다운 오션뷰를 감상할 수 있다.  특히 바다 전망의 웨딩 채플과 오션 테라스에서는 프라이빗하면서도 이국적인 웨딩을 실현할 수 있다. 여름에는 바다와 맞닿은 듯한 인피니티 풀, 성인 전용 인피니티풀, 키즈 풀, 자쿠지 등 취향에 따라 선택할 수 있으며, 피트니스와 사우나, 테라피룸 등의 부대시설들이 함께 마련되어 있다. 겨울에는 천연 온천욕을 즐길 수 있는 아난티 워터하우스와 국내외 서적들과 다양한 소품으로 가득한 이터니 저니가 있어, 레저와 문화를 동시에 경험할 수 있다. 또한 바다를 따라 조성된 해안 산책로를 배경으로 감각을 깨워줄 다양한 리테일 숍이 입점해 있어 여행 중 가볍게 쇼핑을 즐기기에도 제격이며, 바다를 가장 가까이에서 감상할 수 있는 베이커리 카페 캐비네 드 쁘아쏭은 산책 후 들러 여유를 즐기기 좋은 스폿으로 인기이다. 매월 셋째 화요일이 정기 휴무이니 이 점 참고해야 한다.",,,20170823190635,20251124101911,http://tong.visitkorea.or.kr/cms/resource/21/3512521_image2_1.jpg,http://tong.visitkorea.or.kr/cms/resource/21/3512521_image3_1.jpg,Type3,6,3,26,710,AC,AC01,AC010100,B02,B0201,B02010100,부산광역시 기장군 기장읍 기장해안로 268-32,,46083,129.2283259162,35.1979934802,6
2845149,39,아데초이,,"아데초이는 베이커리가 유명한 디저트 카페이다. 고급스러운 분위기의 카페로, 아메리카노와 카페라떼 등 기본 커피 메뉴부터 아인슈페너와 같은 특별한 음료까지 다양하게 제공한다. 핸드드립 커피도 인기 있으며, 브런치 세트를 통해 여유로운 식사를 즐길 수 있다.",,,20220829153719,20250828142025,http://tong.visitkorea.or.kr/cms/resource/47/2845147_image2_1.jpg,http://tong.visitkorea.or.kr/cms/resource/47/2845147_image3_1.jpg,Type3,6,3,26,710,FD,FD05,FD050100,A05,A0502,A05020900,부산광역시 기장군 일광읍 문오성길 162-1,,46041,129.2582291988,35.2864924566,6
1826034,39,아델라7,,"아델라 7은 유기농 빵과 향긋한 커피가 있는 부산 해운대구 좌동 신시가지 디저트 카페로써 7가지 디저트를 맛볼 수 있는 곳이다. 케이크는 다양한 종류가 있고 사이즈별로 구매할 수 있다. 메뉴는 커피, 초콜릿, 타르트, 케이크, 빵, 쿠키, 브런치가 있으며, 아델라 7의 빵은 화학재료를 쓰지 않고 순수 천연재료를 사용해 만들어진다. 커피 또한 매장에서 직접 로스팅해 향과 맛이 좋다.",,,20130709010215,20250731133910,,,,6,16,26,350,FD,FD05,FD050100,A05,A0502,A05020900,부산광역시 해운대구 좌동로 111,,48079,129.1768644000,35.1734230535,6
2853163,39,아라진,"<a href=""http://www.instagram.com/a_rajin7276161""target=""_blank"" title=""새창 : 아라진 사이트로 이동"">http://www.instagram.com/a_rajin7276161</a>","아라진은 기장 바다에서 해녀가 직접 해산물을 잡아 운영하는 해물요리 전문점이다. 해녀 출신의 어머님들이 직접 운영하기 때문에 신선도와 맛을 최대한 잘 살려낸 성게알 덮밥과 비빔밥 맛이 일품이다. 1층은 바닷물이 들어온 듯한 특색 있는 인테리어를 볼 수 있으며, 오션 뷰를 만끽할 수 있는 2층에도 자리가 마련되어 있다. 단체 회식 및 모임을 할 경우 2층 전체를 잡을 수 있으며, 미리 예약을 하면 조금 더 특별한 메뉴도 준비해 준다.",,,20220914113612,20250305101032,http://tong.visitkorea.or.kr/cms/resource/52/2853152_image2_1.jpg,http://tong.visitkorea.or.kr/cms/resource/52/2853152_image3_1.jpg,Type3,6,3,26,710,FD,FD01,FD010100,A05,A0502,A05020100,부산광역시 기장군 문오성길 281,"1, 2층",46040,129.2585068518,35.2901198330,6
1013709,38,아리랑거리,,"만물의 거리 옆으로 나란히 위치한 아리랑 거리에서는 한국의 대표적인 음식인 김치를 비롯하여 한복, 장신구 등의 한국적인 물건들을 만날 수 있다. 다양한 전통공예품 및 특산품이 판매되고 있어 외국관광객들의 발길이 끊이지 않는 곳이다. 한류를 일으키고 있는 연예인관련 제품도 찾아볼 수 있다. 특히 이 거리의 매장들은 네이티브 수준의 외국어를 구사하는 직원들이 안내하고 있어 외국인 관광객이 편하게 쇼핑을 즐길 수 있다.",,,20100504012600,20251105144151,http://tong.visitkorea.or.kr/cms/resource/26/3561926_image2_1.jpg,http://tong.visitkorea.or.kr/cms/resource/26/3561926_image3_1.jpg,Type1,6,15,26,110,SH,SH06,SH060200,A04,A0401,A04010200,부산광역시 중구 광복로35번길 11 (신창동3가),,48946,129.0287931674,35.1002812830,6
688610,39,아미산,,"중국 아미산의 이름을 빌려 1996년 1월 해운대 마리나센터에 문을 연 아미산은 뛰어난 맛과 서비스로 중식 애호가들에게 사랑을 받아 오고 있으며 부산을 찾는 저명인사들도 즐겨 찾는 곳이다. 홀과 룸의 좌석이 테이블과 의자로 되어 있고 룸의 입구에도 높이 차이가 없어 이용이 편리하다. 대표 메뉴는 황실의 보양식 불도장 세트이며, 팔보채, 홍소가지에 짜장, 볶음밥, 짬뽕 중 2가지를 선택할 수 있는 구성이다.",,,20090205232754,20250311134900,,,,6,16,26,350,FD,FD02,FD020100,A05,A0502,A05020400,부산광역시 해운대구 해운대해변로 154,,48092,129.1485450604,35.1581353515,6
3464876,32,아스티호텔 부산,"<a href=""https://astihotel.co.kr/"" target=""_blank"" title=""새창 : 아스티호텔 홈페이지로 이동"">https://astihotel.co.kr/</a>",,,,20250108153417,20250409085310,,,,6,5,26,170,AC,AC01,AC010100,B02,B0201,B02010100,부산광역시 동구 중앙대로214번길 7-8 (초량동),,48733,129.0418304807,35.1165019291,6
576732,28,아시아드 컨트리클럽,"<a href=""http://www.asiadcc.co.kr"" target=""_blank"" title=""새창 : 아시아드 컨트리클럽 홈페이지로 이동"">http://www.asiadcc.co.kr</a>","아시아드 컨트리클럽은 2002년 8월 4일 개장하여 2002 아시안 게임 골프경기를 성공적으로 개최하였고 2012년 YTN 주관 10대 골프장에 선정되었다. 아시아드 컨트리클럽의 코스는 총면적 1,450,261제곱미터의 완만한 구릉지 위에 지형의 흐름에 따라 자연스럽게 조성된 레이크 코스, 계곡의 다채로운 특징이 코스에 접목된 밸리코스, 천연 수림과 숲 속의 연못이 어우러져 아름다움의 극치를 자아내는 파인코스 등 3개의 코스로 구성되어 있다. 아시아드 컨트리클럽은 국제적 행사에 맞춰 설계되어 있으며 수준 높은 코스와 안락한 클럽 하우스의 시설을 갖추고 있다.",,,20080618195806,20250325155149,http://tong.visitkorea.or.kr/cms/resource/78/2444978_image2_1.jpg,http://tong.visitkorea.or.kr/cms/resource/78/2444978_image3_1.jpg,Type3,6,3,26,710,LS,LS01,LS010400,A03,A0302,A03020700,부산광역시 기장군 일광면 차양길 26,,46041,129.2401863043,35.2872281487,6
2865384,39,아시오,,"부산광역시 초읍동에 위치한 아시오 카페는 2층 건물을 전체 사용하는 큰 규모의 베이커리 카페이다. 아시오의 모든 빵은 당일 생산과 당일 판매를 원칙으로 한다. 또 천연발효로 빵을 만들고 화학 개량제를 일절 사용하지 않는다. 1층과 2층 모두 통창으로 되어 있어 개방감을 느낄 수 있으며, 유리창 너머로 보이는 풍경, 그리고 차 한잔과 함께 여유를 느낄 수 있는 공간이다.",,,20221011165741,20250829152835,http://tong.visitkorea.or.kr/cms/resource/71/2865371_image2_1.jpg,http://tong.visitkorea.or.kr/cms/resource/71/2865371_image3_1.jpg,Type3,6,7,26,230,FD,FD05,FD050100,A05,A0502,A05020900,부산광역시 부산진구 초읍동,165-10,47103,129.0492419275,35.1822280386,6
1013461,38,아이하시 (수제젓가락공예),,아이하시 매장은 부산 대청동 국제시장안에 위치하고 있다. 천연목을 숙련된 장인의 손길로 다듬어 만든 아이하시 젓가락은 인체에 무해한 도료를 사용하는 고급 수제 젓가락이다. 전량 일본에서 생산되는 제품을 수입해서 아이하시 공장에서 목제 가공 및 손잡이 부분의 여러가지 색상 및 디자인을 가미한 제품이다. 특히 입이 닿는 부분에는 전량 천연 옻을 사용하기 때문에 안전하고 고급스럽다.,,,20100503233634,20250626093000,http://tong.visitkorea.or.kr/cms/resource/87/1015987_image2_1.jpg,http://tong.visitkorea.or.kr/cms/resource/87/1015987_image3_1.jpg,Type3,6,15,26,110,SH,SH05,SH050100,A04,A0401,A04010700,부산광역시 중구 국제시장2길 33,(신창동4가),48945,129.0283125960,35.1024004807,6
3081825,39,아트모이지,"<a href=""https://www.instagram.com/art.moiji/"" target=""_blank"" title=""아트모이지 사이트로 이동"">https://www.instagram.com/art.moiji/</a>","부산광역시에 위치한 아트모이지는 부산 최초의 페인팅건 체험 공방이자 드로잉 카페 공방이다. 각종 체험도구(물총, 소스통, 스펀지, 아크릴붓, 페인트붓 등)를 사용하여 원하는 색상으로 8호 캔버스를 꾸미는 페인팅건 체험, 나이프를 이용해 모델링 페이스트와 아크릴 물감을 섞어 캔버스 표면에 질감을 주는 백드롭 페인팅 체험, 원하는 도안을 선택하여 캔버스에 아크릴 물감으로 색칠하는 드로잉 체험을 이용할 수 있다. 기본적으로 필요한 미술물품 외에도 다양한 도구와 촬영소품 등을 마음껏 이용할 수 있으며 친환경 페인트와 수성도료를 사용하여 냄새가 거의 없이 안전하게 이용이 가능하다. 또한 까다롭게 선별한 원두로 내린 커피와 각종 음료 및 디저트를 함께 즐길 수 있다.",,,20240116094331,20250306173740,http://tong.visitkorea.or.kr/cms/resource/70/3082370_image2_1.jpg,http://tong.visitkorea.or.kr/cms/resource/70/3082370_image3_1.jpg,Type3,6,12,26,500,FD,FD05,FD050100,A05,A0502,A05020900,부산광역시 수영구 광안해변로294번길 26 (민락동),,48283,129.1261720835,35.1553158082,6
2385686,12,아홉산숲,"<a title=""새창 : 아홉산 숲 홈페이지로 이동"" href=""http://www.ahopsan.com/"" target=""_blank"">http://www.ahopsan.com/</a>","부산 기장 철마면 아홉산 자락에 위치한 숲으로, 훼손되지 않은 자연환경과 생태를 만날 수 있는 곳이다. 대나무숲, 편백나무 숲, 삼나무, 은행나무 등의 인공림과 수령 100~300년 되는 금강송 등을 포함한 천연림이 아홉산숲을 구성한다. 총면적이 무려 52만 ㎡에 이르며, 약 400년의 세월을 지켜온 사유림으로, 자연보호를 위하여 사전 예약된 제한된 인원만이 출입이 가능하다. 놀이공원이나 유원지와 다르게 자연을 훼손하지 않는 선에서만 관람이 가능하지만, 아이들을 위한 숲 속 체험 및 놀이 프로그램도 마련되어 있으며, 숲 해설을 들을 수도 있다.",,,20160530204253,20250305102252,http://tong.visitkorea.or.kr/cms/resource/91/3309791_image2_1.jpg,http://tong.visitkorea.or.kr/cms/resource/91/3309791_image3_1.jpg,Type1,6,3,26,710,NA,NA01,NA010200,A01,A0101,A01010400,부산광역시 기장군 철마면 미동길 37-1,,46050,129.1715589466,35.2871407693,6
2661452,12,안데르센 동화마을,"<a href=""https://www.gijang.go.kr/tour/index.gijang?menuCd=DOM_000000301008000000"" target=""_blank"" title="" 기장 문화관광 사이트로 이동"">https://www.gijang.go.kr/tour</a>","부산 기장군 장안읍에 있는 도예 관광 힐링촌에 들어선 안데르센 동화마을은 어린이뿐 아니라 어른들도 아우르는 힐링 체험 공간이다. 수많은 동화를 집필해 전 세계 아동들에게 사랑받는 안데르센의 생애와 그의 작품 세계를 한눈에 알 수 있다. 18세기 바로크 양식으로 재현한 안데르센 정원, 아이들과 함께하는 다양한 놀이시설이 있다.",,,20200630002853,20250319185442,http://tong.visitkorea.or.kr/cms/resource/61/2795861_image2_1.jpg,http://tong.visitkorea.or.kr/cms/resource/61/2795861_image3_1.jpg,Type3,6,3,26,710,VE,VE04,VE040200,A02,A0203,A02030100,부산광역시 기장군 장안읍 장안로 211,,46028,129.2399148578,35.3601199691,6
337415,12,안적사(부산),,"부산광역시 기장군 기장읍에 있는 사찰로 대한불교조계종 제14교구 본사 범어사의 말사이다. 원효와 의상스님의 수행설화가 함께 전해져 내려온 안적사는 예부터 기장현의 4대 명찰로 기록되어 왔으며 신라의 원효대사가 창건하였다. 광복 이후까지 소실 또는 폐사되었다가 중창되어 현재에 이르고 있다. 대웅전을 중심으로 삼성각, 설현당, 보림원 등 10동의 건물이 있다. 대웅전은 정면 3칸, 측면 3칸의 다포식 팔작지붕 건물이다. 1990년 무렵 지어졌으며, 아미타여래 좌상과 관음보살·대세지보살이 모셔져 있다.",,,20071217230239,20251104144016,http://tong.visitkorea.or.kr/cms/resource/81/3561181_image2_1.jpg,http://tong.visitkorea.or.kr/cms/resource/81/3561181_image3_1.jpg,Type1,6,3,26,710,HS,HS03,HS030100,A02,A0201,A02010800,부산광역시 기장군 기장읍 내리길 461-16,,46076,129.1698888820,35.2142766822,6
3412613,39,암남길 벗과벗,,"암남길 벗과벗은 송도 해수욕장 오션뷰를 즐길 수 있는 고풍스러운 유럽 엔틱 갤러리 카페이다. 베르사유 궁전을 모티브로 한 화려한 샹들리에 조명이 인상적이며, 다양한 시그니처 음료와 디저트, 디쉬 메뉴, 맥주와 와인을 바다를 보며 편안하게 즐길 수 있다. 고급스러운 분위기 속에서 식사와 음료를 즐기며 특별한 시간을 보낼 수 있는 암남길 벗과벗은 아름다운 경치와 우아한 인테리어가 어우러져 기억에 남는 경험을 선사한다.",,,20241112140545,20250311173552,http://tong.visitkorea.or.kr/cms/resource/63/3412563_image2_1.jpg,http://tong.visitkorea.or.kr/cms/resource/63/3412563_image3_1.jpg,Type3,6,11,26,140,FD,FD05,FD050100,A05,A0502,A05020900,부산광역시 서구 송도해변로 27 (암남동),,49275,129.0172310642,35.0716453854,6
2781598,39,앙로고택,,"앙로고택은 인간문화재가 건축한 한옥카페이다. 본관과 별관으로 나누어져 있으며 음료와 빵을 함께 판매하는 베이커리 카페이다. 실내에서는 큰 통 창을 통해 멋진 풍경을 감상할 수 있고, 야외 테이블에서는 낙동강을 바라보며 커피를 즐길 수 있다. 앙로고택은 포토존으로도 유명하다. 별관 강가 나룻배를 배경으로 한 컷,  2층 옥상에서 한옥을 배경으로 또 한 컷, 인생 샷을 남기기에 충분하다.",,,20211126195123,20250708110410,http://tong.visitkorea.or.kr/cms/resource/37/2781837_image2_1.jpg,http://tong.visitkorea.or.kr/cms/resource/37/2781837_image2_1.jpg,Type3,6,1,26,440,FD,FD05,FD050100,A05,A0502,A05020900,부산광역시 강서구 식만로 122 (식만동),,46707,128.9066203876,35.2052506098,6
2773623,39,야스마루,"<a href=""https://www.instagram.com/yasumaru_syokudo""target=""_blank"" title=""새창: 야스마루 홈페이지로 이동"">https://www.instagram.com/yasumaru_syokudo</a>","부산에 위치한 '야스마루'는 일본식 소품과 인테리어로 꾸며져 전반적으로 정돈된 분위기를 갖추고 있다. 내부는 규모가 크지 않지만 사용자 동선을 고려해 구성돼 있으며, 메뉴는 국수류부터 해산물 요리까지 폭넓게 운영된다. 대표 메뉴인 파랑국수는 중앙에 계란말이를 올리고 주변에 잘게 썬 파를 넉넉하게 배치한 형태로, 국물과 계란의 조합이 특징이다. 계절이나 운영 상황에 따라 일부 메뉴는 변동될 수 있다. 해당 매장은 좌석을 미리 확보하는 방식이 불가하며, 모든 일행이 도착해야 입장이 가능하다. 또한 공간 제약으로 인해 단체 이용이 어렵다.",,,20211112020851,20251120092557,http://tong.visitkorea.or.kr/cms/resource/14/2773614_image2_1.jpg,http://tong.visitkorea.or.kr/cms/resource/14/2773614_image3_1.jpg,Type3,6,7,26,230,FD,FD02,FD020200,A05,A0502,A05020300,부산광역시 부산진구 중앙대로756번길 24 (부전동),1층,47246,129.0619942225,35.1593225066,6
337435,12,약수암(부산),,"약수암은 부산광역시 사상구 백양산 자락에 자리한 대한 불교법화종 소속 사찰이다. 1890년경 승려 경파가 조청정화, 박보리화, 서본성월이라는 보살과 함께 창건했다고 전해진다. 1950년대부터 청명 스님이 55년간 주석하면서 불사를 이루어 지금의 모습을 갖추게 되었다. 약수암은 대웅전과 약사전, 삼성각, 종각 그리고 요사로 이루어져 있다. 대웅전은 정면 3칸, 측면 2칸의 규모로 팔작지붕에 주심포 형식이며 1950년대 초에 건립한 전각이다. 대웅전 건립 시기와 같은 1950년대 초반에 지어진 삼성각은 정면 3칸, 측면 1칸의 팔작지붕 건물로 주심포 형식이다. 외벽화는 없으며 오른쪽 외벽에 창방이 하나 나 있다. 1999년 팔각형의 시멘트 건물로 지어진 약사전은 외부 단청까지 되어 있으며 외벽에는 산수, 화훼, 화조 등을 내용으로 하는 벽화가 8면에 그려져 있다.",,,20071218005223,20250306142840,http://tong.visitkorea.or.kr/cms/resource/80/3342880_image2_1.jpg,http://tong.visitkorea.or.kr/cms/resource/80/3342880_image3_1.jpg,Type3,6,9,26,530,HS,HS03,HS030100,A02,A0201,A02010800,부산광역시 사상구 백양대로804번길 42-57 약수암,,46938,128.9965271813,35.1782275148,6
2867167,39,양산국밥,,"양산국밥은 전통 토렴기법을 사용하는 국밥전문점이다. 오픈 주방으로 되어있는 양산국밥의 대표 메뉴는 14시간 우려낸 돼지사골과 채소육수, 부드러운 목살을 13번 토렴한 토렴 국밥이다. 밥알 사이사이 진한 육수가 스며들어 구수한 맛이 일품이며 진한 국물맛과 부드러운 수육을 맛보면 그 맛을 잊을 수 없어 다시 찾는 손님들이 많다. 국밥뿐 아니라 모둠수육, 육면, 밀면, 순대 등 다양한 메뉴가 있다. 어린이가 먹을 수 있는 유아 식사도 따로 메뉴에 있어 아이와 함께 방문하기도 좋다.",,,20221014111517,20251105172754,http://tong.visitkorea.or.kr/cms/resource/60/2867160_image2_1.JPG,http://tong.visitkorea.or.kr/cms/resource/60/2867160_image3_1.JPG,Type3,6,16,26,350,FD,FD01,FD010100,A05,A0502,A05020100,부산광역시 해운대구 좌동로10번길 75,,48102,129.1727315789,35.1678735982,6
2786742,39,양산왕돼지국밥,,"부산 해운대구 재송동에 위치한 양산왕돼지국밥은 진한 국물과 부드러운 고기가 특징인 돼지국밥 전문점이다. 수육은 야들야들하고 순대는 쫄깃하며, 수육백반과 순대국밥 등 메뉴가 다양하다. 매장 내 셀프바에는 고향에서 공수해 온 시골 막걸리를 한잔 맛볼 수도 있다.",,,20211207001012,20250828100505,http://tong.visitkorea.or.kr/cms/resource/14/2797514_image2_1.JPG,http://tong.visitkorea.or.kr/cms/resource/14/2797514_image3_1.JPG,Type3,6,16,26,350,FD,FD01,FD010100,A05,A0502,A05020100,부산광역시 해운대구 재반로 70 (재송동),,48053,129.1263962484,35.1850013767,6
2867517,39,양정기사식당,,"기사식당이 몰려있는 특색 있는 골목에 있다. 다채로운 메뉴와 양도 푸짐한 반찬이 입맛을 사로잡는다. 택시 기사들이 즐겨 찾는 양정기사식당은 저렴한 가격에 푸짐하게 먹을 수 있어서 가성비 끝판왕으로 불리며 일반인도 많이 찾는다. 기사식당 중에서도 맛있기로 소문난 양정기사식당은 아침부터 늦은 밤까지 영업하며, 음식이 빠르게 나오고 테이블 회전율이 높아 기다림 없이 먹을 수 있다. 24시간 연중무휴로 영업을 해 언제 가도 밥을 먹을 수 있다. 부산MBC 행복한 금요일이라는 프로그램에 소개된 바 있다. 부전시장, 삼광사 등이 인접해 있어 함께 둘러보기 좋다.",,,20221014142938,20250113150140,http://tong.visitkorea.or.kr/cms/resource/11/2867511_image2_1.JPG,http://tong.visitkorea.or.kr/cms/resource/11/2867511_image3_1.JPG,Type3,6,7,26,230,FD,FD01,FD010100,A05,A0502,A05020100,부산광역시 부산진구 중앙대로970번길 38,,47216,129.0753259678,35.1749487805,6
2753006,39,어느멋진날,,바다가 바로 앞에 펼쳐지고 넓고 고급스러운 인테리어와 일광해수욕장을 바라보는 오션뷰로 연인들의 데이트 코스로 각광받고 있는 ‘어느멋진날’은 전복과 새우 요리가 일품이다. 대표 메뉴는 전복 내장을 넣어 볶은 전복밥과 고소한 버터에 노릇노릇 구워진 전복버터구이며 주문 즉시 조리를 하기 때문에 시간이 다소 걸리지만 품질 좋은 전복의 풍미를 맛보면 기다린 시간이 아깝지 않다. 해수욕장에서 즐거운 시간을 보냈다면 넓은 주차장에 분위기도 좋고 맛도 좋은 부산 기장 맛집 ‘어느멋진날’에서 보양식을 즐겨보자. 전복죽과 전복밥은 포장도 가능하다.,,,20211005231919,20250902113815,http://tong.visitkorea.or.kr/cms/resource/18/2753518_image2_1.jpg,http://tong.visitkorea.or.kr/cms/resource/18/2753518_image3_1.jpg,Type3,6,3,26,710,FD,FD01,FD010100,A05,A0502,A05020100,부산광역시 기장군 일광읍 기장해안로 1286,,46044,129.2343181572,35.2588256667,6
2832717,39,어라우즈로스터리,,"부산 명지에 있는 어라우즈 로스터리는 편안한 느낌의 우드 소재와 멋스러운 벽돌이 주는 따뜻한 감성이 가득 묻어나는 곳이다. 골프 연습장을 지나 안쪽으로 들어오면 카페가 있다. 총 3층 건물로 이루어진 어라우즈 로스터리는 1층에 야외 테라스가 있어 반려동물 입장이 가능하다. 2, 3층 모두 통창으로 바다와 낙동강 뷰를 볼 수 있어 뷰 맛집으로도 유명하다. 3층에는 좌식으로 앉을 수 있는 개별 공간이 있어 독립된 공간이 필요할 때 방문하면 좋다.
※ 반려동물 동반 야외만 가능",,,20220804163724,20250708110830,http://tong.visitkorea.or.kr/cms/resource/15/2832715_image2_1.jpg,http://tong.visitkorea.or.kr/cms/resource/15/2832715_image3_1.jpg,Type3,6,1,26,440,FD,FD05,FD050100,A05,A0502,A05020900,부산광역시 강서구 르노삼성대로 630 (명지동),,46773,128.9291850713,35.1038096127,6
2777936,39,어밤부,,"부산 송정에 자리한 태국 음식점으로 한국인의 입맛에 맞춰 자극적인 향신료를 줄인 대신 담백한 맛을 살려 누구나 부담 없이 즐길 수 있는 음식이 특징이다. 대표 메뉴인 팟타이는 태국식 볶음 쌀국수로, 새콤달콤한 전통 소스에 땅콩가루로 고소함을 더했다. 바다를 바라보며 음식을 즐길 수 있는 오션뷰 테라스가 있어 데이트 코스로 인기가 높다. 어밤부가 자리한 송정해변은 서퍼들이 즐겨 찾는 곳으로 해운대와는 또 다른 자유로운 분위기가 인상적이다.",,,20211123185409,20250827164904,http://tong.visitkorea.or.kr/cms/resource/34/2794834_image2_1.jpg,http://tong.visitkorea.or.kr/cms/resource/34/2794834_image2_1.jpg,Type3,6,16,26,350,FD,FD02,FD020400,A05,A0502,A05020700,부산광역시 해운대구 송정광어골로 87 (송정동),,48073,129.1967043326,35.1737594951,6
2844638,39,어보,,"부산광역시 기장군 일광읍 신평리에 있는 어보는 '바다가 차린 식탁' 이라는 뜻을 가진 한정식집이다. 해물갈비찜과 보리굴비, 암꽃게장 등 다양한 한상 메뉴를 제공하는 맛집이다. 주차장이 넓고 쾌적하며, 오션뷰와 정자에서 휴식할 수 있는 분위기가 매력적이다. 음식은 정갈하고 간이 잘 맞아 가족이나 어른들과 함께 방문하기 좋으며, 특히 해물갈비찜은 푸짐한 재료와 매콤한 양념이 조화롭다.",,,20220826152503,20250828112258,http://tong.visitkorea.or.kr/cms/resource/32/2844632_image2_1.jpg,http://tong.visitkorea.or.kr/cms/resource/32/2844632_image3_1.jpg,Type3,6,3,26,710,FD,FD01,FD010100,A05,A0502,A05020100,부산광역시 기장군 일광읍 일광로 582-22,,46040,129.2600871700,35.2937000169,6
2875727,39,엄마손대구탕,,"엄마손대구탕은 부산시 해운대구 송정동에 있는 한식당으로 묵은지와 대구탕 맛집이다, 대표 메뉴는 칼칼한 맛의 지리 대구탕이지만 고등어 묵은지, 꽁치 묵은지, 돼지고기 묵은지 등도 인기가 많다. 묵은지를 좋아한다면 주문 시 묵은지만 추가도 할 수 있다. 게장, 멍게젓갈, 나물 등 푸짐한 반찬과 함께 나오는 고등어구이 정식도 별미고 폭탄 계란찜도 맛있다.",,,20221026123852,20250902102541,http://tong.visitkorea.or.kr/cms/resource/15/2875715_image2_1.JPG,http://tong.visitkorea.or.kr/cms/resource/15/2875715_image3_1.JPG,Type3,6,16,26,350,FD,FD01,FD010100,A05,A0502,A05020100,부산광역시 해운대구 송정중앙로6번길 20 (송정동),,48073,129.2011009220,35.1828696674,6
2838432,39,엄용백 돼지국밥,,"엄용백 돼지국밥은 부산광역시 수영구 광안동에 돼지국밥 전문점으로 수영역 인근에 자리하였다. 메뉴는 맑은 돼지국밥, 진한 돼지국밥, 수육, 오소리감투 등이 있다. 엄용백 돼지국밥엔 맑은 국물의 부산식 국밥과 진한 국물의 밀양식 국밥 두 가지가 있어 취향대로 선택할 수 있다. 돼지 특유의 누린내가 나지 않아 초보자도 누구나 부담 없이 즐길 수 있다. 식당을 찾는 인원에 비해 좌석이 적어 웨이팅이 길어질 수 있다. 오후 3시부터 5시까지는 브레이크 타임도 있어 시간을 잘 맞춰 가는 게 좋다.",,,20220818095215,20250116111621,http://tong.visitkorea.or.kr/cms/resource/22/2838422_image2_1.jpg,http://tong.visitkorea.or.kr/cms/resource/22/2838422_image3_1.jpg,Type3,6,12,26,500,FD,FD01,FD010100,A05,A0502,A05020100,부산광역시 수영구 수영로680번길 39,,48266,129.1172781118,35.1662727497,6
2836412,39,에테르,"<a href=""https://blog.naver.com/aether_chan""target=""_blank"" title=""새창 : 에테르 블로그로 이동"">https://blog.naver.com/aether_chan</a>","독특한 구조의 카페 에테르는 흰여울 문화마을 비탈길에 있다. 총 4층 건물로 1층~2층 실내 공간, 3층 테라스, 4층 루프탑으로 되어있는 큰 규모의 카페이다. 3~4층 야외 공간은 안전상의 이유로 노키즈 존으로 운영된다. 대로변 입구로 들어오면 보이는 계산대 층이 3층으로 위로 이동하면 루프탑이 아래로 내려가면 1~2층 실내 카페 공간이 나온다. 에테르의 가장 큰 매력은 전 층 통창으로 어느 자리에 앉든 바다 뷰를 볼 수 있다. 특히 4층 루프탑에는 선베드가 마련되어 편하게 부산의 바다를 즐길 수 있다. 저녁에 방문하면 실외에서 바라보는 밤바다와 남향대교, 흰여울길, 주택가의 멋진 야경을 볼 수 있다. 메뉴는 커피와 각종 차, 음료, 랍스터 롤, 크림 알감자 빠네, 브런치 등 다양하게 마련돼 있다. 2025년 7월 12일부터 브런치 리뉴얼로 브런치는 잠시 운영을 중단하니 참고하고 방문해야 한다.",,,20220812152204,20251023143000,http://tong.visitkorea.or.kr/cms/resource/08/2836408_image2_1.jpg,http://tong.visitkorea.or.kr/cms/resource/08/2836408_image3_1.jpg,Type3,6,14,26,200,FD,FD05,FD050100,A05,A0502,A05020900,부산광역시 영도구 절영로 234,,49081,129.0465200301,35.0772952921,6
2925797,32,엘시티 레지던스,"<a href=""https://lctmanagement.co.kr/index.html"" target=""_blank"" title=""새창: 엘시티 레지던스 홈페이지로 이동"">https://lctmanagement.co.kr/index.html</a>","부산 해운대의 엘시티 레지던스는 101층 초고층 건물로 모든 객실에서 환상적인 오션 뷰를 자랑한다. 50평부터 90평 펜트하우스까지 다양한 객실 구성과 자연을 사랑하는 마음으로 전 객실에 친환경 고체 어메니티를 제공한다. 사계절 프리미엄 워터파크와 101층 전망대 라운지, 도심 속 해변에서 자연을 느끼며 특별한 공간에서 휴식과 여유를 만끽할 수 있다. 부산 여행 명소인 스카이 캡슐과 해변열차를 이용할수 있는 블루라인파크와 가까이 위치하고 있다.",,,20221130160022,20251120113021,http://tong.visitkorea.or.kr/cms/resource/57/2928957_image2_1.jpg,http://tong.visitkorea.or.kr/cms/resource/57/2928957_image3_1.jpg,Type3,6,16,26,350,AC,AC02,AC020200,B02,B0201,B02011300,"부산광역시 해운대구 달맞이길 30 (중동, 엘시티)",,48099,129.1683126815,35.1619491796,6
2868912,39,엘올리브,"<a href=""https://www.instagram.com/elolive_restaurant/"" target=""_blank"" title=""새창 : 엘올리브 인스타그램으로 이동"">https://www.instagram.com/elolive_restaurant/</a>","부산 망미동에 위치한 엘올리브는 ‘Between Art & Dining’이라는 콘셉트를 바탕으로 디자인, 음식, 예술이 조화를 이루는 지중해식 다이닝 레스토랑이다. 엘올리브는 본관, 글라스 하우스, 프라이빗룸으로 구성되어 있으며, 각 공간은 목적과 분위기에 따라 다양하게 활용할 수 있다. 특히 프라이빗룸은 전동 프로젝터와 대형 스크린이 설치되어 있어 가족 모임, 기업 회식, 돌잔치, 하우스 웨딩 등 다양한 행사가 가능한 다목적 공간이다. 내부의 창가 좌석에서는 수영강의 아름다운 풍경을 감상할 수 있어 많은 손님들에게 인기를 끌고 있다. 이곳에서는 부산 지역의 특색을 살린 해산물을 중심으로 계절별로 다양한 요리를 선보인다.",,,20221018100051,20250620145759,http://tong.visitkorea.or.kr/cms/resource/03/2868903_image2_1.jpg,http://tong.visitkorea.or.kr/cms/resource/03/2868903_image3_1.jpg,Type3,6,12,26,500,FD,FD02,FD020300,A05,A0502,A05020200,부산광역시 수영구 좌수영로 129-1 (망미동),,48214,129.1180638945,35.1757494815,6
2872353,39,엠아이알오,,"기장 최고의 오션뷰를 자랑하는 엠아이알오(MIRO)는 기장 바닷가 바로 옆에 있는 카페이다. 해안 도로에 위치해 있어 오션뷰와 함꼐 커피를 즐기기 좋다. 거의 전면 통창이라서 창가 자리에 앉으면 시원한 바다 뷰를 즐길 수 있다. 대표 메뉴는 달콤한 벌꿀과 수제 제철 과일쨈, 여러 과일을 더한 떠먹는 요거트인 MIRO요거트이다. 또한 홍차베이스의 레몬을 블렌딩한 상큼한 골드문과 수제 연유크림과 캬라멜, 복분자 소금이 들어간 단짠한 매력이 있는 솔티카라멜슈페너도 대표 메뉴이다. 이외에도 녹차라떼와 초코라떼, 과일타르트 등 다양한 메뉴가 있어 취향에 맞게 선택해 즐길 수 있다. 엠아이알오는 넓은 전용 주차장이 있어 편리하고, 인근에 임랑해수욕장이 있어 함께 둘러보기 좋다.",,,20221021134335,20250702092116,http://tong.visitkorea.or.kr/cms/resource/45/2872345_image2_1.JPG,http://tong.visitkorea.or.kr/cms/resource/45/2872345_image3_1.JPG,Type3,6,3,26,710,FD,FD05,FD050100,A05,A0502,A05020900,부산광역시 기장군 일광읍 문오성길 56,,46041,129.2593180968,35.2827317870,6
2869896,39,엣지993,"<a href=""http://edge993.co.kr/cafe/"" target=""_blank"" title=""새창 : 엣지993 홈페이지로 이동"">http://edge993.co.kr/</a>","카페 엣지993은 산 해운대 바닷가가 눈앞에 펼쳐지는 오션뷰 카페이다. 아메리카노는 고소하고 산미가 적당하며, 딸기 크림라떼도 추천 메뉴이다. 카페 앞으로는 부산 바다 풍경이 한눈에 펼쳐지고, 뒤쪽으로 블루라인파크 캡슐 열차가 지나가는 모습을 볼 수 있다. 특히, 엣지993의 가장 큰 매력은 해운대의 낮과 밤을 고스란히 품고 있다는 것이다. 좌우로 펼쳐지는 광안대교, 마린시티, 동백섬, 해운대 백사장, 대마도, 달맞이언덕의 전경을 볼 수 있다.",,,20221019094226,20250829094605,http://tong.visitkorea.or.kr/cms/resource/82/2869882_image2_1.jpg,http://tong.visitkorea.or.kr/cms/resource/82/2869882_image3_1.jpg,Type3,6,16,26,350,FD,FD05,FD050100,A05,A0502,A05020900,부산광역시 해운대구 달맞이길62번길 78 (중동),,48098,129.1751650147,35.1564554770,6
2788444,38,연동시장,,"연동 시장은 자연 발생적인 전통 시장과는 달리 부동산 개발업자가 시장 건물을 지어 점포 분양을 하면서 시장이 개설되었다. 연동 시장은 1978년 개장한 후에 1970년대와 1980년대를 거치면서 지역 주민들에게 채소, 과일, 생선 등 농·수·축산물을 공급하는 지역 밀착형 시장으로 성장해 나갔다. 시장이 위치한 연산동 일대는 일찍부터 주택가가 형성되어 시장에 대한 수요가 많아 지역 주민들이 편하게 이용하는 시장이 되었다. 점포 수는 모두 합쳐 90개 정도인 소형 시장이다.",,,20211208024301,20251127140434,http://tong.visitkorea.or.kr/cms/resource/25/3561525_image2_1.jpg,http://tong.visitkorea.or.kr/cms/resource/25/3561525_image3_1.jpg,Type1,6,13,26,470,SH,SH06,SH060200,A04,A0401,A04010200,부산광역시 연제구 연동로8번길 22 (연산동),,47552,129.0925518647,35.1888808717,6
2867674,39,연산낙지해물탕,,"부산시 연제구 연산동, 연제 경찰서 근처에 있는 연산낙지해물탕은 해물탕, 곱창전골, 산낙지전골 등이 있는 해물탕과 매운탕 전문점이다. 방에는 입식테이블이 있고 옆으로 좌식 테이블도 마련되어 있다. 대표 메뉴인 해물탕엔 바다를 통째로 담은 듯이 해산물이 푸짐하고, 끓을 때 살아있는 낙지를 손질해 넣어주는 것이 특징이다. 낙곱새, 곱창전골, 낚지볶음도 양이 푸짐하고 국물맛도 시원하며, 마지막에 볶음밥을 먹으면 든든한 한 끼 식사가 가능하다. 현지인들도 많이 찾는 맛집으로 4인 이상 방문객은 예약 방문을 추천한다. 전용 주차장이 있어 차로 이동하기에도 편리하다. 근처에 박차정의사 생가, 충렬사가 인접해 있어 함께 둘러보기 좋다.",,,20221014151928,20250619175810,http://tong.visitkorea.or.kr/cms/resource/70/2867670_image2_1.JPG,http://tong.visitkorea.or.kr/cms/resource/70/2867670_image3_1.JPG,Type3,6,13,26,470,FD,FD01,FD010100,A05,A0502,A05020100,부산광역시 연제구 과정로 121 (연산동),,47587,129.1069341252,35.1823596461,6
2838755,39,연어바치,,"부산 대연동에 위치한 연어바치는 다시마 숙성의 연어 전문점이다. 다시마 숙성으로 더욱 감칠맛 도는 연어맛과 연어바치만의 그린몬스터 피자와 파스타를 함께 즐길 수 있는 공간이다. 식당 내부는 모던하고 깔끔하며 조용하게 음식을 맛볼 수 있다. 연어와 피자, 파스타를 함께 즐길 수 있는 세트메뉴도 구성되어 있어 든든하게 한 끼 식사가 가능하다. 대학로에 위치해 있어 접근성도 좋으며 친구와 연인, 가족과 함께 편안하게 식사를 즐기기에 안성맞춤인 공간이다.",,,20220818132322,20251023143000,,,,6,4,26,290,FD,FD01,FD010100,A05,A0502,A05020100,부산광역시 남구 용소로21번길 71,1층 연어바치,48511,129.1041384067,35.1363897422,6
2605959,25,"열정, 젊음, 시원함이 있는 밤바다 여행",,"해운대, 광안리 해수욕장 등 부산의 대표 해수욕장에는 매년 수백만 명이 몰리는 만큼 뜨거운 열정이 가득하다. 무엇보다 부산의 밤바다는 낮보다 더 뜨겁고 짜릿하다. 화려한 광안대교의 조명과 밤하늘을 수놓는 다양한 불빛, 더위가 한풀 꺾인 밤바다의 시원함을 만끽하는 사람들의 웃음소리 등 부산의 밤바다에는 또 다른 매력이 넘쳐난다.",,,20190612023016,20250520105652,http://tong.visitkorea.or.kr/cms/resource/83/2606083_image2_1.jpg,http://tong.visitkorea.or.kr/cms/resource/83/2606083_image3_1.jpg,Type3,6,,26,350,C01,C0114,C01140001,C01,C0114,C01140001,,,,129.1520865350,35.1539192222,6
2867626,39,영남냉면밀면,,"영남냉면밀면은 벚꽃 명소로 유명한 부산시 서구 동대신동, 삼익 아파트와 서여고 사이에 있다. 부산 3대 밀면집으로 34년 이상의 전통을 자랑하는 곳이다. 밀면은 한국전쟁 때 남쪽으로 온 피난민들이 함흥냉면을 그리워하며 만든 음식에서 유래되었다고 한다. 대표 메뉴는 함흥식 냉면, 평양식 냉면, 밀면 등이 있다. 특히 이곳의 면발은 다른 집과 달리 더 가늘고 당면이랑 쫄면을 섞어놓은 듯 쫄깃한 맛이 일품이다. 손님이 많아 식당 앞 주차장은 물론 근처 가까운 곳에 전용 주차장이 두어 군데  더 있다. 좌식과 입식 테이블이 있고 만두도 별미이다.",,,20221014150138,20251105173354,http://tong.visitkorea.or.kr/cms/resource/07/2867607_image2_1.JPG,http://tong.visitkorea.or.kr/cms/resource/07/2867607_image3_1.JPG,Type3,6,11,26,140,FD,FD01,FD010100,A05,A0502,A05020100,부산광역시 서구 보수대로201번길 7,,49216,129.0203018886,35.1131685724,6
2875744,39,영남돼지,,"영남돼지는 해운대에서 접근성이 좋은 돼지고기 맛집으로, 두툼한 목살과 쫄깃한 항정살이 특히 인기이다. 점심 정식 메뉴에는 고기와 찌개가 포함되어 있어 가성비가 좋으며, 주차 공간이 넉넉해 차량 이용객에게 편리하다. 대중교통 이용 시 지하철 2호선 해운대역에서 약 600m 거리이다. 식당 내부는 깔끔하고 단체석이 있어 가족 회식이나 단체 모임도 할 수 있다. 좋다. 주변에 씨라이프 부산 아쿠아리움이 인접해 있어 함께 둘러보기 좋다.",,,20221026124342,20250827164425,http://tong.visitkorea.or.kr/cms/resource/36/2875736_image2_1.JPG,http://tong.visitkorea.or.kr/cms/resource/36/2875736_image3_1.JPG,Type3,6,16,26,350,FD,FD01,FD010100,A05,A0502,A05020100,부산광역시 해운대구 해운대해변로209번가길 13 (우동),,48093,129.1554444083,35.1600435987,6
2860755,39,영남식육식당,,"부산 해운대 좌동에 있는 영남식육식당은 품질 좋은 한우를 합리적인 가격에 먹을 수 있는 한우구이 전문점이다. 골목 안에 있는 영남식육식당은 가게 앞 주차가 가능하며 입구에서 신발을 벗고 들어가야 한다. 모든 좌석 개별 룸에 입식 테이블로 이루어져 조용하게 식사할 수 있다. 인기 메뉴인 새우살, 안창살, 안거미살, 제비추리, 꽃살 등 한우 특수부위는 소량으로 판매되어 조기 품절이 될 수 있으니, 방문 전 확인하는 것을 추천한다. 점심 특선 메뉴는 공깃밥, 누룽지, 된장 라면이 식사로 나오고 고기를 좀 더 저렴하게 먹을 수 있어 인기이다. 또 불고기, 육회 비빔밥, 한우 물회, 한우 곰탕도 있어 메뉴 선택의 폭이 넓다. 근처에 걷기 좋은 대천 호수 공원도 가까이 있으니 함께 둘러보는 것도 좋다.",,,20220927113952,20250616181844,http://tong.visitkorea.or.kr/cms/resource/43/2860743_image2_1.jpg,http://tong.visitkorea.or.kr/cms/resource/43/2860743_image3_1.jpg,Type3,6,16,26,350,FD,FD01,FD010100,A05,A0502,A05020100,부산광역시 해운대구 대천로106번길 26-10 (좌동),,48079,129.1750867729,35.1735868911,6
2606221,12,영도 흰여울해안터널,"<a href=""http://www.yeongdo.go.kr/tour/01462/01463.web?idx=2305&amode=view"" target=""_blank"" title=""새창: 영도구 문화관광 홈페이지로 이동"">http://www.yeongdo.go.kr/tour</a>","부산 영도구 흰여울해안터널은 부산의 대표적인 관광명소 중 하나로, 바다와 산을 잇는 독특한 터널이다. 이 터널은 1930년대에 만들어져 오랜 역사와 함께 지역의 중요한 교통로로 사용되었으며, 최근에는 관광지로 각광받고 있다. 흰여울해안터널은 터널 내부의 벽화와 조명이 아름다워 많은 사람들이 사진 촬영을 위해 방문한다. 또한, 터널을 지나면 탁 트인 바다와 영도의 아름다운 해안선이 펼쳐져 있어, 자연경관을 즐기며 산책할 수 있는 최적의 장소이다. 이곳은 부산을 방문하는 관광객들에게 특별한 경험을 선사하는 명소이다.",,,20190613010435,20250325111856,,,,6,14,26,200,VE,VE01,VE010600,A02,A0205,A02050500,부산광역시 영도구 영선동4가 1044-6,,,129.0453201165,35.0779590845,6
131943,28,영도관광실탄사격장,"<a href=""http://www.koreashooting.com"" target=""_blank"" title=""새창 : 영도관광사격장 홈페이지로 이동"">http://www.koreashooting.com</a>","함지골쪽에 위치해 있는 영도관광사격장은 부산 최초의 실탄사격장으로 스트레스를 풀고 가기 좋은 곳이다. 총 2사로 씩 4사로로 구성되어 있으며 각 15m/25m의 거리이다. 현장에서 코치의 간단한 교육을 받으면 즉시 즐길 수 있는 손쉬운 레저 스포츠로 스트레스 해소와 집중력 향상에 좋다. 총기 사용 공간으로 사전 안전 교육이 필수이며, 신분증을 반드시 지참하여야 한다.",,,20070423090000,20241014135916,,,,6,14,26,200,LS,LS01,LS011200,A03,A0302,A03021600,부산광역시 영도구 절영로 319,,49113,129.0541194729,35.0735291869,6
1942553,25,영도다리를 건너다,,"수산물 관련업종과 선박수리 관련업체들이 밀집한 남항은 영도다리를 경계에 두고 북항과 나뉘며, 항구도시 부산 사람들의 치열한 삶을 느끼기에 충분한 곳이다. 6.25 동란 때 피란민들이 생계를 유지하기 위해 생선을 잡아 팔던 자갈치 시장과 건어물 시장이 있고, 조선 산업이 최초로 시작된 곳이다. 각종 연근해, 원양어선 집결지 및 해상교통 중심항이며, 한국 최대의 수산기지 등과 같은 국가적으로도 중요한 역할을 담당해 왔다. 특히 남항에는 국내 최대의 수산물 위판장과 전국 냉동 가공업체의 64%이상이 밀집되어 있어 인근에 수산물 관련업종에 종사하는 사람이 많다.<br /><br />
이렇게 원도심이라 부르는 서구, 중구, 영도구 일대를 두루 아우르는 남항은 다양한 부산의 산업 현장들을 눈으로 확인 할 수 있으며, 지금껏 대를 이어 바다를 삶의 터전으로 살아온 사람들의 이야기가 남아있는 곳이다. 부지런히 몸을 움직여 자식들을 먹여 살린 우리 부모님들의 모습을 볼 수 있는 ‘체험 삶의 현장’이기도하다. 
<br /><br />출처:부산관광공사",,,20140821015212,20230809163549,,,,6,14,26,200,C01,C0115,C01150001,C01,C0115,C01150001,,,,129.0368537062,35.0955680697,4
1080734,15,영도다리축제,"<a href=""https://www.yeongdo.go.kr/ydfestival.web"" target=""_blank"" title=""새창 : 관광지"">https://www.yeongdo.go.kr/ydfestival.web</a>","영도대교를 알리고 관광활성화하기 위하여 시작된 영도다리축제가 그 의미를 확장하여 영도가 가진 역사․문화․사람과 자연의 가치를「잇고』, 『연결』하는 축제로 찾아온다.  '다리 위에서 만남'을 상징하는 43미터 런웨이 특설무대에서 펼쳐지는 「영도 다이나믹 댄싱페스티벌』 과 다앙한 체험 전시 프로그램을 만나볼 수 있다.",051-403-1862<br>051-419-4062,부산광역시 영도구,20100826003822,20251106102515,http://tong.visitkorea.or.kr/cms/resource/90/3561790_image2_1.jpg,http://tong.visitkorea.or.kr/cms/resource/90/3561790_image3_1.jpg,Type3,6,14,26,200,EV,EV01,EV010600,A02,A0207,A02070200,부산광역시 영도구 해양로301번길 45 (동삼동),아미르공원,49111,129.0802726164,35.0786013237,6
1942316,38,영도봉래시장,"<a href=""https://www.visitbusan.net/index.do?menuCd=DOM_000000201003001000&uc_seq=300&lang_cd=ko"" target=""_blank"" title=""새창 : 홈페이지로 이동"">https://www.visitbusan.net/kr</a>","봉래시장은 일제 강점기 때 자연스럽게 시장이 형성되었고, 일제강점기에 자연스럽게 형성된 전통시장으로 큰 규모를 자랑했으나 부산대교가 생기면서 시장이 도로에 일부 편입되어 크기가 작아졌고, 건너편에 남항시장이 생기면서 더욱 상권이 축소되었다. 그렇지만 50년 이상 된 역사와 전통을 자랑하는 삼진식품, 성실식품 등의 식품회사들이 꾸준히 주변의 사랑을 받으며 봉래시장 자리를 지키고 있다. 2006년 환경개선사업을 통해 각종 설비 등을 현대식으로 갖추었으며, 대선조선을 비롯한 인근 기업들과 자매결연을 맺는 등 시장 활성화를 위하여 다양한 활동을 펼치고 있는 재래시장이다. 2017년에는 문화관광형 시장으로 선정되어 봉래시장을 고유의 자원과 연계한 특화시장으로 육성하기 위해 문화공간조성, 관광상품개발, 문화콘텐츠개발, 문화공연 등을 추진하여 활성화를 위해 힘쓰고 있다. 봉래시장에는 역사와 전통을 자랑하는 어묵전문제조업체인 삼진어묵 본점이 있어 관광객들이 많이 방문하고 있으며, 인근에 영도흰여울문화마을, 영도대교, 깡깡이예술마을 등 많은 관광지가 있다.",,,20140820004525,20250408131324,http://tong.visitkorea.or.kr/cms/resource/73/3026273_image2_1.JPG,http://tong.visitkorea.or.kr/cms/resource/73/3026273_image3_1.JPG,Type3,6,14,26,200,SH,SH06,SH060200,A04,A0401,A04010200,부산광역시 영도구 태종로113번길 39,(봉래동3가),49035,129.0439559432,35.0927462941,6
1889025,25,영도의 바다를 만나다,,부산의 명물 영도다리를 건너 바닷길을 따라 태종대를 찾아간다. 절영해안산책로는 파도 소리를 친구 삼아 바다의 절경을 감상하며 걸을 수 있는 길이다. 해안도로가 끝나는 곳에서 다시 시작되는 솔숲은 시원한 그늘이 되어 도보 여행자를 안내한다. 영도 등대와 어우러진 태종대까지 걸으며 부산의 바다를 느껴보자.,,,20140124013403,20250520104815,http://tong.visitkorea.or.kr/cms/resource/87/1071387_image2_1.jpg,http://tong.visitkorea.or.kr/cms/resource/87/1071387_image3_1.jpg,Type3,6,,26,380,C01,C0115,C01150001,C01,C0115,C01150001,,,,128.9458947113,35.1044292944,6
2869405,39,영동밀면&돼지국밥,,"부산역 근처에 있는 영동밀면&돼지국밥은 물밀면과 비빔밀면, 돼지국밥과 순대국밥 등 다양한 메뉴를 제공한다. 깔끔한 내부는 4인 테이블이 여러 개 배치되어 가족 단위로 방문해도 편하게 앉을 수 있다. 쫄깃한 밀면과 부드러운 국밥, 손만두가 인기 메뉴이다.",,,20221018152344,20250829093822,http://tong.visitkorea.or.kr/cms/resource/88/2869388_image2_1.jpg,http://tong.visitkorea.or.kr/cms/resource/88/2869388_image3_1.jpg,Type3,6,5,26,170,FD,FD01,FD010100,A05,A0502,A05020100,부산광역시 동구 중앙대로209번길 12 (초량동),,48816,129.0393473684,35.1163102386,6
337532,12,영주암(부산),"<a href=""http://www.youngjuam.org/"" target=""_blank"" title=""새창 : 영주암 홈페이지로 이동"">http://www.youngjuam.org</a>","영주암은 부산광역시 수영구 배산에 자리한 대한불교조계종 본사 범어사의 말사이며, 부산의 중앙부에 위치한 배산 기슭에 위치하고 있어 사람들이 많이 찾는 곳이다. 1540년 창건된 사찰이며, 창건 당시는 토굴로서 토곡절이라 하였으나, 1940년 재 창건 하면서 주변의 경관이 수려하고 수행하기 적합한 것이 마치 중국 설화의 신선이 머무르며 수행한다는 영주산(瀛州山)의 모습과 비슷하다 하여 영주암(瀛州庵)으로 이름 붙였다. 1972년 정관스님과 범산스님이 중창하며 현재의 면모를 갖추었는데, 당시만 해도 절에는 작은 인법당 1동만 있었다 한다. 영주암은 불교 대중화 사업과 사회복지사업에 적극적인 사찰이다. 불교사회복지법인인 불국토를 설립하여 다양한 복지사업을 펴고 있으며, 장애인들의 사회복귀를 돕는 컴넷하우스, 노인 요양원인 상락정배산실버빌을 비롯하여 개금종합사회복지관, 양정청소년수련관, 양정재가노인복지센터 등의 복지시설을 운영하고 있다. 영주암은 대웅전, 원통보전, 화쟁원(승방), 삼성각 등의 전각으로 구성되어 있으며, 경내에 어린이집, 유치원, 상락정배산실버빌 등이 있으며, 대웅전은 2층 규모의 다포계 팔작지붕 건물로, 아래층은 종무소와 공양간, 위층은 법당으로 사용한다.",,,20071219003042,20250407144325,http://tong.visitkorea.or.kr/cms/resource/17/3032417_image2_1.JPG,http://tong.visitkorea.or.kr/cms/resource/17/3032417_image3_1.JPG,Type3,6,12,26,500,HS,HS03,HS030100,A02,A0201,A02010800,부산광역시 수영구 망미배산로76번나길 15,(망미동),48200,129.0986683346,35.1766545764,6
2721157,12,영주하늘눈전망대,"<a href=""http://www.bsjunggu.go.kr/tour/index.junggu""target=""_blank"" title=""새창 : 중구 문화관광"">http://www.bsjunggu.go.kr/tour</a>","영주하늘눈전망대는 ‘산복도로 걷기 좋은 산책로 조성사업’의 일환으로 만들어 졌으며, 부산 시민들 사이에 야경 명당으로 꼽히는 곳이다.
근처에는 중앙공원과 이어지는 산책로가 있어 밤에도 가족 혹은 반려견과 함께 산책을 하기에도 좋은 곳이다. 영주하늘눈전망대에 도착하면 독특한 조형물 하나가 있는데, 바다와 산, 도시가 어우러진 부산의 특징을 조각타일로 표현한 조형물, ‘부산을 내려다보는 하늘눈’ 을 볼 수 있으며, 도시를 밝히는 불빛이 별빛처럼 내려앉은 밤 풍경은 더욱더 운치가 좋다.",,,20210615194543,20240828110436,,,,6,15,26,110,VE,VE01,VE010200,A02,A0205,A02050600,부산광역시 중구 영주동 91-7,(영주동),48905,129.0307259427,35.1146102693,6
2785266,39,영진돼지국밥,,"부산 신평역에서 멀지 않은 곳에 위치한 영진돼지국밥은 25년여의 전통 있는 맛집으로, 24시간 이상 진하게 우려낸 진한 맛의 육수에 고기가 듬뿍 들어있는 돼지국밥이 유명한 집이다. 기본 찬에 나오는 새우젓과 부추무침을 돼지국밥에 넣어먹으면 걸쭉한 국물과 어우러져 만족감을 준다. 그 외에도 고기와 내장이 함께 있는 섞어 국밥, 내장만 있는 내장 국밥, 오동통한 순대가 들어있는 순대 국밥, 항정살 수육과 두부김치, 밥, 국수, 국밥 국물이 함께 나오는 수육백반인 수백도 이 집의 추천 메뉴 중 하나로 취향에 따라 골라 먹을 수 있다.",,,20211202222834,20250828092244,http://tong.visitkorea.or.kr/cms/resource/72/2790972_image2_1.JPG,http://tong.visitkorea.or.kr/cms/resource/72/2790972_image3_1.JPG,Type3,6,10,26,380,FD,FD01,FD010100,A05,A0502,A05020100,부산광역시 사하구 하신번영로157번길 39 (신평동),,49431,128.9578911000,35.0966720498,6
2381544,25,영화 마니아를 위한 로맨틱 여행,,"부산하면 빼놓을 수 없는 것이 바로 ‘영화’. <무방비 도시>, <태풍>, <파랑주의보> 등 영화를 보면서 눈여겨보았던 여행지가 부산에 있다. 바다와 함께 펼쳐지는 아름다움 풍경을 마주하면 누구나 영화 속 주인공이 된다. 부산에 있는 것만으로도 누구나 흥겨워지는 영화촬영지 순례. 생각만 해도 즐겁지 않은가!",,,20160429220012,20250520105436,http://tong.visitkorea.or.kr/cms/resource/45/2368445_image2_1.jpg,http://tong.visitkorea.or.kr/cms/resource/45/2368445_image3_1.jpg,Type3,6,,26,350,C01,C0114,C01140001,C01,C0114,C01140001,,,,129.1405651222,35.1609293352,6
2036051,25,"영화보다 더 영화 같은 여행, 부산",,"부산은 영화의 도시다. 1천만 관객이 넘은 &lt;해운대&gt; &lt;도둑들&gt; &lt;변호인&gt; 같은 영화들의 주 무대가 부산이었다. 영화 속 그곳을 찾아 떠나보는 부산여행, 부산을 즐기는 또 다른 방법이다.",,,20151028194110,20230809144543,http://tong.visitkorea.or.kr/cms/resource/92/1877592_image2_1.jpg,http://tong.visitkorea.or.kr/cms/resource/92/1877592_image3_1.jpg,Type3,6,4,26,290,C01,C0114,C01140001,C01,C0114,C01140001,,,,129.1191457482,35.1249662980,
3454074,12,영화의전당 라이브러리 자료실,https://mobile.dureraum.org:44500/bccm/main/main.do?rbsIdx=1,"영화의전당 라이브러리 자료실은 영화에 관심 있는 누구나 이용 가능한 꿈같은 공간이다. 단순한 도서관을 넘어, 영화 관련 자료의 보고이자 영화인들의 소통 공간으로 자리매김하고 있다. 또한 다른 영화인들과 교류하며, 새로운 아이디어를 얻을 수 있는 곳이다.",,,20241220100049,20241220100102,http://tong.visitkorea.or.kr/cms/resource/99/3453999_image2_1.jpg,http://tong.visitkorea.or.kr/cms/resource/99/3453999_image3_1.jpg,Type1,6,16,26,350,VE,VE12,VE120300,A02,A0203,A02030400,부산광역시 해운대구 수영강변대로 120 (우동),,48058,129.1270687971,35.1710029572,6
1310148,39,예이제 한정식,,"시각, 미각, 후각이 만족하는 곳, 부산의 대표적인 관광지 해운대 파라다이스 호텔 옆에 자리 잡은 예이제는 고급스러운 분위기에 아늑함을 더해 고객의 시각과 마음을 편안하게 만들어준다. 고객의 건강을 위해 친환경농산물만 고집하며 산지와의 직거래로 신선도와 맛이 특히 뛰어나다. 산양 산삼과 동충하초로 건강을 극대화하고, 음식 하나하나 플레이팅에도 신경 써 만족도를 높인다. 2인부터 60인까지 수용할 수 있는 개별 룸뿐만 아니라 넓은 홀도 있으니 가족모임, 단체 회식, 상견례 등 단체 모임 하기에도 좋다.",,,20110616013654,20250626094632,,,,6,16,26,350,FD,FD01,FD010100,A05,A0502,A05020100,부산광역시 해운대구 해운대해변로298번길 29,,48099,129.1668989422,35.1609798175,6
2699563,32,옐로우라이트하우스,"<a href=""https://www.instagram.com/gongja_pingpong/?hl=ko""_blank"">https://www.instagram.com/gongja_pingpong/?hl=ko</a>",개요없음,,,20201218014724,20241127115115,,,,6,12,26,500,AC,AC06,AC060200,B02,B0201,B02011100,부산광역시 수영구 광안해변로370번길 9-32,(민락동),48280,129.1343130018,35.1567852389,
2836424,39,오구카페,"<a href=""https://www.instagram.com/ogu__official/""target=""_blank"" title=""새창 : 오구카페 사이트로 이동"">https://www.instagram.com/ogu__official/</a>","부산 남향대교와 바다가 한눈에 보이는 오구카페는 항해 통신장비, 설계 및 생산을 하는 오구정밀 회사에서 오구로 상호 변경 후 공장 건물의 일부를 카페로 리모델링하여 운영하는 곳이다. 총 4층 건물로 야외 테라스와 루프탑이 있는 대형 베이커리 카페이다. 입구로 들어가면 정면에 주문할 수 있는 계산대와 내부 쇼케이스에  들어가 있는 빵들을 구매할 수 있다. 시그니처 음료 메뉴는 에스프레소와 우유, 유기농 설탕을 넣어 만든 오구라떼, 콜드브루에 크림, 바닐라 시럽을 넣은 콜.크.바, 말차 크림라떼가 있다. 오구카페에는 직접 로스팅한 네 가지 원두와 물 맛을 선택할 수 있는 특별한 커피가 있다. 정수필터, 나트륨필터, 수소이온필터 세 가지 타입의 물이 있는데 선택에  따라 단맛, 산미, 무게감, 향미를 다르게 느낄 수 있어 이곳에서만 맛볼 수 있는 이색 메뉴이다.",,,20220812153011,20250528173622,http://tong.visitkorea.or.kr/cms/resource/16/2836416_image2_1.jpg,http://tong.visitkorea.or.kr/cms/resource/16/2836416_image3_1.jpg,Type3,6,14,26,200,FD,FD05,FD050100,A05,A0502,A05020900,부산광역시 영도구 남항서로 52 (남항동3가),,49050,129.0348569290,35.0856219234,6
2840998,39,오리한상 명지본점,"<a href=""https://www.instagram.com/ori_hansang/""target=""_blank"" title=""새창 : 오리한상 명지본점 사이트로 이동"">https://www.instagram.com/ori_hansang/</a>","부산광역시 강서구 명지동에 위치한 ‘오리한상’은 고품질 재료와 깔끔한 인테리어로 기분 좋게 외식을 즐길 수 있는 오리요리 전문점이다. 이곳은 단체 모임이나 가족 외식에 적합한 구조로, 개별 룸이 폴딩도어로 설계되어 있어 인원수에 따라 유동적으로 조절이 가능하며, 최대 60인까지 수용할 수 있는 넓은 공간을 갖추고 있다. 무항생제 등급 판정을 받은 청둥오리고기를 사용하고 있으며, 매일 아침 신선하게 들어오는 야채를 사용해 건강하고 맛있는 요리를 제공한다. 식당 내에는 유아 놀이방이 마련되어 있어 아이들이 식사 중에도 지루하지 않게 시간을 보낼 수 있고, 식당 바로 옆에는 울림 공원이 위치해 있어 식사 전후로 아이들과 함께 산책하거나 놀 수 있는 환경이 잘 조성되어 있다. 이러한 점에서 공원 나들이 후 온 가족이 함께 외식하기에 안성맞춤인 장소이다. 특히 주말과 공휴일에는 브레이크 타임 없이 운영되어 이용에 불편함이 없어 많은 이들이 편리하게 찾을 수 있는 맛집이다.",,,20220822170216,20250605100751,http://tong.visitkorea.or.kr/cms/resource/84/2840984_image2_1.jpg,http://tong.visitkorea.or.kr/cms/resource/84/2840984_image3_1.jpg,Type3,6,1,26,440,FD,FD01,FD010100,A05,A0502,A05020100,부산광역시 강서구 명지국제9로 66 (명지동),,46773,128.9247467287,35.0979213018,6
2512488,39,오막집,,"오막집은 부산 해운대에 자리한 오랜 전통을 가진 양, 대창 전문점이다. 현대적 외관의 3층 건물에 자체 주차장을 갖춰 편안하고 쾌적한 식사를 즐길 수 있다. 테이블 공간과 룸으로 공간을 구분해 가족 모임, 업무 미팅, 데이트 등 모임의 성격에 따라 식사할 수 있다. 신선한 곱창과 중독성 있는 양념, 숯불의 세 가지 조합이 일품인 특양구이와 대창구이, 불을 만나 극대화된 한우 차돌박이의 풍미에 잘 숙성된 묵은지가 환상의 조합을 이뤄 씹을수록 달콤하고 감칠맛 나는 한우 양념갈비 등 모든 메뉴가 최고다.",,,20171025183241,20250311151917,,,,6,16,26,350,FD,FD01,FD010100,A05,A0502,A05020100,부산광역시 해운대구 해운대해변로209번나길 28,,48093,129.1550666621,35.1600824760,6
2860782,39,오반장,,"해운대역 5번 출구에서 도보 4분 거리에 있는 오반장은 가성비 좋은 고기 맛집이다. 2층 단독 건물로 가게 앞에 전용 주차장이 있다. 모두 야외 테이블이 있어 날이 좋을 땐 야외 테이블에서 고기를 구워먹을 수 있다. 내부 공간에는 테이블마다 환기구가 설치되어 쾌적하게 음식을 즐길 수 있다. 돼지고기, 소고기 두 가지 모두를 판매하는 오반장은 갈매기살, 항정살, 두툼 목살, 삼겹살을 국내산으로 즐길 수 있다. 고기 외에도 된장찌개, 짬뽕 라면, 누룽지 정식, 국수 등 사이드 메뉴가 많아 다양하게 즐길 수 있다. 오반장의 가장 큰 매력은 불판을 세 칸으로 나눠 한쪽에 계란찜과 김치, 콩나물, 마늘 등을 올리고, 중앙에 불판을 올려 고기와 함께 구워 먹는다. 가까운 곳에 산책하기 좋은 송림공원과 해수욕장도 함께 이용하기 좋다.",,,20220927114449,20250616182435,http://tong.visitkorea.or.kr/cms/resource/67/2860767_image2_1.jpg,http://tong.visitkorea.or.kr/cms/resource/67/2860767_image3_1.jpg,Type3,6,16,26,350,FD,FD01,FD010100,A05,A0502,A05020100,부산광역시 해운대구 구남로24번길 20 (우동),,48094,129.1592634811,35.1614851749,6
850847,39,오사카,,"오사카는 일본 가정식을 맛볼 수 있는 식당으로 일본인 사장님이 운영하고 있어 현지의 맛을 느낄 수 있다. 1층은 이자카야로 운영되며 2층은 라멘, 덮밥, 카레, 회전초밥 등 여러 가지 식사메뉴를 맛볼 수 있는 식당으로 구성되어 있다. 음식 주문 시 기본 밑반찬으로 김치와 다시 국물이 제공된다. 대표메뉴는 카레라이스이며 그 외에 돈가스와 오므라이스, 우동, 크로켓 등의 메뉴도 인기가 좋다. 주차는 가능하나 주차자리가 매우 협소하므로 인근에 주차를 한 후 식당에 방문하는 것을 추천한다.",,,20091030214258,20250306163534,,,,6,10,26,380,FD,FD02,FD020200,A05,A0502,A05020300,부산광역시 사하구 낙동대로324번길 2,,49344,128.9820222326,35.1004109631,6
2838973,39,오소리순대,,"부산 연제구에 위치한 오소리순대는 오랜 세월의 흔적이 느껴지는 노포 분위기의 식당으로, 정겨운 외관과 소박한 입구가 인상적이다. 특히 점심시간이 되면 이곳을 찾는 손님들로 인해 대기 줄이 생길 만큼 지역 주민들과 맛집 탐방객들에게 꾸준한 인기를 얻고 있다. 대표 메뉴인 '스페셜 모둠'은 일반 순대, 백순대, 다양한 부위의 수육, 내장 등이 한 접시에 푸짐하게 담겨 나오는 구성이며, 무말랭이 반찬이 곁들여져 수육과 함께 먹으면 감칠맛이 더해져 별미로 손꼽힌다. 이곳의 순대는 사장님이 직접 손수 만들어내며, 쫄깃하고 도톰한 식감이 살아 있고, 순대 속에 밤이 들어 있어 고소하고 색다른 풍미를 자랑한다. 스페셜 모둠 외에도 진한 국물 맛이 일품인 뚝배기탕 역시 인기 메뉴로, 따뜻하고 든든한 한 끼를 원하는 이들에게 제격이다. 정겨운 분위기 속에서 정성 가득한 음식을 맛보고 싶은 이들에게 추천할 만한 곳이다.",,,20220818144926,20250530145744,http://tong.visitkorea.or.kr/cms/resource/58/2838958_image2_1.jpg,http://tong.visitkorea.or.kr/cms/resource/58/2838958_image3_1.jpg,Type3,6,13,26,470,FD,FD01,FD010100,A05,A0502,A05020100,부산광역시 연제구 월드컵대로 162 (연산동),,47524,129.0789086531,35.1872308043,6
2706774,32,오이아호텔,"<a href=""http://oia.ktpusan.com/"" target=""_blank"" title=""새창 : 오이아 호텔 홈페이지로 이동"">http://oia.ktpusan.com/</a>","오이아호텔은 부산 지하철 1호선 다대포항역에서 도보 2분 거리에 위치한 호텔이다. 객실에 퀄리티 높은 침구와 수건, 가운 등을 비치하였고 가성비가 좋아 젊은 여행객 및 출장객에게 인기가 좋다. 수페리얼 트윈과 스위트 트윈․오션 객실에 욕조가 설치되어 있고 스위트하버뷰객실에서는 항구가 보인다. 출장객일 경우 연박 할인이 적용된다. 인근에 다대포 회센터, 다대포해수욕장, 다대포 꿈의 낙조분수 등이 있다.",,,20210223005942,20250924101818,http://tong.visitkorea.or.kr/cms/resource/32/2709432_image2_1.jpg,http://tong.visitkorea.or.kr/cms/resource/32/2709432_image3_1.jpg,Type3,6,10,26,380,AC,AC01,AC010100,B02,B0201,B02010100,부산광역시 사하구 다대동로 45 (다대동),,49523,128.9727742061,35.0573878305,6
2844259,39,오프오,"<a href=""https://www.instagram.com/off.o__official/""target=""_blank"" title=""새창 : 오프오 사이트로 이동"">https://www.instagram.com/off.o__official/</a>","부산광역시 기장군 기장읍 죽성리에 있는 오프오는 야외 테라스에서 선보이는 오션뷰가 유명한 카페다. 기장 해안가를 끼고 있는 곳에 있어서 바다를 보면서 찾아가는 즐거움도 오프오만의 매력이다. 다양한 메뉴를 제공하는 카페로, 아메리카노는 고소한 맛과 산미가 조화롭고 바닐라 라떼는 달콤하면서도 깊은 풍미를 자랑한다.",,,20220825154146,20250828111910,http://tong.visitkorea.or.kr/cms/resource/55/2844255_image2_1.jpg,http://tong.visitkorea.or.kr/cms/resource/55/2844255_image3_1.jpg,Type3,6,3,26,710,FD,FD05,FD050100,A05,A0502,A05020900,부산광역시 기장군 기장읍 기장해안로 860,,46078,129.2439041795,35.2318955293,6
128134,12,옥련선원,,"옥련선원은 부산 수영구에 위치한 전통적인 사찰이다. 이 사찰은 조용하고 평화로운 분위기 속에서 정신 수양과 명상을 할 수 있는 장소로 알려져 있다. 특히, 자연과 어우러진 아름다운 경관을 자랑하며, 방문객들은 사찰 주변의 숲과 산책로를 따라 힐링할 수 있다. 옥련선원은 불교의 가르침을 실천하며, 다양한 프로그램을 통해 명상과 참선을 배울 수 있는 기회를 제공한다. 또한, 사찰 내에는 고즈넉한 분위기의 법당과 함께 참선 공간이 마련되어 있어 마음의 안정을 찾기에 적합하다. 지역 주민들뿐만 아니라, 찾는 이들에게 깊은 평온을 선사하는 명상 공간이다.",,,20040510090000,20251230155532,http://tong.visitkorea.or.kr/cms/resource/58/3589758_image2_1.jpg,http://tong.visitkorea.or.kr/cms/resource/58/3589758_image3_1.jpg,Type1,6,12,26,500,HS,HS03,HS030100,A02,A0201,A02010800,부산광역시 수영구 광남로257번길 58,,48275,129.1266024351,35.1613790260,6
2776276,12,옥정사,,"옥정사(玉井寺)는 헌종 1년(1835)에 창건된 절이 절터만 남아 방치되었던 곳을 승려 박긍해(朴亘海)가 1907년에 다시 만든 사찰로 부산 달음산 기슭에 자리한 불국사의 말사이다. 달음산은 동해 해돋이의 햇살이 우리나라에서 가장 먼저 닿는 산으로 유명하다 한다. 당시 박긍해는 마을 친구에게 희사(喜捨) 받은 옛 절터 부지에 작은 초가집과 토굴을 만들어 참선하는 승려들이 찾아오도록 하였다 한다. 이후 증축, 개축이 이어졌고 1994년에는 스리랑카에서 부처님의 진신사리를 모셔와 3층 석탑에 모셨다. 2020년 기장군은 옥정사 인근에 편백숲 둘레길을 조성하여 산책길과 숲 속 쉼터 등의 힐링 공간을 만들어 관람객들의 힐링을 돕고 있다.",,,20211119182301,20251104171822,http://tong.visitkorea.or.kr/cms/resource/02/3561302_image2_1.jpg,http://tong.visitkorea.or.kr/cms/resource/02/3561302_image3_1.jpg,Type1,6,3,26,710,HS,HS03,HS030100,A02,A0201,A02010800,부산광역시 기장군 일광면 달음길 101,,46047,129.2225232855,35.3112806782,6
2659244,39,옥탑방,"<a href=""http://theast.co.kr/sub.php?menu_number=475"" target=""_blank"" title=""새창 : 옥탑방 카페 홈페이지로 이동"">http://theast.co.kr/</a>","옥탑방은 더이스트인부산 루프탑에 위치한 베이커리 카페이다. 바리스타의 손길이 담긴 신선한 커피, 좋은 재료로 건강하게 만든 디저트, 기장 앞바다가 한눈에 내려다 보이는 뷰, 이 세 가지 즐거움을 한곳에서 느낄 수 있다.",,,20200610201124,20250102175456,http://tong.visitkorea.or.kr/cms/resource/48/2659248_image2_1.jpg,http://tong.visitkorea.or.kr/cms/resource/48/2659248_image2_1.jpg,Type3,6,3,26,710,FD,FD05,FD050100,A05,A0502,A05020900,부산광역시 기장군 기장읍 기장해안로 266 5층,,46083,129.2242568180,35.1982517091,6
3555363,15,옥토버페스타 인 광안리,,"""옥토버페스타 in 광안리""는 부산광역시 수영구에서 주최·주관하는 지역 축제이다. 행사는 2025년 10월 17일부터 10월 19일까지 3일간 광안리 해변 일원, 즉 만남의 광장에서 호메르스호텔 앞 백사장까지의 구간에서 진행되는 일정이다. 축제는 ‘수영씨의 10월 초대장’이라는 콘셉트로 마련되며, 수영구의 현재 라이프스타일을 반영하는 다양한 프로그램을 운영하는 것이 특징이다. 행사 구성은 만남의 광장에 마련되는 메인무대와 함께 백사장 내에 5개의 테마거리로 조성되는 동별 테마 구역이 포함된다. 주요 프로그램은 공방 체험(가죽, 종이, 은, 목공 등), 카페 및 베이커리 관련 전시와 판매, 체험 활동 등으로 이루어진다. 또한 다양한 체험 프로그램과 문화행사, 공연 등 부대행사도 함께 운영되어 지역민과 방문객 모두가 참여할 수 있는 기회를 제공한다. 본 축제는 광안리라는 지역적 특성과 생활문화를 결합하여 수영구만의 독창적인 문화를 드러내는 데 목적이 있다.",051-610-4511,부산광역시 수영구,20251024112209,20251024160911,http://tong.visitkorea.or.kr/cms/resource/52/3555352_image2_1.png,http://tong.visitkorea.or.kr/cms/resource/52/3555352_image3_1.png,Type3,6,12,26,500,EV,EV01,EV010200,A02,A0207,A02070200,부산광역시 수영구 민락로6번길 29 (민락동),,48286,129.1239638996,35.1568628164,6
2855623,39,온든해,"<a href=""http://instagram.com/on_deunhae"" target=""_blank"" title=""새창 : 홈페이지로 이동"">http://instagram.com/on_deunhae</a>","부산 강서구에 위치한 온든해는 해가 많이 드는 곳이라는 순한글 이름의 디저트 카페이다. 온든해의 대표 메뉴 오곡슈페너와 쑥크림라떼, 흑임자크림라떼 등 할매입맛을 저격하는 시그니처 음료와 쌀로 만든 건강한 디저트가 인기 메뉴이다. 이외에도 패션후르트 에이드, 딸기라떼, 밀크 아인슈페너 등 다양한 메뉴가 준비되어 있어 취향에 맞게 선택할 수 있다. 넓은 주차장과 단체석이 마련되어 있어 가족이나 친구들과 방문하기 좋으며, 본관 외에 별채도 있어 햇살이 잘 드는 온실 구조로 편안하게 즐길 수 있다.",,,20220919173950,20251223142225,http://tong.visitkorea.or.kr/cms/resource/84/3587884_image2_1.jpg,http://tong.visitkorea.or.kr/cms/resource/84/3587884_image3_1.jpg,Type3,6,1,26,440,FD,FD05,FD050100,A05,A0502,A05020900,부산광역시 강서구 공항로239번길 29,,46723,128.9419360073,35.1307346091,6
2037446,25,온천욕 뒤 곰장어와 파전으로 몸보신,,"동래온천은 신라 때부터 존재해 조선에 이르기까지 최고의 온천지로 명성을 날렸다. 지금은 놀이테마파크에 밀려 그만한 명성은 없지만 허심청의 다양한 부대시설을 이용한 후 동래의 명물 ‘곰장어구이’와 ‘동래파전’으로 보양을 해보자. 온천장 곰장어 골목에는 10곳이 넘는 곰장어집과 밀가루대신 쌀가루를 넣어 더욱 쫄깃한 파전 위에 양념고기와 조갯살, 새우 등 해산물이 푸짐하니 한 끼 식사로 충분하다.",,,20151103033302,20230811140935,http://tong.visitkorea.or.kr/cms/resource/00/1023900_image2_1.jpg,http://tong.visitkorea.or.kr/cms/resource/00/1023900_image3_1.jpg,Type3,6,6,26,260,C01,C0117,C01170001,C01,C0117,C01170001,,,,129.0814741955,35.2200382869,6
3434800,15,온천천 빛 축제,"<a href=""https://www.dongnae.go.kr/index.dongnae?menuCd=DOM_000000403007000000"" target=""_blank"" title=""새창 : 온천천 빛 축제 페이지"">www.dongnae.go.kr</a>","부산 동래구의 겨울을 아름답게 밝힐 '제3회 온천천 빛 축제'가 2025년 12월 19일(금)부터 2026년 2월 1일(일)까지 45일간 열린다.
이번 축제는 '온천천 연가(戀歌)'를 주제로, 온천천 일원 약 1.1km 구간에 걸쳐 다채로운 빛 조형물을 선보인다.
빛 조형물은 매일 17:00부터 23:00까지 점등되어 방문객들에게 특별한 야경을 선사한다.

축제는 '빛의 서곡', '계절의 노래', '환상곡', '온천천 연가', '맛있는 하모니', '등불의 노래' 등 여섯 가지 테마 구역으로 나뉘어 
전통문화, 시즌 테마, 미래라는 흐름에 맞춰 특색 있는 볼거리를 제공한다.

빛 전시 외에도 시민들이 함께 즐길 수 있는 다양한 참여 프로그램이 마련되어 있다.
축제 개막을 알리는 점등식은 12월 19일(금) 17:00에 수안초등학교 앞 온천천에서 열리며
이후 12월 31일(수)까지 13일간 동래역 4번 출구 하부 눈꽃광장에서 인공눈 체험 , 버스킹 공연 , 그리고 미디어 소원쓰기 등 풍성한 프로그램이 운영된다. 
또한, 큰나무 쉼터 일원에서는 푸드트럭 존이 운영되어 다양한 먹거리를 즐기며 축제의 낭만을 더할 수 있다.
가족, 연인, 친구와 함께 온천천에서 잊지 못할 겨울밤의 추억을 만들어 볼 수 있다.",051-550-6642,동래구,20241203175228,20251126140452,http://tong.visitkorea.or.kr/cms/resource/72/3574272_image2_1.jpg,http://tong.visitkorea.or.kr/cms/resource/72/3574272_image3_1.jpg,Type3,6,6,26,260,EV,EV01,EV010200,A02,A0207,A02070200,부산광역시 동래구 중앙대로 1324 (온천동),부산 온천천 (도시철도 동래역 4번출구 하부 ~ 큰나무 쉼터 일원),47734,129.0785081817,35.2056537329,6
850880,39,외식1번가,,"숯불구이 전문점 20년 노하우로 맛은 물론, 자체 유통 시스템으로 최고급 고기를 보다 저렴하게 제공하고 있다. 유럽의 아름다운 거리를 옮겨 놓은 듯한 독특한 인테리어와 편안하고 모던한 분위기에서 우리의 전통 숯불 직화 방식으로 고급 숯불갈비를 즐길 수 있는 외식공간이다.",,,20091030214352,20250311152123,,,,6,16,26,350,FD,FD01,FD010100,A05,A0502,A05020100,부산광역시 해운대구 해운대로 425,,48064,129.1416454336,35.1663954099,6
2605602,12,외양포 포진지,"<a href=""https://www.bsgangseo.go.kr/visit/contents.do?mid=0202050000"" target=""_blank"" title=""새창: 부산 강서구 문화관광"">http://www.bsgangseo.go.kr/visit/main.do</a>","외양포는 부산광역시 강서구 가덕도 남단에 위치하고 있는 포구이다. 1904년 2월 러일전쟁을 일으킨 일본군은 외양포를 대한해협 일대의 군사거점 확보를 위한 군사기지로 설정하여 민가 64호를 강제 퇴거 시켰다. 그 후 일본군은 이곳에 해군기지를 구축하기 위해 제3 임시 축성단을 파견하여 공사를 완료하고, 진해만 요새 포병대대 제2중대를 배치하였으며, 곧이어 포병대대본부를 옮겨와 부대를 증강 배치함으로써 외양포는 러시아 함대와의 해전을 대비한 군사기지가 되었다. 외양포 마을에는 포대 사령부실과 관사, 사무실, 막사, 창고 등 군사시설로 추측되는 일본식 건물이 다수 남아 있고, 지금도 주민들의 거주 용도로 활용되고 있다.",,,20190610202833,20250304161152,http://tong.visitkorea.or.kr/cms/resource/03/3342803_image2_1.jpg,http://tong.visitkorea.or.kr/cms/resource/03/3342803_image3_1.jpg,Type3,6,1,26,440,HS,HS01,HS010200,A02,A0201,A02010200,부산광역시 강서구 대항동,,46771,128.8251995524,35.0056381443,6
2868940,39,요이쿠마 본점,,"부산 수영구 민락동에 있는 요이쿠마 본점은 일본식 튀김 덮밥 전문점이다. 요이(착한), 쿠마(곰)는 부모님께서 주신 이름 '선웅'을 일본어로 풀어서 만들었다. 전용 주차장이 따로 없어 인근 유료 주차장을 이용 후 방문해야 한다. 요이쿠마 내부는 높은 층고로 개방감이 있고, 긴 바 테이블로 테이블 위에는 수저, 소스, 앞접시, 물 등이 놓여 있다. 튀김 덮밥 전문점인 요이쿠마에는 카키아게동, 토리야마동, 쿠마텐동, 에비텐동, 요이텐동이 있다. 특히 오징어, 양배추, 깻잎, 양파, 당근, 마요 소스가 들어가는 카키아게동은 매일 선착순 10그릇으로 한정 판매하고 있다. 요이쿠마는 주문 즉시 조리하고, 튀김 요리 특성상 시간이 다소 오래 걸려 방문 시 여유 있게 방문하는 걸 추천한다. 근처 산책하기 좋은 민락공원도 가까이 있어 함께 둘러보기 좋다.",,,20221018101010,20250120144123,http://tong.visitkorea.or.kr/cms/resource/37/2868937_image2_1.jpg,http://tong.visitkorea.or.kr/cms/resource/37/2868937_image3_1.jpg,Type3,6,12,26,500,FD,FD02,FD020200,A05,A0502,A05020300,부산광역시 수영구 광안해변로307번길 20,1층,48290,129.1266219702,35.1580099594,6
2825115,28,요트탈래,"<a href=""http://www.yachttale.com"" target=""_blank"" title=""새창: 요트탈래 홈페이지로 이동"">http://www.yachttale.com</a>","부산 해운대구에 위치한 요트탈래는 부산 바다의 매력을 느낄 수 있는 요트투어 이다. 맑고 파란 하늘 아래에서 즐기는 주간투어외 황홀한 석양을 감상할 수 있는 선셋투어, 화려한 야경을 만끽하는 야간투어까지 다양한 시간대로 준비되어 있다. 아름다운 해운대 광안리 일대 바다를 배경으로 최신형 쌍동선 요트를 타고 여유로운 바다 여행을 즐길 수 있으며, 고급스럽고 멋진 사진도 남길 수 있다. 지인이나 가족들과 함께 파티요트를 빌려 식사, 낚시 등 하고 싶은 것을 즐길 수 있는 투어도 있어 프라이빗하게 부산 바다를 즐길 수 있다.",,,20220623145028,20251212134004,http://tong.visitkorea.or.kr/cms/resource/05/3583005_image2_1.jpg,http://tong.visitkorea.or.kr/cms/resource/05/3583005_image3_1.jpg,Type3,6,16,26,350,LS,LS02,LS020300,A03,A0303,A03030300,부산광역시 해운대구 동백로 52,,48100,129.1520975710,35.1566216976,6
850891,39,용궁해물야채쟁반짜장,,"용궁해물야채쟁반짜장은 부산광역시 기장군 기장읍 해동용궁사 인근에 위치한 음식점이다. 1층은 주차장으로 이용하고 2층에 홀이 있고 좌석이 넉넉한 편이다. 대표 메뉴인 해물쟁반짜장은 매일 아침에 새롭게 들어오는 신선한 재료와 해물로 요리를 하여 탱글탱글한 식감과 함께 더욱 신선하고 맛있는 요리를 먹을 수 있다. 그 외에 인기메뉴인 해물쟁반짬뽕, 탕수육, 해물짜장밥 등 다양한 중식 메뉴가 준비되어 있다.",,,20091030214410,20250305113559,,,,6,3,26,710,FD,FD02,FD020100,A05,A0502,A05020400,부산광역시 기장군 기장읍 기장해안로 208,,46083,129.2207489054,35.1940437818,6
1957694,12,용두산 자갈치 관광특구,,"용두산 자갈치 관광특구는 역사와 문화를 가득 품고 있는 매력적인 문화관광지역으로 어묵, 씨앗호떡, 비빔당면, 팥죽, 팥빙수 등 맛있는 길거리 음식과 함께 보수동 책방골목, 40계단 골목, 국제시장 등 스토리를 가진 곳으로 역사의 숨결을 느껴볼 수 있는 원도심 대표 관광지역이다. 관광특구에는 남항과 영도를 조망할 수 있는 용두산공원 전망대, 쇼핑의 중심지 광복동, 각종 해산물과 먹거리가 가득한 자갈치시장, 다양한 쇼핑을 즐길 수 있는 국제시장, 향토 먹거리와 쇼핑을 즐길 수 있는 부평동 깡통 야시장, 영도대교, 보수동 책방골목, 부산근대역사관 등 원도심의 역사 문화자원을 풍부하게 간직한 곳으로 연중 이벤트, 축제, 쇼핑이 가능한 도심형 관광지로 국내외 관광객이 끊이지 않는 명실상부한 관광지역이다. 영도대교 도개 복원은 다른 지역에서는 볼 수 없는 차별화된 볼거리로 새로운 관광명소로 부각되고 있으며, 부평동 깡통 야시장과 국제시장의 글로벌복합문화공간 개장 등 전통시장의 끊임없는 변신과 부산국제영화제, 부산자갈치축제, 부산 크리스마스트리 축제 등은 새로운 볼거리와 즐길 거리가 가득한 관광특구이다.",,,20141021022307,20250403152847,http://tong.visitkorea.or.kr/cms/resource/46/3049246_image2_1.JPG,http://tong.visitkorea.or.kr/cms/resource/46/3049246_image3_1.JPG,Type3,6,15,26,110,VE,VE05,VE050100,A02,A0202,A02020200,부산광역시 중구 자갈치해안로 52,(남포동4가),48983,129.0306014426,35.0966650543,6
1942557,25,용두산을 올라 부산포를 보다,,"부산은 가깝고도 먼 나라 일본과 오랜 시간동안 교류해 온 지역이다. 조선통신사를 통해 일본인들에게 우리나라의 문화를 전해주었고 무역을 통해 생활필수품을 조달해주었다. 이것으로도 모자라 우리 영토에 왜관을 두고 일본인 마을을 만들어 주었다. 게다가 왜관을 만드는 일에 우리나라 백성들이 부역을 하고 많은 돈을 들이기까지 했다. 이를 테면 조선시대의 햇볕정책이라고 생각할 수 있을 것이다. 그 당시의 모습이 일부 남아있는 용두산공원 일대를 둘러보며 일본인들이 거주하기 시작하며 변화된 지형의 모습을 확인해보자. 부산의 근현대사를 통해 우리의 역사를 바로 보는 계기가 될 수 있을 것이다. 
<br /><br />출처:부산관광공사",,,20140821022353,20230811134434,,,,6,15,26,110,C01,C0114,C01140001,C01,C0114,C01140001,,,,129.0333816865,35.0992231522,4
2784325,39,용암할매횟집,,"기장의 특산물 멸치와 갈치를 전문으로 요리하는 용암할매횟집은 대변항 맛집으로 유명한 곳이다. 멸치회와 갈치회를 신선하게 즐길 수 있으며, 찌개도 겸해서 먹으면 더할 나위 없이 좋다. 용암할매횟집의 멸치회는 특이한 것이 멸치회를 손질할 때 막걸리에 씻어내며 양념에도 막걸리를 더한다고 한다. 그래서 멸치회를 씹을 때 감칠맛과 담백함이 더해지게 되고 비릿한 맛은 찾아보기 힘들다. 멸치회를 먹을 때는 소주보다는 막걸리를 겸해서 먹는 것이 궁합에도 좋고 입안에 깔끔함을 더해주게 된다.",,,20211201191537,20250828091046,http://tong.visitkorea.or.kr/cms/resource/98/2787498_image2_1.jpg,http://tong.visitkorea.or.kr/cms/resource/98/2787498_image2_1.jpg,Type3,6,3,26,710,FD,FD01,FD010100,A05,A0502,A05020100,부산광역시 기장군 기장읍 기장해안로 615,,46079,129.2309055339,35.2238017494,6
131087,28,용호동일대 바다낚시,,"용호동선착장은 수영만과 부산항 사이의 돌출된 지형으로, 부산의 대명사인 오륙도가 바로 앞쪽에 있다. 수영만과 접해 있는 이기대 갯바위와 오륙도 갯바위 외줄낚시, 부산항 북방파제인 신선대 앞 방파제에서 주로 낚시가 이루어진다. 이기대는 갯바위 지형이 넓고 낚시터 범위가 넓어서 인기가 높은 곳으로 뱅어돔, 우럭, 망상어, 쥐노래미가 잡힌다. 
오륙도는 바위에서는 농어, 망상어, 가자미, 노래미 등이 낚이며 부분적으로 밤낚시도 가능하다. 주변 해역은 볼락, 열기 등이 외줄낚시로 유명하다. 오륙도는 별도의 접안시설이 없어 파도가 높을 때는 낚싯배 진입이 불가능하지만, 파도가 잔잔할 때는 접안이 가능하므로 출입하여 낚시할 수 있으며 오륙도는 낚싯배는 용호선착장에서 인근 갯바위나 오륙도 등 낚시 포인트 섬으로 출항이 이루어진다.",,,20020709090000,20250618144436,http://tong.visitkorea.or.kr/cms/resource/86/3496786_image2_1.jpg,http://tong.visitkorea.or.kr/cms/resource/86/3496786_image3_1.jpg,Type1,6,4,26,290,LS,LS02,LS020600,A03,A0303,A03030600,부산광역시 남구 용호동,산196-4,48566,129.1153208463,35.1335291572,6
2822240,12,용호별빛공원,"<a href=""https://www.bsnamgu.go.kr/index.namgu?menuCd=DOM_000000601009000000"" target=""_blank"" title=""새창 : 부산 남구 문화관광 홈페이지로 이동"">https://www.bsnamgu.go.kr</a>","용호별빛공원은 러시아 선박의 광안대교 충돌로 인하여 부두운영이 중단된 곳이다. 부산 남구에서 부산항만공사와의 협약을 통해 용호부두 일원 재개발 전까지 관리권을 위임받아 용호별빛공원으로 조성하고 한시적으로 개방하였다. 30년 만에 주민들의 품으로 돌아온 주민친화형 힐링 휴식 공간인 용호별빛공원은 2021년 7월에 개장하였다.  부산을 대표하는 해운대와 광안대교를 한눈에 볼 수 있으며, 그와 어우러지는 경관조명을 조성하여 빼어난 야간경관을 제공하고 있다. 용호별빛공원 내에 있는 전시체험관은 방치된 관리동을 주변 경관과 조화된 특색 있고 차별화된 공간으로 리모델링을 실시하여 1층은 전시체험공간으로, 2층은 휴게공간으로 조성하였다. 상설전시실, 미디어아트(별빛바다여행), 전망, 휴게공간을 조성하여 시민들에게 볼거리를 제공한다.",,,20220530132302,20250512144511,http://tong.visitkorea.or.kr/cms/resource/33/2822233_image2_1.jpg,http://tong.visitkorea.or.kr/cms/resource/33/2822233_image3_1.jpg,Type1,6,4,26,290,VE,VE03,VE030500,A02,A0202,A02020700,부산광역시 남구 분포로 66-40,,48576,129.1201732372,35.1322571676,6
2872583,39,우남정,,"부산 기장군에 위치한 우남정은 정육식당 스타일의 한우 전문점이다. 주문을 먼저 하고 자리에 앉아있으면 바로 고기를 손질하여 가져다주며, 깔끔하고 정갈한 기본 상차림이 차려진다. 등심부터 갈비살, 치마살, 낙엽살, 꽃살, 살치살 등 한우의 다양한 부위를 맛볼 수 있으며, 육사시미와 한우 육회도 판매하고 있다. 또 고기와 함께 먹으면 더욱 맛있는 우거지 된장찌개와 메밀막국수 등의 사이드 메뉴도 있어 다양한 조합으로 식사를 즐길 수 있다. 프라이빗한 룸과 반려견 동반 가능 옵션으로 가족 모임과 단체 행사도 가능하다. 또한, 주차장이 넓어 차량으로도 편리하게 이용할 수 있다.",,,20221021144112,20250702170542,http://tong.visitkorea.or.kr/cms/resource/73/2872573_image2_1.JPG,http://tong.visitkorea.or.kr/cms/resource/73/2872573_image3_1.JPG,Type3,6,3,26,710,FD,FD01,FD010100,A05,A0502,A05020100,부산광역시 기장군 철마면 곰내길 115,,46049,129.1561242760,35.2836519843,6
2870841,39,우디브룩,"<a href=""https://www.instagram.com/woodybrook_cafe"" target=""_blank"" title=""새창: 우디브룩 홈페이지로 이동"">https://www.instagram.com/woodybrook_cafe</a>","부산 사상구 학장동에 있는 우디브록은 넓은 정원에 나무들이 가득 심겨 있어 분위기 좋은 숲속 카페이다. 카페 들어가는 안쪽 길에 마련된 테이블에선 계곡이 물소리를 들으며 커피를 마실 수 있다. 넓은 야외 공간에는 강아지와 여러 마리의 고양이가 생활하여 노키즈, 노팻존으로 운영하고 있다. 실내는 넓은 좌석과 깔끔하고 아늑한 분위기로 꾸며져 있고 이곳에서는 커피와 음료 뿐만 아니라 오일 파스타, 크림 파스타, 샐러드 등의 식사도 함께 할 수 있다. 브런치는 오전 11시부터 오후 2시까지 주문할 수 있다. 매주 다른 메뉴의 파스타가 준비되어 다양하게 맛볼 수 있다. 근처에 함께 둘러보기 좋은 관광지로 백양 낙조 전망대도 있다.",,,20221019164156,20250627094427,http://tong.visitkorea.or.kr/cms/resource/19/2870819_image2_1.jpg,http://tong.visitkorea.or.kr/cms/resource/19/2870819_image3_1.jpg,Type3,6,9,26,530,FD,FD05,FD050100,A05,A0502,A05020900,부산광역시 사상구 학감대로 2 (학장동),,47055,128.9980004677,35.1345574344,6
1889309,25,우리나라 최대 규모의 산성을 걸어보자,,"국내 최대 길이의 산성을 걸으며 부산을 지키는 명산, 금정산의 진면목을 만난다. 금정산성은 그 길이가 1만7천여 미터에 달하는 거대한 산성으로 동래와 양산, 기장을 잇고 있다. 금강공원에서 케이블카를 타고 금정산에 올라 남문에서 시작해 제1망루를 지나 산성마을로 내려오는 코스는 많은 사람들이 애용하는 길이다.",,,20140124233644,20230809141448,http://tong.visitkorea.or.kr/cms/resource/05/1571805_image2_1.jpg,http://tong.visitkorea.or.kr/cms/resource/05/1571805_image3_1.jpg,Type3,6,6,26,260,C01,C0113,C01130001,C01,C0113,C01130001,,,,129.0956929088,35.2016128368,
2869936,39,우봉,,"해운대 마린시티에 있는 우봉은 한우구이 전문점이다. 안창살, 새우살, 제비추리, 살치살, 꽃살 등 다양한 특수부위를 먹을 수 있고, 육회와 한정으로 판매하는 한우 육사시미도 별미로 먹을 수 있다. 정갈한 반찬과 깔끔한 맛으로 어린아이부터 어른까지 부담 없이 즐길 수 있는 곳이다. 근처 걷기 좋은 송림공원과 해운대 해수욕장이 가까이 있어 함께 방문하기 좋다.",,,20221019095440,20250829095044,http://tong.visitkorea.or.kr/cms/resource/20/2869920_image2_1.jpg,http://tong.visitkorea.or.kr/cms/resource/20/2869920_image3_1.jpg,Type3,6,16,26,350,FD,FD01,FD010100,A05,A0502,A05020100,"부산광역시 해운대구 마린시티1로 155 (우동, 해운대현대하이페리온)",,48092,129.1483062168,35.1572465574,6
2869323,39,우성삼계탕,,"우성삼계탕은 부산광역시 수영구에 위치한 40년 전통의 삼계탕 전문점으로, 깊고 진한 국물 맛으로 오랜 시간 동안 운영해 온 현지인 맛집이다. 이곳의 대표 메뉴는 오직 하나, 바로 삼계탕이다. 부드러운 육질을 자랑하는 영계에 인삼, 대추, 찹쌀 등을 넣어 오랜 시간 푹 고아낸 진한 국물이로 건강하고 든든한 한 끼 식사로 제격이다. 기본으로 제공되는 반찬은 배추 겉절이, 깍두기, 양파, 고추, 마늘, 무 등 삼계탕과 잘 어울리는 구성으로, 삼계탕의 맛을 더욱 풍성하게 해준다. 식당 내부는 원목으로 꾸며져 있어 깔끔하면서도 따뜻하고 정겨운 분위기를 자아내며, 오랜 세월의 전통이 깃든 공간에서 편안한 식사를 즐길 수 있다. 이곳은 특히 가족 단위 손님들과 단골 손님들의 방문이 많다.",,,20221018150331,20250623141843,http://tong.visitkorea.or.kr/cms/resource/95/2869295_image2_1.JPG,http://tong.visitkorea.or.kr/cms/resource/95/2869295_image3_1.JPG,Type3,6,12,26,500,FD,FD01,FD010100,A05,A0502,A05020100,부산광역시 수영구 광서로10번길 68 (광안동),,48243,129.1141255813,35.1672309176,6
2853185,39,우송가든,"<a href=""http://www.chulmahanwoo.co.kr""target=""_blank"" title=""새창 : 우송가든 사이트로 이동"">http://www.chulmahanwoo.co.kr</a>","철마 면사무소에서 기장군청 방향으로 2km, 자동차로 2분 거리 좌측에 있는 철마 한우 명가 우송에서는 국내에서 사육되는 최고급 특등급 한우만을 엄선하여 취급한다. 암소만을 고집하여 가장 육질 좋고 맛있는 특등급 고기와 함께 철마 청정 지역의 채소와 홍송 통나무집 특유의 편안하고 아늑한 분위기는 손님의 건강과 입맛을 한결 돋워 준다. 계모임, 돌, 회갑 잔치, 송년 모임 등 각종 단체 모임을 할 수 있는 만반의 준비와 단체 손님을 위한 승합차를 항시 대기하고 있다. 주차 공간은 10~12대 정도 할 수 있으며 홍연폭포와 곰내연밭이 인접해 있어 함께 둘러보기 좋다.",,,20220914114140,20250114090314,http://tong.visitkorea.or.kr/cms/resource/73/2853173_image2_1.jpg,http://tong.visitkorea.or.kr/cms/resource/73/2853173_image3_1.jpg,Type3,6,3,26,710,FD,FD01,FD010100,A05,A0502,A05020100,부산광역시 기장군 철마로 697 우송,,46050,129.1671432951,35.2643376886,6
346661,12,운수사(부산),"<a href=""http://www.woonsoosa.co.kr/"" target=""_blank"" title=""운수사 사이트로 이동"">http://www.woonsoosa.co.kr</a>","운수사는 부산광역시 사상구 백양산에 자리한 사찰로, 가야국 때 지어진 것으로 추정된다. 원래는 신수암으로 불렸으나 18세기 이전에 운수사로 바꾸었다고 한다. 임진왜란으로 가람이 전소되고 1660년 현재의 대웅전이 중수되었다. 현재 운수사는 대웅전을 중심으로 좌우로 삼성각, 용왕각이 자리하고 있으며 이 외에도 심검당과 세진당이 자리하고 있다. 운수사에는 보물로 지정된 대웅전과 유형문화재인 대웅전 석조여래 삼존좌상, 문화재자료인 아미타 삼존도 등의 문화유적이 보존되어 있다. 불교 성지와 유적지 탐방, 차 덖기 등을 체험할 수 있는 템플스테이와 재가신도 및 일반인을 대상으로 부처님의 가르침을 전하는 불교대학을 운영하고 있다.",,,20071221012558,20251024164620,http://tong.visitkorea.or.kr/cms/resource/72/3342872_image2_1.jpg,http://tong.visitkorea.or.kr/cms/resource/72/3342872_image3_1.jpg,Type3,6,9,26,530,HS,HS03,HS030100,A02,A0201,A02010800,부산광역시 사상구 모라로219번길 173,(모라동),46933,129.0134338969,35.1835827820,6
2721176,25,울산의 초록빛과 부산의 푸른빛에 둘려쌓여 자유를 만끽하다!,,"울산에서 시작해 부산으로 이어지는 여행, 울산의 숲과 부산의 바다에서 숨을 돌려보자! 자연을 만끽한 후 즐기는 수상 레포츠는 묵혀있던 스트레스를 풀기에 제격이다. 마지막 코스인 흰여울마을은 부산의 낭만 앞에 하염없이 머물게 한다. 온갖 푸르름을 느끼는 여행을 떠나보는 건 어떨까!",,,20210615224622,20230808140929,http://tong.visitkorea.or.kr/cms/resource/56/2716256_image2_1.jpg,http://tong.visitkorea.or.kr/cms/resource/56/2716256_image3_1.jpg,Type3,6,16,26,350,C01,C0114,C01140001,C01,C0114,C01140001,부산광역시 해운대구 청사포로 167,(중동),48116,129.1954075101,35.1633523032,6
3443614,39,원시학,,원시학 카페는 '원시시대 + 學(배울 학)'을 의미하는 카페로 원시시대 분위기로 만들어본 카페이다. 림브륄레 빙수를 망치로 깨보기도 하고 불빙수의 불을 보며 놀라기도 하면서 원시인이 된것같은 기분을 느낄 수 있다. 이색적인데다가 맛도 있어서 놀라운 경험을 할 수 있다.,,,20241212163853,20250730132740,http://tong.visitkorea.or.kr/cms/resource/89/3443589_image2_1.jpeg,http://tong.visitkorea.or.kr/cms/resource/89/3443589_image3_1.jpeg,Type1,6,16,26,350,FD,FD05,FD050100,A05,A0502,A05020900,부산광역시 해운대구 우동1로20번가길 31 (우동),,48087,129.1583939802,35.1662790660,6
850932,39,원조 범일동 매떡,,"원조범일동매떡은 어묵, 튀김, 떡볶이 등을 파는 분식점으로 특히 매운 떡볶이로 유명한 분식집이다. 백종원의 3대 천왕에도 방영되었고 다양한 언론매체에 소개된 부산의 맛집이다. 매떡은 매운 떡볶이를 줄인 말로 전국에서 제일 먼저 매운 떡볶이를 시작한 곳이 이곳 원조범일동매떡이다. 떡볶이는 매운맛과 순한맛으로 준비되어 있어 매운걸 못먹는 사람도 순한맛으로 매떡을 맛볼 수 있다. 다양한 조합의 세트메뉴도 준비되어 있어 가족과 친구와 함께 즐길 수 있다. 식당 내부는 레트로한 감성이 묻어나며 자리도 넉넉하다.",,,20091030214612,20251023143000,,,,6,7,26,230,FD,FD01,FD010100,A05,A0502,A05020100,부산광역시 부산진구 골드테마길 52-2,,47361,129.0602642345,35.1440852924,6
2867662,39,원조18번완당,,"원조18번완당발국수는 1947년부터 장사를 이어오고 전통있는 노포이다. 부산은 물론이고 전국 그 어디에도 체인점 없이 단독으로 영업을 이어오고 있다. 부산시 서구 부용동에 위치해 있다. 돼지국밥만큼이나 유명한 완당 전문점으로 완당은 고기와 채소를 넣어 빚은 작은 만두를 끓인 부산의 향토음식이다. 완당, 완당면 외에도 시원하게 대나무 발 소쿠리 위에 올려져 나오는 발국수와 돌냄비 우동, 유부초밥도 인기메뉴이다. 식당 내부는 깔끔하고 쾌적하여 가족손님이나 단체손님들도 편하게 이용할 수 있다. 가게 옆에 전용 주차장이 있어 차를 이용하기에도 편리하다. 근처에 암남 공원, 송도 용궁 구름다리가 인접해 있어 식사 후 둘러보기 좋다.",,,20221014151326,20250619174919,http://tong.visitkorea.or.kr/cms/resource/35/2867635_image2_1.JPG,http://tong.visitkorea.or.kr/cms/resource/35/2867635_image3_1.JPG,Type3,6,11,26,140,FD,FD02,FD020500,A05,A0502,A05020700,부산광역시 서구 구덕로238번길 6 (부용동1가),,49223,129.0204854066,35.1058055113,6
2875761,39,원조석대추어탕,,"원조석대추어탕은 부산 반여농산물시장역 인근에 자리한 추어탕 전문 음식점으로, 한 자리에서 40여 년 가까이 영업을 이어온 식당이다. 이곳의 추어탕은 장작불을 사용해 커다란 가마솥에 끓이는 방식으로 미꾸라지를 직접 손질한 후 3시간 이상 푹 고아내 깊고 진한 국물 맛이 특징이다. 추어탕은 기본 반찬들과 곁들여 먹으면 더욱 좋은데, 함께 제공되는 김치, 미역줄기 무침, 나물, 갈치조림, 전어젓갈, 파절이, 고추, 다진 마늘 등 밑반찬과 함께 다양한 조합으로 추어탕을 즐길 수 있다. 추어탕 외에도 가오리찜, 논고동무침 같은 별미 메뉴도 준비되어 있어 손님들에게도 좋은 선택지가 된다.",,,20221026124742,20250704090716,http://tong.visitkorea.or.kr/cms/resource/54/2875754_image2_1.JPG,http://tong.visitkorea.or.kr/cms/resource/54/2875754_image3_1.JPG,Type3,6,16,26,350,FD,FD01,FD010100,A05,A0502,A05020100,부산광역시 해운대구 반송로571번길 5,,48002,129.1251370789,35.2194058333,6
134718,39,원조소문난산곰장어,,"원조소문난산곰장어는 부산 동래구에 위치한 곰장어 전문점으로 3대째 대를 이어 운영하고 있는 식당이다. 이곳의 곰장어는 당일 입고, 당일 판매를 원칙으로 신선한 음식만 제공하고 있다. 정통 곰장어를 표방하고 있는 ‘소문난 곰장어’는 산지 직송으로 곰장어를 공급받기에 신선하고 쫀득한 육질을 자랑한다. 이곳에서는 곰장어를 양념구이와 소금구이 그리고 통구이의 3종류로 메뉴가 구성되어 있다. 1층은 일반 손님을, 2층은 단체를 위한 연회석으로 꾸며놓았다.",,,20041130090000,20250306100902,,,,6,6,26,260,FD,FD01,FD010100,A05,A0502,A05020100,부산광역시 동래구 금강공원로26번길 34,,47709,129.0815158420,35.2206409979,6
2841018,39,월남면반,,"최고의 쌀국수 한 그릇을 위해 항상 새벽을 밝히는 월남면반은 동남아 요리, 특히 베트남 요리 맛집이다. 매콤한 맛이 일품인 월남 면반 쌀국수가 대표 메뉴이며, 직화로 구운 닭다리가 함께 나오는 쌀국수와 똠양꿍 쌀국수도 인기가 좋다. 베트남식 부침개 반세오는 라이스페이퍼와 야채 소스가 함께 나오고, 불향 가득 입힌 소불고기가 듬뿍 들어간 팉버싸오반미는 바삭한 바게트가 매력적이다. 분짜와 팟타이, 모닝글로리 덮밥도 현지맛을 생각나게 한다. 또한, 매콤한 육수를 원하면 스리라차 핫소스에 양파절임을 섞어 보고, 육수가 싱겁다고 느껴지면 피시소스를 톡톡 뿌려서 간을 맞춰도 좋다. 웨이팅이 길거나 당일 재료가 모두 소진되면 조기 마감한다.",,,20220822171033,20250605101618,http://tong.visitkorea.or.kr/cms/resource/07/2841007_image2_1.jpg,http://tong.visitkorea.or.kr/cms/resource/07/2841007_image3_1.jpg,Type3,6,1,26,440,FD,FD02,FD020400,A05,A0502,A05020700,부산광역시 강서구 명지국제6로302번길 19-3 (명지동),,46773,128.9257409618,35.1025013632,6
347229,12,월명사(부산),,"월명사는 부산 기장군 일광면 일광산 자락에 위치해 있다. 들머리는 한센병 환자 공동체마을인 ‘삼덕마을'로부터 시작된다. 부산에서 14번 국도를 따라 반송동을 거쳐 기장, 일광면으로 접어들어도 되고 부산 도심을 통과한 후 경치 좋은 해운대를 거쳐 송정, 기장, 일광면으로 향해도 좋다. 일광 바다 바로 뒤편, 병풍처럼 버티고 앉은 일광산(日光山)은 해 떨어지는 낙조가 특히 아름답다 하여 일광팔경 가운데 하나인 일광낙조(日光落照)로 이름난 곳이다. 

바로 이곳, 일광산 자락에 자리한 월명사는 비록 넉넉한 사세는 갖추지 않았지만 경내 뜰 곳곳에서 아기자기하고 소탈한 면면들을 발견할 수 있는 그리 알려지지 않은 태고종 사찰이다. 전해오는 일설에 따르면 예로부터 불상을 모시고 치성을 드린 기도처였다고는 하나 현재로서는 1882년 범어사의 김법성 스님이 창건한 수행도량으로만 알려져 있을 뿐 이렇다 할 기록이나 추정할 만한 유물도 없다. 경내 샘에서 솟아나는 오랜 효험의 약수가 인근 마을 사람들의 입을 통해 명약으로 알려져 있고, 월명사(月明寺)와 친분이 있는 불교미술 작가들이 이곳에서 작품활동을 하는 터라 경내 곳곳에서 나한상과 동자상들을 심심찮게 볼 수 있어 좋다. 일광산의 해와 월명사의 달이 어우러져 조화를 이룬 곳이라 자연의 흐름을 거스르지 않은 채 있는 그대로 앉아있는 월명사는 현재 신도는 많지 않으나 경내로부터 시작되는 가파르지도 험하지도 않은 호젓한 산책코스를 이용하는 등반객들의 쉼터로 이용되곤 한다.",,,20071222014353,20251104144348,http://tong.visitkorea.or.kr/cms/resource/89/3561189_image2_1.jpg,http://tong.visitkorea.or.kr/cms/resource/89/3561189_image3_1.jpg,Type1,6,3,26,710,HS,HS03,HS030100,A02,A0201,A02010800,부산광역시 기장군 일광면 참샘길 124,,46048,129.2167499529,35.2692436170,6
2872610,39,월화횟집,,"부산 기장군에 위치한 월화횟집은 신선한 해산물을 즐길 수 있는 곳으로 장어 요리를 전문으로 하고있다. 대표 메뉴인 붕장어회는 신선하고 고소한 맛으로 인기있으며, 붕장어회 외에도 장어구이, 모둠회, 그리고 장어와 우럭 매운탕 등 다양한 메뉴를 제공하고 있어 취향에 맞게 다양한 조합으로 식사를 즐길 수 있다. 전체적으로 음식의 양도 넉넉하게 제공되어 가성비 면에서도 좋은 평가를 받고 있다. 가게 주변에는 해안 절경을 따라 걷기 좋은 해파랑길 3코스를 비롯해 해동용궁사, 여름철 피서지인 임랑해수욕장 등이 가까이 있어 식사 전후로 둘러보기 좋다.",,,20221021144840,20250702172452,http://tong.visitkorea.or.kr/cms/resource/95/2872595_image2_1.JPG,http://tong.visitkorea.or.kr/cms/resource/95/2872595_image3_1.JPG,Type3,6,3,26,710,FD,FD01,FD010100,A05,A0502,A05020100,부산광역시 기장군 일광읍 문오성길 501-3,,46040,129.2594398781,35.2982606042,6
2852185,39,웨스턴챔버,"<a href=""http://www.instagram.com/wchamber001""target=""_blank"" title=""새창 : 웨스턴챔버 사이트로 이동"">http://www.instagram.com/wchamber001</a>","부산광역시 기장군 정관읍에 위치한 베이커리 전문 카페 ‘웨스턴챔버’는 마치 남프랑스의 숲속에 들어선 듯한 이국적인 분위기를 자랑하는 카페다. 눈에 띄는 화이트톤 외관은 고급스러우면서도 자연과 어우러지는 세련된 건축미를 보여주며, 마치 영화 속 한 장면에 들어온 듯한 기분을 느끼게 한다. 내부는 깔끔하고 세련된 인테리어가 돋보이며, 큰 창을 통해 보이는 숲의 풍경은 액자 속 그림처럼 아름다워 방문객들의 시선을 사로잡는다. 고요하게 흐르는 물줄기와 나무들이 어우러져 자연 속에서 여유로운 시간을 보낼 수 있어 힐링을 원하는 이들에게 제격이다. 또한 미서부의 단독주택을 연상케 하는 입구는 독특한 외관 덕분에 사진명소로도 잘 알려져 있다.",,,20220908151235,20250611132225,http://tong.visitkorea.or.kr/cms/resource/74/2852174_image2_1.jpg,http://tong.visitkorea.or.kr/cms/resource/74/2852174_image3_1.jpg,Type3,6,3,26,710,FD,FD05,FD050100,A05,A0502,A05020900,부산광역시 기장군 정관읍 병산로 221-19,,46003,129.1855838580,35.3464982613,6
2574073,32,윙민박,,부산 해운대에 위치한 숙박업소이다.,,,20181206003337,20251023143000,http://tong.visitkorea.or.kr/cms/resource/06/2573206_image2_1.jpg,http://tong.visitkorea.or.kr/cms/resource/06/2573206_image3_1.jpg,Type3,6,16,26,350,AC,AC06,AC060200,B02,B0201,B02011100,부산광역시 해운대구 송정중앙로6번길 36,(송정동),48073,129.2005509870,35.1822391732,
3001170,15,유라리 건맥축제,"<a href=""https://litt.ly/yoorari_dryseafood_beer"" target=""_blank"" title=""새창 : 유라리 건맥축제 홈페이지 이동"">https://litt.ly/yoorari_dryseafood_beer</a>","남포동건어물도매시장의 우수한 건어물과 부산 대표 수제맥주를 함께 즐겨볼 수 있는 축제이다. 건어물과 부산 수제맥주를 판매하는 건맥 마켓과 건맥을 맛있고 재미있게 즐기고 공연 및 이벤트를 관람할 수 있는 건맥라운지를 시작으로 남포동건어물도매시장의 역사와 건어물에 대한 정보들을 재밌게 체험해볼 수 있는 쿠킹클래스, 도슨트투어와 유라시아 지역의 다양한 소품과 부산 소공인들들의 다양한 상품들을 만나볼 수 있는 유라시아풍물마켓까지 준비되어 있다. 뿐만 아니라 남녀노소 모두가 즐길 수 있는 공연과 이벤트, 푸드트럭 등 다채로운 프로그램들이 준비되어 있어 9월 12일 ~ 9월 13일까지 유라리광장으로 와서 건어물과 시원한 부산 수제맥주의 맛을 느낄 수 있다.",051-714-4674,부산 중구청,20230825172319,20251023143000,http://tong.visitkorea.or.kr/cms/resource/08/3550808_image2_1.jpg,http://tong.visitkorea.or.kr/cms/resource/08/3550808_image3_1.jpg,Type3,6,15,26,110,EV,EV01,EV010600,A02,A0207,A02070200,부산광역시 중구 용미길9번길 6-45 (남포동1가),,48984,129.0359065412,35.0964901712,6
2852200,39,유정1995 기장 본점,"<a href=""http://www.instagram.com/ujeong_1995___""target=""_blank"" title=""새창 : 유정1995 사이트로 이동"">http://www.instagram.com/ujeong_1995___</a>","유정 1995는 현대식 인테리어의 본관과 황토방 별관으로 구성된 자연친화적 공간이다. 총 3개 층의 본관은 넓은 좌석배치와 확 트인 테라스 구성으로 모든 좌석에서 마운틴뷰를 감상 가능하며, 황토방 별관은 프라이빗한 5개의 좌식 개별룸과 30인이상 모임도 가능한 테이블룸으로 구성되어 있다. 다양한 카페 음료 외에도 여러 산지의 스페셜티 커피생두를 엄선하여 직접 로스팅한 드립커피를 즐길 수 있다. 매일아침 다양한 베이커리류를 카페 내부 별도의 베이킹실에서 직접 구워 판매하며, 모든 과일음료는 직접 만든 수제청만을 사용하며 레몬, 자몽, 오디, 백향과뿐만 아니라 딸기, 청귤, 금귤, 애플시나몬, 허니생강레몬등 다양한 시즌별 음료를 선보이고 있다. 주위가 산과 들로 둘러싸여 사계절의 변화를 한곳에서 즐길 수 있는 뷰맛집이다. 봄에는 벚꽃길 드라이브 명소, 여름에는 수국 명소, 가을에는 단풍 명소, 겨울에는 눈 내리는 이벤트를 진행하고 있어 남녀노소 누구나 함께 즐길 수 있는 공간이다.",,,20220908152433,20250415110424,http://tong.visitkorea.or.kr/cms/resource/93/3072393_image2_1.jpg,http://tong.visitkorea.or.kr/cms/resource/93/3072393_image3_1.jpg,Type3,6,3,26,710,FD,FD05,FD050100,A05,A0502,A05020900,부산광역시 기장군 병산로 303-1,,46003,129.1869974481,35.3528253562,6
2758498,12,은진사,,"장안읍 길천리 장안천 인근에 자리 잡은 은진사에는 3천여 종의 야생화와 산수화 분경, 연꽃이 가득한 사찰이다. 은진사는 규모가 크진 않지만, 머무르는 동안 아름다운 꽃들이 많아 눈이 즐거워진다. 여름에는 주황빛 능소화가 반겨주며, 바다와 물을 수호하는 신이 모셔져 있는 용왕전 앞에 있는 연못에는 잉어 떼가 가득하고, 수국과 맥문동이 반긴다. 보기만 해도 기분이 좋아지는 포대화상과 항상 웃는 모습으로 자비와 복을 상징하는 미륵보살도 있다. 규모가 큰 절은 아니지만, 동굴 대법당, 소법당 영가전, 약사대불전, 산신전, 지장전, 관음전, 공양전, 연당 등 아기자기한 법당들이 잘 갖추어져 있으며, 연못, 폭포 등 볼거리가 많은 사찰이다.",,,20211019013016,20250305105313,http://tong.visitkorea.or.kr/cms/resource/36/3342836_image2_1.jpg,http://tong.visitkorea.or.kr/cms/resource/36/3342836_image3_1.jpg,Type3,6,3,26,710,HS,HS03,HS030100,A02,A0201,A02010800,부산광역시 기장군 장안읍 고무로 271-47,,46035,129.2765262292,35.3360483529,6
2870394,39,은하갈비,,초량동에 위치한 은하갈비는 돼지갈비가 맛있기로 유명한 곳이다. 초량 돼지갈비 골목의 역사 초창기부터 지금까지 동일한 상호로 장사를 하는 유일한 식당이다. 옛날 방식 그대로 돼지갈비를 은박지 포일에 싸서 끓여 먹는다. 가게 내부는 20~30여 테이블로 구성되어 있다. 크고 화려하진 않지만 반찬이나 고기가 맛있어서 항상 손님들로 가득 차 있다. 직접 만든 양념에 재운 돼지갈비가 가장 인기 메뉴이다. 사장님이 친절해서 단골도 많다. 주차장은 따로 없으니 대중교통을 이용하는 것이 좋다.,,,20221019135637,20251106092030,http://tong.visitkorea.or.kr/cms/resource/79/2870379_image2_1.JPG,http://tong.visitkorea.or.kr/cms/resource/79/2870379_image3_1.JPG,Type3,6,5,26,170,FD,FD01,FD010100,A05,A0502,A05020100,부산광역시 동구 초량중로 86,,48815,129.0396278173,35.1193265729,6
1748028,14,을숙도문화회관,"<a href=""https://www.saha.go.kr/eulsukdo/main.do""target=""_blank"" title=""새창: 을숙도문화회관 홈페이지로 이동"">https://www.saha.go.kr/eulsukdo/</a>","을숙도 문화회관은 자연생태공원인 을숙도에 위치하고 있으며, 을숙도는 갈대숲이 장관인 세계적인 철새 도래지로 부산 시민의 휴식공간으로 잘 알려져 있다. 을숙도 문화회관은 2002년 개관하여 을숙도에서만 볼 수 있는 천혜의 자연환경과 더불어 주민에게 예술의 향기를 전할 수 있는 서부산권 문화의 전당으로 자리하고 있다. 연극, 무용, 음악회 등 공연을 위한 공연장과 아름다운 예술작품을 만날 수 있는 전시실, 생동감 넘치는 축제 형식의 공연을 위한 야외공연장, 취미교실 등 다양한 문화 예술의 공간으로 꾸며져 있다. 을숙도 문화회관 주변에는 조각공원, 수자원공사의 물 홍보관 등 관광시설이 있어 가족동반 나들이 장소와 휴식공간으로 많이 이용되고 있는 곳이다.",,,20121106014704,20250522104549,http://tong.visitkorea.or.kr/cms/resource/99/3029299_image2_1.JPG,http://tong.visitkorea.or.kr/cms/resource/99/3029299_image3_1.JPG,Type3,6,10,26,380,VE,VE06,VE060100,A02,A0206,A02060600,부산광역시 사하구 낙동남로1233번길 25,(하단동),49300,128.9447641030,35.1099925394,6
2726193,39,이가네떡볶이,,"이가네 떡볶이는 예능프로그램에서 우승하면서 더욱 유명해진 분식집이다. 특히 무 떡볶이로 유명하며 무를 오랫동안 끓여 무에서 나온 즙을 활용해 떡볶이 국물을 만들고 있다. 무를 철판에 깔고 그 위에 버섯과 다시마를 넣었으며 두껍고 쫄깃한 떡의 식감, 그리고 바삭한 튀김을 양념에 찍어 먹는 맛이 조화롭다. 떡볶이의 양념은 자체 개발한 소스를 사용하여 야채의 은은한 단맛과 감칠맛이 나 많은 사람들이 방문하고 있다. 시장 내에 위치해 활기찬 분위기 속에서 빠르게 식사를 즐길 수 있다.",,,20210716184015,20251212105628,http://tong.visitkorea.or.kr/cms/resource/61/3582861_image2_1.jpg,http://tong.visitkorea.or.kr/cms/resource/61/3582861_image3_1.jpg,Type3,6,15,26,110,FD,FD03,FD030400,A05,A0502,A05020100,부산광역시 중구 부평1길 48,,48977,129.0260517037,35.1015921962,6
2875783,39,이레옥,,이레옥은 부산시 해운대구에 있는 곰탕 전문점이다. 최고급 한우 양지머리와 사골을 엄선하여 기름기를 제거하고 꼼꼼하게 손질한 뒤 전통방식으로 정성을 다해 끓인다. 맑은 국물의 깔끔한 맛은 먹을수록 고기에서 우러나는 진국이 더해져 깊은 맛을 낸다. 매장은 넓고 깔끔하다. 홀에 테이블 석과 룸이 있고 단체석도 있다. 야외 테이블에서는 광안대교와 바다가 펼쳐져 있어 이레옥의 가장 핫한 자리로 꼽힌다. 전용 주차장이 있어 편리하고 대중교통을 이용한다면 부산지하철 2호선 동백역에서 가깝다.,,,20221026125208,20250827164625,http://tong.visitkorea.or.kr/cms/resource/67/2875767_image2_1.JPG,http://tong.visitkorea.or.kr/cms/resource/67/2875767_image3_1.JPG,Type3,6,16,26,350,FD,FD01,FD010100,A05,A0502,A05020100,부산광역시 해운대구 마린시티3로 51 (우동),,48118,129.1457342977,35.1543607218,6
1942314,14,이바구공작소,"<a href=""http://www.2bagu.co.kr/index.bsdonggu"" target=""_blank"" title=""새창 : 이바구길 홈페이지로 이동"">http://www.2bagu.co.kr/index.bsdonggu</a>","이바구공작소는 부산 산복도로의 생활자료관으로, 산복도로의 역사를 살펴볼 수 있는 전시관이다. 1층에서는 전시되어 있는 레트로한 교복을 대여해 체험해 볼 수 있고 2층에는 넓은 창으로 ‘산복도로의 풍경’을 그대로 감상할 수 있다. 그리고, 벽면에는 ‘산복도로’에서 살고 있는 사람들의 사진과 이야기로 꾸며진 공간이 있다. 한국전쟁으로 피난민들이 부산에 정착하면서, 오르막의 산까지 판자촌 마을이 형성되어 ‘산복도로’가 탄생한 이야기부터, 생계를 유지하며 열심히 살아가는 모습들을 사진과 자료로 알 수 있다.

(출처 : 부산광역시 교육청 홈페이지)",,,20140820004917,20250319191550,http://tong.visitkorea.or.kr/cms/resource/29/2735629_image2_1.jpg,http://tong.visitkorea.or.kr/cms/resource/29/2735629_image3_1.jpg,Type3,6,5,26,170,VE,VE07,VE070300,A02,A0206,A02060300,부산광역시 동구 망양로486번길 14-13,(초량동),48810,129.0338450468,35.1171267121,6
1942566,25,이바구길을 걷다,,"사람들의 다양한 삶의 방식들이 한데 어우러져 함께 살아가는 이야기를 들을 수 있는 곳, 이바구길은 그 무수한 이야기들의 보물창고다. 특히 최초의 근대식 개인종합병원인 백제병원, 최초의 창고인 남선창고 등 최초라는 수식어가 붙는 경우가 많은데 넓은 바다의 품처럼 넉넉하게 다양한 문화를 수용하고 받아들이는 항구가 가까이 있었기 때문이다. 이후 우리는 일제 수탈의 시기와 6.25 동란을 겪었고, 힘든 피난살이를 산복도로에 판잣집을 짓고 서로 의지하며 버티어 나간다. 그리고 항구는 그들에게 삶의 터전이 되었다. 아찔한 168계단을 수없이 오르내리며 그렇게 현재를 만들어왔다. 소금기 배인 진한 인생의 향기가 가득한 소시민들의 삶을 가장 잘 볼 수 있는 이바구길에서 우리의 미래를 찾아보자. 
<br /><br />출처:부산관광공사",,,20140821022724,20230809170959,,,,6,5,26,170,C01,C0115,C01150001,C01,C0115,C01150001,,,,129.0391501616,35.1163630064,
2607423,32,이바구캠프,http://www.2bagu.co.kr/,이바구 캠프는 부산의 도심과 부산항 대교가 한눈에 내려다보이는 야경을 가진 게스트하우스이다. 일상에 지친 몸과 마음을 달래줄 조용한 분위기의 숙소로 산복 도로의 야경을 품고 있는 옥상 바비큐와 피톤치드를 뿜어내는 편백숲에서의 아침 산책 코스가 준비되어 있다.,,,20190620201838,20251023143000,,,,6,5,26,170,AC,AC06,AC060200,B02,B0201,B02011100,부산광역시 동구 망양로525번길 22,(초량동),48717,129.0285565614,35.1192013827,
1428723,32,이비스 앰배서더 부산 시티센터,"<a href=""https://ibis.ambatel.com/busan/main.amb"" target=""_blank"" title=""새창: 이비스 앰배서더 부산 시티센터 홈페이지로 이동"">https://ibis.ambatel.com/busan/main.amb </a>","이비스 앰배서더 부산 시티센터는 부산의 서면에 위치하여 합리적인 가격으로 시내 중심지에 머무르기를 원하는 사람들에게 편안하고 안락한 숙박시설을 제공한다. 호텔 최고층에 위치한 탁 트인 전망의 호텔로비, 레스토랑, 미팅룸, 비즈니스 코너, 음료 생필품 자동판매기 및 주차장 등 다양한 편의 시설을 제공하며 전 객실에 제공되는 무선 인터넷 서비스, TV, 개별 냉난방 조절장치, 개인용 금고 및 업무용 공간과 리셉션 서비스 등을 갖춘 현대적인 스타일로 고객을 맞이한다. 이비스 앰배서더 부산 시티센터는 고객에게 필요한 시설과 서비스를 제공하는 경영전략으로 편안한 휴식공간과 친절한 서비스, 질 좋은 음식과 같은 필수적인 부분에서 고객에게 만족을 주고 벨맨, 도어맨, 주차 대행 등의 특급호텔의 서비스들을 과감히 배제함으로써 합리적인 객실요금을 제시한다.",,,20111107184210,20250721102855,http://tong.visitkorea.or.kr/cms/resource/99/3509899_image2_1.png,http://tong.visitkorea.or.kr/cms/resource/99/3509899_image3_1.png,Type3,6,7,26,230,AC,AC01,AC010100,B02,B0201,B02010100,부산광역시 부산진구 중앙대로 777,,47251,129.0618719415,35.1618722189,6
3533169,32,이스턴룸,https://www.airbnb.co.kr/users/show/580763294,"동양의 결을 담은, 조용하고 현대적인 한국의 공간입니다.
일상의 분주함과 혼란을 잠시 내려놓고, 머무는 것 자체가 ‘쉼’이 되는 시간을 준비했습니다.
곡선과 직선, 블랙과 화이트, 세련과 절제, 전통과 현대, 낮의 분주함과 저녁의 아늑함.
해운대의 해변과 명소를 가득 누린 하루의 끝, 이곳에서의 머무름이 온전한 쉼이 되길 바랍니다.",,,20250908232941,20250922205450,,,,6,16,26,350,AC,AC03,AC030400,B02,B0201,B02011200,부산광역시 해운대구 달맞이길117번라길 100 (중동),,48115,129.1827197529,35.1622938525,6
2838418,39,이엘 16.52 (EL16.52),"<a href=""https://www.instagram.com/el16.52_/""target=""_blank"" title=""새창 : EL16.52 사이트로 이동"">https://www.instagram.com/el16.52_/</a>","부산광역시 서구 동쪽 해안에 있는 이엘 16.52 (EL16.52) 카페는 건물이 시작되는 해발고도 16.52m와 해발고도(Elevation)의 EL을 뜻한다. 카페 3층에서 음료와 베이커리 주문이 가능하며 5층 루프탑에 올라가면 파노라마 뷰로 바다를 즐길 수 있다. 3, 4층 실내 공간을 복도식으로 길게 자리 배치하여 어디에 앉든 바다 뷰를 볼 수 있는 것이 이 카페의 장점 중 하나다. 
※ 반려동물 동반 야외 가능",,,20220818094613,20250828104758,http://tong.visitkorea.or.kr/cms/resource/04/2838404_image2_1.jpg,http://tong.visitkorea.or.kr/cms/resource/04/2838404_image3_1.jpg,Type3,6,11,26,140,FD,FD05,FD050100,A05,A0502,A05020900,부산광역시 서구 암남공원로 177 (암남동),,49276,129.0194644343,35.0631547097,6
2836450,39,이재모피자 본점,,"부산광역시 중구에 있는 이재모피자는 100% 임실 자연산 치즈와 유기농 사탕수수 원당만을 사용하는 피자 전문점이다. 풍미가 좋고 부드러워 한번 맛본 사람들은 피자 맛집으로 추천한다. 옛날 스타일의 도톰한 반죽에 푸짐한 토핑과 흘러 넘 칠 정도의 치즈로 피자 고유의 맛을 느낄 수 있다. 피자 외에도 스파게티, 파스타, 샐러드 등 다양한 사이드 메뉴가 있어 피자와 곁들여 먹기 좋다. 주말 점심시간에는 1시간 이상 대기시간이 발생할 수 있다. 주변에는 용두산공원, 비프광장, 부평깡통시장, 부산 BIFF거리 등이 있다.",,,20220812162416,20250822142537,http://tong.visitkorea.or.kr/cms/resource/38/2836438_image2_1.jpg,http://tong.visitkorea.or.kr/cms/resource/38/2836438_image3_1.jpg,Type3,6,15,26,110,FD,FD03,FD030200,A05,A0502,A05020200,"부산광역시 중구 광복중앙로 31 (신창동1가, 중앙아파트)",,48948,129.0306068486,35.1021394414,6
2841029,39,이지요 더파크,,이지요 더파크 베이커리 카페는 유기농 재료로 만든 베이커리를 당일 제조 당일 판매를 원칙으로 하고 있다. 자체 블렌딩과 자체 로스팅으로 고급 원두가 가진 풍미를 선사한다. 키즈 카페가 아님에도 어린이들을 위한 키즈 존을 마련하여 부모들의 여유로운 휴식을 돕고 있다. 넓은 하늘과 노을을 보며 즐기는 루프탑이 있다. 숲과 바다를 동시에 보며 데이트를 즐길 수 있는 환경을 가지고 있다는 자부심이 높다. 또 하나의 특장점은 휠체어와 유모차를 편하게 이용할 수 있도록 설계하여 행복만큼은 차별받지 않기를 바라는 마음이 담긴 디테일한 서비스가 인상적이다. 갯벌 체험으로 유명한 신호공원이 근접해 있으며 전용 주차장도 있어 편리하다.,,,20220822171513,20250708111017,http://tong.visitkorea.or.kr/cms/resource/24/2841024_image2_1.jpg,http://tong.visitkorea.or.kr/cms/resource/24/2841024_image3_1.jpg,Type3,6,1,26,440,FD,FD05,FD050100,A05,A0502,A05020900,부산광역시 강서구 신호산단1로72번길 54 (신호동),,46760,128.8719628713,35.0817943628,6
2852402,39,이티135,,"이티135는 부산 사하구 신평동에 위치한 그랜드 피아노를 연주하는 대형 브런치 베이커리 카페이다. 낙동강 동풍을 견디고 고운 이화를 피워낸 배고개에서 135초의 정성을 들인 커피를 선물한다는 뜻으로 카페 이름을 지었다고 한다. 지하에는 사무실과 주차장, 1층은 오더 및 픽업이 가능한 클래식한 공간이고 1.5층은 모던존과 화장실, 루프탑에는 다락방과 옥상 정원으로 구성되어 있다. 정성껏 만든 음료와 베이커리는 물론 원두와 노트, 에코백 같은 굿즈들도 판매한다. 1층을 제외하고 노키즈존으로 운영하며 가까운 곳에 동매산이 있어 함께 둘러보기 좋다.",,,20220913113110,20250611172815,http://tong.visitkorea.or.kr/cms/resource/00/2852400_image2_1.jpg,http://tong.visitkorea.or.kr/cms/resource/00/2852400_image3_1.jpg,Type3,6,10,26,380,FD,FD05,FD050100,A05,A0502,A05020900,부산광역시 사하구 다대로 95 (신평동),,49393,128.9782671739,35.0941421514,6
2832723,39,이프리오,"<a href=""https://blog.naver.com/ifcafe2018""target=""_blank"" title=""새창 : 이프리오 카페 블로그로 이동"">https://blog.naver.com/ifcafe2018</a>","카페 이프리오는 부산 강서구에 있다. 블랙&화이트의 외관에 내부는 심플, 모던한 분위기의 대형 베이커리 카페다. 카페 앞으로 낙동강이 흘러 전망 좋은 자리에 앉으면 낙동강 뷰를 한눈에 보며 커피를 즐길 수 있다. 건물 앞에 주차장이 넓어 편리하게 이용할 수 있다. 건물 전체를 사용하며 1층에는 일반석, 단체석, 화장실이 있고 2층에는 테라스와 개별룸이 있다. 3층은 루프탑이다. 루프탑은 13세 이하는 이용할 수 없다. 커피와 빵, 디저트뿐만 아니라 샌드위치, 샐러드, 피자 등 브런치 메뉴도 즐길 수 있다. 단체석과 개별룸이 있어 모임 하기 좋다.",,,20220804164549,20250826145040,http://tong.visitkorea.or.kr/cms/resource/22/2832722_image2_1.jpg,http://tong.visitkorea.or.kr/cms/resource/22/2832722_image3_1.jpg,Type3,6,1,26,440,FD,FD05,FD050100,A05,A0502,A05020900,부산광역시 강서구 범방4로 32 이프리오,,46727,128.8857738308,35.1454874813,6
2845027,39,이화장횟집,,"이화장횟집 기장대변항점은 멸치회와 아나고회가 유명한 횟집이다. 기장 특산물인 멸치로 요리한 쌈밥과 짚불 먹장어를 함께 맛볼 수 있고, 싱싱한 해산물과 회, 다양한 요리가 준비되어 있어 회식 장소로도 유명하다. 멸치 회는 큼지막한 멸치가 양배추와 깻잎과 함께 초장에 무쳐져 새콤달콤하면서도 담백한 맛이 일품이며 먹장어는 신선하고 꼬들꼬들한 맛이 매력이다. 1층은 수족관과 주방으로 사용하고 있고, 뷰가 좋은 2층에 홀이 마련되어 있어 대변항의 탁 트인 뷰를 보며 식사하기 좋다.
※반려동물 동반 불가",,,20220829145152,20250828133957,http://tong.visitkorea.or.kr/cms/resource/18/2845018_image2_1.jpg,http://tong.visitkorea.or.kr/cms/resource/18/2845018_image3_1.jpg,Type3,6,3,26,710,FD,FD01,FD010100,A05,A0502,A05020100,부산광역시 기장군 기장해안로 560-5 이화장여관,,46079,129.2269447707,35.2236905771,6
2847877,39,일광 카페 숲,,부산 해안 드라이브 코스로 좋은 일광면에 있는 일광 카페 숲은 모퉁이 끝자락에 있어 바다 뷰가 한눈에 쫙 펼쳐진다. 실내 전 층 통창으로 되어 바다를 볼 수 있고 1층에서 주문 후 야외 테이블에 앉으면 바로 앞바다가 보여 조용하게 커피를 마실 수 있다. 2층은 의자로 이루어져 있고 3층은 전 좌석 빈백으로 편하게 앉아 커피를 마실 수 있다. 인근에 학리방파제와 빨간 등대가 있어 가볍게 산책하기 좋다.,,,20220902095159,20250828143102,http://tong.visitkorea.or.kr/cms/resource/70/2847870_image2_1.jpg,http://tong.visitkorea.or.kr/cms/resource/70/2847870_image3_1.jpg,Type3,6,3,26,710,FD,FD05,FD050100,A05,A0502,A05020900,부산광역시 기장군 일광읍 학리등대로 45,,46045,129.2441089449,35.2598118501,6
2844677,39,일광당,,부산 동해남부선 일광역 1번 출구에서 278m 거리에 있는 일광당은 일광면에서 유일하게 주인이 손으로 직접 빚어 만드는 찐빵과 만두로 지역민이 선호하는 맛집이다. 일광당 만두의 특징은 피가 매우 얇고 속은 꽉 차있다. 포장해서 조금만 걸어 나오면 주변에 있는 벤치에 앉아서 바다를 바라보며 먹을 수 있다.,,,20220829094113,20250828131602,http://tong.visitkorea.or.kr/cms/resource/74/2844674_image2_1.jpg,http://tong.visitkorea.or.kr/cms/resource/74/2844674_image3_1.jpg,Type3,6,3,26,710,FD,FD03,FD030400,A05,A0502,A05020100,부산광역시 기장군 일광읍 일광로 125-1,,46043,129.2352761915,35.2666137010,6
2872634,39,일광수산횟집,,"일광수산횟집은 부산 기장군 일광면에 위치한 횟집이다. 이곳은 매일 바다에서 직접 잡아 올린 활어와 해산물을 당일 손질해 판매하고 있어 더욱 싱싱한 회를 맛볼 수 있다. 횟집은 일광 부둣가와 인접해 있어 식사 전후로 부둣가를 산책하거나 어촌 풍경을 감상할 수 있다는 점도 큰 매력이다. 내부 공간은 넓고 쾌적하며, 설치되어 있어 프라이빗한 분위기 속에서 편안하게 식사할 수 있다. 단체석도 마련되어 있어 가족모임으로 방문해도 좋다. 전용 주차장이 마련되어 있어 차량을 이용한 방문이 편리하다. 주요 메뉴는 다양한 종류의 생선회이며, 주변에는 학리방파제, 죽성드림세트장 등의 관광지가 있어 식사와 함께 기장 일대를 둘러보는 코스로 활용할 수 있다.",,,20221021145553,20250703091512,http://tong.visitkorea.or.kr/cms/resource/23/2872623_image2_1.JPG,http://tong.visitkorea.or.kr/cms/resource/23/2872623_image3_1.JPG,Type3,6,3,26,710,FD,FD01,FD010100,A05,A0502,A05020100,부산광역시 기장군 일광읍 학리등대로 74,,46045,129.2453172303,35.2577315502,6
2848952,39,일광정,,"부산 칠암항 근처에 있는 일광정은 분홍색의 화려한 건물 외관으로 한눈에 찾기 쉬운 소갈비찜 전문점이다. 식당 내부는 좌석 간 거리도 여유 있고 칸막이로 테이블을 분리해 놓아 가족 식사하러 오기에도 좋다. 대표 메뉴 소매운갈비찜으로 매운 단계 조절이 가능하다. 매운 걸 못 먹는 사람이라면 소갈비찜을 추천한다. 갈비찜 외에도 한우로 만드는 도가니탕, 왕갈비탕이 있다.",,,20220905102507,20250828165507,http://tong.visitkorea.or.kr/cms/resource/63/2848663_image2_1.jpg,http://tong.visitkorea.or.kr/cms/resource/63/2848663_image3_1.jpg,Type3,6,3,26,710,FD,FD01,FD010100,A05,A0502,A05020100,부산광역시 기장군 일광읍 일광로 645,,46040,129.2580316277,35.2996881955,6
1805656,39,일번지자갈치산곰장어,,"일번지자갈치산곰장어는 해운대 시장 내에 위치해 있다. 메뉴에는 양념구이, 소금구이, 통구이가 있으며 반반 메뉴도 주문이 가능하다는 장점이 있다. 주문 시 연탄 초벌구이를 요청하면 곰장어를 연탄불에 초벌 하여 제공한다. 양념구이를 먹고 난 후 볶음밥이나 우동사리를 추가해 먹을 수 있는데 이 맛이 별미다. 매장 내에 단체석이 있어 각종 모임이나 회식장소로도 좋다.",,,20130418225640,20250311135053,,,,6,16,26,350,FD,FD01,FD010100,A05,A0502,A05020100,부산광역시 해운대구 구남로41번길 12,,48095,129.1620465848,35.1610408317,6
2608181,39,일송면옥,,"일송면옥은 부산 온천장에서 시작해 금정구 부곡동에 뿌리내린 40년 전통의 냉면과 고기 전문점으로 정성과 기술이 담긴 음식을 만드는 음식점이다. 직접뽑은 자가제면으로 면발은 쫄깃하고 국물은 시원하며 깔끔한 맛이 특징이다. 손질부터 양념까지 모두 직접 준비하는 양념 돼지갈비와 사골, 갈비, 양지를 오랜 시간 우려낸 진한 국물의 갈비탕 역시 이곳의 대표 메뉴이다. 식전에는 따뜻한 사골 온육수가 제공되어 겨울철에도 부담 없이 즐길 수 있으며 한결같은 맛으로 정성 가득한 음식을 제공하고있다. 양도 많고 메뉴 가격도 저렴해 가성비가 좋으며 가게 내부도 넓고 깔끔하기 때문에 가족 외식이나 회식, 단체모임에도 적합하다.",,,20190628025915,20250523112615,http://tong.visitkorea.or.kr/cms/resource/89/2608289_image2_1.JPG,http://tong.visitkorea.or.kr/cms/resource/89/2608289_image2_1.JPG,Type3,6,2,26,410,FD,FD01,FD010100,A05,A0502,A05020100,부산광역시 금정구 부곡로141번길 6,,46272,129.0918341648,35.2287458356,6
851955,39,일품한우,"<a href=""http://www.ilpumhanwoo.kr"" target=""_blank"" title=""새창 : 일품한우 홈페이지로 이동"">http://www.ilpumhanwoo.kr</a>","해운대에 위치한 매실한우 생갈비 전문점 일품한우는 2003년 부산지역 최초로 토종 매실 한우를 시작했다. 2006년 국내산 한우 최고 등급인 1++ 한우로 전량 공급을 시작하여 2012년 ‘e 클릭 소고기 이력제’를 실시하고 있으며, APEC 국빈만찬, 다양한 국내외 손님맞이도 진행하였다. 토종 한우의 성장과정에서 매실을 먹여 키운 ‘일품매우’는 매실이 가진 천연항생제 기능과 지방분해 효과로 육질이 부드러우며 구수하고 담백한 육즙의 차별화된 맛을 느낄 수 있다.",,,20091030221248,20250311153027,,,,6,16,26,350,FD,FD01,FD010100,A05,A0502,A05020100,부산광역시 해운대구 해운대로570번길 49,,48094,129.1594329447,35.1602575377,6
3533143,32,읽다부산,www.spaceilda.com,"부산 서면 전포카페거리에 위치한 다인(최대10인) 스테이입니다.
“우리 스테이의 모든 역활은 끝났다”라고 이야기 할 정도로 부산을 여행하기에 완벽한 곳에 위치해 있습니다.
게스트가 원하는 도서를 사전에 요청받아 비치해 두면서 스테이에 게스트의 취향을 녹여내고 있으며, 독서 외에도 새로운 대화 주제를 만들어 내는 공간을 제공합니다.

최소 2박 이상 예약 가능합니다.",,,20250908221632,20250922125451,,,,6,7,26,230,AC,AC06,AC060200,B02,B0201,B02011100,부산광역시 부산진구 전포대로209번길 43 (전포동),5층,47294,129.0628664782,35.1553201932,6
2741535,28,임랑카라반파크,"<a href=""http://www.ircpark.com"" target=""_blank"" title=""새창 : 임랑카라반파크 사이트로 이동"">http://www.ircpark.com</a>","오션뷰를 자랑하는 임랑 카라반 파크는 부산시 기장군 일광면 임랑 바닷가 앞에 위치해 있다. 사이트에 앉아 시원한 바다와 일출을 볼 수 있는 장점이 있다. 펜션과 카라반이 함께 있는 캠핑장으로 카라반은 2인 커플용과 4인, 6인용이 있다. 주차도 카라반 가까이할 수 있을 만큼 넉넉하다. 해안 도로에 서있는 빨간 풍차 모형이 임랑 카라반 파크를 알리는 오랜 조형물이다.",,,20210908194025,20250305111351,,,,6,3,26,710,AC,AC05,AC050300,A03,A0302,A03021700,부산광역시 기장군 일광면 일광로 763,,46039,129.2593979022,35.3095065653,6
3064821,12,자갈치 크루즈,"<a href=""http://jagalchi-cruise.com/"" target=""_blank"" title=""새창 : 홈페이지로 이동"">http://jagalchi-cruise.com/</a>","자갈치 크루즈는 부산 남항 일대를 관광하는 해양 관광유람선이다. 자갈치시장의 활기차고 정겨운 풍경과 남항 바다의 아름다운 경관을 볼 수 있고 부산 불꽃놀이, 부산항 축제, 태종대 해맞이, 방생기도, 자갈치 축제, 영도다리 축제를 자갈치 크루즈와 함께 즐길 수 있다. 유람선은 승선 인원 306명의 대형 선박으로, 1층은 객실, 공연장으로 운영되고, 2층은 매점, 휴게실, 객실, 3층은 데크로 운영하고 있다. 운항코스는 자갈치시장, 송도 암남공원, 태종대공원을 운항하며, 승선 시 반드시 신분증을 소지하여야 한다. 14시에 출항하면 영도대교 도개 장면을 볼 수 있고, 18시에는 노을 풍경을 즐길 수 있다.",,,20231208165057,20250411092607,http://tong.visitkorea.or.kr/cms/resource/18/3064818_image2_1.JPG,http://tong.visitkorea.or.kr/cms/resource/18/3064818_image3_1.JPG,Type3,6,15,26,110,EX,EX07,EX070100,A02,A0202,A02020800,부산광역시 중구 자갈치해안로 60 (남포동4가),,48984,129.0317124553,35.0967261783,6
2872517,39,자갈치왕짬뽕,,"자갈치왕짬뽕은 김해공항 근처에 있는 중식집이다. 푸짐한 양과 맛으로 항상 대기 줄이 있다. 다채로운 메뉴로 시선을 사로잡는 이 집의 대표메뉴는 낙지짬뽕이다. 낙지짬뽕은 너무 크지 않은 낙지와 채소류가 잘게 썰려 있고 고기, 해산물 양이 상당하다. 국물도 적당한 불맛보다는 더 한 연기 향으로 옛날 짬뽕집의 추억을 소환한다. 이외에 짜장면, 짬뽕, 불짜장, 우동, 볶음밥, 잡채밥, 탕수육 등이 있고, 넓은 전용 주차장이 있어 편리하다.",,,20221021142158,20250708102854,http://tong.visitkorea.or.kr/cms/resource/10/2872510_image2_1.JPG,http://tong.visitkorea.or.kr/cms/resource/10/2872510_image3_1.JPG,Type3,6,1,26,440,FD,FD02,FD020100,A05,A0502,A05020400,부산광역시 강서구 공항로447번길 6 (대저2동),,46723,128.9517374613,35.1480245190,6
2788406,39,자매국밥,,"부산 수영구 자매국밥은 돼지머리 고기를 기본 베이스로 해서 국밥이나 수육을 만드는 곳인데 순수 고기 육수를 사용하고 있는 곳이다. 고기는 누린내 없이 담백하며, 사골을 고아서 많든 육수는 칼칼하면서도 자극적이지 않아 남녀노소 누구나 즐길 수 있다. 자매국밥에서 쓰는 고기는 기름기가 많은 부위가 있어 여성 손님들을 위해서는 특별히 살코기를 많이 주는 것으로도 알려져 있다. 손님들을 위해 국밥을 맛있게 먹는 팁이 적혀 있어 보면서 국밥을 맛 볼 수 있다.",,,20211208022407,20251104101059,,,,6,12,26,500,FD,FD01,FD010100,A05,A0502,A05020100,부산광역시 수영구 민락본동로27번길 56,,48288,129.1257164849,35.1583376838,6
2844687,39,장군멸치회촌,,"부산광역시 기장군 기장읍 대변리에 있는 장군멸치회촌은 1977년부터 운영된 멸치 회 원조 맛집이다. 건물 뒤편과 바로 맞은편에 대변항 공영주차장이 있다. 대표 메뉴인 멸치 회는 각종 채소와 함께 무침으로 나와 깻잎, 미역, 다시마 등에 싸 먹으면 풍미가 더욱 살아난다. 그 외 멸치찌개, 멸치조림, 멸치튀김, 갈치찌개, 멸치구이도 맛볼 수 있다. 정갈한 밑반찬과 각종 쌈은 셀프로 리필할 수 있다. 
※ 반려동물 동반 불가",,,20220829094636,20250828130549,http://tong.visitkorea.or.kr/cms/resource/84/2844684_image2_1.jpg,http://tong.visitkorea.or.kr/cms/resource/84/2844684_image3_1.jpg,Type3,6,3,26,710,FD,FD01,FD010100,A05,A0502,A05020100,부산광역시 기장군 기장읍 기장해안로 607,,46079,129.2306388629,35.2248044098,6
1945293,14,장기려기념 더 나눔센터,"<a href=""https://www.bsdonggu.go.kr/tour/board/view.donggu?boardId=BBS_0000089&menuCd=DOM_000000301002000000&dataSid=5052897"" target=""_blank"" title=""새창 : 부산 동구 문화관광 홈페이지로 이동"">https://www.bsdonggu.go.kr/tour</a>","장기려 박사는 당대 최고의 외과 의사이자 한국의 슈바이처로 불린 간 외과학 명의이다. 장기려기념 더 나눔센터는 평생 가난한 이웃에게 나눔을 실천한 장기려 박사의 뜻을 기리기 위한 기념관으로 2013년 개관했다. 장기려기념 더 나눔센터에는 장기려 박사가 생전에 사용하던 물건이 전시되어 있으며, 박사의 업적과 사람을 살리는 의술을 평생 실천한 그의 인품을 알 수 있는 자료들을 볼 수 있다. 

장기려 박사는 1911년 평안도에서 태어났으며, 1943년 우리나라 최초로 간의 윗조각을 떼어네는 간암 설상절제수술에 성공했다. 1950년 한국전쟁이 일어나자 부산으로 피란 와 피란민과 병자들을 위한 진료를 시작했다. 1951년 부산복음병원(현 고신대학교복음병원의 전신)을 설립하고 25년간 복음병원 원장으로 근무했으며, 제2대 부산대학교 의과대학장 겸 병원장 등을 역임했다. 1968년에는 국내 최초의 의료보험조합인 청십자의료보험조합을 창설하여, 가난한 사람들이 치료를 받을 수 있게 했다. 1976년 복음병원에서 은퇴한 후로도 부산 동구 수정동에 청십자 병원을 설립하여 무료진료와 여러 사회봉사활동을 계속하며 은퇴가 없는 일생을 살았다. 그는 부산에서 나고 자란 인물은 아니지만 부산을 터전으로 소외된 이웃들의 고통을 어루만지면서 진정한 봉사의 삶을 살다 간 참의사로 인간을 존귀하게 여기는 분이었다.",,,20140829184402,20251124175957,http://tong.visitkorea.or.kr/cms/resource/67/3070867_image2_1.JPG,http://tong.visitkorea.or.kr/cms/resource/67/3070867_image3_1.JPG,Type3,6,5,26,170,VE,VE07,VE070200,A02,A0206,A02060200,부산광역시 동구 영초윗길 48,(초량동),48808,129.0327117725,35.1185793062,6
2872496,39,장룡수산 본점,,"장룡수산은 부산과 경상남도의 대표 민물장어 양식업체로서 30여 년간 양질의 민물장어를 손님들에게 저렴한 가격으로 제공하고 있는 식당이다. 푸짐한 양과 맛으로 대기가 늘 있는 맛집이라 대기할 수 있는 공간도 마련해 두었다. 기본 상차림은 상추와 겉절이, 마늘 그리고 장어와 궁합이 좋다는 생강이 나온다. 메뉴는 민물장어 소금구이 단일메뉴지만, 장어구이와 함께 먹으면 더욱 맛있는 민물장어 어묵과 시래기된장 등도 있다. 또, 민물장어 중탕액도 판매하고 있으며, 장어구이 포장도 가능하다.",,,20221021141646,20250708103151,http://tong.visitkorea.or.kr/cms/resource/90/2872490_image2_1.JPG,http://tong.visitkorea.or.kr/cms/resource/90/2872490_image3_1.JPG,Type3,6,1,26,440,FD,FD01,FD010100,A05,A0502,A05020100,부산광역시 강서구 낙동남로 749 (녹산동),,46728,128.8965596542,35.1214875904,6
2788451,38,장림골목시장,,"장림 시장이 있는 현재의 시장 자리에 1960년대부터 인근에서 생산되던 채소나 과일, 생선 등을 판매하는 좌판이 자연 발생적으로 생겨나기 시작했고, 1976년에 건물을 지어 장림 시장을 개설하였다.1990년 부산광역시 사하구 신평동과 장림동에 신평·장림 일반 산업 단지가 조성되면서, 많은 사람들이 이사를 오면서 시장은 더욱 활성화되었다. 1990년대 후반 시장이 침체되기 시작했지만, 2007년 공동 창고 설치와 지붕 교체 사업을 진행하는 등 2000년대 들어 내부 시설 개선 사업을 완료해 지금은 보다 쾌적하게 장을 볼 수 있게 됐다.",,,20211208024518,20251127140121,http://tong.visitkorea.or.kr/cms/resource/20/3561520_image2_1.jpg,http://tong.visitkorea.or.kr/cms/resource/20/3561520_image3_1.jpg,Type1,6,10,26,380,SH,SH06,SH060200,A04,A0401,A04010200,부산광역시 사하구 장림번영로 22 (장림동),,49476,128.9677684454,35.0809712112,6
2614727,12,장산 (부산 국가지질공원),"<a href=""https://www.haeundae.go.kr/tour/index.do?menuCd=DOM_000000304001000000"" target=""_blank"" title=""새창 : 해운대구 문화관광 사이트로 이동"">https://www.haeundae.go.kr/tour</a>","부산의 도심에서 남해 바다를 내려다보며 우뚝 솟아 있는 장산은 그 범위가 넓어 다양한 등산 코스가 만들어져 있다. 해운대 마린시티와 광안대교를 조망하고 있다. 유문암질 화산활동으로 분출된 화산재, 용암, 화쇄류로 이루어진 산으로 다양한 화산암들과 장산폭포, 돌서렁 등의 웅장한 지형이 넘쳐나며 뛰어난 해안도심 경관을 즐길 수 있는 명소이다. 장산은 백악기말 칼데라의 잔존구조인 화산함몰체로 한반도 남동부의 화산활동사를 연구하는데 높은 학술적 가치를 지니고 있다. 특히 장산 자락에는 화산암 암벽에서 떨어진 거력들이 산의 경사면을 따라 길게 뻗어있는 암괴류를 관찰할 수 있다. 총 아홉 줄기로 나뉘어 있으며, 각각의 암괴류를 연결한 재송너덜길을 통해 남해, 동해 바다의 경치를 즐길 수 있는 명소이다.",,,20190809014903,20250326094820,http://tong.visitkorea.or.kr/cms/resource/66/2661666_image2_1.jpg,http://tong.visitkorea.or.kr/cms/resource/66/2661666_image3_1.jpg,Type3,6,16,26,350,NA,NA01,NA010100,A01,A0101,A01010400,부산광역시 해운대구 장산로 331-18,,48066,129.1681899430,35.1811053657,6
851073,39,장성향,,"부산 초량동 상해거리에 위치한 중화요리 전문점이자, 만두 전문점이다. 영화 올드보이의 촬영지로 알려져 있으며, 가게 내부에도 영화 올드보이의 장면들이 장식되어 있어 구경하는 재미도 있다. 일반 군만두의 크기를 훌쩍 뛰어넘는 큼직한 군만두가 인기 메뉴이다. 이외에도 짜장면, 삼선짬뽕, 잡채밥, 유산슬밥 등 다양한 메뉴가 있어 취향에 맞게 선택해 즐길 수 있다. 3대째 이어온 식당답게 음식의 깊은 맛과 감칠맛이 있으며, 현지인들은 물로 관광객들에게도 입소문을 타고 있다.",,,20091030214932,20251023143000,,,,6,5,26,170,FD,FD02,FD020100,A05,A0502,A05020400,부산광역시 동구 대영로243번길 29,,48820,129.0377225842,35.1135771812,6
2785970,39,장씨해녀집,,"부산 기장 연화리에 있는 장씨해녀집은 해물 포장마차촌 근처에 자리하고 있다. 장씨 해녀집은 바다 뷰가 멋진 곳으로도 알려져 있지만, 해녀인 사장님이 당일 잡은 신선한 해산물을 맛볼 수 있다는 이유로 사람들의 발길이 끊이지 않는 곳이다. 대표 메뉴는 해물모듬과 장씨전복죽이며 해물모듬에는 해삼, 개불, 전복, 멍게, 소라, 낙지, 새우 등 다양하고 신선한 해산물이 나오고 계절에 따라 종류가 다를 수 있다. 또한 가마솥째 나오는 전복죽도 일품이다. 주말과 성수기에는 주차 공간이 많지 않아 근처 공영주차장을 이용하면 편리하다.",,,20211206191958,20250828100128,http://tong.visitkorea.or.kr/cms/resource/62/2800462_image2_1.jpg,http://tong.visitkorea.or.kr/cms/resource/62/2800462_image2_1.jpg,Type3,6,3,26,710,FD,FD01,FD010100,A05,A0502,A05020100,부산광역시 기장군 기장읍 연화1길 169,,46082,129.2274337734,35.2180162214,6
2758489,12,장안사계곡,,부산 기장군 장안사 계곡은 신라 673년 원효대사가 창건한 천년 고찰 장안사 아래 있다. 이곳은 청정지역에서만 볼 수 있다는 반딧불이가 서식하고 있어 매년 7월 말까지는 가로등을 소등한다. 장안사 주차장 인근에 계곡이 있다는 장점에 많은 관광객이 찾는다. 장안사 계곡에서는 더욱 쾌적한 환경 유지를 위하여 야영이나 취사는 금지되어 있으니 간단하게 돗자리 깔고 나무 아래서 쉬기에 좋은 곳이다. 불광산 자락의 울창한 숲에서 전해지는 맑은 공기를 만끽하며 조용히 산책도 즐길 수 있다.,,,20211019012722,20250305105823,http://tong.visitkorea.or.kr/cms/resource/46/3342846_image2_1.jpg,http://tong.visitkorea.or.kr/cms/resource/46/3342846_image3_1.jpg,Type3,6,3,26,710,NA,NA01,NA010400,A01,A0101,A01010900,부산광역시 기장군 장안읍 장안로 482,,46028,129.2328150778,35.3744348966,6
2734243,28,장안캠프,"<a href=""http://www.pinkpark.co.kr/"" target=""_blank"" title=""새창 : 장안캠프 사이트로 이동"">http://www.pinkpark.co.kr/</a>","부산 기장에 위치한 숲 속 캠핑장으로 송림 사이로 아이들을 위한 트램펄린과 작은 물놀이장도 운영한다. 넓은 텐트와 캠프 내에는 바비큐 시설, 샤워실, 화장실 등 기본적인 시설들이 잘 갖춰져 있어 편리하게 이용할 수 있다. 가족 단위 방문객에게 안성맞춤이며, 퇴장 시간이 13시로 여유로운 휴식을 취할 수 있다. 일상에서 벗어나 자연 속에서 여유로운 시간을 보내고 싶은 이들에게 추천하는 캠핑지이다.",,,20210818012725,20250325134425,http://tong.visitkorea.or.kr/cms/resource/55/2735855_image2_1.JPG,http://tong.visitkorea.or.kr/cms/resource/55/2735855_image2_1.JPG,Type3,6,3,26,710,AC,AC05,AC050100,A03,A0302,A03021700,부산광역시 기장군 장안읍 장안로 18,,46032,129.2524031670,35.3418805818,6
2668119,39,재기돼지국밥,,"재가돼지국밥은 부산시 영도구에 위치한 국밥 전문점으로 현지인 맛집으로 알려져 있다. 백종원의 3대 천왕 10회에 '부산 3대 돼지국밥'으로 프로그램에 출연한 적이 있으며, 고기의 양이 많아 유명한 국밥집이다. 토렴방식으로 밥과 국을 끓여서 깊고 깔끔한 맛이 나며 오랜 전통이 느껴지는 맛이다. 주변 유명관광지로 '흰여울 문화마을'이 있다.",,,20200820010823,20240913105722,,,,6,14,26,200,FD,FD01,FD010100,A05,A0502,A05020100,부산광역시 영도구 절영로49번길 25,,49054,129.0399036022,35.0896660083,6
2759593,39,전산가든,,"기장 맛집으로 알려진 전산가든은 아귀찜 전문식당이다. 두툼한 아귀 살과 양념이 잘 배어 있는 콩나물을 밥에 얹어 먹으며 매콤한 맛을 즐기고, 푸짐하게 들어 있는 내장과 미더덕의 쫄깃한 식감이 더해져 더욱 맛나다. 아귀찜을 어느 정도 먹어 갈 때쯤 쫄면 사리를 추가해 먹을 수 있다. 멸치볶음, 콩조림, 열무김치, 깻묵, 간장게장 등 기본 반찬이 다양하게 나오는 상차림이 푸짐하고 주문을 할 때 산초 방아의 첨가 여부를 정할 수 있다. 매운 것을 잘 먹지 못하면 산초 방아가 없는 것으로 주문하면 된다.",,,20211020184759,20250103145754,http://tong.visitkorea.or.kr/cms/resource/56/2759656_image2_1.jpg,http://tong.visitkorea.or.kr/cms/resource/56/2759656_image2_1.jpg,Type3,6,3,26,710,FD,FD01,FD010100,A05,A0502,A05020100,부산광역시 기장군 일광면 학리길 16,,46045,129.2429341024,35.2578176071,6
2944033,12,전포 삼거리,,"영화 <브로커> 예고편에서 가수 겸 배우 아이유가 우울한 모습으로 서 있던 버스정류장은 전포 삼거리 정류장이다. 바로 옆에는 그녀가 경찰에게 신고 전화를 걸려 하던 공중전화 부스 두 개가 나란히 서 있다. 현재는 공중전화 부스가 1대만 설치되어 있다. 붉은 벽돌, 색이 바래진 벽화와 기울어진 전봇대, 폭 좁은 인도 등 꾸며지지 않은 모습 그대로의 모습은 부산의 90년대 모습을 떠오르게 한다. 이곳은 영화 팬들의 포토 스폿으로 영화 주인공처럼 사진 찍기 위해 방문을 한다. 이 근처 전포 카페거리가 있어 연계관광으로 방문해 보는 것을 추천한다.",,,20230116184630,20251029163849,http://tong.visitkorea.or.kr/cms/resource/22/2947122_image2_1.jpg,http://tong.visitkorea.or.kr/cms/resource/22/2947122_image3_1.jpg,Type1,6,7,26,230,VE,VE04,VE040100,A02,A0203,A02030600,부산광역시 부산진구 진남로 320 (전포동),,47313,129.0719407360,35.1536149962,6
2994179,12,전포공구길,"부산진구 문화관광 <a href=""https://www.busanjin.go.kr/tour/index.busanjin?menuCd=DOM_000001001002008000"" target=""_blank"" title=""새창 : 부산 진구청 홈페이지로 이동"">https://www.busanjin.go.kr</a>","부산에서 가장 사람들이 많이 모이는 지역인 서면 일대에서도 최근 몇 년 사이에 젊은 층에게 핫플레이스로 발전된 전포공구길은 지하철 1호선 서면역과 부전역 사이에 있는 지역으로 지하철로 접근이 용이한 장소이다. 전포공구길은 과거에 공구상가들이 밀집되어 있던 지역으로, 최근 몇 년 사이에 공구상가들을 개조하여 옛날 모습과 현대적 인테리어를 가미한 작은 가게들이 각기 다른 특색을 가지고 카페와 음식점, 소품 숍 등으로 탈바꿈하여 SNS에서 유명한 지역으로 소문난 곳이다. 2023년 전포 공구골목 조성 사업을 통해 곳곳에 이쁜 야간 경관조명들이 설치해 있고, 저녁에 방문하면 더 개성 넘치는 공간을 느낄 수 있다.",,,20230717183602,20250407171523,http://tong.visitkorea.or.kr/cms/resource/78/2994078_image2_1.JPG,http://tong.visitkorea.or.kr/cms/resource/78/2994078_image3_1.JPG,Type3,6,7,26,230,VE,VE04,VE040100,A02,A0203,A02030600,부산광역시 부산진구 서전로37번길 20,,47247,129.0642801508,35.1587281711,6
3018117,15,전포커피축제,"<a href=""https://www.busanjin.go.kr/board/view.busanjin?boardId=BBS_0000009&menuCd=DOM_000000110001001000&dataSid=3941255"" target=""_blank"" title=""새창 :전포커피축제홈페이지 이동"">https://www.busanjin.go.kr/board/view.busanjin?boardId=BBS_0000009&menuCd=DOM_000000110001001000&dataSid=3941255</a>","전포커피축제는 2017년 전포카페거리가 뉴욕타임스의 올해에 꼭 가봐야할 곳으로 선정된 것을 기념하여 시작된 부산 최초의 커피축제이다. 이번 축제는 10월 17일~10월 19일 3일간 전포카페거리, 전포공구길, 전포사잇길 일원에서 진행되며, 전포 및 유명 지역 커피·디저트 판매 부스와 일본·대만 해외 바리스타 초청부스도 운영되어, 다양하고 독특한 커피의 맛을 즐길 수 있다. 멋진 공연과 더불어 다양한 이벤트도 진행되니, 올해 꼭 전포커피축제를 즐기는 기회를 가졌으면 한다.",051-605-4522,부산진구,20231005151813,20251023143000,http://tong.visitkorea.or.kr/cms/resource/54/3549654_image2_1.png,http://tong.visitkorea.or.kr/cms/resource/54/3549654_image3_1.png,Type3,6,7,26,230,EV,EV01,EV010600,A02,A0207,A02070200,부산광역시 부산진구 전포동,전포대로209번길 일원,47294,129.0635525258,35.1554701890,6
252561,12,절영해안산책로,"<a href=""https://www.yeongdo.go.kr/tour/01462/02205.web?amode=view&idx=2160&"" target=""_blank"" title=""새창 : 영도구청 문화관광 홈페이지로 이동"">https://www.yeongdo.go.kr</a>","절영해안산책로는 영도 서쪽 편 봉래산 아래 해안선을 따라 이어져 있는 산책로이다. 원래 지형이 가파르고 험난하여 접근이 어려웠으나, 시민들의 관광 욕구를 충족시키기 위한 공공근로사업의 일환으로 2001년 해안선을 따라 산책로를 개설하였다. 경치 좋은 절영해안 산책로에는 곳곳에 있는 장승과 돌탑, 뱃놀이 터, 산책로 우측의 넓은 바다, 담벼락의 다양한 모자이크 타일 문양 등 다양한 볼거리가 있다. 2014년 국토해양부가 선정한 대한민국 5대 해안 누리길로 선정되었고 2021년 부산 안심 관광지에도 선정되었다.",,,20071101090000,20251216142039,,,,6,14,26,200,NA,NA05,NA050100,A01,A0101,A01010500,부산광역시 영도구 해안산책길 52,,49080,129.0411870536,35.0812475294,3
2556598,14,정관박물관,"<a href=""https://museum.busan.go.kr/jeonggwan/index"" target=""_blank"" title=""새창: 정관박물관 홈페이지로 이동"">https://museum.busan.go.kr/jeonggwan/</a>","정관박물관은 정관신도시 조성사업으로 인해 사라지게 될 국가유산에 대한 보존 및 활용방안으로 건립된 박물관이다. 상설전시는 기장 지역의 삼국시대 마을 유적에서 발굴된 생활유물을 전시한 ‘소두방의 생활’, 신도시 개발로 인해 마을을 떠날 수밖에 없었던 옛 주민의 이야기와 기증품에 담긴 소중한 마음, 그리고 정관박물관의 발자취가 담긴 ‘소두방의 기억’, 삼국시대 마을을 재현하여 당시의 정취를 느낄 수 있는 야외전시공원으로 구성되어 있다. 더불어 놀이체험을 통해 역사학습의 즐거움을 경험할 수 있는 부산지역 박물관 최초 ‘어린이체험실’도 마련되어 있다. 이외에도 특별기획전시와 교육프로그램을 통해 역사문화와 관련된 다양한 볼거리와 체험활동을 관람객에게 제공한다.",,,20180807020507,20250922100952,http://tong.visitkorea.or.kr/cms/resource/91/3541891_image2_1.jpg,http://tong.visitkorea.or.kr/cms/resource/91/3541891_image3_1.jpg,Type3,6,3,26,710,VE,VE07,VE070100,A02,A0206,A02060100,부산광역시 기장군 정관읍 정관중앙로 122,,46019,129.1849372349,35.3269448875,6
2776286,38,정관신도시시장,,"경상남도 양산시에서 부산광역시에 편입된 기장군 지역에 새로이 만든 정관 신도시에 있는 시장이다. 매월 2일, 7일, 12일, 17일, 22일, 27일에 정관동원로얄듀크 2차아파트, 정관 우성 스마트시티 인근에서 열리는 정관 신도시 시장은 신도시 주민들에게 사랑 받는 시장이다. 뻥튀기, 족발, 건어물, 어묵, 고기 유부 주머니, 계란, 과일, 각종 화분 그리고 직접 농사지은 채소를 판매하는 어르신들 덕분에 상차림이 더욱더 풍요로워질 것이다.",,,20211119183630,20251127133229,http://tong.visitkorea.or.kr/cms/resource/98/3561498_image2_1.jpg,http://tong.visitkorea.or.kr/cms/resource/98/3561498_image3_1.jpg,Type1,6,3,26,710,SH,SH06,SH060100,A04,A0401,A04010100,부산광역시 기장군 정관읍 정관6로 5-20,,46017,129.1753910217,35.3205232079,6
851104,39,정림전통한정식,,"정림전통한식은 상견례 장소와 가족 식사 장소로 많이 알려진 곳이다. 한식 전문점답게 모든 음식이 맛과 멋이 있게 구성되어 있으며, 보는 즐거움과 맛보는 즐거움이 있도록 음식들이 모두 맛깔나게 나온다. 약초 양념 연구원이자, 약선음식 전문점으로 단맛은 오곡을 고아 조청을 만들고, 신맛은 감이나 매실로 식초를 만든다. 모든 장아찌는 산야초로 만든 효소로 3년 이상 숙성시켜 만들고 있다. 웰빙정림스페셜, 웰빙건강정찬, 행복밥상, 정림정찬 등의 메뉴가 있으며, 1층과 2층으로 된 음식점은 단체룸과 개별룸이 갖추어져 있어 다양한 모임을 가질 수 있는 곳이다.",,,20091030215016,20250409101412,http://tong.visitkorea.or.kr/cms/resource/60/3048860_image2_1.JPG,http://tong.visitkorea.or.kr/cms/resource/60/3048860_image3_1.JPG,Type3,6,6,26,260,FD,FD01,FD010100,A05,A0502,A05020100,부산광역시 동래구 충렬대로237번길 31-3,,47814,129.0851937831,35.2030402602,6
3083428,32,제이비디자인호텔,"<a href=""http://hoteljbdesign.ktpusan.com/#none"" target=""_blank"" title=""새창 : 제이비디자인호텔 사이트로 이동"">http://hoteljbdesign.ktpusan.com/</a>","제이비디자인호텔(JB Design Hotel)은 호텔 전문 디자인 기업 JB Design 건설이 만든 유럽풍 디자인의 호텔이다. 해운대 제이비디자인호텔은 북유럽 컨셉으로 디자인, 설계됐으며 해운대 중심지에 있어 접근성이 좋다. 해운대 해수욕장, 누리마루, 달맞이고개, 신세계 백화점 등 주변 관광명소뿐만 아니라 벡스코, 해운대 지하철역과 인접한 거리에 위치하여, 비즈니스 여행객과 관광객 모두에게 이상적인 숙소이다. 넓은 공간의 80개 객실과 함께 다양한 사무기기를 갖춘 비즈니스 센터는 비즈니스 여행객에게 효율적인 숙박을 제공하며, 호텔에 머무는 동안 편안하고 안락한 환경을 제공한다.",,,20231030115405,20251120105150,http://tong.visitkorea.or.kr/cms/resource/18/3083418_image2_1.jpg,http://tong.visitkorea.or.kr/cms/resource/18/3083418_image3_1.jpg,Type3,6,16,26,350,AC,AC04,AC040100,B02,B0201,B02010900,부산광역시 해운대구 구남로12번길 31 (우동),,48094,129.1580746892,35.1617295697,6
2741526,28,제이스글램핑,"<a href=""http://부산펜션.net"" target=""_blank"" title=""새창 : 제이스글램핑 사이트로 이동"">http://부산펜션.net</a>","제이스 글램핑은 부산 기장군에 위치해 있으며, 약 4600㎡의 넓은 부지에 펜션과 글램핑을 함께 운영하고 있다. 글램핑장은 럭셔리 글램핑과 일반 글램핑으로 나뉘는데 내부는 TV, 침대, 식탁, 에어컨, 냉장고, 드라이기, 취사도구, 전기밥솥, 전자레인지, 소파가 공통으로 들어가지만 럭셔리 글램핑은 내부에서 화장실이 있고 일반 글램핑은 외부 화장실을 이용해야 한다는 차이점이 있다. 글램핑 앞으로 개별 테라스가 있어 바비큐를 즐길 수 있으며 캠핑장 한쪽으로는 트램펄린이 있어 아이들이 마음껏 뛰어놀 수 있다.",,,20210908193011,20251120113430,http://tong.visitkorea.or.kr/cms/resource/98/2741698_image2_1.jpg,http://tong.visitkorea.or.kr/cms/resource/98/2741698_image2_1.jpg,Type3,6,3,26,710,AC,AC05,AC050400,A03,A0302,A03021700,부산광역시 기장군 일광읍 이천8길 132-20,,46041,129.2338482308,35.2777040982,6
2873468,39,제주복국,,"복어 유통 전문 업체에서 직영으로 운영하는 제주복국은 노화 예방, 다이어트, 숙취 해소 등의 효과가 있는 복요리 전문점이다. 매일 새벽 경매한 신선한 재료와 복어를 사용하는 제주복국에는 까치복, 밀복, 참복, 총 세 가지로 복어로 지리와 매운탕으로 선택하여 먹을 수 있다. 특미로 까치복, 밀복 수육과 복튀김, 복초회, 복불고기, 복찜이 있어 다양한 복요리를 맛볼 수 있다.",,,20221024152800,20250902101330,http://tong.visitkorea.or.kr/cms/resource/63/2873463_image2_1.jpg,http://tong.visitkorea.or.kr/cms/resource/63/2873463_image3_1.jpg,Type3,6,14,26,200,FD,FD01,FD010100,A05,A0502,A05020100,부산광역시 영도구 절영로 481,,49118,129.0688904785,35.0710436259,6
2844698,39,제주항통갈치,,"부산광역시 기장군 기장읍 시랑리에 있는 제주항통갈치는 제주갈치 전문점이다. 입구에 돌하르방에서부터 제주도 분위기를 물씬 풍기며 100% 제주 은갈치만 사용한다. 가게 앞 주차가 가능하여 편리하다. 제주도를 가지 않아도 제주의 맛을 느낄 수 있는 이곳의 대표 메뉴는 제주항스페셜과 통갈치조림이다. 큼직한 테이블에는 통갈치 조림을 끓일 수 있는 화구가 있으며 갈치 요리와 함께 고등어구이 등 정갈한 밑반찬들이 함께 제공된다. 제주항스페셜은 통갈치조림 위에 문어, 전복, 대하, 각종 채소가 들어있고 통갈치조림은 제주산 갈치와 문어, 각종 채소를 넣어 긴 철판에 나오는 통갈치 조림이다. 주변에 테마파크가 있고 공수 어촌체험마을, 영화 <친구2> 촬영지도 있다.
※ 반려동물 동반 불가",,,20220829095140,20251023143000,http://tong.visitkorea.or.kr/cms/resource/96/2844696_image2_1.jpg,http://tong.visitkorea.or.kr/cms/resource/96/2844696_image3_1.jpg,Type3,6,3,26,710,FD,FD01,FD010100,A05,A0502,A05020100,부산광역시 기장군 공수2길 3-2,,46084,129.2116665805,35.1861028359,6
1013721,38,조명의거리,,"온 골목이 알록달록, 반짝반짝 신비롭고 아름다운 조명으로 가득한 곳, 부산 남포동 국제시장 안에 자리 잡은 조명의 거리이다. 이곳은 화려한 조명기구와 특수한 공구를 시중보다 20%~30% 저렴한 가격에 구매할 수 있는 곳이다. 실내외에 쓰이는 예쁘고 실용적인 조명기구와 업소용 조명기구 등 모든 종류의 조명기구가 총망라되어 있다. 야간에만 볼 수 있는 조명의 거리 입구의 화려한 조명도 관광객의 눈길을 사로잡는다.",,,20100504013457,20251105144937,http://tong.visitkorea.or.kr/cms/resource/33/3561933_image2_1.jpg,http://tong.visitkorea.or.kr/cms/resource/33/3561933_image3_1.jpg,Type1,6,15,26,110,SH,SH06,SH060200,A04,A0401,A04010200,부산광역시 중구 국제시장2길 5,(창선동2가),48945,129.0283348915,35.0996591215,6
850558,39,조방본가낙지,,"조방본가낙지는 부산 부산진구에 위치한 낙지요리 전문점이다. 싱싱한 낙지와 해산물이 만나 매콤한 감칠맛을 내고 있다. 프라이팬에 파, 마늘 등 각종 양념과 낙지를 얹고 라면, 우동 사리를 더해서 먹으면 낙지의 쫀득함과 부드러움, 양념들의 매콤 달콤함을 입안 가득히 느낄 수 있다. 양이 넉넉하여 든든한 한 끼 식사가 가능하고 셀프바가 준비되어 있어 모자란 반찬을 덜어먹을 수 있다. 부산에서 가성비 좋은 낙지볶음을 맛보고 싶다면 조방본가낙지를 추천한다.",,,20091030213515,20251023143000,,,,6,7,26,230,FD,FD01,FD010100,A05,A0502,A05020100,부산광역시 부산진구 골드테마길 2-13,,47365,129.0602976198,35.1420660746,6
2853231,39,조방제일한우,,"부산 범일역 인근에 위치한 조방방제일한우는 소고기구이 전문점이다. 범일동 맛집으로 소문난 조방제일한우는 넓은 내부 공간과 전용 주차장이 마련되어 있어 각종 회식과 모임 등을 하기 좋다. 이곳은 한우구이 전문점으로 등심, 갈빗살, 채끝등심, 안심, 꽃살 등 다양한 부위의 소고기를 맛볼 수 있다.",,,20220914125648,20250829143517,http://tong.visitkorea.or.kr/cms/resource/27/2853227_image2_1.jpg,http://tong.visitkorea.or.kr/cms/resource/27/2853227_image3_1.jpg,Type3,6,5,26,170,FD,FD01,FD010100,A05,A0502,A05020100,부산광역시 동구 조방로42번길 12 (범일동),,48739,129.0620308373,35.1408051364,6
130642,14,조현화랑,"<a href=""http://www.johyungallery.com"" target=""_blank"" title=""새창: 조현화랑 홈페이지로 이동"">http://www.johyungallery.com</a>","조현화랑은 1989년 개관하여 한국의 현대미술의 오늘을 소개하고 지역 작가 발굴과 다양한 실험적 전시를 함으로써 부산 미술에 대한 활기를 불어넣는데 앞장섰다. 개관 당시 한국 현대 미술의 중요한 사조인 단색화 풍의 정창섭, 박서보, 이우환, 윤형근, 김기린의 전시를 여러 차례 열었다. 이것은 한국 추상 회화에 대한 앞선 안목과 한국 현대미술 사조에 대한 깊은 이해를 보여주는 것으로 조현화랑의 성격을 보여주는 중요한 바탕이 되었다. 현대미술의 거장들을 꾸준히 소개하였으며 최근에는 김종학, 이배, 권대섭, 김택상, 진 마이어슨, 보스코 소디, 베르나르 프리츠, 클로드 비알라, 조루쥬 루쓰, 아야 타카노 등의 전시를 선보이며 호평을 받았다. 더 나아가 한국 현대 미술사의 흐름에 빼놓을 수 없는 중요한 전시를 개최하고 국내외 거장뿐만 아니라 강강훈, 안지산, 이소연, 조종성 등 독보적인 작품세계의 구현으로 주목받는 작가들의 작업 활동 및 국제무대 진출을 위한 통로에 힘쓰고 있다. 현재 국내외 아트페어에 활발히 참가하며 동시대 현대미술을 전 세계에 소개하고 주도하는 역할을 해 나가고 있다.",,,20050630090000,20251118144404,http://tong.visitkorea.or.kr/cms/resource/85/3568585_image2_1.jpg,http://tong.visitkorea.or.kr/cms/resource/85/3568585_image3_1.jpg,Type3,6,16,26,350,VE,VE07,VE070600,A02,A0206,A02060500,부산광역시 해운대구 달맞이길65번길 171,,48117,129.1795840631,35.1568860663,6
2875886,38,좌동재래시장,,"좌동 재래시장은 부산광역시 해운대구 좌동에 위치한 상가 주택 복합형 전통시장으로, 신도시 지역과 인접해 있어 인근 주민들의 생활 편의를 돕는 시장이다. 시장은 다양한 품목과 고객 맞춤형 서비스를 제공함으로써, 실용성과 접근성을 동시에 갖춘 공간으로 운영되고 있다. 채소, 과일, 농산물, 축산물, 수산물 등 생필품 전반을 취급하고 있으며, 신선한 식재료를 직접 고르고 구매할 수 있는 환경을 제공한다. 시장은 교통이 편리한 지역에 위치해 있으며, 인근에 주차장이 마련되어 있어 차량 이용 고객도 비교적 편리하게 접근할 수 있다.",,,20221026132322,20250704094816,http://tong.visitkorea.or.kr/cms/resource/68/2875868_image2_1.JPG,http://tong.visitkorea.or.kr/cms/resource/68/2875868_image3_1.JPG,Type3,6,16,26,350,SH,SH06,SH060200,A04,A0401,A04010200,부산광역시 해운대구 좌동로91번길 20 (좌동),,48079,129.1744979476,35.1731091558,6
1304515,38,좌천동 가구거리,"<a href=""http://jcfurniture.alltheway.kr/"" target=""_blank"" title=""새창 : 좌천가구거리홈페이지로 이동"">http://jcfurniture.alltheway.kr/</a>","동구의 범일동 간선도로 양쪽의 가구거리는 50년대부터 형성된, 부산시내 가구점의 발상지대라 할 수 있다. 점포마다 나름의 특징이 있어 고객의 기호를 충족시키고 있다. 70년대 장식용 가구의 등장과 대량  수요증가로 칠기 상가가 생겨 100여 개의 업소가 밀집된 가구 상가 지역으로 자리 잡았다.  범일동의 가구거리와 좌천동의 자개골목은 바늘과 실의 관계라 할 수 있다. 농장을 만드는 농장공예는 범일동에서 일어나고 자개농과 자개장식구에 박을  자개를 갈고 닦는 조각공예는 좌천동에서 번창하여 서로를 돕게 되었다. 2008년 부산의 명물로 지정되었고 100여 개의 가구점과 300여 가지의 브랜드가 있다.",,,20110611010139,20251023143000,http://tong.visitkorea.or.kr/cms/resource/13/3552613_image2_1.jpg,http://tong.visitkorea.or.kr/cms/resource/13/3552613_image3_1.jpg,Type1,6,5,26,170,SH,SH05,SH050200,A04,A0401,A04010600,부산광역시 동구 중앙대로460번나길 24 (좌천동),,48727,129.0564925856,35.1351167823,6
2838820,39,주문진 막국수,,"부산 사직야구장 근처에 위치한 주문진 막국수는 부산 지역에서도 유명한 막국수 맛집으로, 현지인뿐만 아니라 관광객 사이에서도 입소문이 나있는 곳이다. 지하철 사직역에서 도보로 이동할 수 있을 만큼 가까워 접근성이 뛰어나며, 건물 1층에는 넉넉한 주차장이 마련되어 있어 차량 이용 시에도 불편함이 없다. 식당은 2층에 위치해 있으며, 신발을 벗고 들어가는 좌식 테이블 구조로 되어 있어 편안하고 아늑한 분위기 속에서 식사를 즐길 수 있다. 대표 메뉴는 막국수, 비빔막국수, 수육 등으로 다양하며, 특히 수육은 부드럽고 쫄깃한 식감과 칼칼한 김치가 어우러져 막국수와 함께 먹기에 궁합이 좋다. 매콤하면서도 감칠맛 나는 양념이 입맛을 돋우며, 모든 메뉴가 정갈하게 제공되어 만족도가 높다. 워낙 유명한 맛집이라 점심과 저녁 시간대에는 대기 시간이 발생할 수 있으니 여유 있게 방문하는 것이 좋다.",,,20220818134737,20250530133932,http://tong.visitkorea.or.kr/cms/resource/00/2838800_image2_1.jpg,http://tong.visitkorea.or.kr/cms/resource/00/2838800_image3_1.jpg,Type3,6,6,26,260,FD,FD01,FD010100,A05,A0502,A05020100,부산광역시 동래구 사직로58번길 8 (사직동),,47865,129.0595628726,35.1960405705,6
3510987,12,주식회사감천아울,,"주식회사감천아울은 감천문화마을을 배경으로, 환경을 생각하는 업사이클링 굿즈를 제작·판매하는 관광두레 주민사업체다. 주민의 손으로 만들어지는 제품들은 폐현수막과 자투리 천 등을 활용해 감천문화마을의 이야기를 담아낸다. 대표 상품인 '업사이클링 에코백’은 지역 내에서 수거한 소재를 활용해 제작되며, 감천의 감성을 담은 실용적인 친환경 아이템이다.",,,20250722144947,20250901144022,,,,6,10,26,380,EX,EX07,EX070200,A02,A0203,A02030400,"부산광역시 사하구 옥천로75번안길 10 (감천동, 제일아파트)",지하층,49366,129.0087950933,35.0934316812,6
3511057,12,주식회사뷰티홀릭,,"주식회사 뷰티홀릭은 부산 광안리를 중심으로, K-뷰티와 해양 웰니스를 결합한 이색적인 뷰티 체험 프로그램을 운영하고 있다. ‘뷰티 놀이터’에서의 체험형 K-뷰티 콘텐츠와 함께, 해양 뷰티 테라피를 통해 일상에 지친 몸과 마음을 힐링할 수 있는 시간을 제공한다.

<체험 안내>
1.해양 힐링 뷰티 DIY 체험
-내용: 해초비누, 입욕제, 립밤 만들기 등 해양 원료를 활용한 뷰티 키트 체험
-체험가능연령: 만 8세 이상 (보호자 동반시)
-체험 소요시간: 약 60~90분
-수용인원: 1회당 4~6명

2.광안리 감성 K-네일 체험
-내용: 바다·파도·조개 등을 모티브로 한 광안리 전용 아트 네일 디자인 제공. 젤네일 또는 네일팁 시술 선택 가능. 여행 기념으로 ‘부산 감성 네일’ 완성!
체험 후 광안리 바다 배경의 네일 포토존 제공
-체험가능연령: 만 15세 이상
-체험 소요시간: 약 40~60분
-수용인원: 1회당 3~4명 (예약제)

3.키즈 K-네일 체험 (놀이형 프로그램)
-내용: 만 6세 이상 어린이를 위한 놀이형 광안리네일 체험. 무독성 바다네일컬러, 캐릭터 네일 스티커, 모래반짝이,조개 아트 등으로 아이들이 직접 고르고 꾸미는 네일 놀이
체험 후 ‘키즈 네일 디자이너 인증서’ 증정,네일 아트 놀이 네일팁 키트 제공
키즈 포토존 인증샷 이벤트 진행",,,20250722152732,20251103101500,,,,6,12,26,500,EX,EX05,EX050600,A02,A0202,A02020500,"부산광역시 수영구 광안로7번길 17 (광안동, 세종 엠스테이3차)",제1층 107호,48297,129.1138175312,35.1579180661,6
3511011,38,주식회사아래모래,,"주식회사 아래모래는 감천문화마을을 배경으로 한 캐릭터 ‘감양이’와 ‘대롱이’를 활용해, 부산을 소개하는 다양한 관광 굿즈를 제작하고 있다. 그립톡, 키링, 봉제인형 등으로 구성된 캐릭터 상품은 특히 외국인 관광객에게 한국의 감성과 지역 문화를 전하는 기념품으로 인기를 끌고 있다.",,,20250722150746,20250901142900,,,,6,10,26,380,SH,SH07,SH070100,A04,A0401,A04011200,부산광역시 사하구 감내2로 100 (감천동),,49364,129.0081228329,35.0969979358,6
3511018,12,주식회사어반힐링,,"주식회사어반힐링은 ‘컬러를 찾아 떠나는 로컬 여행사’를 콘셉트로, K-뷰티와 퍼스널컬러 체험을 결합한 지역 관광 상품을 운영하고 있다. 대표 상품인 ‘Make up my trip’은 퍼스널컬러 진단과 메이크업 체험, 로컬 투어가 결합된 여행 상품으로, 컬러풀한 하루를 제공한다. 부산을 찾는 외국인 관광객을 대상으로 운영되며, 웰니스 체험과 야간 투어 등 다양한 수요에 맞춘 프로그램도 함께 제공한다.",,,20250722151452,20250901142737,,,,6,10,26,380,EX,EX07,EX070200,A02,A0203,A02030400,부산광역시 사하구 낙동대로 534 (하단동),,49324,128.9651983858,35.1118315978,6
3511071,12,주식회사피알아이피,"<a href=""https://www.instagram.com/theplace.busan/"" target=""_blank"" title=""주식회사피알아이피(으)로 이동"">https://www.instagram.com/theplace.busan/</a>","The, PRIP은 부산 수영구의 독립책방 ‘The, PLACE’를 거점으로, 여행을 주제로 한 체험형 프로그램을 운영하고 있다.  같은 여행이라도 각자의 방식으로 더 깊고 특별한 추억을 남길 수 있도록, 여행의 기억을 직접 담아내는 기념품 만들기 체험을 제공한다. 일반적인 관광 기념품이 아닌, 나만의 손으로 완성한 결과물을 통해 여행의 의미를 오래도록 간직할 수 있다.",,,20250722153720,20250901142215,,,,6,12,26,500,EX,EX07,EX070200,A02,A0203,A02030400,부산광역시 수영구 수영로 409 (남천동),4층,48316,129.1083545281,35.1429140892,6
129597,12,죽도공원,,"죽도공원은 송정공원이라고도 불리는 울창한 자연림으로 조성된 공원이다. 송정해수욕장 동쪽에 있는 죽도에 위치해 있으며, 죽도라는 지명은 경상 좌수영의 전시용(戰時用) 화살이 제조될 정도로 많은 대나무가 자라고 있어서 붙여졌다고 한다. 죽도공원은 해수욕장을 찾아오는 관광객 뿐만 아니라 지역 주민들에게도 편안한 휴식공간을 제공하는 곳이다. 공원을 따라 언덕으로 올라가는 길에 길게 이어진 산책로는 매끄러운 돌바닥으로 되어 있고, 갖가지 기념 조각물이 세워져 있어 볼거리를 제공해 준다. 곳곳에 의자가 놓여 있어 공원을 산책하면서 휴식을 취할 수 있다. 죽도공원 가장 안쪽 바위 끝에 위치한 암자인 송일정은 일출과 월출로 잘 알려진 곳이며, 송일정에서 바라보는 바다 전경은 시원한 풍광을 자랑한다. 송일정 주변에는 길게 벽이 쌓아져 있어 연인들이 이곳에 기대어 바다를 배경 삼아 떠오르는 태양과 달빛을 감상하며 낭만을 즐기기에 아주 적합하다. 죽도 공원 입구에 우뚝 솟아 흰색과 빨간색의 강렬한 대비를 이루는 두 개의 송정 등대가 있어 운치를 더해 준다.",,,20070713090000,20250520164017,http://tong.visitkorea.or.kr/cms/resource/88/3019388_image2_1.JPG,http://tong.visitkorea.or.kr/cms/resource/88/3019388_image3_1.JPG,Type3,6,16,26,350,VE,VE03,VE030100,A02,A0202,A02020700,부산광역시 해운대구 송정해변로 1-23,,48072,129.2061338980,35.1799561988,6
2608459,39,죽도횟집,,"부산 기장읍에 위치한 죽도횟집은 붕장어 전문점으로 회, 찜, 구이, 무침 등 붕장어를 다양하게 먹을 수 있는 곳으로 유명하며 붕장어 국과 찜을 개발한 곳이다. 탈수기에 탈수한 다른 집과는 달리 직접 붕장어를 칼로 잘게 썰어서 물기를 짜는 방식을 고수하며 색다른 맛을 느낄 수 있도록 콩가루가 뿌려진 채소를 제공하여 눈처럼 소복이 쌓인 붕장어 회를 초고추장에 비벼먹으면 그 맛이 일품이다. 붕장어 회는 뼈와 껍질이 완전히 제거되어 있어 아이부터 어른까지 편하게 즐길 수 있다. 붕장어 요리뿐 만 아니라 제철 활어회와 해물모듬 등 다양한 해산물 요리도 맛볼 수 있다. 가게 전용 주차장이 있어 이용도 편리하다.",,,20190629003257,20250729152345,http://tong.visitkorea.or.kr/cms/resource/93/2608593_image2_1.JPG,http://tong.visitkorea.or.kr/cms/resource/93/2608593_image3_1.JPG,Type3,6,3,26,710,FD,FD01,FD010100,A05,A0502,A05020100,부산광역시 기장군 기장읍 연화1길 215,,46082,129.2268671131,35.2195993671,6
3351515,15,중구민의 날 페스타,"<a href=""https://litt.ly/jung_gu_day"" target=""_blank"" title=""새창 : 중구민의 날 페스타 홈페이지 이동"">https://litt.ly/jung_gu_day</a>","제15회 중구민의 날(매년 9월 1일, 2011년 제정)을 맞이하여, 개항 이래 근현대사와 눈부신 경제성장의 중심지로서 우리나라의 역사와 전통을 간직한 제1부두에서 온 구민이 참여하고 즐길 수 있는 화합 한마당 행사를 개최한다. 제10회 중구 복지박람회와 연계하여 중구 복지시책을 한 눈에 아우르며 체험할 수 있고, 물놀이장, 아이스존 등 더위를 식혀 줄 체험과 다양한 먹거리 및 즐길거리가 준비되어 있다. 특히 설운도, 자두 등 인기가수 공연에 이어, 1,000여대의 불꽃 드론쇼가 여름 밤하늘을 아름답게 수놓을 예정이다.",051-600-4102,부산광역시 중구,20240821112214,20250905094101,http://tong.visitkorea.or.kr/cms/resource/60/3532060_image2_1.JPG,http://tong.visitkorea.or.kr/cms/resource/60/3532060_image3_1.JPG,Type3,6,15,26,110,EV,EV01,EV010200,A02,A0207,A02070200,부산광역시 중구 충장대로 26 (중앙동4가),,48940,129.0394309881,35.1055392233,6
3017435,12,중리노을전망대,"<a href=""https://www.yeongdo.go.kr/tour/01462/01463.web?amode=view&idx=2312&cpage=4"" target=""_blank"" title=""새창 : 홈페이지로 이동"">https://www.yeongdo.go.kr/</a>","천혜의 아름다운 낙조지역으로 알려진 중리바닷가에서 보다 안전하고 편안하게 황금빛 노을을 만끽할 수 있도록 조성한 중리노을전망대는 중리 바닷가 바로 위쪽에 위치해 있다. 주변의 빨간 등대와 푸른 파도의 연출은 일몰시 장관을 이루는 풍경을 만들어내고 있으며, 바닷가에서 바라보는 일몰은 환상적인 경관이라 할 수 있다. 중리 노을전망대는 해안가 도로 옆으로 전망대와 조형물만 설치되어 있으며, 다른 편의시설은 없다. 전망대 아래에는 해안산책로가 조성되어 있어 파도 소리를 들으며 바닷가를 산책할 수 있고, 낚시를 즐기는 낚시꾼들이 많이 찾는 곳이다. 인근에 해녀문화전시관과 75광장공원, 동삼공원등 관광할 수 있는 곳이 많은 지역이다.",,,20231004134030,20250507174001,http://tong.visitkorea.or.kr/cms/resource/53/3455153_image2_1.jpg,http://tong.visitkorea.or.kr/cms/resource/53/3455153_image3_1.jpg,Type1,6,14,26,200,VE,VE01,VE010200,A02,A0205,A02050600,부산광역시 영도구 동삼동,632-3,49118,129.0643270354,35.0692381886,6
2509838,32,지엔비호텔(GNB호텔),,"지엔비호텔은 부산지하철 자갈치역에서 도보 10분 거리에 있는 대형 호텔로, 스탠다드부터 디럭스, 스위트, 펜트하우스까지 다양한 타입의 객실을 제공한다. 특히 호텔의 자랑인 펜트하우스와 펜트하우스 플러스 객실에는 월풀스파가 있어 부산 도심 풍경을 바라보며 여행의 피로를 씻을 수 있고, 인덕션과 취사용품도 있어 요리도 할 수 있다. 조식은 지하 1층 레스토랑에서 제공하고, 비즈니스 출장객을 위해 1층 비즈니스센터에서 프린트, 스캔 서비스도 제공한다.",,,20171011201640,20250626104408,http://tong.visitkorea.or.kr/cms/resource/83/2808383_image2_1.png,http://tong.visitkorea.or.kr/cms/resource/83/2808383_image2_1.png,Type3,6,15,26,110,AC,AC01,AC010100,B02,B0201,B02010100,부산광역시 중구 흑교로 19 (부평동3가),,48976,129.0248379298,35.1012588776,6
2749611,28,지오클럽,"<a href=""https://www.instagram.com/g.o_club/"" target=""_blank"" title=""지오클럽 사이트로 이동"">https://www.instagram.com/g.o_club/</a>",지오 클럽 카라반은 기장군 일광 해수욕장 앞에 위치해 있다. 바다와 백사장이 바로 앞에 있어 하루 종일 해수욕을 즐길 수 있다. 뷰가 좋아서 바비큐 할 때도 바다 앞에서 파도 소리를 들으며 할 수 있다는 장점이 있다. 카라반 안에 모든 것이 갖춰져 있고 공용 화장실과 샤워실도 있다. 난방 시설도 갖춰져 있으며 수상 레저 시설도 가까이 있어 다양한 체험이 가능하다.,,,20210927192322,20250801165421,http://tong.visitkorea.or.kr/cms/resource/83/3516183_image2_1.jpeg,http://tong.visitkorea.or.kr/cms/resource/83/3516183_image3_1.jpeg,Type3,6,3,26,710,AC,AC05,AC050100,A03,A0302,A03021700,부산광역시 기장군 일광면 기장해안로 1272,,46044,129.2353514279,35.2578452406,6
2037531,25,지하철 타고 돌아보는 부산 시간여행,,"다양한 놀이시설이 있는 금강공원과 백두대간 끝자락이라 할 수 있는 금정산성, 부산의 근대역사를 품은 박물관, 활기 넘치는 자갈치 시장을 둘러보는 지하철 1호선 여행 코스. 자녀와 함께라면 더욱 즐거운 체험을 할 수 있다.",,,20151103202133,20250520104946,http://tong.visitkorea.or.kr/cms/resource/24/1877624_image2_1.jpg,http://tong.visitkorea.or.kr/cms/resource/24/1877624_image3_1.jpg,Type3,6,,26,260,C01,C0114,C01140001,C01,C0114,C01140001,,,,129.0762330134,35.2190105271,6
2844643,39,진품물회,,"진품물회는 부산광역시 기장군 기장읍 연화리에 있는 자연산 물회 전문점이다. 각 계절에 맞는 해산물과 활어를 매일 경매를 통해 공수받아 자연산 식재료만 사용하는 집이다. 시원한 물회 육수는 수년간의 노력으로 만든 이 집만의 비법이다. 대표 메뉴는 물회, 해물물회, 자리돔물회이고 해산물모둠, 참가자미물회, 회덮밥, 도다리물회 등도 있다.",,,20220826152921,20250828112524,http://tong.visitkorea.or.kr/cms/resource/41/2844641_image2_1.jpg,http://tong.visitkorea.or.kr/cms/resource/41/2844641_image3_1.jpg,Type3,6,3,26,710,FD,FD01,FD010100,A05,A0502,A05020100,부산광역시 기장군 기장읍 연화1길 65,,46082,129.2236758504,35.2150026005,6
2822910,14,창비부산,"<a href=""https://www.instagram.com/changbibusan/"" target=""_blank"" title=""새창 :  창비부산 인스타그램 페이지로 이동"">https://www.instagram.com/changbibusan/</a>","출판계 최초로 지역에서 독자를 만나는 복합문화공간인 창비부산은 책과 이야기, 책과 독자, 작가와 독자를 이어주는 문화공간으로 책을 좋아하는 모든 독자들이 자유롭게 이용할 수 있는 공간이다. 상설 전시와 책을 자유롭게 볼 수 있고 작가의 집필 모습과 생각을 공유할 수 있는 작가의 방과 모임과 각종 강연을 진행하는 창작홀, 비평홀, 그리고 계간지의 방으로 꾸며져 있다. 책을 좋아하는 사람들끼리 모여 독서모임을 갖는 것도 가능하다. 햇살 가득한 공간에서 친구와 책에 대해 이야기 나누는 특별한 시간을 만들기 좋은 공간이다.",,,20220607144036,20250422101614,http://tong.visitkorea.or.kr/cms/resource/67/2822867_image2_1.jpg,http://tong.visitkorea.or.kr/cms/resource/67/2822867_image3_1.jpg,Type3,6,5,26,170,VE,VE12,VE120100,A02,A0206,A02061000,부산광역시 동구 중앙대로209번길 16,2층,48816,129.0391696039,35.1163768939,6
2872258,39,채플린,,"채플린은 부산 기장군에 위치한 디저트 카페이다. 탁 트인 동해바다를 한눈에 볼 수 있고, 바다 전망과 쾌적하고 넓은 주차장을 구비하고 있다. 화창한 날에는 대마도가 한눈에 들어오는 채플린은 바다 전망도 좋지만, 카페 내부의 인테리어 또한 바다와 잘 어울리는 지중해 느낌으로 꾸며져 있다. 채플린은 스페셜티 커피와 이색적인 시즌별 식음료들, 전통 수제차, 매장에서 매일 만드는 신선한 베이커리 등을 판매하고 있다. 히비스커스뱅쇼와 블루베리라떼, 그린애플블랙티 같은 이색적인 음료와 함께 수제 바나나 푸딩, 수제 그릭요거트 등의 다양한 디저트 메뉴가 있어 취향에 맞게 선택해 즐길 수 있다.",,,20221021130051,20250701172653,http://tong.visitkorea.or.kr/cms/resource/57/2872257_image2_1.JPG,http://tong.visitkorea.or.kr/cms/resource/57/2872257_image3_1.JPG,Type3,6,3,26,710,FD,FD05,FD050100,A05,A0502,A05020900,부산광역시 기장군 기장읍 기장해안로 880,,46078,129.2446679494,35.2337953308,6
2782714,14,책방봄봄,,"부산 해운대 중동에 위치한 책방 봄봄은 그림책을 주제로 한 독립서점이다. 주인장이 영화 <유브 갓 메일>을 보고 아이디어를 얻은 서점이라고 한다. 책방 봄봄은 계단으로 이어진 독특한 내부 인테리어가 눈길을 사로잡는데, 층마다 커피와 책을 즐길 수 있는 공간도 마련돼 여유롭게 독서를 즐길 수 있다. 흔히 그림책이라고 하면 아이들이 읽는 책이라고 생각할 수 있겠지만, 이곳에서는 오히려 그림책을 통해 모든 연령이 교육이나 취미 등 다양한 분야에 접근할 수 있도록 한다. 그 때문에 텍스트로 가득 채워진 책이 부담스럽거나, 가벼운 마음으로 책을 읽고 싶은 이들에게 안성맞춤의 공간이다.",,,20211129202320,20250827165551,http://tong.visitkorea.or.kr/cms/resource/54/2795954_image2_1.png,http://tong.visitkorea.or.kr/cms/resource/54/2795954_image3_1.png,Type3,6,16,26,350,VE,VE12,VE120100,A02,A0206,A02061000,부산광역시 해운대구 좌동로 9 (중동),,48082,129.1684791847,35.1673652425,6
2782757,14,책방오월,"<a href=""https://www.instagram.com/owolbooks/"" target=""_blank"" title=""새창 : 책방오월 사이트로 이동"">https://www.instagram.com/owolbooks/</a>","책방 오월은 소설과 에세이, 고전 등 다양한 장르의 서적을 보유하고 있다. 대형서점처럼 베스트셀러 위주의 책을 진열해 놓기보다 개인의 관심사나 취향에 따라 고를 수 있는 재미를 준다. 또 아늑하면서도 아기자기한 감성이 묻어나는 인테리어 덕분에 편하고 여유로운 분위기에서 책을 즐길 수 있다. 벽에 붙여진 따스한 시선의 사진과 포스터 등이 눈길을 머물게 한다.",,,20211129221739,20250827165858,http://tong.visitkorea.or.kr/cms/resource/97/2795997_image2_1.jpg,http://tong.visitkorea.or.kr/cms/resource/97/2795997_image3_1.jpg,Type3,6,12,26,500,VE,VE12,VE120100,A02,A0206,A02061000,부산광역시 수영구 수영로607번길 28 (광안동),,48254,129.1121398296,35.1604483075,6
2721158,12,천마산하늘전망대,"<a href=""https://www.bsseogu.go.kr/tour/board/view.bsseogu?boardId=BBS_0000087&menuCd=DOM_000000304013000000&paging=ok&startPage=1&dataSid=5059""target=""_blank"" title=""새창 : 서구 문화관광"">https://www.bsseogu.go.kr</a>","천마산하늘전망대는 천마산로의 ‘사진 맛집’으로 불리는 곳이다. 전망대에 올라가면 부부가 손을 잡고 같은 곳을 바라보고 있는 조형물을 볼 수 있는데, 그 이유는 1,400만 관객을 동원한 영화 ‘국제시장’의 무대로도 쓰였던 곳이기 때문이다. 2019년 ‘천마산 산복마을 흔적길 조성 사업’이 마무리되면서 천마산로는 더 편리하게 정비되었다. 산복도로의 옛 정취는 간직하되 말끔한 모습을 더한 것이다. 현재 천마산로 일대에는 조명과 보행 데크 등이 설치되어 있어 안전한 밤 산책이 가능하다.",,,20210615195015,20250306173240,,,,6,11,26,140,VE,VE01,VE010200,A02,A0205,A02050600,부산광역시 서구 해돋이로183번길 17-4,,49259,129.0173415667,35.0936484810,6
2782794,38,천연제작소,"<a href=""https://www.instagram.com/Natural_factory2015/"" target=""_blank"" title=""새창 : 천연제작소 사이트로 이동"">https://www.instagram.com/Natural_factory2015/</a>","천연제작소는 제로웨이스트샵이자 무포장 가게다. 대나무 칫솔과 고체 치약, 유기농 비누, 수세미, 세제, 세척 솔 등 환경을 먼저 생각하는 천연제품들을 판매하고 있다. 유기농 비누의 경우 직접 향과 거품을 체험해 볼 수 있는 공간도 마련돼 있다. 세탁 세제와 섬유유연제, 주방세제는 g당 판매하고 있다. 그 때문에 용기를 직접 가져가거나 가게에 비치된 기부 용기에 소분 형식으로 구매할 수 있다. 현미와 찰보리, 찹쌀, 서리태, 귀리 등 각종 곡물도 같은 방식으로 소분해 판매한다. 이를 통해 일상에서 손쉽게 사용되고 버려지는 플라스틱 쓰레기를 줄이기 위한 실천을 제안한다. 손님들의 자발적 참여로 페트병 뚜껑 수거 캠페인도 진행한다. 버려지는 페트병 뚜껑을 깨끗이 씻고 말린 다음 색깔별로 분류하여 담으면 된다.",,,20211129224033,20250827170126,http://tong.visitkorea.or.kr/cms/resource/08/2796008_image2_1.jpg,http://tong.visitkorea.or.kr/cms/resource/08/2796008_image3_1.jpg,Type3,6,6,26,260,SH,SH05,SH050200,A04,A0401,A04010600,부산광역시 동래구 석사로 26 (사직동),,47858,129.0626958480,35.1991375040,6
2852238,39,철마대가한우직판장,,철마대가한우직판장은 부산광역시 기장군 철마면에 있는 소고기구이 전문점이다. 보림사에서 반송 방향 산길로 200m 정도 가면 있다. 특히 육회는 간이 적당하고 신선함이 느껴져 인기가 많다. 다양한 크기의 테이블과 룸이 있어 가족 외식이나 단체 회식을 하기 좋다. 전용 주차장이 넓어 편리한 이용이 가능하다.,,,20220908154055,20250828165950,http://tong.visitkorea.or.kr/cms/resource/30/2852230_image2_1.jpg,http://tong.visitkorea.or.kr/cms/resource/30/2852230_image3_1.jpg,Type3,6,3,26,710,FD,FD01,FD010100,A05,A0502,A05020100,부산광역시 기장군 철마면 난들길 8,,46050,129.1626601676,35.2709896369,6
2875311,39,철마원조추어탕,,"철마원조추어탕은 부산시 기장군 철마면 장전리, 철마 면사무소 부근에 있는 추어탕 전문점이다. 미꾸라지를 삶아, 곱게 뼈를 갈아 걸러낸 후 배추(얼갈이) 시래기를 넣고 끓이는 경상도식 추어탕이다. 밑반찬은 풀치 조림, 오이무침, 도라지무침, 깻잎, 고추절임 등이 있고 탕에 넣어 먹으면 맛을 북돋아 주는 산초가루, 고춧가루, 다진 마늘, 청양고추, 간장도 함께 나온다.",,,20221026095205,20250902102324,http://tong.visitkorea.or.kr/cms/resource/96/2875296_image2_1.JPG,http://tong.visitkorea.or.kr/cms/resource/96/2875296_image3_1.JPG,Type3,6,3,26,710,FD,FD01,FD010100,A05,A0502,A05020100,부산광역시 기장군 철마면 개좌로 763,,46049,129.1496613718,35.2683841323,6
2852250,39,철마한우수목원,,"철마한우수목원은 부산 기장군 철마면에 위치한 한우 전문점으로, 최고 등급의 암소 한우를 취급하는 프리미엄 한우 맛집이다.  논이 시원하게 펼쳐진 야외석도 마련되어 있어 자연 풍경을 감상하며 여유롭게 식사를 즐길 수 있다. 가족 단위 외식이나 단체 모임, 회식 장소로도 적합하며, 시골의 정겨운 분위기 속에서 전원 생활의 여유로움을 느낄 수 있는 것이 큰 매력이다. 또한 공작새와 희귀 조류 체험장이 있어 아이들과 함께하기 좋다. 철마한우수목원의 대표 메뉴는 한우모둠이다. 치맛살, 안심, 꽃살, 안창살, 안거미 부위는 한정판매로 하고 있으며, 식사메뉴도 칡냉면과 된장찌개 등 다양하게 준비되어 있다.",,,20220908154759,20250611170046,http://tong.visitkorea.or.kr/cms/resource/42/2852242_image2_1.jpg,http://tong.visitkorea.or.kr/cms/resource/42/2852242_image3_1.jpg,Type3,6,3,26,710,FD,FD01,FD010100,A05,A0502,A05020100,부산광역시 기장군 철마면 곰내길 308,,46050,129.1693117210,35.2943538074,6
482123,12,청량사(부산),,"부산 명지동에 황금 닭이 알을 품는 듯 평안히 둥지를 이루는 금계포란형의 형상을 하는 곳에 청량사가 있다. 풍수지리학적으로 명당 중의 명당으로 손꼽히는 곳에 위치하고 있는 청량사는 마을의 수호신인 당산할머니를 모신 사당으로부터 유래되었다. 청량사의 창건 연대는 분명치 않으나 석가모니 후불탱화 뒷면에 상세히 기록된 내용을 미루어 1917년으로 알려지고 있다. 당산각이 있던 자리에 인근 김해의 불모산 장유암 주지 금도스님이 교당을 세우고 3년 후인 1920년 석가모니 후불탱을 모셨다고 한다. 청량사는 초창기 장유암 교당으로 불리다가 이후 연호사로 개칭되었는데, 이는 홍수 때마다 일대가 물에 잠기어도 유독 사찰만은 홀로 머리를 내밀고 있는 모습이 마치 연꽃이 떠 있는 것과 같은 형상을 한다고 해서 붙여진 이름이다. 이후 한국불교의 한 기둥이었던 홍경선사가 주석하면서 홍수 피해가 많은 장마철에 맑은 날씨를 염원하는 마을 사람들의 기원을 담아 1961년 범어사 말사로 등록하면서 청량사로 고쳐 불렀다고 한다.",,,20080222231916,20250407151818,http://tong.visitkorea.or.kr/cms/resource/85/3041185_image2_1.JPG,http://tong.visitkorea.or.kr/cms/resource/85/3041185_image3_1.JPG,Type3,6,1,26,440,HS,HS03,HS030100,A02,A0201,A02010800,부산광역시 강서구 제도로 29,,46717,128.9190855715,35.1177578650,6
2855624,38,청마가옥,"<a href=""https://litt.ly/cmgo"" target=""_blank"" title=""새창 : 청마가옥 홈페이지로 이동"">https://litt.ly/cmgo</","청마가옥은 영도에 위치한 오랜 기간 동안 폐가였던 곳을 리모델링한 공간이다. 단순히 공간만을 고쳐낸 것이 아닌 이 곳 터에 있던 집의 형태나 세월의 흔적들을 최대한 살린 공간으로 부산항과 용두산공원이 한눈에 보이는 공간이다. 기존의 집터의 모습을 최대한 보존하고자 하여 편안하고 부드러운 옛 감성을 물씬 느낄 수 있다. 다양한 종류의 와인, 음료, 스낵 등을 판매하고 있으며, 이 외에도 칵테일 클래스 등 다양한 문화, 예술 활동을 이어가고 있다. 청마가옥은 지역 주민들의 문화 공간으로 활용되며 지역 문화의 중심지의 역할을 하고 있다. 공간대여가 가능하여 다양한 모임을 가지는 것도 가능하다.",,,20220919174453,20250522173028,http://tong.visitkorea.or.kr/cms/resource/45/2781045_image2_1.jpg,http://tong.visitkorea.or.kr/cms/resource/45/2781045_image3_1.jpg,Type3,6,14,26,200,SH,SH05,SH050100,A04,A0401,A04010700,부산광역시 영도구 오동꽃길 43,,49028,129.0521218937,35.0929880838,6
3027700,12,청사포 기찻길,,"바닷물이 맑기로 알려진 청사포는 달맞이고개 아래쪽에 있는 작은 포구이며 바다로 나간 뒤 돌아오지 않는 남편을 기다리다 소나무가 되었다는 망부송의 애달픈 전설이 전해지는 마을이다. 청사포기찻길은 동해남부선 폐선부지를 활용한 해안선을 따라 걷는 도심 산책로이다. 산책로 방향에 따라 광안대교, 달맞이, 마린시티 등 대표 관광지를 한눈에 담을 수 있는 전국적인 사진 스팟 및 트레킹 장소이다. 동해남부선 옛 철도시설을 친환경적으로 재개발하여 해안절경을 따라 해운대 해변열차와 해운대 스카이캡슐을 운행하고 있다. 해변열차는 아름다운 동부산을 감상하며 해운대 미포에서 청사포를 거쳐 송정까지 왕복으로 운행하는 교통수단을 겸비한 관광열차이다. 해운대 스카이캡슐은 신비로운 해안절경을 공중 레일에서 관람하면서 해운대 미포에서 청사포까지의 구간을 자동으로 운행하는 낭만적인 캡슐이다.",,,20231030104651,20250404151648,http://tong.visitkorea.or.kr/cms/resource/53/3027653_image2_1.JPG,http://tong.visitkorea.or.kr/cms/resource/53/3027653_image3_1.JPG,Type3,6,16,26,350,EX,EX07,EX070200,A02,A0203,A02030400,부산광역시 해운대구 달맞이길62번길 13 (중동),,48098,129.1728512790,35.1581969059,6
2670611,39,청와정,,한국의 대표 보양 음식을 판매하는 곳이다. 대표메뉴는 한방백숙이다. 부산광역시 부산진구에 있는 한식 전문점이다.,,,20200903224253,20250729112351,http://tong.visitkorea.or.kr/cms/resource/97/2670697_image2_1.jpg,http://tong.visitkorea.or.kr/cms/resource/97/2670697_image2_1.jpg,Type3,6,7,26,230,FD,FD01,FD010100,A05,A0502,A05020100,부산광역시 부산진구 동평로44번길 55,,47177,129.0361630060,35.1641103825,6
3533147,32,청킹멘션부산,,"전포안의 전포, 전포사잇길에 위치한 2층 독채 스테이 입니다.
1993년 개봉한 “중경삼림”의 색채를 오마주하여 과감한 컬러로 마감한 디자인 하우스 입니다.
복도는 중경삼림의 포스터 액자를 비치하여 입구로 연결되는 복도가 마치 청킹맨션부산의 예고편이 될 수 있도록 연출 하였습니다.
청킹맨션부산의 문을 열고 들어오면 새로운 전포동과 마주할 수 있습니다.

최소 2박 이상 예약 가능합니다.",,,20250908222710,20250922185238,,,,6,7,26,230,AC,AC06,AC060200,B02,B0201,B02011100,부산광역시 부산진구 서전로58번길 15-3 (전포동),,47303,129.0663189033,35.1572450414,6
2736392,12,청학수변공원,"<a href=""https://www.yeongdo.go.kr/tour/01462/01463.web?idx=2171&amode=view"" target=""_blank"" title=""새창 : 홈페이지로 이동"">https://www.yeongdo.go.kr</a>","청학 수변공원은 부산해양경찰서 청학 출장소 옆에 있는 바닷가 작은 공원으로, 지역주민을 중심으로, 부산항만공사와 부산 지방해양항만청이 함께 조성한 민간 최초의 수변공원이다. 부산항대교와 대교로 올라가는 경사도로를 가까이서 볼 수 있는 공원으로도 유명하다. 조경은 물론이고 체육시설까지 잘 갖추진 공원으로, 맨발로 발바닥 지압을 하면서 걸을 수 있는 지압 발판대도 있다. 부산항대교의 아름다운 야경 촬영 명소로 알려지면서 영도의 새로운 유명 관광지로 부상하고 있다.",,,20210825192049,20250422095512,http://tong.visitkorea.or.kr/cms/resource/30/3080230_image2_1.JPG,http://tong.visitkorea.or.kr/cms/resource/30/3080230_image3_1.JPG,Type3,6,14,26,200,VE,VE03,VE030500,A02,A0202,A02020700,부산광역시 영도구 청학동 217-43,,,129.0611626448,35.0977293865,6
2790483,38,청학시장,"<a href=""https://www.yeongdo.go.kr/tour/01462/01463.web?idx=2188&amode=view""target=""_blank"" title=""새창 : 영도구 문화관광 이동"">https://www.yeongdo.go.kr</a>","청학시장은 부산광역시 영도구 청학동에 위치한 전통시장으로, 영도구 청학동 현 시장 위치에 도로를 중심으로 주변에 자연스럽게 형성된 시장이다. 1971년 천막 시장이 자리하고 있었으나 1980년대에 도시화 계획에 따라 사라지면서 차츰 건물형과 골목형이 결합되었고 인근 지역 주민들이 이용하는 상가 주택 복합형 시장으로 활성화되었다. 2007년 7월 전통 시장으로 인정받았고, 대지면적은 3,996㎡, 매장 면적은 2,424㎡의 크기에, 총 점포 수는 100여 개이다. 주요 취급 품목은 채소, 과일, 생선 위주의 농수산물과 축산물이며 의류, 잡화 등도 판매하고 있다. 고객 편의 시설로 공중 화장실과 아케이드가 있다.",,,20211209195358,20250828102744,http://tong.visitkorea.or.kr/cms/resource/96/2790996_image2_1.JPG,http://tong.visitkorea.or.kr/cms/resource/96/2790996_image3_1.JPG,Type3,6,14,26,200,SH,SH06,SH060200,A04,A0401,A04010200,부산광역시 영도구 태종로316번길 1 (청학동),,49023,129.0603710770,35.0966433823,6
2838849,39,초량1941,"<a href=""https://www.instagram.com/_choryang/""target=""_blank"" title=""새창 : 초량1941 사이트로 이동"">https://www.instagram.com/_choryang/</a>","초량 1941은 건물을 부산 동구에 위치해있으며, 지은 년도와 지역명이 합쳐진 이름이다. 우유를 기본으로 브랜딩을 한 카페로 부산역 뒤편의 산복도로를 따라 올라가는 이바구길 끝자락 산기슭에 자리 잡고 있다. 과거 일본식 가옥을 리모델링한 독특한 외관과 내부 인테리어가 인상적이다. 빈티지한 가구와 아기자기한 소품들로 꾸며진 실내는 과거로 시간 여행을 떠난 듯한 분위기를 자아내 방문객들에게 색다른 경험을 선사한다. 이곳에서 다양하게 개발하여 만든 우유음료는 방부제  및 화학첨가물을 사용하지 않는다. 카페인에 민감한 사람이나 유제품 알레르기가 있는 사람은 주의가 필요하다. 우유음료뿐만 아니라 다양한 과일샌드 디저트도 맛볼 수 있다.",,,20220818135702,20250530135106,http://tong.visitkorea.or.kr/cms/resource/47/2838847_image2_1.jpg,http://tong.visitkorea.or.kr/cms/resource/47/2838847_image3_1.jpg,Type3,6,5,26,170,FD,FD05,FD050100,A05,A0502,A05020900,부산광역시 동구 망양로 533-5 (초량동),,48717,129.0298925398,35.1198180048,6
2870751,39,초량845,"<a href=""https://www.instagram.com/choryang845""target=""_blank"" title=""새창 : 업체인스타그램 이동"">https://www.instagram.com/choryang845</a>","부산 동구 초량동에 있는 초량 845는 높은 언덕에 있어 부산 풍경을 한눈에 담을 수 있는 전망 좋은 브런치 카페이다. 전용 주차장이 건물 옆에 있어 편하게 주차할 수 있고, 오르막길에 있어 자차 이용을 추천한다. 창고를 개조한 듯한 빈티지 느낌의 내부는 층고가 넓고, 통창으로 개방감이 좋다. 메뉴는 명란오일파스타, 프렌치 토스트 등 브런치 메뉴와 다양한 음료를 판매하고 있다. 화이트 톤의 심플한 인테리어와 세련된 가구들이 구비되어 있으며 좌석 간 간격이 여유 있어 편하게 대화할 수 있다. 낮에 가도 좋지만, 밤에는 부산의 멋진 야경을 볼 수 있어 저녁에 방문하는 사람들이 많다. 근처에 숲길 산책코스로 좋은 중앙공원도 있어 함께 둘러보기 좋다.",,,20221019162334,20250625174637,http://tong.visitkorea.or.kr/cms/resource/46/2870746_image2_1.jpg,http://tong.visitkorea.or.kr/cms/resource/46/2870746_image3_1.jpg,Type3,6,5,26,170,FD,FD05,FD050100,A05,A0502,A05020900,부산광역시 동구 망양로533번길 8 (초량동),,48717,129.0297258951,35.1195208123,6
1942239,12,초량교회,"<a href=""http://www.choryang.org/"" target=""_blank"" title=""새창 : 초량교회 홈페이지로 이동"">http://www.choryang.org</a>","초량교회는 1892년 선교사 윌리엄 베어드가 설립한 부산 최초의 교회이며 선교사에 의해 설립된 한강 이남 최초의 교회다. 처음에는 선교사 기지 내의 영선현교회로 시작했는데, 교세가 늘어나자 영주동 봉래초등학교 앞에 있던 동사무소를 빌려 교육관으로 사용하다가 1912년 이곳을 매입해 교회로 바꿨다. 이후 영주동교회, 초량 3·1 교회를 거쳐 초량교회로 교회명을 바꾸었다. 일제강점기 초량교회는 항일민족독립운동과 밀접한 관계를 지니고 있었다. 신사참배 반대운동에 앞장섰으며 독립운동가들의 비밀 기도처가 됐다는 점에서 의의가 있다. 현재는 초량교회 역사관을 운영하며 교회가 보관하고 있는 역사적 자료들과 함께 힘들었던 시대에 초량교회가 걸어온 발자취를 전시하고 있다.",,,20140819231408,20250319190228,http://tong.visitkorea.or.kr/cms/resource/14/3343314_image2_1.jpg,http://tong.visitkorea.or.kr/cms/resource/14/3343314_image3_1.jpg,Type3,6,5,26,170,HS,HS03,HS030200,A02,A0201,A02010900,부산광역시 동구 초량상로 53,(초량동),48812,129.0369614421,35.1171434347,6
2785956,39,초량밀면,,"부산 대표 먹거리 중 하나인 밀면 맛집 초량밀면 전문점은 부산역 건너편에 있다. 밀면은 6·25 전쟁 때 부산으로 피난 온 이북 사람들이 고향에서 즐겨 먹던 냉면을 그리워하다가 당시 구호물자로 받은 밀가루와 전분을 섞어 만들면서 지금의 밀면으로 자리 잡았다. 초량밀면은 물, 비빔 두 가지로 물밀면의 육수는 한방 약재를 넣고 달여 맛을 냈는데 자극적이지 않고 신맛이 적어 부담 없이 즐길 수 있다. 비빔면은 새콤달콤한 양념에 다진 땅콩을 넣어 고소한 맛을 더했다.",,,20211206191232,20250828094855,http://tong.visitkorea.or.kr/cms/resource/24/2800524_image2_1.jpg,http://tong.visitkorea.or.kr/cms/resource/24/2800524_image2_1.jpg,Type3,6,5,26,170,FD,FD01,FD010100,A05,A0502,A05020100,부산광역시 동구 중앙대로 225 (초량동),,48815,129.0406944453,35.1173462584,6
2869135,38,초량시장,,"1975년 개설된 상가 건물형의 중형시장이다. 부산역 근처 가볼 만한 곳으로 초량전통시장은 부산역에서 도보로 10분이면 도착하는 곳에 있어 접근성이 좋다. 생기와 매력이 넘쳐나는 초량전통시장은 부산역에서 내린 관광객들의 발길이 닿는 곳이면서, 인근 주민들도 즐겨 찾는 곳이다. 초량전통시장은 현대화 사업을 통해 깔끔하게 정돈되어 밝은 분위기를 느낄 수 있다. 높고 튼튼한 아케이드 천장과 곳곳에 보이는 장승 모형, 통일된 간판이 인상적이다. 전통시장의 느낌은 그대로 느끼면서 깔끔한 현대적인 분위기를 모두 느낄 수 있는 곳이다. 주변에 차이나타운과 부산역의 유동 인구를 활용해 시장 홍보 방법을 모색하고 축제 한마당 행사를 진행하여 많은 사람들이 방문하고 있다.",,,20221018141150,20250620151133,http://tong.visitkorea.or.kr/cms/resource/25/2869125_image2_1.JPG,http://tong.visitkorea.or.kr/cms/resource/25/2869125_image3_1.JPG,Type3,6,5,26,170,SH,SH06,SH060200,A04,A0401,A04010200,부산광역시 동구 초량로13번길 8,,48815,129.0400611298,35.1186849857,6
2870703,39,초량온당,"<a href=""https://www.instagram.com/choryang_ondang/"" target=""_blank"" title=""새창 : 초량온당 인스타그램으로 이동"">https://www.instagram.com/choryang_ondang/</a>","부산 동구 초량동에 위치한 빵집 ‘초량온당’은 부산 여행 맛집 리스트에 소개되는 빵집이다. 문을 열기 30분 전부터 대기 예약을 받을 정도로 손님이 몰리며, 대기시간이 생기는 곳이다. 초량온당에서는 맘모스빵, 크럼블, 크림빵, 스콘, 에그타르트 등 다양한 빵과 디저트를 선보인다. 이 중에서 ‘맘모스빵’과 ‘크럼블’은 진한 원물 재료의 맛을 그대로 느낄 수 있어 인기인 메뉴이다. 맘모스빵은 대기 번호 30번 전후로 소진될 만큼 인기가 높아 일찍 방문해야 맛볼 수 있다. 다양한 메뉴는 날마다 조금씩 바뀌기 때문에, 방문 전에는 공식 홈페이지를 통해 정보를 확인 할 수 있다.",,,20221019161156,20250625173943,http://tong.visitkorea.or.kr/cms/resource/96/2870696_image2_1.jpg,http://tong.visitkorea.or.kr/cms/resource/96/2870696_image3_1.jpg,Type3,6,5,26,170,FD,FD03,FD030100,A05,A0502,A05020900,부산광역시 동구 초량중로 135 (수정동),,48794,129.0415747569,35.1234594789,6
2852263,39,초오록,,"부산광역시 기장군 일광면 화전리에 있는 초오록은 기장 IC에서 가까운 카페이다. 조경이 잘된 정원이 있어 주변이 온통 초록빛으로 여유롭고 조용하다. 카페 내부에도 자리가 많지만, 날씨가 좋으면 잔디밭 파라솔이 인기다.  정원 카페로도 소문난 이곳의 대표 메뉴는 크리스피 토스트, 브런치 플레이트, 햄치즈샌드위치 등이고 우도 땅콩으로 만든 우도땅콩슈도 인기다. 그밖에 다양한 음료와 커피, 크로플과 스콘, 에그타르트가 있다. 또 젤라또 아이스크림은 어린이들이 좋아하는 메뉴이다. 깔끔한 분위기의 카페 건물과 정원에 야외 조명이 켜지면 마치 산속 깊은 산장에 와 있는 기분이 든다. 가까운 곳에 일광이천생태공원이 있어 함께 둘러보기 좋다.",,,20220908155430,20250120172830,http://tong.visitkorea.or.kr/cms/resource/56/2852256_image2_1.jpg,http://tong.visitkorea.or.kr/cms/resource/56/2852256_image3_1.jpg,Type3,6,3,26,710,FD,FD05,FD050100,A05,A0502,A05020900,부산광역시 기장군 화용길 103-17,,46048,129.2215574939,35.2827394161,6
1280921,39,초원농원,,"부산 시민들의 대표적인 공원인 삼락강변공원 근처에 위치하여 낙동강과 삼락공원을 한눈에 볼 수 있고 가족, 친지, 연인들이 저렴한 가격에 한우를 맛볼 수 있는 곳이다. 초원농원의 한우는 직접 도축에서부터 1차 가공, 2차 가공을 포함한 전 과정을 HACCP 작업장에서 직접 작업함으로써 건강하고 신선한 축산물 만을 공급한다. 한우는 부위를 선택할 수 있어서 다양하게 맛볼 수 있고 이외에 초원한우물회, 왕갈비탕 등 메뉴가 있다.",,,20110517190516,20250306153159,,,,6,9,26,530,FD,FD01,FD010100,A05,A0502,A05020100,부산광역시 사상구 낙동대로 1498 주식회사 국제식품,,46903,128.9829474247,35.1922756903,6
2734175,28,초원숲속캠핑장,"<a href=""http://초원숲속글램핑.com"" target=""_blank"" title=""새창 : 럭셔리글램핑 홈페이지로 이동"">http://초원숲속글램핑.com</a>","부산 근교에 있는 숲속 야영장이다. 해운대 해수욕장이 차량으로 25분 거리에 있다. 장비 하나 없이 빈손으로 가서 즐길 수 있는 글램핑장으로 족구장, 트램펄린, 수영장, 동물농장 등 아이들과 즐길 거리도 다양하게 마련되어 있다. 추가 비용을 지불하면 조식과 석식도 제공받을 수 있어 편하게 휴식 가능하다.",,,20210818001256,20250901154724,http://tong.visitkorea.or.kr/cms/resource/79/2799379_image2_1.png,http://tong.visitkorea.or.kr/cms/resource/79/2799379_image2_1.png,Type3,6,3,26,710,AC,AC05,AC050100,A03,A0302,A03021700,부산광역시 기장군 정관읍 병산1길 18,,46003,129.1880920151,35.3449845893,6
2865403,39,초함,,"부산진구 성지로에 있는 초함은 개별 룸이 있는 한정식 전문점이다. 식당 입구에는 푸른 잎이 우거진 나무와 화분이 가득하고 초함의 내부는 돌, 나무, 황토로 꾸며져 향토적 분위기의 인테리어가 눈길을 끈다. 개별 룸으로 좌식, 입식 테이블로 이루어져 있다. 한정식 전문점으로 샐러드, 버섯볶음, 김치, 멸치볶음, 무생채, 물김치, 두부, 호박 무침 등 다양한 반찬들이 나온다. 대표매뉴는 유황오리백숙으로 각종약재와 전복, 녹두가 들어가 보양식으로 좋다. 주문과 동시에 조리하기 때문에 미리 주문하는 것을 추천한다. 새벽 시간까지 영업하는 초함은 식사류뿐 아니라 안주류로 먹을 수 있는 알탕, 골뱅이무침 등 다채로운 메뉴가 준비되어 있다. 근처에 부산 시민도서관과 어린이 대공원이 가까이 있어 함께 방문하기 좋다.",,,20221011170317,20250619111207,http://tong.visitkorea.or.kr/cms/resource/88/2865388_image2_1.jpg,http://tong.visitkorea.or.kr/cms/resource/88/2865388_image3_1.jpg,Type3,6,7,26,230,FD,FD01,FD010100,A05,A0502,A05020100,부산광역시 부산진구 성지로 101 (초읍동),,47125,129.0523750701,35.1792367648,6
2744582,38,충무동 새벽시장,,"부산 서구의 전통시장인 충무동 새벽시장은 부산 남항과 인접해 있다. 과거에는 새벽 배가 들어오는 시간에 시장이 섰는데 1965년부터 상설시장으로 운영되고 있다. 350여 개의 점포로 구성되어 있으며 큰길에는 주로 싱싱한 해산물을 판매하는 상가가 많다. 농산물, 육류, 반찬은 물론 생활용품까지 다양한 상점들로 구성되어 있다. 지붕이 있어 장보기 좋은 환경이라 이용객이 많다. 매일 새벽 2시부터 싱싱한 채소와 수산물이 모이는 충무동 새벽시장에서 손님이 가장 많은 곳은 김해에서 직송해 온 채소와 반찬으로 유명한 김해 골목이다. 또한 자갈치시장과 부평 깡통시장, 국제시장 등 정겹고 활기 넘치는 시장들이 지척에 있다.",,,20210915003448,20251031094110,http://tong.visitkorea.or.kr/cms/resource/30/2744930_image2_1.jpg,http://tong.visitkorea.or.kr/cms/resource/30/2744930_image2_1.jpg,Type3,6,11,26,140,SH,SH06,SH060200,A04,A0401,A04010200,부산광역시 서구 해안새벽시장길 68 (남부민동),,49254,129.0250186863,35.0932847737,6
2656194,12,친환경 스카이웨이 전망대(이바구길),"<a href=""https://www.visitbusan.net/index.do?menuCd=DOM_000000201001001000&uc_seq=1868""target=""_blank"" title=""새창: 부산문화관광"">http://tour.busan.go.kr/index.busan</a>","부산 동구 초량동에 위치한 친환경 스카이웨이 전망대는 부산의 야경을 즐길 수 있는 명소다. 이바구길의 끄트머리 쪽에 위치하였다. 산복도로 부산여행에서 빠질 수 없는 명소이다. 자연 친화적인 데크길이 조성되어 지역 주민들에게 휴식공간을 제공한다. 전망대에 서면 부산항대교가 가로지르는 북항을 비롯해 신선대부두와 영도, 남포동과 자갈치, 용두산공원 등이 파노라마로 펼쳐진다. 또한 힐링테마숲길이 조성되어 있어 도심 속에서도 푸르른 자연을 즐길 수 있도록 하였다.",,,20200514193538,20250319185847,http://tong.visitkorea.or.kr/cms/resource/06/2720806_image2_1.jpg,http://tong.visitkorea.or.kr/cms/resource/06/2720806_image3_1.jpg,Type3,6,5,26,170,VE,VE01,VE010200,A02,A0205,A02050600,부산광역시 동구 초량동,,48717,129.0306535435,35.1213095185,6
2794743,39,칠성식당 본점,,"문현동의 칠성식당은 곱창 이외에 다양한 메뉴를 추가하지 않고 오로지 단일 메뉴 곱창만을 취급하는 음식점이다. 본점과 분점이 모여 있어 이용하는 데 접근성이 용이하다. 양념이 된 곱창은 불에 초벌구이를 하는데 먹다 보면 깊은 맛에서 불 맛을 느낄 수 있으며 누린내가 전혀 나지 않는다. 테이블에서는 연탄을 올려서 구이를 하는데, 불판에 구멍이 뚫어져 있어서 곱창에 불 맛을 더욱 더할 수 있고, 알루미늄 포일에 굽는 것보다 기름도 빠져서 담백해지고 조금 더 건강하게 즐길 수 있다. 또한 함께 나오는 찬들과 소박함이 묻어나는 국물김치와도 함께 어우러져 곱창 맛을 한껏 돋우고 있다. 곱창에 발라져서 나오는 양념이 맵기가 자극적이라기보다는 적당한 편이라, 남녀노소 부담을 갖지 않고 먹을 수 있다. 곱창을 기본으로 하고 있긴 하지만, 곱창을 못 먹는 사람이라면 삼겹살도 주문이 가능하다. 칠성식당은 영화 <친구>의 촬영 배경이 되었던 집으로 알려져 있어 많은 관광객들이 찾는 곳이다.",,,20211214040115,20250103145516,http://tong.visitkorea.or.kr/cms/resource/11/2794811_image2_1.jpg,http://tong.visitkorea.or.kr/cms/resource/11/2794811_image2_1.jpg,Type3,6,4,26,290,FD,FD01,FD010100,A05,A0502,A05020100,부산광역시 남구 지게골로 7,(문현동),48456,129.0683387579,35.1358252547,6
2848949,39,칠암만장,"<a href=""https://www.instagram.com/chilam_manjang/""target=""_blank"" title=""새창 : 칠암만장 인스타그램으로 이동"">https://www.instagram.com/chilam_manjang/</a>","부산시 기장군 칠암 앞바다에 위치한 칠암만장은 장어구이 맛집이다. 칠암만장의 민물장어는 무항생제로 건강하게 키운 자포카니아만을 사용하여 요리한다. 주문 즉시 만들어 내는 영양 가득한 솥밥과 함께 건강하고 맛있는 음식으로 장어 요리를 선사하고 있다. 대표 메뉴는 대나무 숯불에 구워 은은한 대나무향의 장어와 장어뼈를 넣어 오랜시간 끓인 특별한 소스를 더한 민물장어 숯불구이로, 간장과 고추장 두 가지 맛이 있어 취향에 맞게 골라먹을 수 있다. 가지와 다진 고기를 칠암만장의 특별한 소스와 함께 볶아서 만든 가지 소보루 솥밥과 마리네이드한 부채살을 주문 즉시 구워내 풍미를 더한 소스와 함께 즐기는 부채살 솥밥 등 장어구이 외에도 다양한 솥밥 메뉴를 즐길 수 있다.",,,20220905103310,20250610113114,http://tong.visitkorea.or.kr/cms/resource/92/2848692_image2_1.jpg,http://tong.visitkorea.or.kr/cms/resource/92/2848692_image3_1.jpg,Type3,6,3,26,710,FD,FD01,FD010100,A05,A0502,A05020100,부산광역시 기장군 일광읍 일광로 648,,46040,129.2582316020,35.2999631688,6
2822840,39,칠암사계,"<a href=""https://www.instagram.com/chilamsagye/"" target=""_blank"" title=""새창 : 칠암사계 인스타그램으로 이동"">https://www.instagram.com/chilamsagye/</a>","칠암사계는 부산에서 오랜 세월 사랑받아 온 이흥용 과자점이 지역 건축가와 협업하여 인심이 후한 어촌 마을 칠암에 베이커리 갤러리를 만들었다. 다양한 방식으로 고객들과 소통하고 가깝게 다가가고자 만든 이 공간은 건물 너머 들리는 파도 소리와 나뭇잎이 바람에 부딪쳐 내는 소리를 느끼고 싱그러운 이끼의 향을 맡으며 수목들 사이를 천천히 걸으며 마음이 여유로움을 느낄 수 있는 곳이다. 칠암사계는 변함없이 따듯한 편안함과 함께 계절마다 새로운 설렘을 가지고 올 수 있는 곳이며, 가까운 마을 사람, 멀리서 찾아오는 모든 사람들에게 평온하고 아름다운 힐링의 시간을 제공한다.",,,20220607134505,20250519093518,http://tong.visitkorea.or.kr/cms/resource/00/2822900_image2_1.jpg,http://tong.visitkorea.or.kr/cms/resource/00/2822900_image3_1.jpg,Type3,6,3,26,710,FD,FD05,FD050100,A05,A0502,A05020900,부산광역시 기장군 칠암1길 7-10,,46040,129.2589676506,35.2999215202,6
2775556,39,칠암일번지횟집,,"부산 기장군에 위치한 칠암일번지횟집은 30년 전통의 붕장어 회를 판매하는 곳이다. 붕장어 회와 붕장어 숯불구이가 대표 메뉴이며, 어린이를 위한 어린이 볶음밥도 준비되어 있다. 이곳은 바닷가 근처에 위치해 있어 운치가 있다. 옥수수, 브로콜리, 단호박, 새우 등 정갈하고 깔끔한 밑반찬이 제공되며, 쌈 채소들도 싱싱해 입맛을 돋운다. 맛있는 양념이 깊이 벤 장어구이는 숯불 향이 좋고 산초가 들어간 매운탕으로 마무리를 하면 든든한 한 끼 식사가 완성된다. 붕장어, 광어, 우럭 모두 전국으로 택배도 가능하다.",,,20211118004358,20251023143000,,,,6,3,26,710,FD,FD01,FD010100,A05,A0502,A05020100,부산광역시 기장군 일광면 문오성길 547,,46040,129.2592953908,35.3002520455,6
2702333,15,카운트다운 부산,"<a href=""http://countdownbusan.co.kr/"" target=""_blank"" title=""새창 : 카운트다운 부산 축제 페이지"">http://countdownbusan.co.kr/</a>",부산 광안리 해수욕장 일원에서 한 해를 보내고 새로운 한 해를 맞으며 보내는 행사로 병오년(丙午年) 말의 해를 맞아 다양한 프로그램과 함께 축하공연과 카운트다운이 진행된다. 수영구 대표 행사로 자리매김하여 부산 대표축제로 성장하였으며 대규모 드론쇼 공연과 함께 시민들의 관심과 참여로 새로운 미래를 향한 도약과 응원의 메시지를 전하는 모두의 축제이다.,051-850-9000,"KNN, 수영구청",20211230010308,20251222174448,http://tong.visitkorea.or.kr/cms/resource/64/3579164_image2_1.png,http://tong.visitkorea.or.kr/cms/resource/64/3579164_image3_1.png,Type3,6,12,26,500,EV,EV01,EV010600,A02,A0207,A02070200,부산광역시 수영구 광안해변로 219 (광안동),광안리 해수욕장,48303,129.1185477876,35.1538130576,6
250562,39,카파도키아,,"부산 금정구에 위치한 카파도키아는 터키 본토 분위기를 느낄 수 있는 음식점이다. 치즈 피데와 다양한 케밥 세트 메뉴가 인기 있으며, 고기와 파프리카가 들어간 익숙한 맛의 피자도 즐길 수 있다. 주차도 편리해 가족이나 친구들과 함께 방문하기 좋으며 특히 어린이 메뉴와 아기의자도 준비되어 있어 아이들과 함께하기에도 적합하다. 넓고 쾌적한 공간에서 터키전통의 맛있고 이색적인 케밥과 다양한 터키요리를 맛볼 수 있는 곳이다.",,,20071019090000,20251223112603,,,,6,2,26,410,FD,FD02,FD020400,A05,A0502,A05020700,부산광역시 금정구 금단로 123-9,,46215,129.0922249352,35.2601173263,6
2642681,39,카페 385,"<a href=""https://www.instagram.com/cafe385_/"" target=""_blank"" title=""새창 : 카페385 인스타그램으로이동"">https://www.instagram.com/cafe385_/</a>","영도에 자리한 카페 385는 바다 뷰가 보이는 위치로 4층짜리 루프탑 카페이다. 나무 숲 사이로 흰색의 깔끔한 건물이 보이고 안으로 들어오는 순간 원두의 향에 설레고, 두 번째로는 베이커리 향에 취할 수 있는 곳이다. 영도할매빵으로 알려진 '부산 할머핀'은 달콤한 고구마와 꾸덕한 크림치즈가 어우러진 시그니처 메뉴로 유명하다. 영도 바다가 한눈에 들어오고 대형 카페로 따뜻함과 부드러운 추억을 공유할 수 있는 장소이다.",,,20200103231312,20250324171804,http://tong.visitkorea.or.kr/cms/resource/90/3423190_image2_1.png,http://tong.visitkorea.or.kr/cms/resource/90/3423190_image3_1.png,Type3,6,14,26,200,FD,FD05,FD050100,A05,A0502,A05020900,부산광역시 영도구 태종로 539,,49012,129.0763172491,35.0843256105,6
2853060,39,카페 도토리 로스터스,"<a href=""https://www.instagram.com/dottori_busan""target=""_blank"" title=""새창 : 도토리 사이트로 이동"">https://www.instagram.com/dottori_busan</a>","부산 기장군 장안읍에 위치한 갤러리 카페 도토리는 마치 동화 속 정원에 들어온 듯한 분위기를 자랑하는 이색적인 공간이다. 입구부터 다양한 조각품과 예술 작품들이 전시되어 있어, 방문객의 시선을 사로잡는다. 마치 호텔 로비나 예술 갤러리에 들어온 듯한 느낌을 준다. 특히, 독특한 디자인의 스피커와 다양한 예술 작품들이 조화를 이루며 감각적인 분위기를 연출한다. 도토리에서는 피스타치오 프루토, 베리프레소 등 이곳만의 개성이 담긴 시그니처 커피 메뉴를 즐길 수 있으며, 맛과 비주얼 모두 만족스러운 음료들로 인기가 높다. 넓은 전용 주차장이 마련되어 있어 접근성도 좋으며, 카페 인근에는 고즈넉한 사찰인 장안사가 위치해 있어 함께 방문하면 좋은 여행 코스가 된다.",,,20220914110434,20250612102623,http://tong.visitkorea.or.kr/cms/resource/42/2853042_image2_1.jpg,http://tong.visitkorea.or.kr/cms/resource/42/2853042_image3_1.jpg,Type3,6,3,26,710,FD,FD05,FD050100,A05,A0502,A05020900,부산광역시 기장군 장안읍 상장안1길 29-4,,46028,129.2434503873,35.3699411554,6
2852408,39,카페 만디,"<a href=""https://www.instagram.com/cafemandi_"" target=""_blank"" title=""새창 : 카페만디 홈페이지로 이동"">https://www.instagram.com/cafemandi_</a>","부산 사하구 괴정동 산 중턱에 위치한 ‘카페 만디’는 일상에서 벗어나 조용한 휴식을 즐기기에 안성맞춤인 감성적인 공간이다. 산길을 조금만 오르면 바로 눈앞에 넓은 전용 주차장이 나타나며, 멀리서도 눈에 띄는 이국적인 입구가 마치 유럽 동화 속을 떠올리게 한다. 외관뿐 아니라 내부 인테리어 역시 세련된 감성과 자연스러움이 어우러져 한적하고 우아한 분위기를 자아낸다. 카페 만디는 노키즈존, 노스모킹존으로 운영되어 조용한 환경에서 제대로 된 휴식을 원하는 성인들에게 특히 인기가 좋다. 메뉴 또한 다양하게 준비되어 있어 각종 커피와 음료는 물론 디저트로 곁들이기 좋은 케이크 등도 함께 즐길 수 있다. 복잡한 도심에서 벗어나 자연과 함께 힐링하고 싶은 이들에게 카페 만디는 특별한 하루를 선물해 줄 공간이다.",,,20220913113722,20251120203444,http://tong.visitkorea.or.kr/cms/resource/06/2852406_image2_1.jpg,http://tong.visitkorea.or.kr/cms/resource/06/2852406_image3_1.jpg,Type3,6,10,26,380,FD,FD05,FD050100,A05,A0502,A05020900,부산광역시 사하구 오작로 104-7 (괴정동),,49360,129.0047758093,35.1003836071,6
2875345,39,카페공지,"<a href=""https://www.instagram.com/cafe_gong_g"" target=""_blank"" title=""새창: 카페 공지 홈페이지로 이동"">https://www.instagram.com/cafe_gong_g</a>","카페공지는 부산 기장군 연화리에 위치한 카페로, 초록이 가득한 정원을 중심으로 조성되었다. 1층부터 루프탑이 있는 3층까지 각각의 층마다 독특한 테이블로 구성되었으며, 편안하게 자연을 감상할 수 있도록 공간이 구성되어 있다. 메뉴는 다양한 음료와 함께 직접만든 베이커리를 중심으로 운영되고 베이커리는 당일 제작, 당일 판매를 원칙으로 한다. 야외에는 잘 손질된 정원을 따라 놓인 테이블이 마련되어 있어 편하게 감상이 가능하고 카페 내외부에는 사진을 찍기 좋은 포토존이 곳곳에 마련되어 있어 사진을 남기기에도 좋다. 넓은 전용 주차장이 있어 차량 이용 시에도 접근성이 좋으며 근처에 임랑해수욕장과 죽도 같은 관광지들이 가까워 연계 관광코스로 추천할 만 하다.",,,20221026095717,20250703111935,http://tong.visitkorea.or.kr/cms/resource/38/2875338_image2_1.JPG,http://tong.visitkorea.or.kr/cms/resource/38/2875338_image3_1.JPG,Type3,6,3,26,710,FD,FD05,FD050100,A05,A0502,A05020900,부산광역시 기장군 기장읍 기장해안로 509,,46082,129.2251589263,35.2196576619,6
2807808,39,카페썬번,"<a href=""https://www.instagram.com/sunburn_busan/"" target=""_blank"" title=""새창: 카페썬번 홈페이지로 이동"">https://www.instagram.com/sunburn_busan/</a>","카페썬번은 부산시 안락동 골목에 자리한 작은 카페로 미국 감성의 인테리어를 한 카페로 1990년대 팝음악을 함께 즐길 수 있다. 카페 메뉴로는 에스프레소, 플랫화이트, 필터커피 등 다양하며 커피와 함께 즐길 수 있는 스콘, 쿠키, 케이크 등이 준비되어 있다. 홀케이크는 따로 예약 주문이 가능하다. 내부는 조용하고 편안한 분위기에서 독서나 작업을 하기에 적합하다. 또한 세심한 인테리어가 돋보이며, 청결함을 갖추고 있어 방문객들의 만족도를 높여주고 있다. 낮에는 발랄한 느낌을 준다면 저녁에는 또 다른 분위기를 느낄 수 있는 공간이다.",,,20220221135520,20251029164611,,,,6,6,26,260,FD,FD05,FD050100,A05,A0502,A05020900,부산광역시 동래구 명안로17번길 80,,47787,129.1002870237,35.1990465422,6
2952936,39,카페제노아,"<a href=""https://blog.naver.com/candyti"" target=""_blank"" title=""새창:제노아 블로그로 이동"">https://blog.naver.com/candyti</a><br><a href=""https://www.instagram.com/cafe_genoa"" target=""_blank"" title=""새창:제노아인스타그램으로 이동"">https://www.instagram.com/cafe_genoa</a>","카페제노아는 부산 자갈치역 근처있는 카페로 부평족발골목과 미술의거리 사이에 위치해있다. 1층은 주문 및 로스터리, 2층은 카페, 3층은 루프탑으로 운영하고 있으며, 유료 짐 보관 서비스를 이용할 수 있어 관광객들의 편의를 제공하고 있다. 부산에 어울리는 비주얼의 제노아슈패너와 상하목장으로 만든 아이스크림 라떼인 노스폴라떼가 대표 메뉴이다.",,,20230327113243,20250121134407,http://tong.visitkorea.or.kr/cms/resource/22/2952922_image2_1.jpg,http://tong.visitkorea.or.kr/cms/resource/22/2952922_image3_1.jpg,Type3,6,15,26,110,FD,FD05,FD050100,A05,A0502,A05020900,부산광역시 중구 중구로29번길 17 (부평동1가),,48978,129.0270044311,35.1004034583,6
2622984,32,캔버스,"<a href=""https://canvashostel.modoo.at"">https://canvashostel.modoo.at</a>","해운대 캔버스게스트하우스는 더베이 101과 가까운 위치에 있다. 주변에 해수욕장이 있어 물놀이에 적합하며, 캔버스스테이 이용고객들은 반려동물동반 여행이 가능하다. 스테이 이용 고객들은 루프탑 이용이 가능하다. 호스텔은 캡슐호텔과 도미토리 형태로 여행객들이 이용하기에 적합하다.",,,20191005012100,20241127144557,,,,6,16,26,350,AC,AC06,AC060200,B02,B0201,B02011100,부산광역시 해운대구 해운대해변로197번길 13,(우동),48093,129.1526891145,35.1592353048,
2663616,32,캔버스 블랙,"<a href=""https://canvashostel.modoo.at/""target=""_blank"">https://canvashostel.modoo.at/</a>","해운대 캔버스게스트하우스는 더베이 101과 가까운 위치에 있다. 주변에 해운대가 있어 물놀이에 적합하며, 캔버스스테이 이용고객들은 반려동물동반 여행이 가능하다. 스테이 이용 고객들은 루프탑 이용이 가능하다. 호스텔은 캡슐호텔의 형태로 여행객들이 이용하기에 적합하다.",,,20200715191913,20241127144627,,,,6,16,26,350,AC,AC06,AC060200,B02,B0201,B02011100,부산광역시 해운대구 해운대해변로197번길 14,(우동),48093,129.1530057486,35.1594102909,
3452166,12,커넥트현대,www.ehyundai.com/b00124000,"부산 현대백화점이 새롭게 선보인 도심형 복합쇼핑몰이다. 단순한 쇼핑 공간을 넘어 사람, 장소, 문화를 연결하는 플레이그라운드를 지향하며, 부산의 다양한 매력을 담아냈다.",,,20241219130605,20241219130622,http://tong.visitkorea.or.kr/cms/resource/06/3451506_image2_1.jpg,http://tong.visitkorea.or.kr/cms/resource/06/3451506_image3_1.jpg,Type1,6,5,26,170,VE,VE12,VE120300,A02,A0203,A02030400,부산광역시 동구 범일로 125 (범일동),,48735,129.0586005649,35.1413411243,6
2832636,39,코랄라니,"<a href=""https://www.instagram.com/cafecoralani/""target=""_blank"" title=""새창 : 코랄라니 사이트로 이동"">https://www.instagram.com/cafecoralani/</a>","부산 기장에 위치한 코랄라니는 송정해수욕장과 송정항을 지나 기장 연화리 쪽에 위치해 있는 대형 베이커리 카페이다. 처음 이곳을 방문하는 사람들은 카페 규모와 예사롭지 않은 건물 디자인에 놀란다. 특히 카페보다는 갤러리, 미술관을 방문한 느낌을 받을 수 있다. 볼거리가 많은 코랄라니에는 야외에 마련된 계단식 의자가 유명하다. 날씨가 좋은 날이면, 금세 자리가 찬다. 1층보다는 3층과 4층에서 뷰를 볼 수 있어 인기가 많으며, 2층에서 루프탑까지는 내부계단이 가파르기 떄문에 안전상의 이유로 노키즈 존으로 운영한다. 아이와 방문할 경우엔 1층 테라스와 실내 공간을 이용할 수 있다.",,,20220804150627,20250527171154,http://tong.visitkorea.or.kr/cms/resource/33/2832633_image2_1.jpg,http://tong.visitkorea.or.kr/cms/resource/33/2832633_image3_1.jpg,Type3,6,3,26,710,FD,FD05,FD050100,A05,A0502,A05020900,부산광역시 기장군 기장읍 기장해안로 32,,46084,129.2089308044,35.1825920662,6
142852,32,코모도 호텔 부산,"<a href=""http://www.commodore.co.kr/html/main/index.php"" target=""_blank"" title=""새창 : 코모도 호텔 부산 홈페이지로 이동"">http://www.commodore.co.kr</a>","1979년 7월 7일에 개관한 코모도호텔부산은 '조선왕궁'을 주제로 설계되었다. 한국의 전통미와 현대의 고급스러움이 조화를 이룬 특급호텔이다. 코모도(Commodore)의 뜻은 해군제독을 의미하며, 왜구의 침입이 빈번했던 시기 에 나라를 지킨 이순신장군을 상징화한 호텔이다. 최근 성황리에 종영된 드라마 '사랑의 불시착' 촬영지 호텔로 다양한 관광객들에게 관심과 사랑을 받고 있다. 총 311개의 객실, 5개의 연회장, 한식당, 뷔페식당, 로비라운지 등등의 식음 시설을 보유하고 있다.",,,20051130090000,20251120111244,http://tong.visitkorea.or.kr/cms/resource/49/2722649_image2_1.JPG,http://tong.visitkorea.or.kr/cms/resource/49/2722649_image2_1.JPG,Type3,6,15,26,110,AC,AC01,AC010100,B02,B0201,B02010100,부산광역시 중구 중구로 151 (영주동),,48912,129.0353034800,35.1088165580,6
2852620,39,코모도테이블,"<a href=""https://www.instagram.com/comodo_table""target=""_blank"" title=""새창: 코모도테이블 홈페이지로 이동"">https://www.instagram.com/comodo_table</a>","부산 동래구 온천천 카페거리 느티나무 골목에 위치한 브런치 카페 ‘코모도테이블’은 건강하고 감각적인 브런치를 즐길 수 있는 공간이다. 대표 메뉴는 신선한 채소와 토핑이 어우러진 콥샐러드와 그릴드 아보카도 샌드위치이다. 이 외에도 차돌박이를 곁들인 샐러드, 크로와상 햄치즈 샌드위치 등 다양한 메뉴가 준비되어 있어 취향에 맞는 선택이 가능하다. 카페 내부는 여유로운 유럽풍 인테리어로 꾸며져 있으며, 아기의자도 마련되어 있어 아이를 동반한 가족도 편하게 이용할 수 있다. 가게 앞에는 주차가 가능해 차량을 이용한 방문이 편리하고, 옆에 흐르는 온천천이 있어 식사 후 산책을 즐기기에도 좋은 위치이다.",,,20220913171310,20250612094241,http://tong.visitkorea.or.kr/cms/resource/13/2852613_image2_1.jpg,http://tong.visitkorea.or.kr/cms/resource/13/2852613_image3_1.jpg,Type3,6,6,26,260,FD,FD05,FD050100,A05,A0502,A05020900,부산광역시 동래구 온천천로453번길 23-2 (안락동),,47900,129.1030314079,35.1925334341,6
2039866,32,코오롱 씨클라우드 호텔,"<a href=""http://www.seacloudhotel.com"" target=""_blank"" title=""새창: 코오롱 씨클라우드 호텔 홈페이지로 이동"">http://www.seacloudhotel.com</a>","해운대역 3번 출구의 5분 거리에 자리하고 있는 코오롱 씨클라우드 호텔은 총 206개의 객실을 보유하고 있으며, 해운대, 그리고 부산의 유명 관광명소인 동백섬과 가까운 곳에 위치한 만큼, 유명 관광지와의 차별화된 접근성을 자랑한다. 모든 객실에서 취사가 가능하고, 호텔 내 쇼핑아케이드에는 여러 음식점, 마사지샵, 편의점 등이 입점해 있다.",,,20151110003148,20251023143000,http://tong.visitkorea.or.kr/cms/resource/09/3544809_image2_1.jpg,http://tong.visitkorea.or.kr/cms/resource/09/3544809_image3_1.jpg,Type3,6,16,26,350,AC,AC01,AC010100,B02,B0201,B02010100,부산광역시 해운대구 해운대해변로 287 (중동),,48095,129.1622688032,35.1604686777,6
3044634,32,크라운 하버 호텔 부산,"<a href=""https://www.crownharborhotel.com/"" target=""_blank"" title=""새창 : 크라운 하버 호텔 부산 사이트로 이동"">https://www.crownharborhotel.com/</a>","부산 중구 중앙동에 위치한 크라운하버 호텔 부산은 비즈니스 편의는 물론 특색있는 원도심 관광까지 즐길 수 있는 최적의 호텔이다. 8가지 타입의 다양한 객실로 구성되어 다양한 니즈에 맞춰 이용할 수 있고, 합리적인 가격으로 세심하고 온기있는 서비스를 제공해 가성비가 좋다. 부산여객선터미널, 부산역, 부산타워, 국제시장, 남포동, BIFF 광장을 도보로 이용할 수 있어 편리하게 여행할 수 있다.",,,20231118123510,20251120110120,http://tong.visitkorea.or.kr/cms/resource/30/3054130_image2_1.jpg,http://tong.visitkorea.or.kr/cms/resource/30/3054130_image3_1.jpg,Type1,6,15,26,110,AC,AC01,AC010100,B02,B0201,B02010100,부산광역시 중구 중앙대로 114 (중앙동4가),,48938,129.0368450457,35.1076056112,6
3437916,15,크리스마스 빌리지 부산 2025,"<a href=""https://www.marketchango.com/"" target=""_blank"" title=""새창 : 크리스마스 빌리지 사이트로 이동"">https://www.marketchango.com/</a>","11월 27일부터 12월 25일까지 부산 영화의전당에서 약 1만평 규모의 산타마을, ‘크리스마스 빌리지 부산 2025’가 펼쳐진다. 크리스마스 빌리지 부산은 현 시점 가장 핫한 150여 개의 부산 로컬&인기 브랜드와 함께 한다. 산타마을 남쪽 임시 지점에 모인 전 세계의 다양한 음식, 크리스마스 한정 메뉴, 리빙&라이프스타일 기프트샵, 팝업스토어 등이 함께 할 예정이다. 이 모든 콘텐츠를 단 한 달간, 오직 크리스마스 빌리지 부산에서만 모두 경험하고 즐길 수 있는, 최대 규모의 크리스마스 마켓이다. 크리스마스 컨셉의 다양한 먹거리, 볼거리, 즐길거리로 가득한 크리스마스 빌리지 부산은 11월 27일부터 12월 25일까지 영화의전당에서 만날 수 있다.",070-4680-1718,"㈜푸드트래블, (재)영화의전당",20241205171935,20251216182152,http://tong.visitkorea.or.kr/cms/resource/78/3569778_image2_1.jpg,http://tong.visitkorea.or.kr/cms/resource/78/3569778_image3_1.jpg,Type3,6,16,26,350,EV,EV03,EV030400,A02,A0208,A02081300,부산광역시 해운대구 수영강변대로 120 (우동),,48058,129.1270687971,35.1710029572,6
843489,39,클라우드32,,"탁 트인 바다 위에서 부산의 아름다운 전망을 한눈에 담을 수 있는 클라우드32는 품격 있는 다이닝을 즐길 수 있는 정통 이탈리안 레스토랑이다. 오션뷰와 도시의 풍경이 어우러져 식사 시간 내내 특별한 분위기를 선사한다. 런치와 디너 코스를 비롯해 신선한 재료로 만든 파스타, 스테이크 등 다양한 메뉴가 준비되어 있으며, 특히 코스요리는 전채부터 디저트까지 구성과 균형이 뛰어나 기념일이나 특별한 날 방문하기 좋다. 넓게 배치된 테이블 간격 덕분에 프라이빗한 식사가 가능하고, 모던하면서도 고급스러운 인테리어로 편안함과 세련미를 느낄 수 있다. 가족 모임은 물론 로맨틱한 데이트 장소로도 만족도가 높은 레스토랑이다.",,,20091029061112,20251217153731,http://tong.visitkorea.or.kr/cms/resource/35/3585635_image2_1.jpg,http://tong.visitkorea.or.kr/cms/resource/35/3585635_image3_1.jpg,Type1,6,16,26,350,FD,FD02,FD020300,A05,A0502,A05020200,부산광역시 해운대구 마린시티3로 52,32층,48119,129.1449565859,35.1543912594,6
2785267,39,클래식캠퍼,"<a href=""https://www.classiccamper.co.kr/"" target=""_blank"" title=""새창: 공식로 이동"">https://www.classiccamper.co.kr/</a>","공장을 개조해서 카페와 캠핑용품점으로 탈바꿈한 클래식 캠퍼는 캠핑을 좋아하는 사람과 이제 캠핑에 관심을 두는 초보 캠퍼에게 핫한 곳이다. 맛있는 커피와 쿠키를 맛볼 수 있으며 클래식캠퍼만의 특별한 감성캠핑용품도 구매 가능한 이색적인 카페이다. 본관, 별관으로 나누어져 있으며 본관 1층에는 감성 가득한 소품들이 다양하게 있어 캠핑을 좋아하는 사람이라면 지나칠 수 없는 곳이다. 2층은 텐트를 만들어 놓아 캠핑을 잘 모르는 사람들도 쉽게 접할 수 있도록 전시해 놓았다. 밖으로 나와 별관으로 가면 캠핑 콘셉트 카페답게 내부도 캠핑 감성이 듬뿍 묻어 나온다.",,,20211202223355,20250828092457,http://tong.visitkorea.or.kr/cms/resource/90/2785290_image2_1.jpg,http://tong.visitkorea.or.kr/cms/resource/90/2785290_image2_1.jpg,Type3,6,9,26,530,FD,FD05,FD050100,A05,A0502,A05020900,부산광역시 사상구 대동로 224 (학장동),,47020,128.9851956764,35.1473946491,6
2870780,39,클레이디뷔페 돌잔치,"<a href=""http://www.dielwedding.com/about-c.html"" target=""_blank"" title=""새창: 클레이디 뷔페 홈페이지로 이동"">http://www.dielwedding.com</a>","부산 범일동에 위치한 클레이디뷔페 돌잔치는 웨딩과 돌잔치 전문 디엘 웨딩홀에서 운영하는 뷔페이다. 인근에 범일역과 문현역이 있어 접근성이 좋고, 건물 내 엘리베이터와 주차 공간이 여유 있어 각종 행사나 모임을 하기 좋은 곳이다. 특히 돌잔치 장소로 인기가 좋은 이곳은 깔끔하고 세련된 인테리어로 꾸며져 있다. 큰 규모의 실내 공간에 개별 룸이 마련되어 있어 여러 사람이 방문하여도 동선이 겹치지 않고, 부족한 음식은 빠르게 준비되어 불편함 없이 이용할 수 있다. 한식과 중식, 일식, 양식, 커피, 음료, 디저트 등 다양한 메뉴가 준비되어 있어 가족 외식에도 좋은 곳이다.",,,20221019162823,20250627091138,http://tong.visitkorea.or.kr/cms/resource/67/2870767_image2_1.jpg,http://tong.visitkorea.or.kr/cms/resource/67/2870767_image3_1.jpg,Type3,6,5,26,170,FD,FD01,FD010100,A05,A0502,A05020100,부산광역시 동구 조방로 14 (범일동),,48741,129.0634807673,35.1387665027,6
2496023,12,키자니아 부산,"<a href=""https://www.kidzania.co.kr/home.do?srcLocalDiv=002"" target=""_blank"" title=""새창: 키자니아 홈페이지로 이동"">https://www.kidzania.co.kr/</a>","직업 체험 테마파크인 키자니아는 국내외 다양한 기업과 파트너십을 맺어 어린이들에게 수준 높은 직업 체험 기회를 제공하고 있다. 2016년 4월 8일 개장한 키자니아 부산은 전 세계 22번째이자 국내 2호 키자니아다. 영남권 아이들에게 60여 가지 전문적인 직업 체험활동을 제공하는 키자니아 부산은 신세계 센텀시티몰 4~6층에 위치하고 있다. 오픈 1년 만에 50만 방문객을 돌파하고 2025년까지 약 300만명의 고객이 키자니아 부산을 찾고 있다. 키자니아 부산은 게임 개발 센터, 스포츠 방송 센터, 피라미드 탐험대, 보트 조종 스쿨 등 키자니아 서울과 차별적인 체험시설도 마련되어 있어 다른 성격과 느낌을 전달한다. ‘승무원교육센터’는 비상탈출훈련이 보강되고, 보트 조종 스쿨이 있는 등 도시의 특색을 반영한 체험 활동을 제공한다. MBC, 오뚜기,  진에어, 삼성전자, HD현대, 함소아한의원, 하이원리조트, 부산일보 등 국내 기업과 공공기관과의 파트너십을 통해 전문적이고 리얼한 체험 콘텐츠를 선보이고 있다.",,,20170614224709,20250828174317,http://tong.visitkorea.or.kr/cms/resource/33/3526933_image2_1.jpg,http://tong.visitkorea.or.kr/cms/resource/33/3526933_image3_1.jpg,Type3,6,16,26,350,EX,EX07,EX070200,A02,A0203,A02030400,부산광역시 해운대구 센텀4로 15 센텀시티 몰,,48058,129.1283187187,35.1699003261,6
2859188,39,키친동백,"<a href=""https://www.instagram.com/kitchendongbaek""target=""_blank"" title=""새창: 키친동백 홈페이지로 이동"">https://www.instagram.com/kitchendongbaek</a>","부산 달맞이 길에 있는 키친동백은 바다와 동백섬, 광안대교까지 한눈에 볼 수 있는 멋진 전망을 갖춘 이탈리안 레스토랑이다. 화이트 톤의 식당 내부는 심플하고 감각 있는 인테리어로 층별로 전문 사진작가의 작품을 다양하게 전시하여 색다른 분위기를 느낄 수 있다. 런치 코스와 디너 코스가 있어 생일, 기념일 등 특별한 날 방문하기 좋다. 단품 메뉴로 샐러드, 스테이크, 리소토, 파스타, 피자 등이 있다. 특히 파스타는 생면과 건면으로 선택할 수 있어 해운대 파스타 맛집으로도 알려져 있다. 근처 일출 명소로 알려진 해월정과 걷기 좋은 달맞이동산도 가까이 있으니 함께 방문해 보는 것도 좋다.",,,20220923152825,20250616173903,http://tong.visitkorea.or.kr/cms/resource/85/2859185_image2_1.jpg,http://tong.visitkorea.or.kr/cms/resource/85/2859185_image3_1.jpg,Type3,6,16,26,350,FD,FD02,FD020300,A05,A0502,A05020200,부산광역시 해운대구 달맞이길117번가길 85 (중동),,48117,129.1787924398,35.1578276130,6
2858974,39,타이가텐푸라,"<a href=""https://www.instagram.com/taiga_kor/"" target=""_blank"" title=""새창 : 타이가텐푸라 인스타그램으로 이동"">https://www.instagram.com/taiga_kor/</a>","해운대역 인근에 위치한 텐푸라 타이가는 부산 해리단길 맛집으로 일본식 튀김을 올린 덮밥 전문점이다. 텐푸라 타카오의 본점인 후쿠오카 케널씨티점에서 텐동소스 및 텐푸라 레시피를 직접 전수받았다. 일본식 튀김이 올라가는 텐동은 겉은 바삭, 속은 촉촉하여 밥과 소스를 곁들여 먹는 이색 음식이다. 메뉴 특성상 주문 후 바로 조리를 하여 시간이 다소 오래 걸릴 수 있고, 주말에는 기본 30분에서 1시간도 웨이팅이 발생할 수 있어 여유 있게 시간을 갖고 방문해야 한다.",,,20220923143236,20250829151826,http://tong.visitkorea.or.kr/cms/resource/63/2858963_image2_1.jpg,http://tong.visitkorea.or.kr/cms/resource/63/2858963_image3_1.jpg,Type3,6,16,26,350,FD,FD02,FD020200,A05,A0502,A05020300,부산광역시 해운대구 우동1로38번가길 15 (우동),,48087,129.1584217967,35.1648042324,6
2869532,39,타이빈,"<a href=""https://www.instagram.com/thaibin.kr""target=""_blank"" title=""새창: 타이빈 홈페이지로 이동"">https://www.instagram.com/thaibin.kr</a>","타이빈은 부산시 동래구 온천동에 위치한 부산 태국 요리 전문점이다. 이곳은 태국 정부로부터 공식 등급 인증을 받은 식당으로, 정통 태국 음식을 현지의 맛 그대로 즐길 수 있는 것이 특징이다. 다양한 태국 요리를 제공하며, 맛과 향에서 현지의 분위기를 그대로 느낄 수 있다. 내부는 마치 태국에 와 있는 듯한 이국적인 인테리어로 꾸며져 있어 식사와 함께 특별한 분위기를 만끽할 수 있다. 프라이빗한 식사를 원하는 이들을 위해 야외 테이블과 방갈로 공간이 마련되어 있으며, 방갈로는 최소 4인 이상 예약제로 운영된다. 주차장을 갖추고 있어 차량 접근이 용이하며, 인근에 온천시설인 허심청이 위치해 있어 식사 후 함께 둘러보기에도 좋은 장소이다.",,,20221018161523,20250623145154,http://tong.visitkorea.or.kr/cms/resource/18/2869518_image2_1.JPG,http://tong.visitkorea.or.kr/cms/resource/18/2869518_image3_1.JPG,Type3,6,6,26,260,FD,FD02,FD020400,A05,A0502,A05020700,부산광역시 동래구 금강로73번길 12 (온천동),,47706,129.0773274366,35.2162997405,6
2868448,39,타타에스프레소바,,광안 종합시장 근처에 있는 타타에스프레소바는 한적한 주택가 골목에 있다. 1층에 있는 타타에스프레소바는 아담하고 분위기 좋은 카페로 입소문이 난 곳이다. 내부는 공간이 협소한 편이다. 에스프레소 전문점으로 다양한 커피 메뉴가 있는 타타에스프레소바의 대표 메뉴는 에스프레소 위에 크림을 올린 콘파냐이다. 이곳 모든 커피 메뉴는 카페인과 디카페인으로 주문할 수 있어 누구나 부담 없이 올 수 있는 카페이다. 근처 부산광역시 기념물 제8호로 지정된 수영사적공원도 가까이 있어 함께 둘러보기 좋다.,,,20221017160336,20250116130814,http://tong.visitkorea.or.kr/cms/resource/48/2868348_image2_1.jpg,http://tong.visitkorea.or.kr/cms/resource/48/2868348_image3_1.jpg,Type3,6,12,26,500,FD,FD05,FD050100,A05,A0502,A05020900,부산광역시 수영구 무학로33번길 57,1층,48268,129.1179253383,35.1640674534,6
2775543,39,탐복,,"탐복은 기장군에 위치한 전복 요리 전문점으로 탐복죽, 탐복밥, 구이반상 등 다양한 한식 메뉴를 제공하고 있다. 탐복은 전복을 욕심낸다 라는 뜻이 담겨있으며, 대표메뉴는 탐복구이와 탐복밥을 함께 즐길 수 있는 구이반상과 여기에 탐복죽이 추가되는 기운차림 세트가 있다. 이외에도 소갈비를 쪄내어 전복육수에 붓고 한번 더 끓인 갈비전골 반상과 한우족과 인삼, 전복이 들어가 우복탕반도 인기 메뉴이다. 매장은 깔끔하고 아늑한 분위기로 가족 외식이나 모임에 적합하며, 반찬과 소스도 정갈하게 제공된다.",,,20211118003845,20251229143651,,,,6,3,26,710,FD,FD01,FD010100,A05,A0502,A05020100,부산광역시 기장군 일광면 문오성길 31,,46041,129.2577487848,35.2829039614,6
2852602,39,태백관,,"태백관은 부산 동래 지역의 유명한 중화요리 맛집으로, 특히 간짜장과 탕수육이 인기 메뉴이다. 간짜장은 고소하고 진한 맛이 특징이며, 탕수육은 바삭하고 양이 푸짐하다. 동래 고등학교 바로 옆에 있으며, 전용 주차장이 따로 없어 인근 주차장을 이용해야 한다. 입식 테이블과 좌식 테이블로 이루어진 내부는 크지 않아 점심시간과 주말에 방문하면 대기해야 한다.",,,20220913170820,20250828173532,http://tong.visitkorea.or.kr/cms/resource/93/2852593_image2_1.jpg,http://tong.visitkorea.or.kr/cms/resource/93/2852593_image3_1.jpg,Type3,6,6,26,260,FD,FD02,FD020100,A05,A0502,A05020400,부산광역시 동래구 충렬대로285번길 31 (칠산동),,47812,129.0908960978,35.2018349452,6
127752,12,태종대온천찜질방,"<a href=""http://www.tjdspa.co.kr"" target=""_blank"" title=""새창: 태종대온천 홈페이지로 이동"">http://www.tjdspa.co.kr</a>","태종대 온천 찜질방은 천혜의 절경을 자랑하는 태종대에 인접하고, 태종대 자갈마당과 3분 거리에 있으며, 영도 봉래산을 끼고 있어 온천과 함께 산, 바다, 공원을 함께 즐길 수 있는 곳에 위치하고 있다. 
태종대 온천은 미네랄이 다량 함유된 식염온천수에 각종 한약재와 허브 등을 탕에 첨가하였다. 식염온천수는 총광물질(미네랄) 용존율 2,270㎎/ℓ로 우리나라 평균 단순천 300㎎/ℓ보다 7배나 높은 질 좋은 온천수로, 몸에 좋은 염분이 피부에 부드러운 자극과 온열작용을 동반하여 류마티스, 신경통, 창상, 요통, 근육통 등에 효능이 뛰어나다. 피라미드탕, 노천탕, 건강탕 등으로 이루어져 있다. 찜질방은 아이스방, 소금방, 황토방, 마사지실, 수면실, 한식당, 놀이방, 매점 등의 휴식 공간으로 구성되어 있다. 헬스클럽은 496㎡의 운동공간에 유산소, 웨이트 장비들을 갖추고, 과학적이고 친절한 지도자의 단계별 체계적인 운동처방을 시행하고 있다.",,,20031210090000,20251023143000,http://tong.visitkorea.or.kr/cms/resource/85/3547085_image2_1.jpg,http://tong.visitkorea.or.kr/cms/resource/85/3547085_image3_1.jpg,Type1,6,14,26,200,EX,EX05,EX050100,A02,A0202,A02020300,부산광역시 영도구 태종로 808,,49126,129.0787786847,35.0645889744,6
1608751,12,태종사,"<a href=""https://www.bisco.or.kr/taejongdae/sub/sub02/sub02_6/?tabName=con01"" target=""_blank"" title=""새창 : 태종대 유원지 홈페이지로 이동"">https://www.bisco.or.kr/taejongdae/</a>","태종사는 태종대공원 안에 있는 사찰로 1976년에 건립된 대한불교 조계종 사찰이다. 1983년 9월 스리랑카 한국 유학생 오병문의 소개로 스리랑카 정부로부터 부처님 진신사리 1과와 보리수나무 2본을 기증받아 이곳에 봉안 및 생육하고 있으며, 태종사 경내에는 약 3,000그루의 수국이 군락을 지어 있으며, 개화기에 만개해 꽃들의 향연을 펼쳐지는 곳이다. 꽃 가꾸기를 좋아하는 도성스님께서 40여 년 동안 국내외 명승지 등 산사에서 수집하여 조금씩 심기 시작한 것이 수국꽃 군락지로 조성되었고, 2006년부터 매년 7월 초에 수국꽃 축제가 열리고 있다. 이 밖에도 탁발 법회 백중, 성도일 법회, 정기 예불 등의 예불과 특별행사가 열리고 있다.",,,20120421003749,20251023143000,http://tong.visitkorea.or.kr/cms/resource/87/3552687_image2_1.jpg,http://tong.visitkorea.or.kr/cms/resource/87/3552687_image3_1.jpg,Type1,6,14,26,200,HS,HS03,HS030100,A02,A0201,A02010800,부산광역시 영도구 전망로 119,,49127,129.0897751849,35.0560095813,6
2869186,39,토로,,"부산 영도 하리에 있는 토로는 이탈리안 레스토랑이다. 주택을 개조하여 만든 토로는 골목 안쪽에 있어 주차 후 안내판을 따라 올라가면 우측에 있다. 입구 앞에는 작은 화분과 독특한 모양의 타일로 꾸며져 이국적이고, 아늑한 분위기가 있는 레스토랑이다. 깔끔한 내부는 테이블이 많지 않아 주말에는 예약하고 가는 게 좋다. 엄선된 식재료와 직접 재배한 신선한 야채를 사용하는 토로는 주문 즉시 조리되어 음식 제공까지 시간이 다소 걸릴 수 있다. 한 달 정도 에이징 과정을 거친 안심, 채끝 스테이크가 이곳 대표 메뉴이다. 특히 채끝 스테이크는 철판에 나와 개인 취향에 맞게 익혀 먹을 수 있다. 식사 후 옥상으로 올라가면 영도 바다를 한눈에 담을 수 있는 포토존도 마련되어 있다. 근처 신석기 시대의 대표적 문화유산을 볼 수 있는 동삼동 패총전시관도 있어 함께 둘러보기 좋다.",,,20221018142455,20250620153137,http://tong.visitkorea.or.kr/cms/resource/78/2869178_image2_1.jpg,http://tong.visitkorea.or.kr/cms/resource/78/2869178_image3_1.jpg,Type3,6,14,26,200,FD,FD02,FD020300,A05,A0502,A05020200,부산광역시 영도구 태종로750번길 46 (동삼동),,49124,129.0782008306,35.0692134470,6
403929,39,토비코,,토비코는 부산 금정구 장전동에 위치한 알밥 전문점이다. 알밥 전문점답게 여러 토핑을 입맛에 따라 골라 먹을 수 있고 샐러드와 국수도 나온다. 한국 사람들 입맛에 잘 맞을 것 같은 돌솥알밥과 여학생들이 좋아할 만한 고소하고 부드러운 새우크림알밥이 인기이다. 이 집의 특이한 점은 고객 관리를 적립식 카드가 아닌 지문 인식기를 이용한다는 점이다.,,,20080120072359,20250304173307,,,,6,2,26,410,FD,FD01,FD010100,A05,A0502,A05020100,부산광역시 금정구 금정로 45,,46293,129.0857930213,35.2288679330,6
1162526,32,토요코인호텔 부산서면,"<a href=""http://www.toyoko-inn.com"" target=""_blank"" title=""새창 : 토요코 인 홈페이지로 이동"">http://www.toyoko-inn.com</a>","토요코인호텔 부산서면점은 비즈니스호텔 체인점이다. 지하 4층, 지상 17층 규모의 건물로 2010년 3월 개관했다. 부산서면점은 밀리오레와 도보 1분 거리, 롯데백화점, 면세점과는 도보 10분 거리에 있으며, 광안리해수욕장까지 차로 15분 걸리는 등 주변 시설과의 접근성이 좋다. 부산서면점은 고령자와 장애인을 위해 호텔이 독자적으로 디자인한 하트풀 트윈 객실을 운영한다. 토요코인호텔은 안심, 쾌적, 청결을 바탕으로 역과 가까운 숙소를 기본 콘셉트로 한 합리적인 가격의 숙박 특화형 호텔이다. 일상생활의 연장으로 안심하고 묵을 만한 시설과 서비스를 제공한다.",,,20110105224636,20251120104828,http://tong.visitkorea.or.kr/cms/resource/49/3476749_image2_1.jpg,http://tong.visitkorea.or.kr/cms/resource/49/3476749_image3_1.jpg,Type3,6,7,26,230,AC,AC01,AC010100,B02,B0201,B02010100,부산광역시 부산진구 서전로 39 (전포동),,47247,129.0640801887,35.1580060259,6
2841442,39,톤쇼우,"<a href=""https://www.instagram.com/tonshou__tonkatsu/""target=""_blank"" title=""새창: 톤쇼우 공식인스타그램으로 이동"">https://www.instagram.com/tonshou__tonkatsu/</a>","톤쇼우는 부산대학교 인근에 위치한 돈카츠 전문점이다. 오픈형 주방으로, 바 테이블 이용 시 돈가스 만드는 과정을 구경할 수도 있다. 대표 메뉴는 버크셔 K로스카츠이며 지리산 해발 무공해 시설 농장에서 키운 국산 순종 흑돼지로 불포화지방산인 올레인산이 다량 함유되어 지방층이 탄력 있고 고기 자체의 감칠맛이 좋다. 더 맛있게 먹는 방법으로 소스 없이 돈카츠 자체의 고소함을 먼저 느껴 보고, 감칠맛을 살려줄 말돈 소금에 찍어 먹는 방법과 매콤한 김치 시즈닝으로 마무리하면 톤쇼우를 완전하게 즐길 수 있다. 이외에도 히레카츠, 로스카츠 등 다양한 메인 메뉴와 사이드 메뉴가 준비되어 있어 취향에 맞게 골라먹을 수 있다.",,,20220823105123,20250605111729,http://tong.visitkorea.or.kr/cms/resource/30/2841430_image2_1.jpg,http://tong.visitkorea.or.kr/cms/resource/30/2841430_image3_1.jpg,Type3,6,2,26,410,FD,FD02,FD020200,A05,A0502,A05020300,부산광역시 금정구 금강로 247-10 (장전동),,46288,129.0842986624,35.2304871678,6
2838889,39,툇마루,"<a href=""https://www.instagram.com/toetmaru_busan""target=""_blank"" title=""새창: 툇마루 홈페이지로 이동"">https://www.instagram.com/toetmaru_busan</a>","부산광역시 북구 화명동에 위치한 툇마루는 넉넉하고 정갈한 한 상 차림으로 많은 이들의 사랑을 받는 한정식 맛집이다. 이곳의 대표 메뉴인 '툇마루 한 상 세트'는 다채로운 반찬과 샐러드, 쌈 채소, 잡채, 보쌈, 주꾸미 등 푸짐하고 균형 잡힌 구성이 특징으로, 전통 한식의 깊은 맛을 느낄 수 있다. 또한 홍어삼합, 보쌈, 주꾸미볶음 등 다양한 단품 메뉴도 준비되어 있어 취향에 따라 추가로 주문할 수 있는 점이 장점이다. 식당 내부에는 개별 룸과 단체석이 잘 마련되어 있어 가족 외식이나 상견례, 칠순 잔치, 손님 접대 등 다양한 모임 장소로 적합하다. 전통 한식의 멋과 맛을 동시에 즐기고 싶은 이들에게 추천할 만한 정갈한 식당이다.",,,20220818141654,20250530142314,http://tong.visitkorea.or.kr/cms/resource/78/2838878_image2_1.jpg,http://tong.visitkorea.or.kr/cms/resource/78/2838878_image3_1.jpg,Type3,6,8,26,320,FD,FD01,FD010100,A05,A0502,A05020100,부산광역시 북구 금곡대로285번길 81 (화명동),,46527,129.0090301147,35.2342436895,6
3532722,32,트래블라이트,https://litt.ly/travel_light_hostel_ad,"부산 서면 중심에 위치한 트래블라이트는 여행객을 위한 완벽한 쉼터이자, 휴식에 집중할 수 있는 조용한 공간입니다. 프라이빗한 개인 공간은 물론, 업무에 몰입할 수 있는 라운지도 마련되어 있어 여행과 일 모두를 충실히 챙길 수 있습니다. 남성/여성 전용 도미토리와 트윈베드 타입의 객실로 구성되어 있으며, 조식 제공, 고속 Wi-Fi, 전용 화장실, 합리적인 가격까지, all-in-one 숙소입니다. 다년간 공간 운영 노하우를 바탕으로 여행자의 고민을 덜어주는, 실속 있는 선택지입니다.",,,20250908135948,20251023143000,,,,6,7,26,230,AC,AC06,AC060200,B02,B0201,B02011100,부산광역시 부산진구 서면로68번길 52 (부전동),7층,47286,129.0582835611,35.1546812913,6
2848939,39,튼튼장어 무한리필,,"튼튼장어 무한리필은 부산 기장군 일광읍에 위치한 음식점으로 뷔페를 겸한 무한리필 장어 전문점이다. 일광역 1번 출구 근처에 있어 접근성이 뛰어나다. 잘 손질된 장어를 직접 골라 불판에서 구워 먹을 수 있다. 장어 외에도 삼겹살, 훈제 오리, 소시지, 주꾸미, 새송이 등 여러 종류의 메뉴를 무제한으로 이용할 수 있다. 셀프 반찬대에는 깻잎, 마늘, 양파, 초 생강, 고추냉이, 쌈무 등 여러 가지의 채소가 있다. 또 샐러드, 치즈스틱, 치킨 윙, 볶음밥, 초밥, 구운 떡, 오렌지, 방울토마토 등 밥과 디저트가 준비되어 있다. 기본 흰쌀밥과 장엇국도 제공된다. 장어를 잘 못 먹는 아이도 다양한 메뉴가 준비되어 있어 부담 없이 올 수 있다. 식당 바로 앞 일광해수욕장이 있어 식사 후 가볍게 산책하는 것도 좋다.",,,20220905110752,20250116113904,http://tong.visitkorea.or.kr/cms/resource/59/2848759_image2_1.jpg,http://tong.visitkorea.or.kr/cms/resource/59/2848759_image3_1.jpg,Type3,6,3,26,710,FD,FD01,FD010100,A05,A0502,A05020100,부산광역시 기장군 기장해안로 1301,,46044,129.2331682209,35.2601393874,6
2853081,39,파나카F,"<a href=""https://www.instagram.com/panaca_f/""target=""_blank"" title=""새창 : 파나카F 사이트로 이동"">https://www.instagram.com/panaca_f/</a>","금정마을 안에 있는 동래 숲속 뷰 카페 파나카F는 도심에서 차로 5분 거리 숲속에서 자연을 만끽하며 여유롭게 커피를 즐길 수 있는 숲세권 카페다. 커피, 핸드드립, 에이드, 밀크티 등 음료 메뉴가 다양하다. Panama Caja의 줄임말로 '파나마에서 온 상자'라는 뜻에 Forest를 붙여 Panaca F가 만들어졌다. 파나마의 환상적인 자연환경 속에서 자란 생두를 직접 수입하고 로스팅, 추출까지 커피의 모든 가공 과정에 참여함으로 맛의 일관성과 독특함을 두루 갖춘 커피를 제공한다. 또한 나무꾼케이크, 제리치즈케이크 등 만듦새가 좋은 디저트도 인기가 좋다. 저녁이 되면 반짝이는 조명과 함께 소나무 숲에 둘러싸인 계단식 야외 데크가 포토존으로 변한다. 매장 앞에 주차 공간이 있다. 근처에 사직공원과 금강공원이 있어 함께 둘러보기 좋다.",,,20220914111145,20250120132727,http://tong.visitkorea.or.kr/cms/resource/78/2853078_image2_1.jpg,http://tong.visitkorea.or.kr/cms/resource/78/2853078_image3_1.jpg,Type3,6,6,26,260,FD,FD05,FD050100,A05,A0502,A05020900,부산광역시 동래구 금정마을로 54,,47718,129.0627927041,35.2121971536,6
142853,32,파라다이스 호텔 부산,"<a href=""https://www.busanparadisehotel.co.kr"" target=""_blank"" title=""새창 : 파라다이스호텔 부산 홈페이지로 이동"">https://www.busanparadisehotel.co.kr</a>","파라다이스 호텔 부산은 국제관광도시, 부산 해운대 해변에 자리한 호텔이다. 객실에는 바다 전망 발코니가 마련되어 있어, 탁 트인 해운대 바다를 감상하며 여유로운 휴식을 즐길 수 있다. 또한, 사계절 내내 온천수와 함께 바다를 바라보며 힐링 할 수 있는 야외 온천 오션스파 씨메르와 야외 온수풀, 그리고 가족 여행객을 위한 다양한 시설과 프로그램이 마련되어 있어 연인, 친구, 아이와 함께하는 가족단위 손님까지 편안한 휴식을 즐길 수 있다. 이 뿐만 아니라 고급스러운 분위기의 다채로운 다이닝 레스토랑이 즐비해 있어 취향에 맞게 선택해 음식을 즐길 수 있다.",,,20031223090000,20250721162401,http://tong.visitkorea.or.kr/cms/resource/55/3510355_image2_1.jpg,http://tong.visitkorea.or.kr/cms/resource/55/3510355_image3_1.jpg,Type3,6,16,26,350,AC,AC01,AC010100,B02,B0201,B02010100,부산광역시 해운대구 해운대해변로 296,,48099,129.1641214339,35.1599409935,6
133314,39,팔미초밥,,"팔미초밥은 부산 연제구에 위치한 신선한 초밥 전문 음식점이다. 이곳은 신선한 재료와 정성스러운 손길로 만들어진 초밥을 제공하며, 특히 다양한 해산물을 사용한 초밥이 인기이다. 아늑한 분위기 속에서 친절한 서비스와 함께 식사를 즐길 수 있어, 가족이나 친구들, 연인과 함께 방문하기 좋은 장소이다. 신선한 재료로 만든 초밥을 합리적인 가격에 제공하며, 지역 주민들뿐만 아니라 관광객들에게도 사랑받는 맛집이다. 팔미초밥은 부산에서 꼭 가봐야 할 초밥 맛집으로 알려져 있다.",,,20041230090000,20250307141556,,,,6,13,26,470,FD,FD02,FD020200,A05,A0502,A05020300,부산광역시 연제구 월드컵대로119번길 8,,47596,129.0818167950,35.1849700007,6
2844738,39,팜카페,"<a href=""https://www.instagram.com/farm41_cafe""target=""_blank"" title=""새창 : 팜카페 사이트로 이동"">https://www.instagram.com/farm41_cafe</a>","부산광역시 기장군에 위치한 팜카페는 도심 속 정원에서 반려동물과 함께 브런치를 먹을 수 있는 카페이다. 대표 메뉴는 직접 재배한 토마토와 로메인이 들어간 바게트샌드위치이고 아메리카노, 농장주스, 몽블랑, 클럽샌드위치 등 다양한 메뉴가 준비되어있다. 한 팀당 세 마리까지, 15kg이하의 강아지와 이용이 가능하다. 강아지를 동반하지 않고 구경 목적으로 방문하는 어린이의 동반은 제한된다. 팜에서 반려견과 함께 힐링할 수 있는 카페이다. 인근에 함께 둘러보기 좋은 관광지로는 국립부산과학관 어린이과학관, 국립부산과학관새싹누리관, 해광사, 헤운대 달맞이길 등이 있다.",,,20220829101002,20250609132037,http://tong.visitkorea.or.kr/cms/resource/32/2844732_image2_1.jpg,http://tong.visitkorea.or.kr/cms/resource/32/2844732_image3_1.jpg,Type3,6,3,26,710,FD,FD05,FD050100,A05,A0502,A05020900,부산광역시 기장군 기장읍 석산1길 41,,46081,129.2106078643,35.2033453296,6
2613988,32,팝콘 호스텔 해운대점,"<a href=""http://popcornhaeundae.com/8463""target=""_blank"">http://popcornhaeundae.com/8463<a/>","팝콘 호스텔 해운대는 해외 호스텔 업계와 여행업에서 일했던 젊은 사람들이 뭉쳐서 만든 특별한 호스텔이다. 해운대에서 시작해서 모던한 인테리어로 젊은 고객분들이 편안하고 자유롭게 이용할 수 있도록 만들어져 있으며, 가능한 객실마다 개별 욕실이 구비되어 가족과 친구끼리 숙박하기에 편리하게 시설이 마련되어 있다.",,,20190802190541,20251023143000,,,,6,16,26,350,AC,AC06,AC060200,B02,B0201,B02011100,부산광역시 해운대구 해운대해변로 321,(중동)11층,48096,129.1653073710,35.1625407241,
3370514,15,페스티벌 시월,"<a href=""https://shiwol.com/"" target=""_blank"" title=""새창 : 페스티벌 시월 축제 페이지"">https://shiwol.com/</a>","페스티벌 시월은 전국 최초 융복합 전시컨벤션 축제로 9~10월에 개최하는 부산 대표 축제·행사를 통합하여 새로운 경험과 비즈니스 네트워크를 쌓아갈 수 있는 기회를 마련한 도시 플랫폼이다. '페스티벌 2025'에서는 뮤직, 무비, 비즈니스, 레저 등 10개 테마별 축제, 행사, 포럼의 창작자, 기관, 기업들이 만나 서로의 영역을 교류하고 확장하는 특별한 경험의 장이 펼쳐진다.",051-711-0054,부산광역시,20240920150004,20250910105730,http://tong.visitkorea.or.kr/cms/resource/68/3533968_image2_1.jpg,http://tong.visitkorea.or.kr/cms/resource/68/3533968_image3_1.jpg,Type3,6,16,26,350,EV,EV01,EV010200,A02,A0207,A02070200,부산광역시 해운대구 APEC로 55 (우동),벡스코 등 부산광역시 전역,48060,129.1355209016,35.1687450332,6
2731553,32,펠릭스바이STX,"<a href=""https://www.felixbystx.com/"" target=""_blank"" title=""새창 : 펠릭스바이STX 홈페이지로 이동"">https://www.felixbystx.com/</a>","부산 해운대에 위치한 펠릭스바이에스티엑스는 STX 서비스에서 운영하는 라이프스타일 호텔로, 지하철 해운대역 5번 출구가 연결되어 있어 뛰어난 접근성과 편리한 교통환경을 갖추고 있다. 객실은 다양한 크기의 스튜디오 타입과 스위트 타입으로 구성되어 있다. 비즈니스 출장객 및 여행객 모두가 편안하게 머물 수 있도록 객실마다 취사 가능한 주방과 테이블, 업무용 데스크, 세탁기 등 편의용품을 갖췄다.",,,20210805224346,20250121160455,http://tong.visitkorea.or.kr/cms/resource/69/2816269_image2_1.jpg,http://tong.visitkorea.or.kr/cms/resource/69/2816269_image2_1.jpg,Type3,6,16,26,350,AC,AC02,AC020200,B02,B0201,B02011300,부산광역시 해운대구 해운대로 620 해운대 라뮤에뜨,,48094,129.1584801742,35.1630016570,6
128055,12,평화공원,"<a href=""https://www.bsnamgu.go.kr/index.namgu?menuCd=DOM_000000601002003000""target=""_blank"" title=""새창: 부산남구 문화관광"">https://www.bsnamgu.go.kr</a>","평화공원은 부산 남구 대연동에 위치한 공원으로 부산 시민들의 대표적인 쉼터로 알려져 있다. 2005 APEC 정상회의 개최를 기념하기 위해 UN 기념공원 인근에 조성되어 바닥분수, 파고라, 조깅코스 등 다양한 시설이 있다. 또한 인근에 박물관, 문화회관 등 역사문화체험공간과 어우러진 명소이다. 이곳은 동백나무, 소나무 등 수목 3만 그루를 심어 더욱 푸른 공간으로 탄생시켰다. 공원 한가운데 하늘로 솟구쳐 오르는 분수가 있어 여름에는 이곳에서 물놀이를 즐길 수 있고, 밤에는 아름답게 빛나는 분수를 배경으로 연인과 함께 시간을 보내기에 좋다.",,,20040302090000,20250305145508,http://tong.visitkorea.or.kr/cms/resource/63/3370163_image2_1.jpg,http://tong.visitkorea.or.kr/cms/resource/63/3370163_image3_1.jpg,Type1,6,4,26,290,VE,VE03,VE030100,A02,A0202,A02020700,부산광역시 남구 신선로447번길 10,,48529,129.0995779953,35.1253214518,6
2756678,39,포레스트3002,"<a href=""https://www.instagram.com/forest3002/"" target=""_blank"" title=""새창 : 포레스트3002 인스타그램으로 이동"">https://www.instagram.com/forest3002/</a>","탁 트인 넓은 잔디밭에서 바다를 바라보며 편히 쉴 수 있는 공간이다. 소품, 옷, 모자 등을 판매하기도 하고 가끔 시간이 맞을 때는 재즈, 클래식 공연도 감상할 수 있다. 언제든 캘리그래피 체험을 해볼 수 있도록 파스텔, 물감과 붓, 펜 등이 구비되어 있다. 샌드위치, 크루아상, 케이크부터 피자 종류까지 있어 다양한 메뉴를 취향대로 고를 수 있다. 아기자기하게 꾸며진 카페 내부 곳곳을 살펴보는 재미가 있고 지하에는 비밀스러운 공간 ‘부산스런 갤러리’도 있다. 부산을 배경으로 한 다양한 사진 전시를 볼 수 있고 구매도 가능하다. 예약하면 이곳에서의 사진 촬영도 가능하다.",,,20211013235120,20251104171929,http://tong.visitkorea.or.kr/cms/resource/96/2756896_image2_1.jpg,http://tong.visitkorea.or.kr/cms/resource/96/2756896_image3_1.jpg,Type3,6,1,26,440,FD,FD05,FD050100,A05,A0502,A05020900,부산광역시 강서구 낙동남로682번길 262 (녹산동),,46736,128.8935322897,35.1159575984,6
2844748,39,포에버얌 부산기장점,"<a href=""https://www.instagram.com/pho.everyum/"" target=""_blank"" title=""새창 : 포에버얌 인스타그램으로 이동"">https://www.instagram.com/pho.everyum/</a>","부산광역시 기장군 온정방파제 입구에 있는 포에버얌은 베트남 음식점이다. 소고기와 닭고기, 10여 가지의 야채와 향신료로 6시간 동안 직접 우려낸 진한 육수로 만든 베트남식 쌀국수를 선보인다. 이곳의 대표메뉴는 왕갈비쌀국수와 분짜이며, 이외에도 소고기쌀국수와 매운우삼겹쌀국수, 돼지고기파인볶음밥, 분보싸오, 짜조 등의 다양한 베트남 음식이 준비되어 있다.",,,20220829101528,20250828132443,http://tong.visitkorea.or.kr/cms/resource/40/2844740_image2_1.jpg,http://tong.visitkorea.or.kr/cms/resource/40/2844740_image3_1.jpg,Type3,6,3,26,710,FD,FD02,FD020400,A05,A0502,A05020700,부산광역시 기장군 일광읍 문오성길 43,,46041,129.2583070724,35.2827845407,6
2869249,39,푸디1354,"<a href=""https://www.instagram.com/busanfoodie1354/""target=""_blank"" title=""새창 : 푸디1354 사이트로 이동"">https://www.instagram.com/busanfoodie1354/</a>",푸디1354는 부산광역시 강서구에 있는 토마호크 스테이크와 우대 갈비 맛집으로 유명한 곳이다. 매장 내부는 평법한 고깃집 같지 않은 깔끔하고 세련된 분위기로 꾸며졌다. 토마호크와 티본이 주메뉴로 저온 숙성과 특별한 기법으로 고기를 숙성시켜 조리한다. 기본 찬으로 샐러드와 바질과 맛있는 소스로 버무려진 육회가 나온다. 루프탑은 제주도를 연상케 하는 돌담과 야자수가 있으며 포토존도 여러 군데 있다. 또한 강이 보이는 리버뷰로 일몰을 감상할 수 있고 저녁에는 예쁜 조명을 밝혀 캠핑 분위기를 느낄 수 있다. 이곳은 다양한 와인과 술 종류가 준비되어 있어 술 한 잔을 곁들인 뒤 식사를 해도 좋다. 근처에 에코델타시티 전망대가 인접해 있어 함께 둘러보기 좋다.,,,20221018144733,20250623133925,http://tong.visitkorea.or.kr/cms/resource/06/2869206_image2_1.jpg,http://tong.visitkorea.or.kr/cms/resource/06/2869206_image3_1.jpg,Type3,6,1,26,440,FD,FD01,FD010100,A05,A0502,A05020100,부산광역시 강서구 가락대로 1354 (봉림동),,46708,128.9029434656,35.1856110779,6
2616371,39,풍년오리박사,,"부산 풍년오리박사는 철저히 좋은 재료를 쓰는 것만이 좋은 음식, 맛있는 음식을 만들 수 있다고 생각한다. 청수오리흑숙은 식품 특허를 출원한 요리로 오리에 12가지 곡물을 이용하여 음양 조화를 맞추어 보신 음식으로 개발한 것으로 이곳에서만 조리 판매된다. 청둥오리 보양탕은 오리고기에 다양한 순수생약과 풍년 오리 박사의 노하우인 사물탕을 독특하게 조리해낸 일품요리로 전통 지정 음식이다. 오리불고기는 특제 양념에 재운 오리 고기를 신선한 채소와 함께 볶아내어 풍부한 맛과 향을 자랑한다. 또한, 오리백숙과 오리탕 등 다양한 오리 요리를 제공하여, 오리 고기를 선호하는 사람들에게 안성맞춤이다.",,,20190823233430,20250526105305,http://tong.visitkorea.or.kr/cms/resource/16/2616416_image2_1.jpg,http://tong.visitkorea.or.kr/cms/resource/16/2616416_image2_1.jpg,Type3,6,2,26,410,FD,FD01,FD010100,A05,A0502,A05020100,부산광역시 금정구 청룡로 40 (청룡동),,46201,129.0882165219,35.2756710635,6
2832642,39,풍원장시골밥상집,,"익숙하게 접할 수 있는 한식에 30년 전통 노하우를 더한 풍원장시골밥상집은 부산 기장에 위치하고 있다. 숯불에 구워 기름기를 쏙 뺀 돼지불고기 정식과 잡내 없이 보들보들 삶아낸 돼지 수육 정식, 담백한 오리 훈제, 신선하고 영양 만점인 회 정식, 전복회 정식 등 모든 메뉴가 대표 메뉴로 소개될 만큼 먹거리가 풍성한 한정식 음식점이다. 이 외에도 도시락도 판매하고 있어 혼자사는 사람들도 푸짐한 한식을 포장해 맛볼 수 있다. 식당 내부는 정겨운 분위기가 물씬 느껴지며 단체석도 준비되어 있어 단체모임이나 가족모임, 회식장소로도 적합하다. 풍원장시골밥상집은 전통적인 맛과 정성을 중시하는 이들에게 추천할 만한 곳이다.",,,20220804151957,20250527172035,http://tong.visitkorea.or.kr/cms/resource/39/2832639_image2_1.jpg,http://tong.visitkorea.or.kr/cms/resource/39/2832639_image3_1.jpg,Type3,6,3,26,710,FD,FD01,FD010100,A05,A0502,A05020100,부산광역시 기장군 기장읍 기장해안로 250,,46083,129.2232402619,35.1974490024,6
2891887,39,프루터리포레스트,"<a href=""http://fruiterie.co.kr""target=""_blank"" title=""새창 : 프루터리포레스트 홈페이지로 이동"">http://fruiterie.co.kr</a>","광안리 바닷가의 과일 카페 프루터리포레스트는 달맞이고개 끝자락 숲속에 있다. 부산에서 가장 번화한 해운대 한 가운데 이렇게 조용한 숲이 있을 줄 누가 알았을까 싶은 곳에 있다. 프루터리포레스트는 신선한 과일을 가장 신선한 방법으로 만든 콜드프레스 주스와 달콤하고 건강한 프루츠디저트가 맛있는 곳이다. 넓은 온실 정원과 루프탑 등이 있어 다양한 좌석에서 자연을 즐길 수 있다. 반려견 동반도 가능하다. 가까운 곳에 해운대 블루라인 송정정거장, 송정해수욕장이 있어 함께 둘러보기 좋다.",,,20221031162311,20251024152407,http://tong.visitkorea.or.kr/cms/resource/83/2891883_image2_1.jpg,http://tong.visitkorea.or.kr/cms/resource/83/2891883_image3_1.jpg,Type3,6,16,26,350,FD,FD05,FD050100,A05,A0502,A05020900,부산광역시 해운대구 달맞이길 491,,48068,129.1928600605,35.1796365432,6
2999905,12,플루니티,"<a href=""https://blog.naver.com/sho0051"" target=""_blank"" title=""새창 : 플루니티 네이버 블로그로 이동"">https://blog.naver.com/sho0051</a>","부산 영도의 오래된 마을인 봉산마을 내에 위치한 플루니티는 꽃차와 다식 체험을 할 수 있는 작고 소박한 공간으로 국내 친환경 꽃과 약용식물을 재배하는 농장과 계약 재배를 통해 재료를 공급받고 있다. 꽃차 만들기, 전통 다식 만들기 외에도 퍼스널 플라워티블렌딩 클래스, 꽃차 컬러테라피 클래스 등의 체험이 있다. 한국관광공사 관광두레 부산 영도 지역 사업체로서 현재는 소규모 단체와 기업을 대상으로 체험 프로그램을 운영 중이므로 개인 방문 시 미리 연락하는 것을 추천한다.",,,20230822180038,20250109092450,,,,6,14,26,200,EX,EX07,EX070200,A02,A0203,A02030400,부산광역시 영도구 번영길 8,,49059,129.0452947259,35.0923685831,6
2832649,39,피크스퀘어,"<a href=""http://instagram.com/peak.square""target=""_blank"" title=""새창 : 피크스퀘어 사이트로 이동"">http://instagram.com/peak.square</a>","부산 기장에 위치한 피크스퀘어는 독특한 형태의 외관을 자랑한다. 제주도에서나 볼법한 돌 담벼락에 둘러싸인 오션뷰 카페다. 찾아가는 길이 좁아 불편하지만, 건물 앞에 도착하면 넓은 주차장이 있다. 카운터와 카페 공간이 분리되어 차분한 분위기에서 커피를 즐길 수 있는 곳이다. 들어가는 입구 왼쪽에 화살표는 피크스퀘어의 포토존으로 유명하다. 화살표 표시 옆으로 건물을 등지고 서면 건물과 하늘이 맞닿아 멋진 사진을 남길 수 있다. 피크스퀘어에는 산미와 바디감이 있는 원두 종류를 취향에 따라 선택할 수 있다. 이 밖에도 간단하게 먹을 수 있는 케이크, 앙버터, 몽블랑 등 다양한 디저트도 있다. 가족들과 친구 그리고 연인과 함께 방문하기 좋다.",,,20220804152913,20250527172713,http://tong.visitkorea.or.kr/cms/resource/46/2832646_image2_1.jpg,http://tong.visitkorea.or.kr/cms/resource/46/2832646_image3_1.jpg,Type3,6,3,26,710,FD,FD05,FD050100,A05,A0502,A05020900,부산광역시 기장군 기장해안로 864,,46078,129.2439402696,35.2325510123,6
2875819,39,하가원 해운대점,,"하가원 해운대점은 좌동재래시장 안에 있는 콩국수와 수제비를 판매하는 한식당이다. 대표 메뉴는 강원도에서 직접 재배한 콩으로 만든 사계절 즐길 수 있는 콩국수이다. 국수 위에 고명을 올리지 않는 게 특징인데, 오히려 콩국의 진한 맛을 느낄 수 있다. 수제비 역시 이곳의 또 다른 대표메뉴이다. 그 외에도 해물파전, 돌판 비빔밥, 왕만두 등 다양한 메뉴가 준비되어 있어 취향에 맞게 선택해 즐길 수 있다. 가게 매장이 넓고 주차는 매장 앞에 할 수 있지만 주차를 할 수 있는 공간이 많지 않아 인근 공영주차장을 이용하는 것을 추천한다. 가게 주변으로 해운대수목원, 동백섬 해안산책로 등이 인접해 있어 함께 둘러보기 좋다.",,,20221026130040,20250704092015,http://tong.visitkorea.or.kr/cms/resource/17/2875817_image2_1.JPG,http://tong.visitkorea.or.kr/cms/resource/17/2875817_image3_1.JPG,Type3,6,16,26,350,FD,FD01,FD010100,A05,A0502,A05020100,부산광역시 해운대구 좌동로91번길 28 (좌동),,48079,129.1742979566,35.1734396708,6
2785276,39,하기연진주냉면,,"하기연 진주냉면은 소고기와 해산물을 기본으로 한 육수에 청정 제주산 쓴(흑)메일로 만든 면을 넣고 시원한 배, 상큼한 오이, 맛깔스러운 색을 내주는 노란 지단과 삶은 계란, 계란 물을 입혀 맛있게 구워 낸 육전을 푸짐하게 올린 경상남도 진주의 향토음식인 진주냉면 맛집이다.",,,20211202223942,20250828093920,http://tong.visitkorea.or.kr/cms/resource/01/2798101_image2_1.JPG,http://tong.visitkorea.or.kr/cms/resource/01/2798101_image3_1.JPG,Type3,6,10,26,380,FD,FD01,FD010100,A05,A0502,A05020100,부산광역시 사하구 괴정로 34 (하단동),,49413,128.9678872863,35.1027993255,6
2787137,39,하녹,"<a href=""https://www.instagram.com/ha.nok_busan""target=""_blank"" title=""새창 : 업체인스타그램 이동"">https://www.instagram.com/ha.nok_busan</a>","부산 기장군에 자리한 고즈넉한 분위기의 한옥 카페다. 짙푸른 산으로 둘러싸여 더욱 운치가 느껴지는 이곳은 한옥 특유의 우아함과 서정적인 풍광이 매력이다. 기와지붕을 얹은 대문을 들어서면 작은 연못과 징검다리, 정자를 떠올리게 하는 별채가 그림처럼 펼쳐진다. 대청마루를 활용한 널찍한 테라스도 부드러운 바람을 즐기기 좋다.",,,20211207184100,20250828101959,http://tong.visitkorea.or.kr/cms/resource/79/2791979_image2_1.jpg,http://tong.visitkorea.or.kr/cms/resource/79/2791979_image3_1.jpg,Type3,6,3,26,710,FD,FD05,FD050100,A05,A0502,A05020900,부산광역시 기장군 기장읍 내리길 146-5,,46076,129.1996889809,35.2174185508,6
2852277,39,하늘아래 첫 집,,"하늘아래 첫 집은 부산광역시 기장군 정관읍 삼각산 자락에 있는 참나무구이 전문점이다. 넓은 주차장과 개별 방갈로 시설이 갖춰져 있어 편리하게 이용 가능하며, 고소하고 담백한 장어구이와 훈제 돼지고기의 맛이 좋다. 특히 탁 트인 방갈로에서 자연 경관을 감상하며 식사할 수 있어 가족 모임이나 외식에 적합하다.",,,20220908160002,20250828170308,http://tong.visitkorea.or.kr/cms/resource/69/2852269_image2_1.jpg,http://tong.visitkorea.or.kr/cms/resource/69/2852269_image3_1.jpg,Type3,6,3,26,710,FD,FD01,FD010100,A05,A0502,A05020100,부산광역시 기장군 정관읍 병산2로 54-23,,46003,129.1938108439,35.3492314413,6
2848930,39,하바나,"<a href=""https://www.instagram.com/havana_official_/"" target=""_blank"" title=""새창 : 하바나 인스타그램으로 이동"">https://www.instagram.com/havana_official_/</a>","부산시 기장군 일광면 바다 앞에 위치한 하바나는 이국적인 분위기의 브런치 카페이다. 하바나는 하늘, 바다 그리고 너와 나의 줄임말로 야외 테이블과 작은 오두막이 있어 가족, 연인, 친구들과 함께 방문하기 좋다. 또, 가게 내부에서 그날의 무드에 맞는 음악을 빈티지 진공관 스피커로 틀어주고 있어 분위기 있는 휴식이 가능하다. 이곳의 인기메뉴는 제주 흑돼지 불고기와 불향을 입힌 새우가 만난 피자이다. 이외에도 매장에서 직접 만들어 제면 한 생면 투움바 파스타와 크림파스타, 황금빛 패스츄리 모자를 쓴 팟 파이 수프 등 이색적이고 다양한 메뉴들이 준비되어 있다.",,,20220905112244,20250610111925,http://tong.visitkorea.or.kr/cms/resource/93/2848793_image2_1.jpg,http://tong.visitkorea.or.kr/cms/resource/93/2848793_image3_1.jpg,Type3,6,3,26,710,FD,FD05,FD050100,A05,A0502,A05020900,부산광역시 기장군 일광읍 일광로 792,,46039,129.2610810343,35.3114897076,6
2804372,32,하운드호텔 부산역점,"<a href=""https://houndhotelbusanstation.com/"" target=""_blank"" title=""새창 : 하운드호텔 부산역점 홈페이지로 이동"">https://houndhotelbusanstation.com/</a>","하운드호텔 부산역점은 지하철 부산역과 초량역 사이에 있고 KTX 부산역과 부산항국제여객터미널도 가까워 이동에 편리하다. 객실은 침실, 온실 등 다양한 타입으로 구성되어 있다. 디럭스 더블 테라스에서는 초량동 일대 풍경을 둘러볼 수 있고, 패밀리 스위트 트윈은 가족 손님에게 인기가 있다. 12층 루프탑은 호텔의 자랑거리로 루프탑 수영장에서 사계절 내내 부산 도심을 즐길 수 있다. 전 객실에 바이러스 살균기와 스타일러를 설치했고 넷플릭스도 시청할 수 있다.",,,20221231002325,20250122113640,http://tong.visitkorea.or.kr/cms/resource/82/2804082_image2_1.jpg,http://tong.visitkorea.or.kr/cms/resource/82/2804082_image3_1.jpg,Type3,6,5,26,170,AC,AC01,AC010100,B02,B0201,B02010100,부산광역시 동구 중앙대로236번길 9 하운드호텔,(초량동),48732,129.0427025928,35.1177518053,6
2858955,39,하진이네,,"부산 청사포 횟집촌에 있는 하진이네는 장어와 조개구이 전문점이다. 1층, 2층으로 이루어진 하진이네는 좌석 간 간격이 넓어 쾌적하게 음식을 먹을 수 있고, 창가 쪽에 앉으면 청사포 바다를 볼 수 있어 주말에는 금방 자리가 찬다. 조개구이 전문점으로 싱싱하고 속이 꽉 찬 가리비, 키조개, 대합, 바지락 등 여러 종류의 조개들을 먹을 수 있다.",,,20220923142703,20250829152055,http://tong.visitkorea.or.kr/cms/resource/44/2858944_image2_1.jpg,http://tong.visitkorea.or.kr/cms/resource/44/2858944_image3_1.jpg,Type3,6,16,26,350,FD,FD01,FD010100,A05,A0502,A05020100,부산광역시 해운대구 청사포로 151 (중동),,48116,129.1940076674,35.1620496446,6
2775565,12,학리항(학리방파제),,"부산광역시 기장군 일광면 학리에 있는 어항으로 기장 해안가의 오래된 포구이다. 멸치로 유명한 대변항과 회로 유명한 칠암항 다음으로 기장군내에서는 규모가 큰 항이기 때문에 어선을 보호하기 위해 만들어진 방파제가 있다. 활어를 유통, 판매하고 있으며 어촌 마을인 학리마을, 북쪽의 일광 해수욕장과 연결된 해변로를 따라 산책할 수 있다. 전국에서 처음으로 미역과 다시마를 양식하기 위하여 기르는 종묘를 생산하고 양식에 성공을 거둔 곳이기도 하다. 크고 작은 방파제와 빨갛고 하얀 등대가 어촌의 풍경을 자아내는 포구이다.",,,20211118004931,20250305103704,http://tong.visitkorea.or.kr/cms/resource/27/3334627_image2_1.jpg,http://tong.visitkorea.or.kr/cms/resource/27/3334627_image3_1.jpg,Type3,6,3,26,710,NA,NA02,NA020700,A01,A0101,A01011400,부산광역시 기장군 일광면 학리 251-13,,46045,129.2477530679,35.2599730111,6
2550799,14,한국기독교선교박물관,"<a href=""https://museum-kcm.or.kr/""target=""_blank"" title=""새창: 한국기독교선교박물관 홈페이지로 이동"">https://museum-kcm.or.kr/</a>","한국기독교선교박물관은 초창기 선교사들의 복음 활동과 역사를 전시하고 있다. 2009년 개관한 이래, 한국 기독교의 성장 과정을 깊이 이해할 수 있는 공간으로 거듭 발전하고 있다. 초창기 한국 교회의 유산인 고성서를 비롯해 잡지, 사진 등 기독교 자료를 관람할 수 있는 상설전시실, 특별전시실이 있고, 근현대 민속품을 직접 보고 체험할 수 있는 민속실이 있어 다양한 전시를 경험할 수 있다. 전시를 통해 한국 기독교의 옛 모습을 돌아보고, 기독교가 근대 여명기 한국의 역사에 미친 영향을 소개한다. 또, 세계 각국에서 제작한 성경과 찬송가 등을 전시하여 기독교에 대한 이해를 돕고 있다.",,,20180614233446,20250418101247,http://tong.visitkorea.or.kr/cms/resource/81/3081181_image2_1.JPG,http://tong.visitkorea.or.kr/cms/resource/81/3081181_image3_1.JPG,Type3,6,6,26,260,VE,VE07,VE070100,A02,A0206,A02060100,부산광역시 동래구 충렬대로202번가길 24 (수안동),,47817,129.0828690343,35.2012570842,6
2788392,14,한국신발관,"<a href=""http://www.k-shoes.kr/main""target=""_blank"" title=""새창 : 한국신발관 사이트로 이동"">http://www.k-shoes.kr/</a>","국내유일의 신발산업 랜드마크인 한국신발관은 신발산업의 미래역량을 만들어나가는 창조적 공간이자, 신발문화의 확산을 만들어 나가는 공유의 공간이다. 지하 1층, 지상 7층의 규모로 지하 1층은 체험관, 지상 1~2층에는 신발의 역사를 알 수 있는 전시관으로 활용되고 있고 지상 3층에는 어린이 도서관 등 편의시설이 있다. 관람뿐만 아니라 신발 문화 체험 및 기업 창업 지원 등을 하고 있으며 신발에 특화된 인력을 양성하는 곳이기도 하다. 각 층별마다 관람하는 순서를 제공하고 있어 신발에 대한 스토리를 느끼며 관람 가능하며 신발에 관한 전시뿐만 아니라 발관련 계측 기계를 통한 발 균형검사도 제공하고 있다. 누구나 쉽게 신발산업을 이해할 수 있도록 흥미롭고 다채로운 콘텐츠를 제공하고 있다.",,,20211208021954,20251222180218,http://tong.visitkorea.or.kr/cms/resource/31/3587431_image2_1.jpg,http://tong.visitkorea.or.kr/cms/resource/31/3587431_image3_1.jpg,Type3,6,7,26,230,VE,VE07,VE070300,A02,A0206,A02060300,부산광역시 부산진구 백양대로 227,(개금동),47259,129.0258252014,35.1573442832,6
2841052,39,한그루양과점,"<a href=""http://instagram.com/hangru_yg""target=""_blank"" title=""새창 : 한그루양과점 사이트로 이동"">http://instagram.com/hangru_yg</a>","수플레와 파스타 맛집으로 소문난 한그루양과점은 부산 명지국제신도시에 있다. 수플레란 프랑스어로 ‘부풀어 오른다’에서 유래된 말로 대만, 일본에서 먼저 자리 잡은 디저트 메뉴다. 수플레 팬케이크는 주문 후 즉시 조리되기 때문에 어느정도의 시간이 소요된다. 빵빵하게 부푼 팬케이크는 비주얼만으로도 임팩트가 크지만 한 입 넣는 순간 펼쳐지는 진하고 실키한 맛과 푹신하게 녹아내리는 식감은 감동을 더한다. 한그루양과점의 인테리어는 화려하지 않은 절제된 분위기에 엔틱하고 빈티지한 느낌이 드는 동시에 초록 식물과 하얀 시폰 커튼이 주는 느낌이 매력적이다. 매장을 관통하는 커다란 창문은 한그루양과점의 포토존이다.",,,20220822172427,20250605102427,http://tong.visitkorea.or.kr/cms/resource/43/2841043_image2_1.jpg,http://tong.visitkorea.or.kr/cms/resource/43/2841043_image3_1.jpg,Type3,6,1,26,440,FD,FD05,FD050100,A05,A0502,A05020900,부산광역시 강서구 명지국제6로1번길 37 (명지동),,46726,128.8997906361,35.0953933502,6
2867734,39,한우뭉치,,"한우뭉치는 부산시 중구 보수동에 있는 한우전문점으로 지하철 1호선 토성역에서 가까운 거리이다. 4층 건물을 사용하고 있으며 지하 1층은 주차장과 숯불 창고, 1층은 좌식 원형 테이블, 2층은 입식과 좌식 원형 테이블, 3층과 4층은 룸으로 단체 회식이나 모임 장소로 쓰인다. 대표 메뉴는 한우 생갈빗살, 양념갈빗살, 등심, 안창살, 안거미살 등 소고기 구이지만 된장찌개를 먹기 위해 고기를 먹으러 온다고 할 만큼 된장찌개의 맛이 좋다. 가성비가 좋으, 매장이 넓고 깨끗해서 부담 없이 가족들과 외식하거나 단체 모임 장소로도 좋다. 육회도 많이 찾는 또 하나의 인기 메뉴이다.",,,20221014154520,20250619180936,http://tong.visitkorea.or.kr/cms/resource/29/2867729_image2_1.JPG,http://tong.visitkorea.or.kr/cms/resource/29/2867729_image3_1.JPG,Type3,6,15,26,110,FD,FD01,FD010100,A05,A0502,A05020100,부산광역시 중구 보수대로 106 (보수동3가),,48965,129.0215936568,35.1053166975,6
686419,39,할매가야밀면,,"부산의 대표음식인 밀면을 맛볼 수 있는 곳이다. 약간 노르스름한 빛깔의 면발은 알맞게 차지다는 표현이 딱 어울릴 정도로 쫀득하고, 맑게 우려낸 국물은 정성스럽게 간 살얼음 육수라 시원한 맛이 일품이다. 면발과 국물의 조화가 좋은 밀면집이다. 단체석이 있어 단체로 이용이 가능하며 주차는 불가능하여 인근 공영주차장에 주차를 한 후 식당이용을 해야 한다.",,,20090130191141,20240912140447,,,,6,15,26,110,FD,FD01,FD010100,A05,A0502,A05020100,부산광역시 중구 광복로 56-14,,48953,129.0312346584,35.0989509211,6
851989,39,할매복국,,"부산 해운대구에 위치한 할매복국은 1986년 개업한 복요리 전문 식당이다. 신선한 복어를 사용한 복국(복지리)이 가장 인기를 끌고 있는데, 탱글한 식감과 함께 맑고 깔끔한 국물 맛과 함께 그릇 가득 푸짐하게 채워주는 복어 생선 살이 입맛을 돋운다. 또한 짭짤하게 빨간양념으로 만든 복어 조림도 인기메뉴이다. 매장 내부는 아늑하고 편안한 분위기에서 식사를 즐길 수 있어 가족 단위 손님이나 단체 손님들에게도 적합하다. 친근하고 따뜻한 서비스 덕분에 오랜 단골손님들이 많으며, 현지인뿐만 아니라 관광객들도 자주 방문하는 맛집이다.",,,20091030221338,20250408130307,,,,6,16,26,350,FD,FD01,FD010100,A05,A0502,A05020100,부산광역시 해운대구 달맞이길62번길 1,,48098,129.1715207639,35.1609243536,6
2905141,39,할매집,,"해운대 해수욕장 근처에 있는 할매집은 국밥 맛집이다. 대리석과 고급스러운 나무 소재의 우드 테이블이 놓인 할매집은 큰 규모로 단체 방문도 가능한 곳이다. 최고급 국내산 사골과 자연송이, 총각 버섯, 목이버섯, 들깻가루, 한약재 등이 들어간 돼지국밥은 진한 육수와 담백한 맛이 일품이다. 신선한 야채를 넣어 만든 자가 순대와 파삼겹 철판구이도 할매집 추천 메뉴이다. 셀프 반찬대가 있어 김치, 양파, 부추, 된장 등을 편하게 가져다 먹을 수 있다. 네이버 예약이 가능한 할매집은 4인 이상부터 예약이 가능하다. 근처 해운대블루라인파크와 씨라이프부산아쿠아리움이 있어 함께 둘러보기 좋다.",,,20221110162650,20250120112932,http://tong.visitkorea.or.kr/cms/resource/35/2905135_image2_1.jpg,http://tong.visitkorea.or.kr/cms/resource/35/2905135_image3_1.jpg,Type3,6,16,26,350,FD,FD01,FD010100,A05,A0502,A05020100,부산광역시 해운대구 중동2로10번길 7,해운대온천센터 1층,48096,129.1649018354,35.1630962099,6
1805095,39,할매팥빙수단팥죽,,할머니팥빙수단밭죽은 부산시 용호동에 본점을 두고 있는 팥빙수 전문점이다. 중소벤처기업 백년가게 인증을 받은 바 있는 전통 있는 음식점으로 여러 매체에 소개되기도 하였다. 이곳의 팥빙수는 직접 삶은 통팥과 잘게 갈린 얼음 위에 우유와 조린 과일을 얹어 제공하는데 많은 재료가 들어가지 않아 팥빙수 본연의 맛을 즐길 수 있다. 내부는 협소한 편이지만 아늑한 분위기를 풍긴다. 시민들 뿐만 아니라 관광객들도 일부러 찾는 맛집이다.,,,20130417025042,20250319185129,http://tong.visitkorea.or.kr/cms/resource/93/1804793_image2_1.jpg,http://tong.visitkorea.or.kr/cms/resource/93/1804793_image3_1.jpg,Type3,6,4,26,290,FD,FD05,FD050100,A05,A0502,A05020900,부산광역시 남구 용호로90번길 24,,48523,129.1111159093,35.1243106672,6
131452,28,함지골청소년수련관,"<a href=""http://www.hamji.or.kr"" target=""_blank"" title=""새창 : 함지골청소년수련관 홈페이지로 이동"">www.hamji.or.kr</a>","새 시대 청소년상 정립을 목표로 하는 함지골청소년수련관은 지난 1996년 개원한 이래 전국에서 모범적인 수련관으로 손꼽히고 있다. 부산광역시의 운영 기조를 바탕으로 청소년들이 스스로 찾을 수 있는 마당, 청소년들이 직접 꾸며내는 수련관이 될 수 있도록 많은 노력을 기울이고 있다. 함지골청소년수련관은 청소년들이 국제화 시대에 중심 역할을 수행할 수 있도록 육성하는 것을 기본 목표로 삼고 있다. 또한 이러한 목표를 기반으로 하여 다양한 프로그램을 개발 운영함으로써 새 시대 청소년상 정립을 꾀하는 전문적인 수련기관이다.",,,20040227090000,20250327090423,,,,6,14,26,200,VE,VE10,VE100200,A03,A0302,A03020200,부산광역시 영도구 절영로 321,(동삼동),49113,129.0541777748,35.0744874138,6
2869618,39,합천국밥집,,"합천국밥집은 맑은 국물 돼지국밥의 진수, 부산 용호동의 작은 돼지국밥집이다. 오랜 시간 원칙을 고수하며 한결같이 매력적인 맛으로 손님의 발길을 이끈다. 천국밥집은 가성비도 좋지만 무엇보다 국밥에 들어가는 돼지수육에 잡내가 없어 먹기가 수월하다. 수육 역시 가성비가 좋으면서 구성도 다채로운 편이지만 하루 판매 수량이 정해져 있어 서두르지 않으면 맛보기 힘들다. 흔히 느끼한 맛의 돼지국밥을 생각했다면 이 집에서는 그런 편견을 버려야 한다. 맑고 깔끔한 돼지국밥에 잡내는 안 나는 돼지수육이 유명한 곳이다. 돼지국밥을 처음 접했다면 이 집을 적극 추천한다.",,,20221018163614,20251105175542,http://tong.visitkorea.or.kr/cms/resource/03/2869603_image2_1.JPG,http://tong.visitkorea.or.kr/cms/resource/03/2869603_image3_1.JPG,Type3,6,4,26,290,FD,FD01,FD010100,A05,A0502,A05020100,부산광역시 남구 용호로 235,,48593,129.1112856947,35.1112815729,6
2775559,12,해광사,,"해광사는 기장군 해변의 오랑대 앞에 자리한 작고 소박한 사찰이다. 부처님 말씀이 바다처럼 넓고 깊다는 뜻의 ‘해(海)’와 중생의 길을 밝히는 빛의 ‘광(光)’의 의미를 담고 있다. 100여 년 전 승려 김목암이 창건하였다고 전해온다. 바다에서 인양한 목조불상을 봉안한 것이 절의 역사인데 바닷물에 오래 잠겨있던 목조불상의 보존처리가 제대로 되지 않아 1974년 법당 언덕에 예를 다해 묻고, 절 이름을 ‘해광사’로 바꿨다 한다. 기장은 본래 한양(서울)에서 가장 멀리 유배 보낼 수 있는 지역에 해당하기 때문에 유배와 관련된 많은 이야기가 숨어있다. 특히 오랑대는 고산 윤선도가 푸른 바다와 산세의 절경에 취해 시를 읊었다는 이야기가 전해진다. 바다 위에 우뚝 서있는 용왕단이 특히  유명하다.",,,20211118004653,20251104164657,http://tong.visitkorea.or.kr/cms/resource/91/3561291_image2_1.jpg,http://tong.visitkorea.or.kr/cms/resource/91/3561291_image3_1.jpg,Type1,6,3,26,710,HS,HS03,HS030100,A02,A0201,A02010800,부산광역시 기장군 기장읍 기장해안로 340,,46082,129.2257620400,35.2055759171,6
2872271,39,해녀천지할매집,,"해녀천지할매집은 기장군 기장읍 연화리에 있다. 당일 신선한 해산물을 직접 공수하여 신선한 해산물을 저렴하게 제공하는 곳으로 전복죽은 전해 오는 비법으로 만들어진다. 천지전복죽, 특전복죽, 성게전복죽, 낙지전복죽 등 전복죽의 종류가 다양하고, 해산물은 해삼, 소라, 낙지, 성게 등이 준비되어 있다. 해산물들을 한번에 즐길 수 있는 모듬해산물 메뉴도 있어 다양한 메뉴 시식이 가능하다. 주차가 편리하며, 실내외 좌석이 마련되어 있어 방문객들이 편안하게 식사할 수 있다. 또한, 포장 주문도 가능해 집에서도 해녀천지할매집의 신선 해산물을 즐길 수 있다.",,,20221021131139,20250701175728,http://tong.visitkorea.or.kr/cms/resource/67/2872267_image2_1.JPG,http://tong.visitkorea.or.kr/cms/resource/67/2872267_image3_1.JPG,Type3,6,3,26,710,FD,FD01,FD010100,A05,A0502,A05020100,부산광역시 기장군 기장읍 연화1길 210,,46079,129.2273615202,35.2193827342,6
2875364,39,해녀할매집,,"해녀할매집은 부산 기장군 연화리에 위치한 전복요리 전문점이다. 대표 메뉴는 전복죽으로 진한국물과 넉넉한 전복양으로 든든한 보양식으로 좋다. 이외에도 전복철판구이, 전복회, 전복물회, 전복 해산물 코스 등 전복을 다양한 방식으로 즐길 수 있는 메뉴가 준비되어 있어 선택의 폭이 넓다. 해삼, 산낙지, 멍게, 소라 등 제철 해산물이 푸짐하게 담긴 해산물 모둠회도 준비되어 있다. 점심시간이나 주말에는 웨이팅이 있는 경우가 많으니 시간을 여유롭게 잡고 방문하는 것이 좋다. 식사 후에는 가까운 거리에 있는 국립수산과학관과 오랑대공원을 함께 둘러보며 자연과 해양문화를 즐길 수 있는 여행 코스로도 추천한다.",,,20221026100218,20250703113403,http://tong.visitkorea.or.kr/cms/resource/53/2875353_image2_1.JPG,http://tong.visitkorea.or.kr/cms/resource/53/2875353_image3_1.JPG,Type3,6,3,26,710,FD,FD01,FD010100,A05,A0502,A05020100,부산광역시 기장군 기장읍 연화2길 30-1,,46082,129.2268504654,35.2189494395,6
3017347,12,해돋이전망대,"영도 문화관광 <a href=""https://www.yeongdo.go.kr/tour/01462/01470.web?amode=view&idx=2195&cpage=2"" target=""_blank"" title=""새창 : 영도 문화관광 홈페이지로 이동"">https://www.yeongdo.go.kr/</a>",영도에서 가장 높은 봉래산(396.2m) 기슭에 위치하는 해돋이 마을은 이른 아침 떠오르는 해를 가장 먼저 볼 수 있는 곳으로 마을 제일 높은 곳에 해돋이 전망대 청학마루가 설치되어 있다. 해돋이 전망대로 올라가는 해돋이 마을은 벽화 마을로도 유명한데 벽화 마을을 둘러본 뒤 전망대에 오르면 영도의 전경을 한눈에 볼 수 있다. 영도의 최고의 조망처로써 각광받는 해돋이 전망대에 올라보면 남항대교와 부산항의 아름다운 모습들을 감상하는 좋은 경험이 될 것이다. 해돋이 전망대는 야경이 멋진 곳으로 남항대교의 화려한 야간경관 조명과 부산항의 야경을 한눈에 볼 수 있는 잊지 못할 추억을 남길 수 있는 곳이다. 해돋이전망대는 3층 건물로 2층은 청학마루 카페가 자리 잡고 있으며 3층은 해돋이전망대 청학마루가 마련되어 있다.,,,20231004113904,20251230172635,,,,6,14,26,200,VE,VE01,VE010200,A02,A0205,A02050600,부산광역시 영도구 해돋이3길 410-1 (청학동),,49032,129.0559688873,35.0891108108,6
2775495,12,해동성취사,,"부산광역시 기장군에 있는 해동 성취사는 2000년에 창건된 사찰로 대웅전, 지장전, 요사채 그리고 동굴 형태의 산신각을 갖추고 있다. 우암 주지스님은 한국 전통 불교 계승에 앞장서기 위하여 소리를 공양하는 범음범패(梵音梵唄)를 이수하고 불교의 가르침을 전해오고 있다. 소리로 부처님 말씀을 전하는 범음범패는 입에서 입으로 전해져 오는 한국 고유의 불교음악으로 예불과 불공 의식의 시간이 맞는다면 천상의 소리도 들을 수 있다.",,,20211118000027,20251104163758,http://tong.visitkorea.or.kr/cms/resource/73/3561273_image2_1.jpg,http://tong.visitkorea.or.kr/cms/resource/73/3561273_image3_1.jpg,Type1,6,3,26,710,HS,HS03,HS030100,A02,A0201,A02010800,부산광역시 기장군 장안읍 고무로 207-4,,46035,129.2752373809,35.3386258180,6
1805792,39,해동횟집,,"대변항 근처에 위치한 해동횟집은 자연산 멸치회를 전문으로 한다. 멸치회는 야채와 멸치를 매콤하게 양념하여 버무린 음식이다. 그 외에 멸치튀김, 매운탕, 멸치찌개 등 다양한 메뉴도 준비되어 있어 취향껏 선택이 가능하다는 장점이 있다. 이곳 매장 내부에는 입식좌석으로 구성되어 있으며 그 수가 많아 단체모임이나 회식장소로도 알맞다. 그리고 창가를 통해 바다를 볼 수 있어 대변항 바닷가의 경치를 보며 식사할 수 있다.",,,20130419014122,20250326111735,,,,6,3,26,710,FD,FD01,FD010100,A05,A0502,A05020100,부산광역시 기장군 기장읍 기장해안로 603,,46079,129.2302916643,35.2250432656,6
2786766,39,해목,,"해목 해운대점은 히츠마부시, 카이센동, 우니동 등 신선한 해산물과 장어를 활용한 일식 전문점이다. 특히 카이센동과 히츠마부시는 풍부한 맛과 신선한 재료로 인기가 높으며, 가족이나 소중한 사람과 함께 방문하기 좋은 아늑한 분위기를 자랑한다. 주변 주차공간이 넉넉해 주차가 편리하며, 건물 외관에서부터 나고야에 방문한 듯 이국적이고 색다른 느낌을 준다.",,,20211207002322,20250828101047,http://tong.visitkorea.or.kr/cms/resource/45/2797545_image2_1.JPG,http://tong.visitkorea.or.kr/cms/resource/45/2797545_image2_1.JPG,Type3,6,16,26,350,FD,FD02,FD020200,A05,A0502,A05020300,부산광역시 해운대구 구남로24번길 8 (우동),,48094,129.1596828783,35.1618601408,6
2853156,39,해물왕창칼국수,,부산 사상구 덕포역 2번 출구에 있는 해물왕창칼국수는 저렴한 가격에 푸짐한 양으로 사랑받는 맛집이다. 최고급 밀가루를 사용하여 2차까지 숙성시켜 만든 반죽과 전남 고흥에서 매일 아침 싱싱함 그대로 입고되는 조개가 이곳의 비법이다. 해물을 왕창 넣은 칼국수는 2인부터 주문할 수 있으며 강된장 열무 보리밥이 함께 나와 더욱 푸짐하다. 밀면은 진주식 육전이 함께 나오며 소고기 육전은 단품으로도 인기가 좋다. 또한 가성비 좋은 파전과 수제 왕만두도 맛볼 수 있다. 근처에 삼락생태공원이 있어 식사 후 가볍게 산책하기 좋다.,,,20220914113344,20250115155817,http://tong.visitkorea.or.kr/cms/resource/43/2853143_image2_1.jpg,http://tong.visitkorea.or.kr/cms/resource/43/2853143_image3_1.jpg,Type3,6,9,26,530,FD,FD01,FD010100,A05,A0502,A05020100,부산광역시 사상구 사상로 316,,46949,128.9837923295,35.1727362290,6
3451794,14,해성아트베이,,,,,20241219105513,20251023143000,http://tong.visitkorea.or.kr/cms/resource/71/3459571_image2_1.jpg,http://tong.visitkorea.or.kr/cms/resource/71/3459571_image3_1.jpg,Type1,6,4,26,290,VE,VE07,VE070300,A02,A0206,A02060300,부산광역시 남구 분포로 101 (용호동),용호만유람선터미널,48516,129.1153458655,35.1327486901,6
2865435,39,해신킹크랩,,"부산 부전역 8번 출구로 나오자마자 우측 건물에 있는 해신킹크랩은 대게, 킹크랩 전문점이다. 1층에서 게를 보고 직접 무게를 달아서 주문하고 4층으로 올라가 추가 상차림 비용을 내고 이용하면 된다. 깔끔한 내부는 입식과 좌식 테이블로 이루어져 있다. 킹크랩, 대게뿐 아니라 점심특선으로 물회 정식, 메로구이, 꽃게 된장, 킹새우라면, 킹새우 냉면 등을 판매하고 있다. 또 안주류로 문어숙회, 왕골뱅이무침, 킹새우치즈구이, 랍스타치즈구이 등을 판매하고 있어 술과 함께 곁들여 먹기 좋다. 근처 부산 명소 전포공구길과 카페거리도 있어 함께 둘러보기 좋다.",,,20221011170837,20250829153146,http://tong.visitkorea.or.kr/cms/resource/17/2865417_image2_1.jpg,http://tong.visitkorea.or.kr/cms/resource/17/2865417_image3_1.jpg,Type3,6,7,26,230,FD,FD01,FD010100,A05,A0502,A05020100,부산광역시 부산진구 전포대로275번길 65 (전포동),,47241,129.0638883992,35.1630776762,6
2708164,28,해안누리길 몰운대길,"<a href=""https://www.durunubi.kr/4-2-1-1-walk-mobility-view-detail.do?crs_idx=T_CRS_MNG0000003713&brd_div=DNWW""target=""_blank"" title=""새창 : 두루누비 홈페이지로 이동"">https://www.durunubi.kr</a>","해안누리길 몰운대길은 다대포 노을정에서 시작되어 몰운대로 이어지는 낙조가 아름답기로 이름난 길이다. 낙동강이 남해 바다와 만나는 현장을 눈으로 확인해 볼 수 있으며 해송숲에서 은은하게 퍼져 나오는 솔향기에 취하고 사방에 흩어진 작은 섬들과 남해의 경관을 감상할 수 있는 비순환형 코스이다. 갈맷길4~3코스 중 일부코스로 몰운대유원지, 화손대, 공수마을, 몰운대성당 앞 전망대가 관광포인트이다.",,,20210305193427,20250801133106,http://tong.visitkorea.or.kr/cms/resource/00/2646400_image2_1.jpg,http://tong.visitkorea.or.kr/cms/resource/00/2646400_image3_1.jpg,Type3,6,10,26,380,LS,LS01,LS011900,A03,A0302,A03022700,부산광역시 사하구 다대로 734,(다대동),49505,128.9614309528,35.0498384676,6
2019594,14,해양환경공단 해양환경교육원(부산),"<a href=""https://www.merti.or.kr/"" target=""_blank"" title=""새창 : 해양환경교육원 홈페이지로 이동"">https://www.merti.or.kr/</a>","부산의 해양환경교육원은 국내 유일의 방제교육 전문기관이다. 2010년 부산 영도구 동삼혁신지구에 설립된 해양환경교육원은 전문 교수진 및 전용 강의실, 대강당, 생활관 등을 갖추고 있다.
해양환경관리법에 따라 해양오염방지관리인 및 해양환경관리업에 종사하는 기술요원이 5년마다 1회 이상 받아야 하는 해양오염방지관리인교육을 시행하고 있으며, 2007년 12월 7일 ‘허베이스피리트’ 기름유출사고를 계기로 중·대형 오염사고에 대비한 전문인력 육성을 위한 방제교육·훈련 강화, 일반시민과 학생들에게 해양환경의 중요성 인식을 위한 다양한 교육 서비스를 제공하고 있다.
해양오염방지관리인교육을 비롯하여 전문방제교육 및 전 국민 대상 해양환경교육 등 다양한 교육 프로그램을 제공하고 있다. 특히, 인공해안이 설치된 조파수조를 현장 중심교육에 활용하고 있다.",,,20150721012333,20240723164538,http://tong.visitkorea.or.kr/cms/resource/40/3336540_image2_1.jpg,http://tong.visitkorea.or.kr/cms/resource/40/3336540_image3_1.jpg,Type3,6,14,26,200,VE,VE07,VE070300,A02,A0206,A02060300,부산광역시 영도구 해양로301번길 23,,49111,129.0779422192,35.0802260985,6
2786779,39,해운대 가야밀면,,"1998년 5월 창업한 해운대 가야밀면은 20년 동안 사랑받아 온 부산 향토음식 밀면 맛집이다. 소양지, 사태와 토종닭발, 통생강, 통양파, 통마늘, 각종 한약재 등을 넣고 48시간 동안 끓여 1년 이상 숙성한 육수로 그 맛을 낸다. 밀가루 전분을 넣어 만든 탱글탱글한 밀면에 양념장, 무절임, 오이, 삶은 달걀, 고기 고명을 올리고 살얼음 육수를 부어 나오는 밀면의 시원하고, 담백한 맛이 일품이다. 해운대 가야밀면은 밀면, 매콤한 비빔면, 쫄깃한 만두피가 인상적인 만두 세 가지의 메뉴만 판매하고 있다.",,,20211207002608,20251210090909,http://tong.visitkorea.or.kr/cms/resource/66/2797566_image2_1.JPG,http://tong.visitkorea.or.kr/cms/resource/66/2797566_image2_1.JPG,Type3,6,16,26,350,FD,FD01,FD010100,A05,A0502,A05020100,부산광역시 해운대구 좌동순환로 27 (좌동),,48084,129.1663598827,35.1688900329,6
127004,12,해운대 관광특구,,"부산광역시 해운대구는 국내는 물론 세계적으로도 유명한 관광지이다. 우리나라 최대의 여름 휴양지로 사랑받는 것은 물론, 봄, 가을, 겨울에도 부산국제영화제와 국제요트대회, 해운대 해맞이 축제 등 다채로운 축제와 행사가 열려 사계절 내내 관광지로 인기가 많은 곳이다. 해운대관광특구에는 해운대해수욕장을 중심으로 다양한 해양 레저와 풍부한 수산물을 즐기고 맛볼 수 있는 곳이며, 각종 여가와 문화를 즐기며 장기간 휴양할 수 있는 체류형 관광지로 전 세계인의 발길이 이어지고 있다. 동백섬과 달맞이언덕, 해수온천과 같은 자연 자원뿐 아니라 컨벤션 센터와 요트장 등 관광단지가 조성되어 있다. 관광특구에는 영화의 전당, 영화 촬영소, 미술관, 아쿠아리움 등 문화 시설도 있으며, 야경이 환상적인 문탠로드와 해안을 따라 이어지는 갈맷길 등 산책코스도 다양하다.",,,20031215090000,20250407112716,http://tong.visitkorea.or.kr/cms/resource/68/3026468_image2_1.JPG,http://tong.visitkorea.or.kr/cms/resource/68/3026468_image3_1.JPG,Type3,6,16,26,350,VE,VE05,VE050100,A02,A0202,A02020200,부산광역시 해운대구,"우동, 중동, 송정동, 재송동 센텀시티 지역","612-020,1",129.1598690678,35.1584383046,
2822343,12,해운대 그린레일웨이 (미포~송정 구간),"해운대 문화관광 <a href=""https://www.haeundae.go.kr/tour/board/view.do?boardId=BBS_0000103&menuCd=DOM_000000301001000000&dataSid=3070761"" target=""_blank"" title=""새창 : 해운대 문화관광 홈페이지로 이동"">https://www.haeundae.go.kr/tour</a>","해운대 그린레일웨이는 동해남부선 옛 철도시설을 친환경적으로 재개발하여 수려한 해안 절경을 감상하며 산책할 수 있는 도심 산책로이다. 해운대 미포~청사포~송정 구간은 4.8㎞ 거리로 수려한 해안 절경을 따라 양방향으로 걸을 수 있으며 산책로 방향에 따라 광안대교, 달맞이, 마린시티 등 대표 관광지를 한눈에 담을 수 있는 명소이다. 산책로 구간 내 대표적 관광지로는 2017년 개장한 청사포 다릿돌 전망대, 2022년 1월 개장한 바다소리 갤러리가 있으며 미포~송정 구간은 2020년 10월에 개장한 해운대해변열차와 스카이 캡슐이 운행되는 구간으로 해운대 관광특구의 핵심 시설이 밀집된 구간이다.",,,20220531134949,20250814152348,http://tong.visitkorea.or.kr/cms/resource/37/2822337_image2_1.png,http://tong.visitkorea.or.kr/cms/resource/37/2822337_image3_1.png,Type1,6,16,26,350,NA,NA05,NA050100,A01,A0101,A01010500,부산광역시 해운대구 청사포로 116 (중동),,48116,129.1914273569,35.1612857933,6
987810,12,해운대 동백섬,"<a href=""https://www.haeundae.go.kr/tour/index.do"" target=""_blank"" title=""새창: 해운대구 문화관광 홈페이지로 이동"">https://www.haeundae.go.kr/tour/</a>","동백섬은 오랜 세월 퇴적작용으로 육지와 연결되었지만 아직도 동백섬이라고 부르고 있어 옛날 지형을 연상시켜 주고 있다. 일찍이 최치원 선생을 비롯한 많은 시인 묵객들은 바다와 숲이 어우러진 이곳의 절경을 찾아 노닐고 그 감흥을 읊어 후세에 전하고 있다. 동백섬을 둘러 산책로가 조성되어 시민들의 발길이 끊이지 않고 있으며 최치원의 해운대 각자, 동상, 시비를 비롯해서 황옥공주 전설의 주인공 인어상과 누리마루 APEC하우스 등 과거와 현재에 걸친 인적이 곳곳에 배어 있다. 또한, 동백섬에서 보는 부산의 전경은 인상적인데 건너편 미포 쪽 해안끝선과 달맞이 언덕, 바다와 하늘을 가로지르는 광안대교, 부산바다의 상징 오륙도 등이 한눈에 들어온다. 이름 그대로 예전에 말발굽에 차일 정도로 동백꽃이 지천으로 피고 지던 곳에는 지금도 변함없이 겨울에서 봄 사이에 꽃망울을 맺고 빨간 꽃이 통으로 떨어져 운치를 더하고 있다.",,,20100329182646,20250311125658,http://tong.visitkorea.or.kr/cms/resource/47/3350847_image2_1.jpg,http://tong.visitkorea.or.kr/cms/resource/47/3350847_image3_1.jpg,Type3,6,16,26,350,NA,NA02,NA020500,A01,A0101,A01011300,부산광역시 해운대구 동백로 67,(우동) 일대,48100,129.1521809693,35.1539914380,6
1304431,38,해운대 로데오거리,,"해운대에 위치한 로데오거리는 70여 개의 패션 매장과 헤어샵, 피부관리실 등이 모여있는 곳으로 많은 사람들이 찾는 관광 명소이다. 로데오 아울렛 등 상설 할인매장이 밀집해 있는 지역이기 때문에 다른 곳보다 각종 패션 소품과 옷들을 저렴한 가격에 구매할 수 있다. 인근에 해운대해수욕장, 미포 해변, 달맞이고개, 송정해수욕장 등 많은 관광지가 있는 지역으로 관광과 쇼핑을 겸할 수 있는 곳이다.",,,20110610235639,20250407152606,http://tong.visitkorea.or.kr/cms/resource/95/3032195_image2_1.JPG,http://tong.visitkorea.or.kr/cms/resource/95/3032195_image3_1.JPG,Type3,6,16,26,350,SH,SH07,SH070100,A04,A0401,A04011200,부산광역시 해운대구 좌동순환로 473,(중동),48097,129.1696430809,35.1634129289,6
2048902,15,해운대 빛축제,"<a href=""https://www.haeundae.go.kr/tour/index.do?menuCd=DOM_000000309006000000&utm_source=ig&utm_medium=social&utm_content=link_in_bio&utm_id=1344207247310791_v2_s02_e1002&fbclid=PAZXh0bgNhZW0CMTEAc3J0YwZhcHBfaWQMMjU2MjgxMDQwNTU4CGNhbGxzaXRlAjE1AAGnXyK7aX8cyXm0u5KX16jwl_ZRy3DWyhX8ta671R_fWV5zhx3_yKNZoGKMjPM_aem_HbTLaOkJ8RfrBv17__xb-g"" target=""_blank"" title=""새창: 행사 홈페이지로 이동"">http://www.haeundae.go.kr</a>","해운대 빛축제는 해운대 해수욕장과 구남로 일원에서 펼쳐지며 겨울철 부산을 대표하는 축제로 12회를 맞이하였다. 2025년 11월 29일부터 2026년 1월 18일까지 'STELLAR HAEUNDAE : 별의 물결이 밀려오다'라는 주제로 빛을 이용한 조형물 및 미디어아트 연출, 각종 체험프로그램 및 이벤트를 운영함으로써 해운대구를 찾는 관광객과 구민들에게 다양한 즐길 거리 제공한다.",051-749-4062,부산광역시 해운대구청,20151211222001,20251231135120,http://tong.visitkorea.or.kr/cms/resource/12/3576412_image2_1.jpg,http://tong.visitkorea.or.kr/cms/resource/12/3576412_image3_1.jpg,Type3,6,16,26,350,EV,EV01,EV010200,A02,A0207,A02070200,부산광역시 해운대구 해운대해변로 280 (중동),해운대 해수욕장,48099,129.1626049105,35.1595354549,6
2705418,32,해운대 영무파라드호텔,"<a href=""https://ymparade.kr/kor/index.do"" target=""_blank"" title=""새창:영무파라드호텔 홈페이지로 이동"">https://ymparade.kr/kor</a>","해운대 영무파라드호텔은 2020년 7월 문을 연 4성급 호텔로서 해운대 바다 도보 1분거리에 위치하여 전 객실 테라스를 마련, 눈앞에 펼쳐진 해운대의 정취와 더불어 여행을 더욱 풍요롭게 만드는 명소로 자리매김하고 있다. 해운대 유일 반려견 친화 호텔로서, 영무파라드호텔 반려견 테마파크를 그랜드 오픈하여 반려견과 여행을 주저했던 이들에게 많은 성원을 얻고 있다. 반려견과 사람이 함께 공존하며 휴식하는 공간을 만드는 '피터펫'과의 다양한 컨텐츠 협업으로 반려견이 이용할 수 있는 루프탑 스카이라운지, 레스토랑&카페, 미용실, 호텔링 서비스, 행동교정유치원을 운영중에 있다. 또한 반려견 동반 객실에는 모든 공간에 반려견의 안전과 편안한 휴식을 위해 다양한 반려견 전용 어메니티뿐만 아니라 프리미엄 토탈 펫 케어 브랜드 ‘디팡’의 매트와 빈백, 계단이 준비되어 있다.",,,20210204182119,20251027172925,http://tong.visitkorea.or.kr/cms/resource/20/2705420_image2_1.jpg,http://tong.visitkorea.or.kr/cms/resource/20/2705420_image3_1.jpg,Type3,6,16,26,350,AC,AC02,AC020200,B02,B0201,B02011300,부산광역시 해운대구 해운대해변로298번길 25 (중동),,48099,129.1665100882,35.1609381479,6
2760773,39,해운대기와집대구탕,,해운대기와집대구탕은 운치 있게 기와집을 고쳐 만든 식당이다. 식당에서는 해운대 해수욕장과 광안대교가 내려다보여 전망이 좋은 곳으로도 유명하다. 메뉴는 대구탕 한 가지뿐이며 대구가 푸짐하게 들어가 있으며 국물이 개운하고 시원하다. 한쪽 벽에는 식당을 다녀간 연예인들의 싸인이 수십 장 붙어 있다. 전국적으로 촬영을 다니는 연예인들은 특정 지역에 가면 그 지역의 맛집을 찾아다니는데 이곳은 전국에서도 손에 꼽히는 대구탕 맛집으로 알려지고 있다.,,,20211021225045,20251105113448,http://tong.visitkorea.or.kr/cms/resource/66/2761266_image2_1.jpg,http://tong.visitkorea.or.kr/cms/resource/66/2761266_image3_1.jpg,Type3,6,16,26,350,FD,FD01,FD010100,A05,A0502,A05020100,부산광역시 해운대구 달맞이길50번길 4 (중동),2~3층,48097,129.1700125548,35.1611742976,6
1889286,25,해운대를 지나 문탠로드를 걷다,,"해운대의 바다를 오른편에 두고 걸으며 하늘과 바다, 초고층 건물의 위용을 만난다. 해운대 달맞이길은 울창한 해송 숲이 길을 안내하고 아찔한 고개를 내려서면 송정의 푸른 바다가 손짓한다. 송정 해수욕장의 로드카페에서 차 한 잔을 즐기고 바닷가 절벽에 자리한 해동 용궁사까지 걷는 코스다.",,,20140124232021,20230809110132,http://tong.visitkorea.or.kr/cms/resource/87/200287_image2_1.jpg,http://tong.visitkorea.or.kr/cms/resource/87/200287_image3_1.jpg,Type3,6,16,26,350,C01,C0115,C01150001,C01,C0115,C01150001,,,,129.1522560183,35.1519749981,
2705325,12,해운대리버크루즈,"<a href=""http://www.haeundaerivercruise.com/""target=""_blank"" title=""해운대리버크루즈"">http://www.haeundaerivercruise.com/</a>","해운대리버크루즈는 부산 해운대구 마린시티에 위치한 도심형 유람선 관광 명소이다. APEC 나루공원을 출발하여 마린시티, 광안대교를 볼 수 있는 코스로 강과 바다를 모두 볼 수 있는 부산 최초의 도심형 유람선. 데이 크루즈, 나이트 크루즈 및 디너 크루즈로 정규 운항이 편성되어 있어 수영강과 해운대, 광안리 바다의 낮과 밤을 한 번에 즐길 수 있다. 크루즈는 낮과 밤에 따라 다양한 테마와 코스로 운영되며, 특히 저녁에는 야경과 함께 낭만적인 분위기를 만끽할 수 있다.  가족 단위 관광객부터 연인, 단체까지 다양한 고객층을 수용할 수 있는 다양한 프로그램을 마련하고 있다.",,,20210204010831,20250428160105,http://tong.visitkorea.or.kr/cms/resource/26/3041326_image2_1.JPG,http://tong.visitkorea.or.kr/cms/resource/26/3041326_image3_1.JPG,Type3,6,16,26,350,EX,EX07,EX070100,A02,A0202,A02020800,부산광역시 해운대구 수영강변대로 85,(우동),48058,129.1273244146,35.1679171964,6
1748157,14,해운대문화회관,"<a href=""https://www.haeundae.go.kr/culture/index.do"" target=""_blank"" title=""새창 : 해운대문화회관 홈페이지로 이동"">https://www.haeundae.go.kr/culture</a>","해운대문화회관은 문화와 예술이 살아 숨쉬는 종합공연장으로, 2007년 3월 개관하였다. 해운대구 좌동 신시가지 한가운데 자리 잡은 해운대문화회관은 지하 1층, 지상 4층으로 구성되어 있다. 핵심 공간이 되고 있는 해운홀은 음향설비, 조명설비, 무대기계설비, 분장실, 대기실, 연습실 등을 완벽하게 구비하여 수준 높은 예술 공연을 할 수 있는 장소로 손색이 없다. 고운홀, 전시실, 연습실, 회의실을 고루 갖추고 있으며, 정기적인 문화강좌도 개최하고 있다.",,,20121106015237,20250407153914,http://tong.visitkorea.or.kr/cms/resource/27/3026627_image2_1.JPG,http://tong.visitkorea.or.kr/cms/resource/27/3026627_image3_1.JPG,Type3,6,16,26,350,VE,VE06,VE060100,A02,A0206,A02060600,부산광역시 해운대구 양운로 97 해운대문화회관,,48102,129.1740313744,35.1711815853,6
2663379,32,해운대센텀호텔,"<a href=""https://www.ecentumhotel.com/""target=""_blank"" title=""새창: 해운대센텀호텔 홈페이지로 이동"">https://www.ecentumhotel.com/</a>","해운대센텀호텔은 다양한 인프라가 갖춰진 도심 속의 안락한 휴양지이다. 신세계백화점 및 대형 쇼핑센터, 부산국제영화제가 열리는 영화의 전당, 시립미술관, 요트경기장, APEC 나루공원 등 호텔 주변에서 쇼핑부터 문화생활, 레저 체험과 휴식까지 생활의 편리함과 즐거움을 누릴 수 있다. 넓고 쾌적한 일반객실을 비롯하여 다양한 타입으로 준비된 스위트객실은 고객의 니즈와 목적에 맞게 선택 가능하며 최상의 만족을 선사한다. 도시철도 2호선 센텀시티역과 벡스코(BEXCO) 도보1분 거리 인접 등 교통, 다양한 주변 인프라로 더욱 편리하다.",,,20200714001656,20250829100926,http://tong.visitkorea.or.kr/cms/resource/14/2719514_image2_1.jpg,http://tong.visitkorea.or.kr/cms/resource/14/2719514_image2_1.jpg,Type3,6,16,26,350,AC,AC01,AC010100,B02,B0201,B02010100,부산광역시 해운대구 센텀3로 20 (우동),,48060,129.1328433813,35.1678506389,6
126108,12,해운대온천센터,"<a href=""http://www.haeundaespa.com/"" target=""_blank"" title=""새창: 해운대온천센터 홈페이지로 이동"">http://www.haeundaespa.com</a>","해운대 온천센터는 임해 온천이며, 해운대 해수욕장 부근 온천지구에 위치한 대형 온천이다. 온천물은 나트륨과 염소 성분이 다량 함유되어 있고 라듐 성분이 있어 호르몬 분비를 촉진하고 노화 방지, 류마티스, 고혈압, 위장병, 부인병, 피부병에 효과가 있다고 한다. 온천센터는 지하 2층, 지상 7층의 대형 건물로, 4층은 매표소와 여탕, 5층은 남탕, 7층은 헬스장이 운영되고 있다. 외에도 황토방, 소금방, 토르말린방과 휴식할 수 있는 공간이 마련되어 있다.",,,20031022090000,20250415095848,http://tong.visitkorea.or.kr/cms/resource/17/3026517_image2_1.JPG,http://tong.visitkorea.or.kr/cms/resource/17/3026517_image3_1.JPG,Type3,6,16,26,350,EX,EX05,EX050100,A02,A0202,A02020300,부산광역시 해운대구 중동2로 16,(중동),48096,129.1645768542,35.1634406103,6
2858936,39,해운대하얀오징어집,,"부산 달맞이길에 있는 해운대 하얀 오징어집은 흐물흐물 흘러내릴 정도의 실처럼 얇게 썰어 나오는 오징어회가 특색 있는 해산물 맛집이다. 주문과 동시에 오징어를 얇게 여러 번 포를 떠서 잘게 썰어내는 수작업으로 조리시간이 20분 정도 소요되고, 주말에는 30~40분 정도 예상해야 한다. 이곳 메인 메뉴는 오징어 회지만 오징어 내장과 함께 쪄서 나오는 오징어 먹통도 인기가 좋다. 여러 가지를 맛보고 싶다면 오징어와 활어회, 먹통이 나오는 세트 메뉴가 있어 다양하게 즐길 수 있다. 기본 상차림으로 해물파전, 계란찜, 샐러드, 전복장, 미역국 등이 푸짐하게 나온다. 회뿐 아니라 주류와 어울리는 생우럭탕, 어묵탕, 물회도 있어 식사와 반주를 곁들일 수 있어 회식, 모임 등을 하기 좋은 곳이다. 근처 부산의 멋진 야경을 한눈에 볼 수 있는 해월정도 가까이 있으니 함께 방문해 보는 것도 좋다.",,,20220923142055,20250116113047,http://tong.visitkorea.or.kr/cms/resource/34/2858934_image2_1.jpg,http://tong.visitkorea.or.kr/cms/resource/34/2858934_image3_1.jpg,Type3,6,16,26,350,FD,FD01,FD010100,A05,A0502,A05020100,부산광역시 해운대구 달맞이길50번길 4,,48097,129.1700125548,35.1611742976,6
2852289,39,해운대해물칼국수,,"해운대해물칼국수는 부산광역시 기장군 장안읍 월내리에 있는 해물칼국수 맛집이다. 식당이 바다 바로 앞에 있어 날씨가 좋다면 테라스 석에 앉는 것을 추천한다. 대표 메뉴는 해물손칼국수와 해운대장칼국수이고 조개전골, 땡초부추전, 물총조개탕과 홍합탕이 있다. 밑반찬으로 배추김치와 무김치가 나온다. 국수집 보다는 카페가 어울릴 만큼 뷰가 좋고, 인테리어가 고급스럽다. 이국적인 휴양지 느낌이 강하고 가성비가 좋아 웨이팅이 있어 참고해야 한다. 전용 주차장도 있어 편하게 방문할 수 있다. 근처에 함께 둘러보기 좋은 여행지로 임랑해수욕장이 있어 식사 후 해변을 산책하기도 좋다.",,,20220908160529,20250611171652,http://tong.visitkorea.or.kr/cms/resource/85/2852285_image2_1.jpg,http://tong.visitkorea.or.kr/cms/resource/85/2852285_image3_1.jpg,Type3,6,3,26,710,FD,FD01,FD010100,A05,A0502,A05020100,부산광역시 기장군 장안읍 해맞이로 270,,46037,129.2677218291,35.3220608686,6
2804685,25,"해파랑길(부산,울산 구간)",,"해파랑길은 부산 오륙도에서 시작되는 총 750km 대한민국에서 가장 긴 걷기 여행길이다. 해안 길과 숲길, 마을길이 이어지는 해파랑길을 걷다 보면 아름다운 해안 경관이 눈에 가득 담긴다.
바닷사람들의 염원이 담겨있는 길을 좇아 걸으면 해가 제일 먼저 뜨는 절, 해동용궁사를 만나게 된다.
한 겨울 동백꽃이 붉게 물드는 동백섬과 가장 먼저 떠오르는 해를 볼 수 있는 간절곶도 있다. <br><br>",,,20220117180046,20231017171538,http://tong.visitkorea.or.kr/cms/resource/46/2653346_image2_1.jpg,http://tong.visitkorea.or.kr/cms/resource/46/2653346_image3_1.jpg,Type3,6,4,26,290,C01,C0114,C01140001,C01,C0114,C01140001,,,,0,0,
2759611,39,해풍가마솥,,"해풍가마솥은 무쇠 가마솥 전복요리 전문점이다. 전복죽뿐 아니라 신선한 해산물과 랍스터, 연포탕과 무쇠 전복 가마솥 밥 등도 맛볼 수 있다. 실내와 실외에 식사할 수 있는 공간이 있으며, 반려동물 동반 출입이 가능한 좌석까지 마련되어 있다. 코스 요리를 즐기다가 해물라면을 추가로 주문하면 밥도둑이 따로 없다. 음식이 남았다면 포장도 가능하다. 식사를 마치고 근처 부둣가에서 아이들이나 반려동물과 함께 산책도 가능하다.",,,20211020190204,20250626134421,http://tong.visitkorea.or.kr/cms/resource/64/2759664_image2_1.jpg,http://tong.visitkorea.or.kr/cms/resource/64/2759664_image2_1.jpg,Type3,6,3,26,710,FD,FD01,FD010100,A05,A0502,A05020100,부산광역시 기장군 기장읍 연화1길 67,,46082,129.2236480700,35.2152025780,6
3533150,32,행운인생,https://www.airbnb.co.kr/rooms/936158212865313938,"건물주인 가족이 직접 운영하는 합법 에어비앤비 믿고 안심하세요!
평온한 숙소에서 온 가족이 함께 휴식 시간을 가져보세요.
부산 전역으로 이동이 편리하고, 주변에 각종 편의시설들이 있으며 행복한 여행 보장합니다!

최소 2박 이상 예약 가능합니다.",,,20250908223510,20250922192817,,,,6,4,26,290,AC,AC06,AC060200,B02,B0201,B02011100,부산광역시 남구 고동골로 40 (문현동),2층,48416,129.0712911502,35.1405414480,6
2841524,39,향유정 속초이모네찜,,기장 대변항 입구에 강원도 속초의 맛을 그대로 살린 생선모둠찜 전문점인 속초이모네가 있다. 생선모둠찜은 빨간 국물이 자작하게 깔리고 감자와 무를 넣고 다섯 가지 생선이 들어간다. 생선을 먹고 남은 양념에는 사리나 밥을 비벼서 먹는데 인기가 많다. 생선모둠찜 외에도 대구뽈찜과 오징어순대도 맛볼 수 있다. 전용 주차장이 있는데 아래쪽 주차장이 만차이면 위쪽 주차장 입구에 주차관리인이 주차 안내를 해준다.,,,20220823114156,20250828111627,http://tong.visitkorea.or.kr/cms/resource/09/2841509_image2_1.jpg,http://tong.visitkorea.or.kr/cms/resource/09/2841509_image3_1.jpg,Type3,6,3,26,710,FD,FD01,FD010100,A05,A0502,A05020100,부산광역시 기장군 기장읍 대변로 105,,46079,129.2241254387,35.2284788768,6
2832655,39,헤이든,"<a href=""https://www.instagram.com/haydencoffee_/""target=""_blank"" title=""새창 : 헤이든 사이트로 이동"">https://www.instagram.com/haydencoffee_/</a>","부산 기장에 위치한 일광카페 헤이든은 야자수 나무에 둘러싸여 있고, 카페 입구는 미로처럼 두어 번 꺾어 걸어 들어가야 나온다. 때문에 이곳을 찾는 사람들에게 독특하고 재밌는 인상을 준다. 카페 헤이든은 전체적으로 차분하고 깔끔한 인테리어로, 1층 창가 자리는 바로 바다와 맞닿아 있어 인기가 많다. 2층 공간은 넓게 트여 있어 인원이 많을 때 가면 좋다. 3층에 올라가면 아늑하게 마련된 공간도 있다. 야외 테라스에는 파라솔 의자도 있어 다채로운 각도에서 기장 앞바다를 감상할 수 있다. 또한 베이커리 맛집으로 당일 생산한 베이커리를 당일에 판매하고 있다. 대형 주차장이 있어 주차가 편리하고 파노라마뷰의 바다를 보며 힐링 할 수 있는 카페이다.",,,20220804153735,20250527174719,http://tong.visitkorea.or.kr/cms/resource/54/2832654_image2_1.jpg,http://tong.visitkorea.or.kr/cms/resource/54/2832654_image3_1.jpg,Type3,6,3,26,710,FD,FD05,FD050100,A05,A0502,A05020900,부산광역시 기장군 일광읍 문오성길 22,,46041,129.2567155544,35.2824206625,6
2560161,15,헬로메이커,"<a href=""https://www.hello-maker.org/hellomaker/Main.do "" target=""_blank"" title=""새창: 헬로메이커 홈페이지로 이동"">https://www.hello-maker.org/hellomaker/Main.do  </a>","올해로 9회차를 맞이한 ‘헬로메이커’는 국립부산과학관의 대표 브랜드 행사로, 창의적 발상을 자극하는 ‘메이커 문화’를 직접 체험할 수 있는 특별한 축제이다. 숨겨진 창작의 본능을 깨우고, 나만의 아이디어를 자유롭게 펼쳐볼 수 있다. 이번 행사는 메이커 작품 전시 및 체험, 오픈 마이크, 메이킹 체험존, 메이킹 워크숍, 과학 크리에이터 초청 강연, 메이커 야외 공연 등 다채로운 프로그램으로 구성되어 있다. 유아부터 성인까지, 누구나 자유롭게 참여하고 즐길 수 있는 열린 공간에서 창작의 즐거움을 경험 할 수 있다.",1422-23,국립부산과학관,20180910223555,20250904105503,http://tong.visitkorea.or.kr/cms/resource/93/3525493_image2_1.png,http://tong.visitkorea.or.kr/cms/resource/93/3525493_image3_1.png,Type3,6,3,26,710,EV,EV01,EV010200,A02,A0207,A02070200,부산광역시 기장군 기장읍 동부산관광6로 59,,46081,129.2127298662,35.2046368910,6
2852301,39,형제가든,"<a href=""http://instagram.com/bro_garden""target=""_blank"" title=""새창 : 형제가든 사이트로 이동"">http://instagram.com/bro_garden</a>","형제가든은 부산광역시 기장군 철마면에 있는 소고기구이 전문점이다. 형제가든에서 사용하는 고기는 모두 한우 투뿔이고 쌀, 배추, 고춧가루, 채소류 모두 국내산만을 사용한다. 주차장이 넓어 이용하기 편리하고 정원이 잘 꾸며져 있어 아름답다. 특히 마당에 방갈로 형태로 분리된 룸이 있어 가족이나 연인들이 프라이빗하게 식사할 수 있다.",,,20220908161054,20250828172649,http://tong.visitkorea.or.kr/cms/resource/97/2852297_image2_1.jpg,http://tong.visitkorea.or.kr/cms/resource/97/2852297_image3_1.jpg,Type3,6,3,26,710,FD,FD01,FD010100,A05,A0502,A05020100,부산광역시 기장군 철마면 석길길 16-6,,46050,129.1649012311,35.2857713545,6
3532608,32,호두스테이,https://www.airbnb.co.kr/rooms/1386215430473933025,"호두스테이는 따스한 감성과 아늑함이 깃든 공간으로, 친구 혹은 연인과 함께하기 좋은 숙소입니다.
호스트의 세심한 손길이 구석구석 닿아 있는 이곳에서, 편안함은 기본이고 작은 디테일 하나까지 배려가 느껴지는 시간을 경험하실 수 있습니다. 숙소는 최대 6인까지 머무를 수 있는 넉넉한 구조로, 분리된 두 개의 침실에 퀸 사이즈 침대가 총 3개 마련되어 있어 프라이버시를 지키면서도 함께 머물기 좋은 환경을 제공합니다. 부산의 따뜻한 햇살과 여유를 담은 공간, 호두스테이에서 편안한 휴식과 소중한 추억을 만들어보세요.",,,20250908103203,20250921213820,,,,6,12,26,500,AC,AC03,AC030400,B02,B0201,B02011200,부산광역시 수영구 수영로594번길 7 (광안동),201호,48294,129.1138897159,35.1590373868,6
3469691,32,호텔 더반,,,,,20250123103424,20250319185515,,,,6,9,26,530,AC,AC04,AC040100,B02,B0201,B02010900,부산광역시 사상구 사상로224번길 10 (괘법동),,46964,128.9839230827,35.1650732013,6
3469763,32,호텔 야오,,하단역1번출구3분거리. 가성비있는깔끔한호텔입니다,,,20250123104840,20250319190331,,,,6,10,26,380,AC,AC04,AC040100,B02,B0201,B02010900,부산광역시 사하구 낙동남로1389번길 18 (하단동),,49312,128.9638541757,35.1075098346,6
2701011,32,호텔 프렌치코드,,"프렌치코드 호텔은 부산 중심 서면에 위치해 어디든 이동이 편리하다. 특히 인근에 부산 지하철 1호선 구서역과 범어사가 있어 접근성이 좋다. 주차공간도 넉넉하여 차량 이용도 편리하다. 최근 리모델링을 통해 깔끔하게 새단장을 하였고, 객실마다 스타일러를 갖춰 비즈니스 고객도 이용하기 좋다. 1층에 커피머신과 DVD가 있어 자유롭게 이용할 수 있다.",,,20201224003513,20251120111707,http://tong.visitkorea.or.kr/cms/resource/32/2698332_image2_1.jpg,http://tong.visitkorea.or.kr/cms/resource/32/2698332_image3_1.jpg,Type3,6,2,26,410,AC,AC01,AC010100,B02,B0201,B02010100,부산광역시 금정구 중앙대로1805번길 16 (구서동),,46274,129.0923197882,35.2449384744,6
2378912,32,호텔포레 더 스파,"<a href=""http://www.hotelforet.com/view/index.do"" target=""_blank"" title=""새창: 호텔포레 더 스파 홈페이지로 이동"">http://www.hotelforet.com/view/index.do</a>","부산 관광과 비즈니스를 더욱 편리하게 즐길 수 있는 부산역에 위치한 호텔포레 더 스파는 도심 속 프라이빗한 스파 공간을 가진 호텔로 2022년 5월에 전체 리모델링 후 새롭게 오픈했다. 따뜻한 감성을 느낄 수 있는 내추럴한 우드 인테리어 디자인과 지친 몸의 피로를 풀어주고 편하게 쉴 수 있는 스파 객실로 휴양지와 같은 여유로운 휴식과 아늑한 분위기를 선사한다. 전 객실에서 무료 Wi-Fi를 이용할 수 있으며 첨단 냉난방시설, 디지털 TV, 공기청정기, 냉장고, 개인금고 및 각종 어메니티(amenity)가 구비되어 있어 쾌적한 숙박을 할 수 있다. 호텔 2층에 위치한 베트남 쌀국수 전문점 에머이에서는 현지의 분위기를 느끼며 진한 육수의 생면 쌀국수를 조식으로 즐길 수 있다.",,,20160419222322,20250319185639,http://tong.visitkorea.or.kr/cms/resource/39/3095139_image2_1.jpg,http://tong.visitkorea.or.kr/cms/resource/39/3095139_image3_1.jpg,Type3,6,5,26,170,AC,AC01,AC010100,B02,B0201,B02010100,부산광역시 동구 중앙대로296번길 6,(초량동),48730,129.0446439572,35.1226151856,6
2708667,32,호텔포레 프리미어 남포,"<a href=""https://www.hotelforetpremier.com/"" target=""_blank"" title=""새창 : 호텔포레 프리미어 남포 홈페이지로 이동"">https://www.hotelforetpremier.com/</a>","호텔 포레 프리미어 남포는 부산 지하철 자갈치역과 남포역 중간에 자리한 호텔이다. 각 지하철역에서 도보 6분가량 걸리고 주변에 버스정류장이 많아 대통교통이 편리하다. 객실에 공기청정기, 비데, 고급 오리털 베개를 갖춰 쾌적함과 숙면을 선사한다. 1~2층에는 카페, 3층에는 레스토랑이 있다. 출장객을 위해 비즈니스 센터와 회의실도 운영한다. 도보로 국제시장, 자갈치시장, 용두산공원 등으로 이동할 수 있다.",,,20210310011132,20250121095937,http://tong.visitkorea.or.kr/cms/resource/00/2708500_image2_1.jpg,http://tong.visitkorea.or.kr/cms/resource/00/2708500_image3_1.jpg,Type3,6,15,26,110,AC,AC01,AC010100,B02,B0201,B02010100,부산광역시 중구 구덕로 54-1,(남포동5가),48953,129.0297348037,35.0984231743,
128886,12,홍법사(부산),,"홍법사는 도심의 근교에 자리한 지리적 여건과 숲 속 동산으로 이루어진 자연적 여건으로 바쁘고 지친 현대인들의 심신을 부처님 품 안으로 인도하는 생활 속의 수행도량이며, 생활불교센터이다. 홍법사는 기존의 산사와 달리 약 49,587m²(15,000여 평)의 넓은 농장에 문을 연 농장사찰이다. 금정산 뒤편 철마산 기슭에 자리한 홍법사는 2003년도 농장을 일부 개조하여 개원했다. 홍법사는 불교의 생활화, 현대화, 세계화를 위해 머무름 없는 포교 원력과 실천수행으로 열린 불교를 지향하는 다양한 활동을 하고 있다. 독거노인 및 소년소녀가장 돕기 등 이웃과 함께하는 자비의 실천수행, 꿈나무들에게 불성을 심어주는 동자승 단기출가, ‘세계는 하나다’라는 기치아래 펼치는 외국인 포교, 전통문화의 계승과 발전을 위한 각종 문화강좌, 유적답사 및 문화체험활동 등을 갖는다. 홍법사를 미리 알고 방문한다면 더 알차게 여행을 즐길 수 있을 것이다. 홍법사에서 둘러볼만한 장소는 크게 원상과 대웅전, 관음전을 들 수 있다. 우선 큰 법당을 지나면 넓은 잔디마당 입구에 원상이 있다. 법계를 상징하는 연화단 위에 여의주를 문 쌍용이 있고, 그 위에 구름이 떠가는 문양으로 원상을 나타내었다.",,,20060330090000,20251127132325,http://tong.visitkorea.or.kr/cms/resource/87/3561487_image2_1.jpg,http://tong.visitkorea.or.kr/cms/resource/87/3561487_image3_1.jpg,Type1,6,2,26,410,HS,HS03,HS030100,A02,A0201,A02010800,부산광역시 금정구 두구로33번길 202 (두구동),,46206,129.1110109760,35.3040405268,6
2869343,39,홍순덕 전포양곱창,,"홍순덕 전포양곱창은 50년 이상의 전통을 자랑하는 양 곱창구이 전문점이다. 부산에는 곱창 좋아하는 사람이라면 누구나 알만한 유명한 곳으로 맛도 있고, 양도 푸짐하다. 주택가에 위치해 찾아가기가 쉽지 않지만 소문난 맛집인 홍순덕 전포양곱창은 빨간 양념이 먹음직하고 3인분이 다른 집 5인분은 되어 보일 정도로 양곱창의 양이 많다. 대창이 부드러운데 고기가 부드러운 이유는 거세우이기 때문이다. 곱창을 먹은 다음에 주문하는 무청을 넣은 된장 국수, 시원한 열무국수가 특별한 맛을 선사한다. 주차도 바로 앞에 공간이 따로 있어서 넓고 편하다.",,,20221018150840,20251105175141,http://tong.visitkorea.or.kr/cms/resource/29/2869329_image2_1.JPG,http://tong.visitkorea.or.kr/cms/resource/29/2869329_image3_1.JPG,Type3,6,12,26,500,FD,FD01,FD010100,A05,A0502,A05020100,부산광역시 수영구 과정로16번길 23,,48219,129.1099591046,35.1735190256,6
2756696,12,화명수목원,"<a href=""https://www.busan.go.kr/green/hmarboretum"" target=""_blank"" title=""새창 : 화명수목원 사이트로 이동"">https://www.busan.go.kr/green/index</a>","화명수목원은 금정산 자락에 위치한 부산 최초 공립수목원으로, 수목유전자원의 보존과 증식 및 전시를 통해 지역 생태계를 보전하고 있다. 계절의 변화에 따라 다채롭고 매력적인 자연경관과 생물다양성 관찰 기회를 제공하고 있으며, 숲에 대한 올바른 가치관 확립을 위해 다양한 체험 프로그램 운영되고 있다. 9개의 주제원과 숲전시실, 전시온실, 숲속쉼터 등 관람시설이 조성되어 있으며, 화장실, 주차장 등 편의시설이 설치되어 있다.",,,20211013235952,20250702091241,http://tong.visitkorea.or.kr/cms/resource/41/3497041_image2_1.jpg,http://tong.visitkorea.or.kr/cms/resource/41/3497041_image3_1.jpg,Type1,6,8,26,320,NA,NA04,NA040700,A01,A0101,A01010700,부산광역시 북구 산성로 299,(화명동),46515,129.0426767218,35.2510535364,6
2734674,28,화명오토캠핑장,"<a href=""https://www.hwamyungcamping.com/"" target=""_blank"" title=""새창 : 화명오토캠핑장 홈페이지로 이동"">https://www.hwamyungcamping.com/</a>","화명오토캠핑장은 부산광역시 북구 덕천동 인근에 위치한 캠핑장으로 야구장, 축구장, 테니스장, 농구장, 인라인스케이트장 등 11종의 체육시설을 다양하게 갖추고 있다. 자연학습을 할 수 있는 연꽃단지와 수상데크와 수상체험 할 수 있는 수상레포츠시설, 야외수영장에서 자연을 즐길 수 있는 공간이다. 도심에서 벗어나 한적한 자연에서 지친 마음을 달래며 힐링할 수 있다. 또한 화명신도시와 인접해 시민들의 활용도가 높은 곳이기도 하다.",,,20210818180717,20251023143000,http://tong.visitkorea.or.kr/cms/resource/80/2735780_image2_1.JPG,http://tong.visitkorea.or.kr/cms/resource/80/2735780_image2_1.JPG,Type3,6,8,26,320,AC,AC05,AC050200,A03,A0302,A03021700,부산광역시 북구 낙동강자전거길 1425 (덕천동),,46500,128.9995730939,35.2164177357,6
2869875,39,화복반점,,"부산 청학동에 있는 화복반점은 중식당이다. 세련된 인테리어와 깔끔한 내부는 좌석 간 간격이 넓어 쾌적하게 식사할 수 있다.  특히 소갈비 짬뽕, 짬뽕, 나가사키 백짬뽕은 풍미를 내기 위에 사골육수와 조개류를 사용하여 육수를 만들어 깊고 진한 맛이 일품이다.",,,20221019093823,20250829094256,http://tong.visitkorea.or.kr/cms/resource/70/2869870_image2_1.jpg,http://tong.visitkorea.or.kr/cms/resource/70/2869870_image3_1.jpg,Type3,6,14,26,200,FD,FD02,FD020100,A05,A0502,A05020400,부산광역시 영도구 일산봉로39번길 14 (청학동),,49086,129.0647515407,35.0860390940,6
2848924,39,황금새우기장본점,,"기장 일광면에 있는 황금새우 본점은 독도꽃새우, 닭새우 전문점이다. 독도새우는 독도에서 잡은 새우를 일컫는다. 세 가지 종류로 꽃새우, 닭새우, 도화새우가 있다. 꽃새우는 물렁가시 붉은 새우라고도 하며 단맛이 나고 식감이 연한 특징이 있다. 닭새우는 가시배 새우라고도 하며 머리에 닭벼슬이 있고 식감이 탱글탱글하다. 황금새우 본점에서는 꽃새우와 닭새우를 판매한다. 날이 안 좋거나 수급이 어려울 땐 판매하지 않아 독도새우를 먹을 거라면 방문 전 확인은 필수다. 메인 메뉴 주문 시 모듬 회 3종과 해초 물회, 샐러드가 제공된다. 사이드 메뉴로 새우튀김, 새우 칼국수, 새우전이 있고 새우 살이 듬뿍 들어가 바싹하게 구운 새우전은 이곳 인기 메뉴로 꼭 먹어 봐야 한다. 근처 일광 이천생태공원과 일광해수욕장이 가까이 있으니 식사 후 가볍게 산책코스로 둘러보는 것도 좋다.",,,20220905112815,20250120105622,http://tong.visitkorea.or.kr/cms/resource/20/2848820_image2_1.jpg,http://tong.visitkorea.or.kr/cms/resource/20/2848820_image3_1.jpg,Type3,6,3,26,710,FD,FD01,FD010100,A05,A0502,A05020100,부산광역시 기장군 일광로 328,,46041,129.2532994662,35.2722884009,6
128290,12,황령산,"<a href=""https://www.visitbusan.net/kr/index.do?menuCd=DOM_000000201001001000&uc_seq=371&lang_cd=ko"" target=""_blank"" title=""새창: 비짓부산 홈페이지로 이동"">https://www.visitbusan.net</a>","황령산(荒嶺山)은 부산의 도심을 감싸며 시원하게 뻗어 내린 산맥이 초록의 울창한 숲을 선물처럼 내어준다. 숲길 걷기 좋아하는 등산객들에겐 숲과 바람과 하늘을 내어주고, 야경을 즐기는 관광객들에겐 황홀한 빛의 세계를 선사해 주는 곳이다. 또한, 부산의 전형적인 도심의 산으로 부산진구, 남구, 수영구의 경계를 이루는 산으로 해발 427m로 금련산맥 중에서 두 번째로 높은 산이다. 산역이 그리 넓지 않아 2~3시간 정도면 오를 수 있다. 인근 주민들 조기 등산지로, 아베크족의 데이트 코스로 각광을 받아왔던 동편은 남구에 접하고 서편은 부산진구에 접하고 있다. 북서쪽 산기슭에는 양정동, 중앙에 전포동이 자리 잡고 있다. 이 산기슭에 부산 시민의 휴식처, 청소년의 수련장이 개장되어 있다. 황령산과 금련산은 망미 연산 양정 전포 대연동 등에서 오를 수 있다. 코스 선택은 교통편을 고려해 편리한 곳으로 결정하면 된다.",,,20050225090000,20250319185334,http://tong.visitkorea.or.kr/cms/resource/50/2732750_image2_1.jpg,http://tong.visitkorea.or.kr/cms/resource/50/2732750_image3_1.jpg,Type3,6,4,26,290,NA,NA01,NA010100,A01,A0101,A01010400,부산광역시 남구 황령산로 391-39,(대연동),48424,129.0827285679,35.1579341561,6
2733472,12,황령산 전망대,"<a href=""https://www.visitbusan.net/kr/index.do?menuCd=DOM_000000201001001000&uc_seq=371&lang_cd=ko"" target=""_blank"" title=""새창 : 비짓부산 홈페이지로 이동"">https://www.visitbusan.net/kr</a>","황령산 전망대가 위치한 황령산은 부산의 4개 구(부산진구, 연제구, 수영구, 남구)에 걸쳐져 있는 만큼 부산의 중심부에 있는 산으로 봄이면 양쪽으로 벚꽃이 흐드러진 길이 드라이브 코스로 인기가 많다. 또한 황령산 전망대까지 이어져 외지인들도 알 만한 야경 명소를 위한 최적의 조건을 갖추었다. 형형색색으로 빛나는 송신탑과 전망대를 밝히고 있는 아늑한 불빛이 산 아래로 한눈에 담을 있게 펼쳐진 부산 전역의 모습을 더욱더 아름답게 만든다. 내부 및 외부 시설을 활용하여 경관을 감상하면서 커피 및 식사를 즐길 수 있다. 지하 1층에는 60명 정도의 단체 고객들이 특별한 이벤트를 개최할 수 있도록 조성되었다.",,,20210812234244,20250814171424,,,,6,4,26,290,VE,VE01,VE010200,A02,A0205,A02050600,부산광역시 남구 황령산로 391-39,(대연동),48424,129.0827285679,35.1579341561,6
2853031,39,황토마루,"<a href=""http://www.htmaru.com""target=""_blank"" title=""새창 : 기픈골황토마루 사이트로 이동"">http://www.htmaru.com</a>","부산광역시 기장군 정관읍에 위치한 맛집 ‘기픈골황토마루’는 산 중턱에 자리하고 있어 자연 속에서 특별한 식사를 즐길 수 있는 곳이다. 들어가는 길은 다소 좁지만, 도착하면 장작불로 달군 구들장 돌판 위에서 직접 구워 먹는 고기의 풍미를 제대로 느낄 수 있다. 특히 돌판 위에서 펼쳐지는 불쇼는 이곳만의 특별한 재미로, 식사에 즐거움을 더해준다. 대표 메뉴인 ‘장작 모둠’은 돼지고기와 소고기를 기본으로 대하, 버섯, 양파, 단호박 등 다양한 재료를 함께 구워 먹을 수 있어 남녀노소 누구나 만족할 수 있는 구성이다. 가족 단위나 단체 방문객에게 안성맞춤인 장소로, 어린이들과 함께 오기에도 적합한 환경이다. 넉넉한 주차 공간도 마련되어 있어 차량 이용 시에도 불편함이 없다. 인근에는 정관박물관이 있어 식사 전후로 함께 둘러보며 하루 코스를 알차게 즐길 수 있다.",,,20220914105905,20250612101641,http://tong.visitkorea.or.kr/cms/resource/21/2853021_image2_1.jpg,http://tong.visitkorea.or.kr/cms/resource/21/2853021_image3_1.jpg,Type3,6,3,26,710,FD,FD01,FD010100,A05,A0502,A05020100,부산광역시 기장군 정관읍 병산1길 74-18,,46003,129.1928416577,35.3429543502,6
2661475,12,회동수원지,"<a href=""http://www.geumjeong.go.kr/tour/index.geumj?menuCd=DOM_000000412001003000""target=""_blank"" title=""새창: 부산 금정구 문화관광 "">http://www.geumjeong.go.kr/tour</a>","회동수원지는 1930년대 말, 가뭄으로 인한 물 부족을 해소하기 위해 조성한 인공저수지다. 경상남도 양산시 원효산 남쪽 계곡에서 발원한 수영강이 철마천과 만나는 부산시 금정구 오륜동과 회동동에 걸쳐 있다. 1964년 상수원 보호구역으로 지정됐던 회동수원지 일대는 45년 만인 지난 2010년 일반에 개방됐다. 부산시 금정구청의 ‘인문학과 함께하는 땅뫼산 소풍여행’은 회동수원지를 따라 조성된 땅뫼산 황토숲길에서 진행된다. 생태의 보고로 불리는 땅뫼산 황토숲길은 상현마을에서 동천교를 잇는 부산갈맷길 8-1구간 중 풍광이 아름다운 곳이다. 1km 남짓 이어지는 길은 오르내림 없이 평탄해 누구나 편하게 걸을 수 있다.",,,20200630015432,20250325140052,http://tong.visitkorea.or.kr/cms/resource/72/2661472_image2_1.jpg,http://tong.visitkorea.or.kr/cms/resource/72/2661472_image2_1.jpg,Type3,6,2,26,410,NA,NA02,NA020300,A01,A0101,A01011800,부산광역시 금정구 개좌로 147,,46329,129.1166487680,35.2252550204,6
2663187,28,회동수원지 둘레길,"<a href=""https://www.geumjeong.go.kr/index.geumj?menuCd=DOM_000000413009000000"" target=""_blank"" title=""새창: 금정구청 문화관광 홈페이지로 이동"">https://www.geumjeong.go.kr/</a>","회동수원지는 부산광역시 금정구 회동동, 선동, 오륜동 등 다섯 개 동에 인접한 도심 속 산중 지역에 위치하고 있는 부산시민의 상수원지이다. 회동수원지는 1930년대 말, 가뭄으로 인한 물 부족을 해소하기 위해 조성한 인공저수지다. 경상남도 양산시 원효산 남쪽 계곡에서 발원한 수영강이 철마천과 만나는 부산시 금정구 오륜동과 회동동에 걸쳐 있다. 1964년 상수원 보호구역으로 지정됐던 회동수원지 일대는 45년 만인 지난 2010년 일반에 개방됐다. 부산시 금정구청의 ‘인문학과 함께하는 땅뫼산 소풍여행’은 회동수원지를 따라 조성된 땅뫼산 황토숲길에서 진행된다. 이어지는 길은 오르내림 없이 평탄해 남녀노소 편하게 걸을 수 있다.",,,20200710234752,20251023143000,http://tong.visitkorea.or.kr/cms/resource/53/3552453_image2_1.jpg,http://tong.visitkorea.or.kr/cms/resource/53/3552453_image3_1.jpg,Type1,6,2,26,410,LS,LS01,LS011900,A03,A0302,A03022700,부산광역시 금정구 오륜동,,46255,129.1121285941,35.2660392535,6
2859132,39,흑송 우동소바 송정본점,,"부산 해운대 송정 해수욕장 근처에 있는 흑송은 유명 호텔 출신 일식 주방장이 운영하는 스시, 돈가스 전문점이다. 검은 소나무라는 뜻의 흑송은 송정 바다 풍경을 보며 음식을 먹을 수 있는 곳으로 작은 문으로 나가면 테라스가 있어 대기하는 동안 바다를 볼 수 있다. 창가 쪽 자리는 바다 풍경이 보여 인기가 많지만 따로 예약이 불가하고 순서대로 앉을 수 있다. 흑송 대표 메뉴는 우엉튀김우동으로 큰 우엉튀김이 4개가 올라간다. 이 외에도 야채튀김우동, 쪽파튀김우동 등 다양한 메뉴가 준비되어 있다. 근처 걷기 좋은 해수욕장과 해안 절경을 볼 수 있는 해변 열차 블루라인 파크도 있어 함께 방문하기 좋다.",,,20220923151120,20250616165655,http://tong.visitkorea.or.kr/cms/resource/00/2859100_image2_1.jpg,http://tong.visitkorea.or.kr/cms/resource/00/2859100_image3_1.jpg,Type3,6,16,26,350,FD,FD02,FD020200,A05,A0502,A05020300,부산광역시 해운대구 송정광어골로 73 (송정동),,48073,129.1965348672,35.1750510142,6
2865236,39,희와제과,"<a href=""https://www.instagram.com/hwa.bread/"" target=""_blank"" title=""새창 : 희와제과 인스타그램으로 이동"">https://www.instagram.com/hwa.bread/</a>","부산 서면에 위치한 희와제과는 ‘빵지순례’ 코스에 빠지지 않고 등장하는 인기 제과점이다. 희와제과는 매장에서 수십 가지의 다양한 빵을 판매하고 있으며, 종류가 워낙 많아 빵이 나오는 시간도 정해져 있다.  이곳의 시그니처 메뉴는 밤팥빵으로, 얇고 쫄깃한 빵 속에 직접 만든 팥앙금과 통밤이 듬뿍 들어 있어 풍부한 맛을 자랑한다. 남녀노소 누구나 부담 없이 즐길 수 있으며, 워낙 인기가 높다 보니 인당 구매 개수 제한이 있다. 이로 인해 일부 손님들은 줄을 서도 매하지 못하는 경우도 있다. 밤팥빵 외에도 스콘, 휘낭시에, 파운드케이크 등 다양한 구움 과자류 또한 인기 메뉴로, 고급스러운 맛과 정성 어린 수제 느낌이 돋보인다.",,,20221011141935,20250619105217,http://tong.visitkorea.or.kr/cms/resource/31/2865231_image2_1.jpg,http://tong.visitkorea.or.kr/cms/resource/31/2865231_image3_1.jpg,Type3,6,7,26,230,FD,FD05,FD050100,A05,A0502,A05020900,"부산광역시 부산진구 전포대로246번길 6 (전포동, 동양팰리스)",,47301,129.0658105816,35.1584310105,6
3474164,32,힐스테이호텔,,,,,20250210101335,20250319190750,,,,6,8,26,320,AC,AC01,AC010100,B02,B0201,B02010100,부산광역시 북구 만덕고개길 83 (만덕동),힐스테이호텔,46608,129.0482717602,35.2116802763,6
133525,39,18번완당집,,"18번완당집은 1948년에 시작하여 오랜 전통이 있는 완당 전문점이다. 티비프로그램에도 출연 그 외 신문, 잡지 등에 다수 소개된 바 있는 음식점이다. 지하에 위치한 넓은 매장에서 신선한 재료로 만든 완당과 모밀, 새우완당면을 맛볼 수 있으며, 세트 메뉴로 김초밥이나 유부초밥을 함께 즐길 수 있다. 오픈 주방에서 직원들이 완당을 빚는 모습을 볼 수 있으며, 얇은 피에 소를 넣어 만들며, 숙주를 넣어 함께 끓이는 데 국물이 시원하며 남녀노소 즐길 수 있는 별미 음식이다.",,,20030820090000,20251222151606,,,,6,15,26,110,FD,FD01,FD010100,A05,A0502,A05020100,부산광역시 중구 비프광장로 31,,48953,129.0284682315,35.0989841994,6
2870666,39,1950 태성당,"<a href=""https://www.instagram.com/taesungdang/"" target=""_blank"" title=""새창 : 1950 태성당 인스타그램으로 이동"">https://www.instagram.com/taesungdang/</a>","1950태성당 본점은 부산 대표 베이커리로, 말차크림메론빵·우유크림메론빵 등 특색 있는 메뉴가 인기이다. 아메리카노는 묵직하고 고소한 향이 특징이며, 파이만쥬 등 디저트와 조화롭다. 최상급 북미산 밀가루와 프랑스산 크림치즈, 버터, 생크림, 우지말차 등 까다롭게 선별한 최상급 원재료로 매일 빵과 디저트를 만든다. 여러 종류의 빵을 담은 세트도 다양하게 준비되어 있어 여행 선물용으로도 적당하다.",,,20221019155750,20250829095658,http://tong.visitkorea.or.kr/cms/resource/58/2870658_image2_1.jpg,http://tong.visitkorea.or.kr/cms/resource/58/2870658_image3_1.jpg,Type3,6,5,26,170,FD,FD05,FD050100,A05,A0502,A05020900,부산광역시 동구 중앙대로296번길 3-5,1층,48730,129.0446772693,35.1233151080,6
3356047,15,2025 별바다부산 나이트마켓,"<a href=""https://www.instagram.com/starry_night_busan.kr/"" target=""_blank"" title=""새창 : 별바다부산 나이트마켓 인스타그램 이동"">https://www.instagram.com/starry_night_busan.kr/</a>","'별바다부산 나이트마켓’은 화명생태공원에서 열리는 야간관광 테마형 마켓으로, 부산의 대표 교역의 장이었던 구포나룻터를 상기시키는 동시에 낙동강변의 저녁노을과 화명생태공원의 아름다움을 배경으로 전통주와 다양한 푸드콘텐츠를 중심으로 구성된 행사이다. 프로그램은 밤마실주막(메인), 밤마실 부뚜막(체험), 밤마실 광장(부대)으로 나뉘며, 어린이와 어른 모두가 즐길 수 있는 콘텐츠가 마련되어 전 세대가 방문하여 즐길 수 있다. 행사는 9월 18일부터 매주 목·금·토·일 총 5주간 운영되며, 외국인 관광객을 위한 여러 운영방안과 홍보가 진행되므로 선선한 가을 밤, 전통주와 부산의 맛을 직접 경험하기에 더없이 좋은 자리이다.",051-710-6948,부산광역시 / 부산관광공사 / 부산광역시 북구,20240829134034,20250820141355,http://tong.visitkorea.or.kr/cms/resource/89/3524089_image2_1.png,http://tong.visitkorea.or.kr/cms/resource/89/3524089_image3_1.png,Type3,6,8,26,320,EV,EV03,EV030400,A02,A0208,A02081300,부산광역시 북구 생태공원길 270 (화명동),,46500,129.0078550672,35.2397152762,6
3528964,15,2025 부산세일페스타 부대앞으로,"<a href=""https://litt.ly/gotothebusan_university"" target=""_blank"" title=""새창 : 부산세일페스타 홈페이지로 이동"">https://litt.ly/gotothebusan_university</a>","2025 부산세일페스타 ""부대앞으로""는 부산광역시, 부산경제진흥원, 금정구청, 부산대자율상권조합이 공동으로 주최·주광하는 행사이다. 행사는 2025년 9월 4일부터 6일까지 3일간 부산대학교 자율상권 구욕 일원에서 개최되며, 지역 상권 활성화와 소비 촉진을 목적으로 한다. 본 행사는 1970~80년대 부산대학교 앞 시계탑 광장의 레트로 감성을 재현한 야외 맥주 광장 프로그램과 지역 상인들이 참여하는 푸드존을 중심으로 진행된다. 또한 세대공감 콘서트 부락［樂］, 대학생 동아리 공연, 댄스경연대회 등 다양한 문화 공연이 마련되어 있으며, 야시골목에서는 패션 특화 플리마켓과 포토 스튜디오, 퍼스널컬러 진단 체험 등이 운영된다.",051-714-1497,"부산광역시, 부산경제진흥원, 금정구청, 부산대자율상권조합",20250828180317,20250828180332,http://tong.visitkorea.or.kr/cms/resource/62/3528962_image2_1.png,http://tong.visitkorea.or.kr/cms/resource/62/3528962_image3_1.png,Type3,6,2,26,410,EV,EV03,EV030400,A02,A0208,A02081300,부산광역시 금정구 장전로12번길 55 (장전동),,46291,129.0881150065,35.2301428332,6
3524130,15,2025 서부산 슈퍼어싱 페스티벌,"<a href=""https://www.instagram.com/dadaefoot/ "" target=""_blank"" title=""새창 : 서부산 슈퍼어싱 페스티벌 인스타그램 이동"">https://www.instagram.com/dadaefoot/ </a>","서부산의 바다와 모래, 그리고 자연을 오롯이 온몸으로 느끼는 감각 힐링 페스티벌, ‘슈퍼어싱’이 다대포 해변에서 펼쳐진다. 젖은 모래 위를 맨발로 걷는 이 특별한 순간은 단순한 산책을 넘어, 몸과 마음이 자연과 맞닿는 웰니스의 여정이다. 메인 프로그램으로 구성된 세 가지 슈퍼어싱 코스는 각기 다른 매력으로 자연과의 연결을 선사하며, 풍성하게 마련된 다채로운 부대 프로그램들은 오감의 경험을 완성한다. 도심에서 벗어나 탁 트인 해변에서 펼쳐지는 이 축제는, 서부산 다대포의 매력을 재발견하고, 잊지 못할 하루를 선물하는 시간이 되는 축제이다.",070-4129-1082,"부산광역시, 부산관광공사",20250820142641,20250821150632,http://tong.visitkorea.or.kr/cms/resource/23/3524123_image2_1.jpg,http://tong.visitkorea.or.kr/cms/resource/23/3524123_image3_1.jpg,Type3,6,10,26,380,EV,EV03,EV030400,A02,A0208,A02081300,부산광역시 사하구 몰운대1길 14 (다대동),,49527,128.9680471374,35.0463945293,6
2868776,15,2025 영호남 전통시장 박람회,"<a href=""https://www.bsma.co.kr/"" target=""_blank"" title=""새창 : 영호남 전통시장 박람회 홈페이지로 이동"">https://www.bsma.co.kr/</a>","2025 영호남전통시장박람회는 부산과 전남 각 지역의 다양하고 우수한 전통시장 상품을 교류하는 장이며 전통시장 판로를 확대해 지속적인 지역의 전통시장 활성화를 위한 계기를 마련하고자 마련된 행사이다. 상인들의 적극적인 참여 및 전통시장에 관심을 가지고 있는 시민들의 적극적인 동참을 위한 대. 내외적인 홍보를 통해 지역경제 및 전통시장 활성화에도 기여하고자 한다. 부산, 전남 소재 전통시장의 상인문화 발굴 및 의식 확산을 위해 개막식, 지역우수상품 홍보, 전시,  먹거리 부스, 알뜰살뜰 퀴즈쇼, 어울림대잔치 상인 장기자랑,  구포시장 풍물단, 전라남도 장터유랑단 공연,  손민채 , 신명근 초대가수 축하 공연 등이 준비되어있다.",051-635-5331,"중소벤처기업부, 소상공인시장진흥공단, 부산광역시, 전라남도, 전국상인연합회",20221017175934,20251023143000,http://tong.visitkorea.or.kr/cms/resource/71/3553771_image2_1.jpg,http://tong.visitkorea.or.kr/cms/resource/71/3553771_image3_1.jpg,Type3,6,7,26,230,EV,EV03,EV030200,A02,A0208,A02080600,부산광역시 부산진구 시민공원로 73 (범전동),,47197,129.0567056306,35.1652745207,6
126814,12,25의용단,"<a href=""https://www.heritage.go.kr/heri/cul/culSelectDetail.do?culPageNo=1&region=1&searchCondition=25%EC%9D%98%EC%9A%A9%EB%8B%A8&searchCondition2=&ccbaKdcd=23&ccbaAsno=00120000&ccbaCtcd=21&ccbaCpno=2332100120000&ccbaCndt=&ccbaLcto=&stCcbaAsdt=&endCcbaAsdt=&header=view&returnUrl=%2Fheri%2Fcul%2FculSelectViewList.do&pageNo=1_1_1_0&p=multiSch&sortType=&sortOrd=&sngl=Y&s_kdcdArr=00&s_ctcdArr=00&ccbaPcd1Arr=99&ccbaGcodeArr=00"" target=""_blank"" title=""새창 : 홈페이지로 이동"">https://www.khs.go.kr/main.html</a>","25의용단은 부산 수영구에 위치한 역사적인 건물로, 일제 강점기 동안 활동한 의용군의 전적을 기리기 위해 설립된 기념관이다. 이곳은 한국 독립운동의 중요한 장소로, 의용군의 헌신과 희생을 기념하는 다양한 전시물과 자료들이 전시되어 있다. 특히, 의용단의 활동과 독립운동에 관한 자세한 설명이 담겨 있어 방문객들에게 한국 역사에 대한 깊은 이해를 제공한다. 또한, 정기적으로 독립운동 관련 강연과 문화행사도 열리며, 지역 주민들에게 역사 교육의 장으로도 활용된다. 25의용단은 부산에서 중요한 역사적 가치를 지닌 장소로, 독립운동 정신을 계승하고자 하는 의미 있는 공간이다.",,,20021107090000,20250307094648,,,,6,12,26,500,HS,HS01,HS010800,A02,A0201,A02010700,부산광역시 수영구 연수로379번길 42,(수영동),48229,129.1138921398,35.1719498296,6
2853243,39,303일상,,303일상은 부산 명륜역과 온천장역 중간 지점 조용한 주택가에 위치해있는 초밥 전문점이다. 초밥은 쌀부터 달라야 한다는 신념하에 갓 도정된 단일 품종의 고품질 히노히카리 백미를 사용하여 밥을 짓는다. 초밥 외에도 여러 가지 요리를 즐길 수 있도록 실속 있는 세트 메뉴가 있다. 전용 주차장이 있어서 이용하기 편리하고 룸으로 분리된 형태라 조용하게 가족 모임 하기에도 좋다. 세시부터 브레이크타임이 있으나 손님이 많은 주말과 법정공휴일에는 휴게시간 없이 운영된다. 가까운 곳에 부산해양자연사박물관과 온천공원이 있어 함께 둘러보기 좋다.,,,20220914130217,20250612103806,http://tong.visitkorea.or.kr/cms/resource/41/2853241_image2_1.jpg,http://tong.visitkorea.or.kr/cms/resource/41/2853241_image3_1.jpg,Type3,6,6,26,260,FD,FD02,FD020200,A05,A0502,A05020300,부산광역시 동래구 차밭골로 36-4 (온천동),,47706,129.0777662684,35.2170080024,6
2870800,39,303화덕 동래온천장점,,"부산 동래구에 있는 303화덕 동래온천장점은 화덕피자와 파스타를 판매하는 레스토랑이다. 전통 나폴리 피자로 참나무 장작 화덕을 사용하고, 이탈리아산 밀가루로 반죽하여 저온 숙성시킨 도우로 만들어 담백하고 풍미가 좋다. 특히 오레가노와 마늘을 넣어 만든 화덕 빵은 리필이 가능하여 인기가 좋다. 신선한 재료와 새콤달콤한 토마토소스가 들어간 화덕피자의 도우는 쫄깃쫄깃하며 부드러워 남녀노소 즐길 수 있다. 반반 피자도 있어 세 가지 맛 중 선택하여 골라 먹을 수 있고, 그 외 토마토 파스타, 크림 파스타, 오일 파스타와 리조또 등 다양하게 맛볼 수 있다. 단체석과 개별 룸이 있어 가족 모임이나 단체 모임에도 적당하다. 마지막 주문은 저녁 8시까지이며 주말에는 대기 시간이 발생할 수 있다. 근처에 우장춘 기념관과 금강공원이 있어 함께 둘러보기 좋다.",,,20221019163305,20250627091945,http://tong.visitkorea.or.kr/cms/resource/92/2870792_image2_1.jpg,http://tong.visitkorea.or.kr/cms/resource/92/2870792_image3_1.jpg,Type3,6,6,26,260,FD,FD02,FD020300,A05,A0502,A05020200,부산광역시 동래구 차밭골로 37 (온천동),,47706,129.0774746236,35.2171413152,6
2608470,39,77돌곱창,,"부산 감전동에 위치한 77돌곱창은 40년의 전통을 가지고 있는 한우곱창전골 전문점이다. 한우 곱창전골 단일메뉴로 곱창 재료는 국내산 한우만을 고집하여 직접 손질하며 재료의 신선함을 유지하기 위해 일일 소비량이 한정되어 있다. 한우곱창전골은 돌판에 끓여 곱창전골의 맛이 진하고 얼큰하면서 달큰하여 지역에서 맛집으로 유명하다. 단골손님들은 물론 부산여행객들도 만족하는 한끼 식사 메뉴이다. 취향에 따라 우동이나 라면사리를 추가해 먹거나 마지막에 볶음밥을 볶아 먹을 수 있다. 계속 생각나는 맛과 친절한 서비스가 가득한 곳이며, 얼큰하고 시원한 전골메뉴를 좋아하는 사람들에게 추천하는 부산 맛집이다.",,,20190629004207,20250526101744,http://tong.visitkorea.or.kr/cms/resource/11/2608611_image2_1.JPG,http://tong.visitkorea.or.kr/cms/resource/11/2608611_image2_1.JPG,Type3,6,9,26,530,FD,FD01,FD010100,A05,A0502,A05020100,부산광역시 사상구 괘감로 98,,46981,128.9851204151,35.1572213251,6
2570213,32,AJ하우스(AJ House),http://blog.naver.com/cltour,"영도대교(0.2 km), 부산타워(0.8 km)(와)과 같은 인기 명소에 가까이 있는 에이제이 하우스 숙박고객들은 부산에서 가장 잘 알려진 관광명소들을 손 쉽게 체험하실 수 있습니다.",,,20181127195821,20250915113754,http://tong.visitkorea.or.kr/cms/resource/64/2568064_image2_1.jpg,http://tong.visitkorea.or.kr/cms/resource/64/2568064_image2_1.jpg,Type3,6,14,26,200,AC,AC06,AC060200,B02,B0201,B02011100,부산광역시 영도구 태종로 40,"(대교동1가,브릿지타워) 1001호",49042,129.0365232086,35.0945070713,
2696504,32,JSTAY,"<a href=""http://www.jstay.co.kr""_blank"">http://www.jstay.co.kr</a>",제이스테이는 바쁘고 지친 고객들에게 편안하고 쾌적한 장소를 제공하며 진정한 쉼을 느낄 수 있도록 최선을 다하고 있다.,,,20201210234142,20241127135242,,,,6,12,26,500,AC,AC06,AC060200,B02,B0201,B02011100,부산광역시 수영구 남천바다로 31-1,(광안동),48303,129.1140538711,35.1488052015,
2569922,32,La Casa del Sol (라까사델솔 게스트하우스),"<a href=""https://lacasadelsol.modoo.at/?link=9x4y10sf""target=""_blank"">https://lacasadelsol.modoo.at/?link=9x4y10sf<a/>","여행 전후 휴식을 위한 조용하고 깔끔한 분위기의 게스트하우스이며, 편히 쉬다 가시기에 적합한 곳입니다. 감천문화마을, 자갈치 시장, 부산타워, 송도해수욕장 등의 명소들이 도보가능 하거나 매우 가깝습니다.",,,20181127014544,20241126103700,http://tong.visitkorea.or.kr/cms/resource/61/2567961_image2_1.jpg,http://tong.visitkorea.or.kr/cms/resource/61/2567961_image2_1.jpg,Type3,6,11,26,140,AC,AC06,AC060200,B02,B0201,B02011100,부산광역시 서구 부용로 14-36,(서대신동1가),49233,129.0167912233,35.1080051969,
2624014,32,The Park Guest House,"<a href=""https://www.thecomfyhouse.co.kr/"">https://www.thecomfyhouse.co.kr/</a>","부산 여행의 메카에 위치한 The Park Guest House는 뛰어난 접근성, 편안한 잠자리, 어마어마한 가성비가 장점으로 부산 광안리해수욕장 1분, 지하철 광안역 3분, 광안리 해수욕장 입구 버스정류소 2분, 벡스코/신세계백화점 10분 거리에 위치하고 있다.",,,20191011182721,20250915133447,,,,6,12,26,500,AC,AC06,AC060200,B02,B0201,B02011100,부산광역시 수영구 광남로 151,(광안동) 4층,48299,129.1177867137,35.1548712584,
2945389,12,UN조각공원,"<a href=""https://www.bsnamgu.go.kr/index.namgu?menuCd=DOM_000000601002002000"" target=""_blank"" title=""새창 : 부산 남구 문화관광 홈페이지로 이동"">https://www.bsnamgu.go.kr/</a>","6.25전쟁에 참전하여 산화한 UN군의 영령이 안치된 세계에서 하나뿐인 UN기념공원 옆에 조성된 조각공원이다. 세계평화, 자유의 상징으로 부각시켜 국제관광명소로 가꾸기 위해 한국전쟁50주년 특별기획 UN기념공원 국제조각 심포지엄(2000년 9월 15~30일)에 참여한 6.25참전 21개국의 조각가들이 제작한 34점의 조각품을 기증받아 UN조각공원을 조성하였다. 2001년 10월 24일에 UN조각공원 준공식을 가졌다.",,,20230127102211,20250107174238,,,,6,4,26,290,VE,VE03,VE030500,A02,A0202,A02020700,부산광역시 남구 대연동,93,48529,129.0976280442,35.1297375886,6
2563357,39,[백년가게]옥미아구찜,,"옥미아구찜은 부산 수영구에 위치한 유명한 구찜 전문 음식점이다. 이곳은 신선한 해산물과 다양한 재료를 활용한 구찜 요리로 유명하다. 특히, 매콤하고 깊은 맛을 자랑하는 양념이 특징으로, 입맛을 돋우는 맛을 선사한다. 또한, 구찜 외에도 해물탕, 회 등 다양한 해산물 요리를 함께 즐길 수 있어, 해산물을 좋아하는 사람들에게 최적의 장소이다. 아늑하고 편안한 분위기의 인테리어로, 가족 모임이나 친구들과 함께 방문하기 좋다. 친절한 서비스와 합리적인 가격대 덕분에 많은 사람들에게 사랑받는 맛집이다.",,,20181016192520,20250307092435,,,,6,12,26,500,FD,FD01,FD010100,A05,A0502,A05020100,부산광역시 수영구 망미번영로55번길 35,,48219,129.1088369750,35.1737300923,6
1878262,28,[부산 갈맷길] 2코스 2구간,"<a href=""http://greenwalking.co.kr"" target=""_blank"" title=""새창 : 부산 갈맷길 안내 홈페이지로 이동"">http://greenwalking.co.kr</a>","부산 갈맷길 2코스는 대한팔경의 한 곳으로, 볼수록 유정한 해운대의 저녁달과 백만 피서객으로 발 디딜 틈 없는 광안리해수욕장과 이웃하고 있다. 바다를 가로지르는 광안대교의 야경이 끝나는 곳에 염전이 있던 분포를 넘어서면 새로운 바다가 열리고 모퉁이를 돌 때마다 해안절경 이기대가 반긴다. 치마바위의 호탕함과 박골새 사이로 몰려오는 파도떼, 그리고 농바위에서 오륙도 쪽 정경은 이기대의 진수다. 사태골을 넘어서면 오륙도가 수평선을 배경으로 성큼 다가선다. 오륙도는 뭍으로부터 배열되어 있는데 방패섬과 솔섬이 물때에 따라 썰물이면 하나로 밀물이면 두 개로 분리되는 현상에서 유래한다. 남해와 동해의 분기점이다. 특히 겨울 저녁 굴섬에 날아드는 민물가마우지의 비행이 일대 장관이다.

(출처: 걷고싶은부산 홈페이지)",,,20140102201121,20251128102052,http://tong.visitkorea.or.kr/cms/resource/12/3575912_image2_1.jpg,http://tong.visitkorea.or.kr/cms/resource/12/3575912_image3_1.jpg,Type1,6,16,26,350,LS,LS01,LS011900,A03,A0302,A03022700,부산광역시 해운대구 우동,,48089,129.1325241300,35.1618263079,6
2704645,28,[해파랑길] 2코스,"<a href=""https://www.durunubi.kr""target=""_blank"" title=""두루누비 홈페이지로 이동"">https://www.durunubi.kr</a>","해파랑길의 두 번째 코스로 해운대 중2동에서 기장읍 대변리를 잇는 길로 미포에서 출발해 송정해변과 해동용궁사를 지나 대변항까지 이어지는 16.3km의 걷기 길이다. 문탠로드 또는 해운대의 삼포라 불리는 미포, 청사포, 구덕포는 숲길로 조성되어 있다. 잘 정비된 숲길과 해안을 걷는 코스로 5시간가량 소요되는 쉬운 길이다.",,,20210127003604,20250711100433,http://tong.visitkorea.or.kr/cms/resource/80/2642780_image2_1.jpg,http://tong.visitkorea.or.kr/cms/resource/80/2642780_image3_1.jpg,Type3,6,16,26,350,LS,LS01,LS011900,A03,A0302,A03022700,부산광역시 해운대구 달맞이길62번길 33-1,(중동),48098,129.1706820162,35.1584551702,6
