contentid,contenttypeid,heritage1,heritage2,heritage3,infocenter,opendate,restdate,expguide,expagerange,accomcount,useseason,usetime,parking,chkbabycarriage,chkpet,chkcreditcard,seat,kidsfacility,firstmenu,treatmenu,smoking,packing,infocenterfood,scalefood,parkingfood,opendatefood,opentimefood,restdatefood,discountinfofood,chkcreditcardfood,reservationfood,lcnsno,scale,usefee,discountinfo,spendtime,parkingfee,infocenterculture,accomcountculture,usetimeculture,restdateculture,parkingculture,chkbabycarriageculture,chkpetculture,chkcreditcardculture,sponsor1,sponsor1tel,sponsor2,sponsor2tel,eventenddate,playtime,eventplace,eventhomepage,agelimit,bookingplace,placeinfo,subevent,program,eventstartdate,usetimefestival,discountinfofestival,spendtimefestival,festivalgrade,progresstype,festivaltype,saleitem,saleitemcost,fairday,opendateshopping,shopguide,culturecenter,restroom,infocentershopping,scaleshopping,restdateshopping,parkingshopping,chkbabycarriageshopping,chkpetshopping,chkcreditcardshopping,opentime,distance,schedule,taketime,theme,roomcount,roomtype,refundregulation,checkintime,checkouttime,chkcooking,seminar,sports,sauna,beauty,beverage,karaoke,barbecue,campfire,bicycle,fitness,publicpc,publicbath,subfacility,foodplace,reservationurl,pickup,infocenterlodging,parkinglodging,reservationlodging,scalelodging,accomcountlodging,openperiod,reservation,infocenterleports,scaleleports,accomcountleports,restdateleports,usetimeleports,usefeeleports,expagerangeleports,parkingleports,parkingfeeleports,chkbabycarriageleports,chkpetleports,chkcreditcardleports
129156,12,0,0,0,051-971-9710,,연중무휴,,,,,상시 개방,가능<br>요금 (무료),없음,,없음,,,,,,,,,,,,,,,,,,,,,,,,,,,,,,,,,,,,,,,,,,,,,,,,,,,,,,,,,,,,,,,,,,,,,,,,,,,,,,,,,,,,,,,,,,,,,,,,,,,,,,,,,,,,,
2726843,12,0,0,0,강서구청 문화체육과 051-970-4062,,연중무휴,,,,,상시 개방,가능,없음,,없음,,,,,,,,,,,,,,,,,,,,,,,,,,,,,,,,,,,,,,,,,,,,,,,,,,,,,,,,,,,,,,,,,,,,,,,,,,,,,,,,,,,,,,,,,,,,,,,,,,,,,,,,,,,,,
2845011,39,,,,,,,,,,,,,,,,,0,은복,참활복 / 까치복 / 밀복 등,,,051-722-2995,,가능,,09:00~21:00,매주 월요일,,,,19940156033,,,,,,,,,,,,,,,,,,,,,,,,,,,,,,,,,,,,,,,,,,,,,,,,,,,,,,,,,,,,,,,,,,,,,,,,,,,,,,,,,,,,,,,,,,,,,
2778443,39,,,,,,,,,,,,,,,,,0,선지국밥,수구레국밥 / 술국 / 오삼불고기 / 오돌뼈,,,051-728-9092,,가능,,10:00~23:00,매주 일요일,,가능,,20150156473,,,,,,,,,,,,,,,,,,,,,,,,,,,,,,,,,,,,,,,,,,,,,,,,,,,,,,,,,,,,,,,,,,,,,,,,,,,,,,,,,,,,,,,,,,,,,
849929,39,,,,,,,,,,,,,,,,,0,밀면,비빔면 / 왕만두 등,모두 금연석,가능,051-865-8017,,가능<br>요금 (무료),,11:00~20:00,연중무휴,,가능,,19950150011,,,,,,,,,,,,,,,,,,,,,,,,,,,,,,,,,,,,,,,,,,,,,,,,,,,,,,,,,,,,,,,,,,,,,,,,,,,,,,,,,,,,,,,,,,,,,
1935608,12,0,0,0,부산가톨릭대학교 051-515-5811,,연중무휴,,,,,상시 개방,불가능,,,,,,,,,,,,,,,,,,,,,,,,,,,,,,,,,,,,,,,,,,,,,,,,,,,,,,,,,,,,,,,,,,,,,,,,,,,,,,,,,,,,,,,,,,,,,,,,,,,,,,,,,,,,,,,,
2785289,12,0,0,0,051-419-4041,,연중무휴,,,,,상시,가능 (유료/ 태종대입구 공용주차장),없음,,없음,,,,,,,,,,,,,,,,,,,,,,,,,,,,,,,,,,,,,,,,,,,,,,,,,,,,,,,,,,,,,,,,,,,,,,,,,,,,,,,,,,,,,,,,,,,,,,,,,,,,,,,,,,,,,
294452,12,0,0,0,051-852-6904,,연중무휴,,,,,상시 개방,불가능,불가,,없음,,,,,,,,,,,,,,,,,,,,,,,,,,,,,,,,,,,,,,,,,,,,,,,,,,,,,,,,,,,,,,,,,,,,,,,,,,,,,,,,,,,,,,,,,,,,,,,,,,,,,,,,,,,,,
2869158,39,,,,,,,,,,,,,,,,,0,활어물회,참가자미물회 / 참가자미 미역국 / 참가자미회 등,,가능,0507-1309-3187,,가능,,- 11:00~22:00<br>- 준비시간 15:00~17:00,연중무휴,,,,19910129149,,,,,,,,,,,,,,,,,,,,,,,,,,,,,,,,,,,,,,,,,,,,,,,,,,,,,,,,,,,,,,,,,,,,,,,,,,,,,,,,,,,,,,,,,,,,,
2872626,39,,,,,,,,,,,,,,,,,0,마라도물회,회덮밥 / 한치물회 / 왕돈가스 등,,가능,051-971-5521,,가능,,- 11:00~20:00<br>- 준비시간 15:00~17:00<br>- 마지막 주문 19:30,"매달 둘째, 넷째 월요일",,,,20150149161,,,,,,,,,,,,,,,,,,,,,,,,,,,,,,,,,,,,,,,,,,,,,,,,,,,,,,,,,,,,,,,,,,,,,,,,,,,,,,,,,,,,,,,,,,,,,
2784321,39,,,,,,,,,,,,,,,,,0,물밀면,비빔밀면 / 고기모둠 / 개금만두 등,,,051-892-3466,,불가능,,11:00~19:40,연중무휴,,가능,,19870131002,,,,,,,,,,,,,,,,,,,,,,,,,,,,,,,,,,,,,,,,,,,,,,,,,,,,,,,,,,,,,,,,,,,,,,,,,,,,,,,,,,,,,,,,,,,,,
2834026,14,,,,,,,,,,,,,,,,,,,,,,,,,,,,,,,,,무료,,,,070-4115-0419,,12:00~18:00,"매주 월요일, 화요일 / 공휴일",불가능,,,,,,,,,,,,,,,,,,,,,,,,,,,,,,,,,,,,,,,,,,,,,,,,,,,,,,,,,,,,,,,,,,,,,,,,,,,,,,,,,,,
2760771,39,,,,,,,,,,,,,,,,,0,프리미엄 갈비살,등심 / 안심 / 해남묵은지 차돌박이 등,,가능,,,가능,,- 11:30~22:00<br>- 준비시간 15:00~17:00,연중무휴,,,,20130141474,,,,,,,,,,,,,,,,,,,,,,,,,,,,,,,,,,,,,,,,,,,,,,,,,,,,,,,,,,,,,,,,,,,,,,,,,,,,,,,,,,,,,,,,,,,,,
2904908,39,,,,,,,,,,,,,,,,,0,한우 곰탕,떡곰탕맑은곰탕 / 떡곰탕뽀얀곰탕 / 한우 섞어곰탕 등,,,051-731-0157,,가능,,07:00~21:00 (마지막 주문 20:30),연중무휴,,,,20180142045,,,,,,,,,,,,,,,,,,,,,,,,,,,,,,,,,,,,,,,,,,,,,,,,,,,,,,,,,,,,,,,,,,,,,,,,,,,,,,,,,,,,,,,,,,,,,
2867215,39,,,,,,,,,,,,,,,,,0,맷돌순두부,하얀순두부 / 들깨순두부 / 해물순두부 등,,,051-623-6204,,가능,,- 평일 10:00~20:00<br>- 토요일 08:00~20:00<br>- 일요일 08:00~19:30,연중무휴,,가능,,20180137584,,,,,,,,,,,,,,,,,,,,,,,,,,,,,,,,,,,,,,,,,,,,,,,,,,,,,,,,,,,,,,,,,,,,,,,,,,,,,,,,,,,,,,,,,,,,,
3422647,15,,,,,,,,,,,,,,,,,,,,,,,,,,,,,,,,,,,,,,,,,,,,,"부산광역시, 한국콘텐츠진흥원",010-8552-8044,(재)부산정보산업진흥원,,20251214,11:00~20:00,지하 1층 포디움다이브엠,,,,,,,20251129,무료,,,,선택안함,선택안함,,,,,,,,,,,,,,,,,,,,,,,,,,,,,,,,,,,,,,,,,,,,,,,,,,,,,,,,,,,,
129631,12,0,0,0,부산광역시 수영구 문화관광과 051-610-4067,,연중무휴,,,,,상시 개방,가능,불가,,없음,,,,,,,,,,,,,,,,,,,,,,,,,,,,,,,,,,,,,,,,,,,,,,,,,,,,,,,,,,,,,,,,,,,,,,,,,,,,,,,,,,,,,,,,,,,,,,,,,,,,,,,,,,,,,
2838907,39,,,,,,,,,,,,,,,,,0,뚝배기함박스테이크,고관까스 / 고관정식 / 파스타함박스테이크 등,,가능,051-911-8484,,,,- 11:00~21:00<br>- 준비시간 15:30~16:30<br>- 마지막 주문 20:00,연중무휴,,,,20190129182,,,,,,,,,,,,,,,,,,,,,,,,,,,,,,,,,,,,,,,,,,,,,,,,,,,,,,,,,,,,,,,,,,,,,,,,,,,,,,,,,,,,,,,,,,,,,
3336600,38,,,,,,,,,,,,,,,,,,,,,,,,,,,,,,,,,,,,,,,,,,,,,,,,,,,,,,,,,,,,,,,,,"고래자개키링, 부산키링, 자개모빌 등",,,,,,없음,070-8657-2300,,연중무휴,불가능,,,,10:00~21:00,,,,,,,,,,,,,,,,,,,,,,,,,,,,,,,,,,,,,,,,,,,,,
2785272,39,,,,,,,,,,,,,,,,,0,스페셜 안심 카츠,전복리조또 / 중화로제파스타 / 땡초불모듬까스 등,,,0507-1466-9008,,가능,,[평일]<br>- 11:30~20:30<br>- 준비시간 15:00~17:30<br>- 마지막 주문 19:45<br>[주말]<br>- 11:00~20:30<br>- 준비시간 15:30~17:10<br>- 마지막 주문 19:45,연중무휴,,,,20190156404,,,,,,,,,,,,,,,,,,,,,,,,,,,,,,,,,,,,,,,,,,,,,,,,,,,,,,,,,,,,,,,,,,,,,,,,,,,,,,,,,,,,,,,,,,,,,
2782765,12,0,0,0,051-709-4000,,연중무휴,,,,,상시 개방,불가능,없음,,없음,,,,,,,,,,,,,,,,,,,,,,,,,,,,,,,,,,,,,,,,,,,,,,,,,,,,,,,,,,,,,,,,,,,,,,,,,,,,,,,,,,,,,,,,,,,,,,,,,,,,,,,,,,,,,
134326,39,,,,,,,,,,,,,,,,,0,짝갈비살,등심 / 삼겹살 / 육회 등,모두 금연석,가능(일부 메뉴),051-304-7733,,가능<br>요금 (무료),,10:00~22:00,설날·추석 당일,,가능,,19870154068,,,,,,,,,,,,,,,,,,,,,,,,,,,,,,,,,,,,,,,,,,,,,,,,,,,,,,,,,,,,,,,,,,,,,,,,,,,,,,,,,,,,,,,,,,,,,
2841481,39,,,,,,,,,,,,,,,,,0,소금빵 아이스크림,피냐콜라다 / 상하목장 아이스크림 / 샌드뷰 등,,가능,0507-1429-9915,,가능,,09:30~23:00 (마지막 주문 22:00),연중무휴,,,,20200156154,,,,,,,,,,,,,,,,,,,,,,,,,,,,,,,,,,,,,,,,,,,,,,,,,,,,,,,,,,,,,,,,,,,,,,,,,,,,,,,,,,,,,,,,,,,,,
128610,12,0,0,0,051-723-1919,,연중무휴,후릿그물체험 / 조간대 체험 / 씨글라스 석고방향제 만들기 / 해조류 말리기,,,,,가능,없음,,없음,,,,,,,,,,,,,,,,,,,,,,,,,,,,,,,,,,,,,,,,,,,,,,,,,,,,,,,,,,,,,,,,,,,,,,,,,,,,,,,,,,,,,,,,,,,,,,,,,,,,,,,,,,,,,
2869241,39,,,,,,,,,,,,,,,,,0,오리불고기,오리백숙 / 토종닭백숙 / 유황오리훈제 등,,,051-893-0629,,가능,,10:00~21:30,연중무휴,,가능,,20190131946,,,,,,,,,,,,,,,,,,,,,,,,,,,,,,,,,,,,,,,,,,,,,,,,,,,,,,,,,,,,,,,,,,,,,,,,,,,,,,,,,,,,,,,,,,,,,
2870277,39,,,,,,,,,,,,,,,,,0,물총조개탕,공원칼국수 / 왕만두 / 보쌈 등,,가능,051-611-3913,,가능,,10:30~21:00 (마지막 주문 20:30),매주 월요일,,가능,,20200137710,,,,,,,,,,,,,,,,,,,,,,,,,,,,,,,,,,,,,,,,,,,,,,,,,,,,,,,,,,,,,,,,,,,,,,,,,,,,,,,,,,,,,,,,,,,,,
1942348,12,0,0,0,051-254-5504,,연중무휴,,,,,상시 개방,가능,없음,,없음,,,,,,,,,,,,,,,,,,,,,,,,,,,,,,,,,,,,,,,,,,,,,,,,,,,,,,,,,,,,,,,,,,,,,,,,,,,,,,,,,,,,,,,,,,,,,,,,,,,,,,,,,,,,,
2785265,12,0,0,0,051-294-9300,,연중무휴,,,,,상시 개방,가능,없음,,없음,,,,,,,,,,,,,,,,,,,,,,,,,,,,,,,,,,,,,,,,,,,,,,,,,,,,,,,,,,,,,,,,,,,,,,,,,,,,,,,,,,,,,,,,,,,,,,,,,,,,,,,,,,,,,
2805377,39,,,,,,,,,,,,,,,,,0,아귀찜,뽈찜 / 아구탕 등,,가능,0507-1351-4376,,가능,,11:00~22:00 (마지막 주문 21:00),매주 월요일,,가능,,,,,,,,,,,,,,,,,,,,,,,,,,,,,,,,,,,,,,,,,,,,,,,,,,,,,,,,,,,,,,,,,,,,,,,,,,,,,,,,,,,,,,,,,,,,,,,
132574,38,,,,,,,,,,,,,,,,,,,,,,,,,,,,,,,,,,,,,,,,,,,,,,,,,,,,,,,,,,,,,,,,,종합,,,1988년 7월,,,완비,051-713-8200,"4,900평 / 점포수 200여 개",매월 둘째 화요일,불가능,,,가능,10:00~22:00,,,,,,,,,,,,,,,,,,,,,,,,,,,,,,,,,,,,,,,,,,,,,
2872590,39,,,,,,,,,,,,,,,,,0,경양식돈까스,두툼광복돈까스 / 고르곤졸라치즈돈까스 / 비후까스 등,,가능,051-291-2400,,가능,,- 11:00~21:30<br>- 마지막 주문 20:40,연중무휴,,,,20190149493,,,,,,,,,,,,,,,,,,,,,,,,,,,,,,,,,,,,,,,,,,,,,,,,,,,,,,,,,,,,,,,,,,,,,,,,,,,,,,,,,,,,,,,,,,,,,
3576410,15,,,,,,,,,,,,,,,,,,,,,,,,,,,,,,,,,,,,,,,,,,,,,부산 중구청,051-714-4758,,,20260222,17:30~22:00,"부산 광복로, 광복중앙로 일원",,,,,,,20251205,무료,,,,,,,,,,,,,,,,,,,,,,,,,,,,,,,,,,,,,,,,,,,,,,,,,,,,,,,,,,,,,,,,,
126857,12,0,0,0,부산 중구 관광안내소 051-254-5504,,연중무휴,,,,,상시 개방,불가능,없음,,없음,,,,,,,,,,,,,,,,,,,,,,,,,,,,,,,,,,,,,,,,,,,,,,,,,,,,,,,,,,,,,,,,,,,,,,,,,,,,,,,,,,,,,,,,,,,,,,,,,,,,,,,,,,,,,
127925,12,0,0,0,광안리 해수욕장 051-622-4251,,연중무휴,,,,,상시 개방,가능,불가,,없음,,,,,,,,,,,,,,,,,,,,,,,,,,,,,,,,,,,,,,,,,,,,,,,,,,,,,,,,,,,,,,,,,,,,,,,,,,,,,,,,,,,,,,,,,,,,,,,,,,,,,,,,,,,,,
1013112,38,,,,,,,,,,,,,,,,,,,,,,,,,,,,,,,,,,,,,,,,,,,,,,,,,,,,,,,,,,,,,,,,,유기 / 도자기,"도자기 그릇(식기) 2,000~1,545,000원 <BR />
도자기소품 25,000~2,000,000원 <BR />
다기 164,000~600,000원",,2009년 03월 03일,7층 생활 매장,,화장실 완비,051-745-2319,지상 7층,연중무휴,가능,없음,,가능,월요일~목요일 11:00~20:00<br>금요일~일요일 11:00~20:30,,,,,,,,,,,,,,,,,,,,,,,,,,,,,,,,,,,,,,,,,,,,,
2744597,12,0,0,0,신성장사업추진단 051-240-3521,,매주 월요일,,,,,"- 하절기(3월~10월) 09:00~18:00<br>
- 동절기(11월~2월) 09:00~17:00",가능<br>요금 (무료),없음,,없음,,,,,,,,,,,,,,,,,,,,,,,,,,,,,,,,,,,,,,,,,,,,,,,,,,,,,,,,,,,,,,,,,,,,,,,,,,,,,,,,,,,,,,,,,,,,,,,,,,,,,,,,,,,,,
130200,14,,,,,,,,,,,,,,,,,,,,,,,,,,,,,,,,연면적 204평<br>지상 1층 / 지하 1층,체험에 따라 다름,,,,051-242-3100,,09:00~18:00,매주 일요일 / 명절 / 공휴일,가능,없음,,없음,,,,,,,,,,,,,,,,,,,,,,,,,,,,,,,,,,,,,,,,,,,,,,,,,,,,,,,,,,,,,,,,,,,,,,,,,,,,,,,,
135287,39,,,,,,,,,,,,,,,,,0,오리통훈제,황토가마구이 / 오리생구이 / 오리주물럭 등,모두 금연석,가능(일부 메뉴),051-311-0127,,가능<br>요금 (무료),,10:30~21:00 (마지막 주문 20:30),연중무휴,,가능,전화 예약 가능 (051-311-0127),20010154177,,,,,,,,,,,,,,,,,,,,,,,,,,,,,,,,,,,,,,,,,,,,,,,,,,,,,,,,,,,,,,,,,,,,,,,,,,,,,,,,,,,,,,,,,,,,,
2859073,39,,,,,,,,,,,,,,,,,0,삼겹살,목살 / 항정살 / 끝집라면 / 방아된장찌개 등,,가능,051-702-4279,,가능<br>요금 (무료),,12:00~23:30 (라스트오더 22:20),연중무휴,,가능,,20160142014,,,,,,,,,,,,,,,,,,,,,,,,,,,,,,,,,,,,,,,,,,,,,,,,,,,,,,,,,,,,,,,,,,,,,,,,,,,,,,,,,,,,,,,,,,,,,
2832700,39,,,,,,,,,,,,,,,,,0,롱블랙,버터리라떼 / 낫배드 / 구디슈페너 등,,가능,0507-1378-1465,,가능,,10:30~19:30 (마지막 주문 19:00),연중무휴,,가능,,20210149434,,,,,,,,,,,,,,,,,,,,,,,,,,,,,,,,,,,,,,,,,,,,,,,,,,,,,,,,,,,,,,,,,,,,,,,,,,,,,,,,,,,,,,,,,,,,,
2873498,39,,,,,,,,,,,,,,,,,0,런치코스,"디너코스, 활랍스터, 스테이크, 활전복, 새우, 닭고기, 양갈비 등",,가능,051-704-7792,,가능<br>요금(무료),,11:30~21:00 (브레이크 타임 15:00~17:30),매주 월요일,,가능,,20190142826,,,,,,,,,,,,,,,,,,,,,,,,,,,,,,,,,,,,,,,,,,,,,,,,,,,,,,,,,,,,,,,,,,,,,,,,,,,,,,,,,,,,,,,,,,,,,
1303759,38,,,,,,,,,,,,,,,,,,,,,,,,,,,,,,,,,,,,,,,,,,,,,,,,,,,,,,,,,,,,,,,,,농산물 / 생활용품 / 채소 / 건어물 / 잡화 등,,,,,,있음,051-518-6893,,※ 자세한 사항은 전화문의 요망,가능,없음,,없음,※ 자세한 사항은 전화문의 요망,,,,,,,,,,,,,,,,,,,,,,,,,,,,,,,,,,,,,,,,,,,,,
2755676,12,0,0,0,051-309-4805~6,,매주 일요일 / 법정공휴일,버스이용교육 / 미니전동차 체험하기 / 횡단보도체험 등,,,,"- 평일 10:00~18:00 (입장마감 16:00)<br>
- 주말 10:00~13:00 (입장마감 12:00)<br>
※ 평일 관람대상 : 단체체험교육<br>
※ 토요일 관람대상 : 개별자유관람",가능<br>요금 (무료),없음,,없음,,,,,,,,,,,,,,,,,,,,,,,,,,,,,,,,,,,,,,,,,,,,,,,,,,,,,,,,,,,,,,,,,,,,,,,,,,,,,,,,,,,,,,,,,,,,,,,,,,,,,,,,,,,,,
1250885,38,,,,,,,,,,,,,,,,,,,,,,,,,,,,,,,,,,,,,,,,,,,,,,,,,,,,,,,,,,,,,,,,,농산물 / 수산물 / 생활용품 / 재래상품 등,,3일 / 8일 / 13일 / 18일 / 23일,,,,있음,051-333-9033,,※ 점포마다 상이함,가능,없음,,가능,08:00~20:00,,,,,,,,,,,,,,,,,,,,,,,,,,,,,,,,,,,,,,,,,,,,,
2809068,39,,,,,,,,,,,,,,,,,0,낙곱새,낙지볶음 / 낙새볶음 / 낚곱볶음 등,,,051-754-7776,,가능,,10:30~ 22:00 (마지막 주문 21:10),연중무휴,,,,20040152382,,,,,,,,,,,,,,,,,,,,,,,,,,,,,,,,,,,,,,,,,,,,,,,,,,,,,,,,,,,,,,,,,,,,,,,,,,,,,,,,,,,,,,,,,,,,,
132191,38,,,,,,,,,,,,,,,,,,,,,,,,,,,,,,,,,,,,,,,,,,,,,,,,,,,,,,,,,,,,,,,,,농산물 / 전자제품 / 잡화 / 화장품 등,,,1948년,,,있음,국제시장 상인번영회 051-245-7389,,매주 일요일,가능,없음,,가능,09:00~20:00,,,,,,,,,,,,,,,,,,,,,,,,,,,,,,,,,,,,,,,,,,,,,
1018702,12,0,0,0,051-245-7389,1950년 5월,매주 일요일,,,,,09:00~20:00<br>※ 점포별로 상이함,가능,불가,,없음,,,,,,,,,,,,,,,,,,,,,,,,,,,,,,,,,,,,,,,,,,,,,,,,,,,,,,,,,,,,,,,,,,,,,,,,,,,,,,,,,,,,,,,,,,,,,,,,,,,,,,,,,,,,,
1942576,25,,,,,,,,,,,,,,,,,,,,,,,,,,,,,,,,,,,,,,,,,,,,,,,,,,,,,,,,,,,,,,,,,,,,,,,,,,,,,,,,2.38km,기타,5시간,----지자체-----,,,,,,,,,,,,,,,,,,,,,,,,,,,,,,,,,,,,,,,,,
298099,12,0,0,0,051-517-5003,,연중무휴,,,,,"상시 개방<br>
※ 자세한 사항은 전화문의 요망",가능,,,,,,,,,,,,,,,,,,,,,,,,,,,,,,,,,,,,,,,,,,,,,,,,,,,,,,,,,,,,,,,,,,,,,,,,,,,,,,,,,,,,,,,,,,,,,,,,,,,,,,,,,,,,,,,,
2869454,39,,,,,,,,,,,,,,,,,0,감자뇨끼,통오징어 먹물리조또 / 소고기 로제파스타 / 라구리가토니 등,,가능,0507-1392-6860,,가능,,11:30~21:30 (준비시간 15:00~17:00),연중무휴,,가능,전화 문의,20200130021,,,,,,,,,,,,,,,,,,,,,,,,,,,,,,,,,,,,,,,,,,,,,,,,,,,,,,,,,,,,,,,,,,,,,,,,,,,,,,,,,,,,,,,,,,,,,
2818890,32,,,,,,,,,,,,,,,,,,,,,,,,,,,,,,,,,,,,,,,,,,,,,,,,,,,,,,,,,,,,,,,,,,,,,,,,,,,,,,,,,,,,330실,수페리어 / 디럭스 / 프리미어 등,,15:00,11:00,불가,1,0,1,0,1,0,0,0,0,1,0,0,,,,,051-922-5000,가능,,,,,,,,,,,,,,,,,
2626043,39,,,,,,,,,,,,,,,,,0,뷔페식,,,,051-743-3331,,가능<br>요금 (무료),,"- 평일 12:00~21:00 (준비 시간 15:00~18:00)<br>- 주말 12:00~21:00 (준비 시간 13:30~14:00, 16:00~17:00, 19:00~19:30)",매주 수요일,,없음,,20120141285,,,,,,,,,,,,,,,,,,,,,,,,,,,,,,,,,,,,,,,,,,,,,,,,,,,,,,,,,,,,,,,,,,,,,,,,,,,,,,,,,,,,,,,,,,,,,
3470441,32,,,,,,,,,,,,,,,,,,,,,,,,,,,,,,,,,,,,,,,,,,,,,,,,,,,,,,,,,,,,,,,,,,,,,,,,,,,,,,,,,,,,,,,,,,0,0,0,0,0,0,0,0,0,0,0,0,,,,,051-977-8888,,,,,,,,,,,,,,,,,,
3421909,12,0,0,0,010-4146-9686,,,"부산취향 시리즈 <BR>
- 소독차 쫓던 한여름밤<BR>
- ‘리어카 길보다 차트<BR>
- 전봇대 아래 첫키스",,,,,,,,,,,,,,,,,,,,,,,,,,,,,,,,,,,,,,,,,,,,,,,,,,,,,,,,,,,,,,,,,,,,,,,,,,,,,,,,,,,,,,,,,,,,,,,,,,,,,,,,,,,,,,,,,,,,,
2816102,32,,,,,,,,,,,,,,,,,,,,,,,,,,,,,,,,,,,,,,,,,,,,,,,,,,,,,,,,,,,,,,,,,,,,,,,,,,,,,,,,,,,,25,양실,"프로모션별 취소규정 상이함 (프로모션별 취소규정 확인 필수), 체크인일 2일 전부터 취소 수수료 발생",17:00,12:00,불가,0,0,0,0,1,0,0,0,0,0,0,0,"편의점, 세탁실",있음,,불가,051-710-4441,가능,"가능(063-445-7585, 홈페이지)",지상 5~6층,60,,,,,,,,,,,,,,
2782628,39,,,,,,,,,,,,,,,,,0,아메리카노,에스프레소 / 에스프레소 콘파냐 / 카페라떼 등,,가능,0507-1360-5684,,가능,,12:00~23:00,연중무휴,,,,20180152342,,,,,,,,,,,,,,,,,,,,,,,,,,,,,,,,,,,,,,,,,,,,,,,,,,,,,,,,,,,,,,,,,,,,,,,,,,,,,,,,,,,,,,,,,,,,,
2610815,32,,,,,,,,,,,,,,,,,,,,,,,,,,,,,,,,,,,,,,,,,,,,,,,,,,,,,,,,,,,,,,,,,,,,,,,,,,,,,,,,,,,,5,양실,"이용일 11일전까지 취소 : 100% 환불
이용일 10~7일전까지 취소 : 90% 환불
이용일 6일전까지 취소 : 80% 환불
이용일 5일전까지 취소 : 70% 환불
이용일 4일전까지 취소 : 60% 환불
이용일 3일전까지 취소 : 50% 환불
이용일 2일전 ~ 당일 취소 : 환불불가",16:00,11:00,가능,0,0,0,0,1,0,1,0,0,0,0,0,테라스,있음,,불가,0507-1306-9878,가능,전화(0507-1306-9878),,28,,,,,,,,,,,,,,
2833257,39,,,,,,,,,,,,,,,,,0,쉬림프 크로와상 샌드위치,마약 크로와상 / 에스프레소 / 돌체 콜드브루 등,,가능,070-7795-8899,,가능,,10:30~21:00 (마지막 주문 20:30),연중무휴,,가능,,20170156131,,,,,,,,,,,,,,,,,,,,,,,,,,,,,,,,,,,,,,,,,,,,,,,,,,,,,,,,,,,,,,,,,,,,,,,,,,,,,,,,,,,,,,,,,,,,,
3020552,15,,,,,,,,,,,,,,,,,,,,,,,,,,,,,,,,,,,,,,,,,,,,,금정구청,051-714-4674,,,20251101,15:00~22:00,남산로 일원,,,,,,,20251101,무료,,,,선택안함,선택안함,,,,,,,,,,,,,,,,,,,,,,,,,,,,,,,,,,,,,,,,,,,,,,,,,,,,,,,,,,,,
2852685,39,,,,,,,,,,,,,,,,,0,충무세트,육개장 / 찐만두 / 만두백반 / 만두국 / 충무김밥,,가능,051-502-8784,,가능,,11:00~20:30 (라스트오더 20:00),설·추석 연휴,,가능,,20160134644,,,,,,,,,,,,,,,,,,,,,,,,,,,,,,,,,,,,,,,,,,,,,,,,,,,,,,,,,,,,,,,,,,,,,,,,,,,,,,,,,,,,,,,,,,,,,
1607440,12,0,0,0,051-555-1383,,연중무휴,차 만들기 체험,,,,10:00~17:00,,,,,,,,,,,,,,,,,,,,,,,,,,,,,,,,,,,,,,,,,,,,,,,,,,,,,,,,,,,,,,,,,,,,,,,,,,,,,,,,,,,,,,,,,,,,,,,,,,,,,,,,,,,,,,,,,
128830,12,0,0,0,051-582-3284,1969년 9월,"매주 월요일 (단, 월요일이 공휴일일 경우 그 다음날)",,,,,08:00~17:00 (입장 마감 16:30),가능,없음,,없음,,,,,,,,,,,,,,,,,,,,,,,,,,,,,,,,,,,,,,,,,,,,,,,,,,,,,,,,,,,,,,,,,,,,,,,,,,,,,,,,,,,,,,,,,,,,,,,,,,,,,,,,,,,,,
3414171,12,0,0,0,부산광역시  북구청 문화체육과 051-309-4062,,연중무휴,,,,,상시 개방,불가능,,,,,,,,,,,,,,,,,,,,,,,,,,,,,,,,,,,,,,,,,,,,,,,,,,,,,,,,,,,,,,,,,,,,,,,,,,,,,,,,,,,,,,,,,,,,,,,,,,,,,,,,,,,,,,,,
129140,12,0,0,0,광안리 관광안내소 051-610-4848,,연중무휴,,,,,상시 개방,가능,,,,,,,,,,,,,,,,,,,,,,,,,,,,,,,,,,,,,,,,,,,,,,,,,,,,,,,,,,,,,,,,,,,,,,,,,,,,,,,,,,,,,,,,,,,,,,,,,,,,,,,,,,,,,,,,
134949,39,,,,,,,,,,,,,,,,,0,코스요리,탕수육 / 라조육 / 꿔바로우 / 오향장육 등,모두 금연석,,"051-555-4987<br>
051-552-2074",,가능<br>요금 (무료),,11:30~21:30 (준비 시간 14:40~17:00),"매월 둘째 주, 넷째 주 월요일",,가능,전화 예약 문의 (051-555-4987),20030134696,,,,,,,,,,,,,,,,,,,,,,,,,,,,,,,,,,,,,,,,,,,,,,,,,,,,,,,,,,,,,,,,,,,,,,,,,,,,,,,,,,,,,,,,,,,,,
2778487,39,,,,,,,,,,,,,,,,,0,복조림,철판복불고기 / 복어포튀김 / 복물회 등,,,051-742-3600,,가능,,[금수복국]<br>상시 개방<br>[복어요리전문점]<br>- 11:00~22:00<br>- 준비 시간 15:00~17:00<br>- 점심 마지막 주문 13:00 / 저녁 마지막 주문 20:30,연중무휴,,없음,,19910141005,,,,,,,,,,,,,,,,,,,,,,,,,,,,,,,,,,,,,,,,,,,,,,,,,,,,,,,,,,,,,,,,,,,,,,,,,,,,,,,,,,,,,,,,,,,,,
298111,12,0,0,0,051-467-3316,,연중무휴,,,,,상시 개방,불가능,,,,,,,,,,,,,,,,,,,,,,,,,,,,,,,,,,,,,,,,,,,,,,,,,,,,,,,,,,,,,,,,,,,,,,,,,,,,,,,,,,,,,,,,,,,,,,,,,,,,,,,,,,,,,,,,
298112,12,0,0,0,051-501-6300,,연중무휴,,,,,상시 개방,가능,불가,,없음,,,,,,,,,,,,,,,,,,,,,,,,,,,,,,,,,,,,,,,,,,,,,,,,,,,,,,,,,,,,,,,,,,,,,,,,,,,,,,,,,,,,,,,,,,,,,,,,,,,,,,,,,,,,,
130383,14,,,,,,,,,,,,,,,,,,,,,,,,,,,,,,,,,※ 프로그램 별로 상이하므로 홈페이지 참고,,,,051-581-9071,,※ 프로그램 별로 상이하므로 홈페이지 참고,주말 / 공휴일,가능<br>요금 (무료),없음,,없음,,,,,,,,,,,,,,,,,,,,,,,,,,,,,,,,,,,,,,,,,,,,,,,,,,,,,,,,,,,,,,,,,,,,,,,,,,,,,,,,
126028,12,0,0,0,부산국가지질공원 051-888-3637,,연중무휴,,,,,상시 개방,가능,,,,,,,,,,,,,,,,,,,,,,,,,,,,,,,,,,,,,,,,,,,,,,,,,,,,,,,,,,,,,,,,,,,,,,,,,,,,,,,,,,,,,,,,,,,,,,,,,,,,,,,,,,,,,,,,
3027098,12,0,0,0,부산 금정구청 문화관광과 051-519-4092,,연중무휴,,,,,상시 개방,가능,,,,,,,,,,,,,,,,,,,,,,,,,,,,,,,,,,,,,,,,,,,,,,,,,,,,,,,,,,,,,,,,,,,,,,,,,,,,,,,,,,,,,,,,,,,,,,,,,,,,,,,,,,,,,,,,
3026941,39,,,,,,,,,,,,,,,,,0,,,,,051-583-0222,,가능,,10:00~15:00,매주 토요일~일요일,,,,,,,,,,,,,,,,,,,,,,,,,,,,,,,,,,,,,,,,,,,,,,,,,,,,,,,,,,,,,,,,,,,,,,,,,,,,,,,,,,,,,,,,,,,,,,,,,
2616370,39,,,,,,,,,,,,,,,,,0,토종 흑염소 숯불구이,생오리 숯불구이 / 상황버섯 한방오리백숙 / 토종닭볶음 등,,가능,0507-1494-5288,,가능,1979-11-07,10:00~22:00,연중무휴,,가능,,19950147240,,,,,,,,,,,,,,,,,,,,,,,,,,,,,,,,,,,,,,,,,,,,,,,,,,,,,,,,,,,,,,,,,,,,,,,,,,,,,,,,,,,,,,,,,,,,,
2643873,12,0,0,0,금정구청 문화관광과 051-519-4085,,점포별 상이,,,,,점포별 상이,,,,,,,,,,,,,,,,,,,,,,,,,,,,,,,,,,,,,,,,,,,,,,,,,,,,,,,,,,,,,,,,,,,,,,,,,,,,,,,,,,,,,,,,,,,,,,,,,,,,,,,,,,,,,,,,,
850093,39,,,,,,,,,,,,,,,,,0,한우 점심특선,한우 생갈비 / 한우 등심 / 한우 수육 등,모두 금연석,,051-809-2100,,가능,1950년,11:00~22:00 (마지막 주문 20:50),연중무휴,,,전화 예약 가능 (051-809-2100),19820131021,,,,,,,,,,,,,,,,,,,,,,,,,,,,,,,,,,,,,,,,,,,,,,,,,,,,,,,,,,,,,,,,,,,,,,,,,,,,,,,,,,,,,,,,,,,,,
1922520,25,,,,,,,,,,,,,,,,,,,,,,,,,,,,,,,,,,,,,,,,,,,,,,,,,,,,,,,,,,,,,,,,,,,,,,,,,,,,,,,,13.49km,기타,5시간,----지자체-----,,,,,,,,,,,,,,,,,,,,,,,,,,,,,,,,,,,,,,,,,
2872474,39,,,,,,,,,,,,,,,,,0,오직전복죽,특전복죽 / 전복미역국 / 신신해산물 등,,가능,0507-1491-0272,,가능,,[평일]<br>- 10:00~20:00<br>- 준비시간 15:30~16:30<br>- 마지막 주문 19:10<br>[주말]<br>- 10:00~20:30<br>- 준비시간 16:00~17:00<br>- 마지막 주문 19:40,연중무휴,,가능,,20200156845,,,,,,,,,,,,,,,,,,,,,,,,,,,,,,,,,,,,,,,,,,,,,,,,,,,,,,,,,,,,,,,,,,,,,,,,,,,,,,,,,,,,,,,,,,,,,
130380,14,,,,,,,,,,,,,,,,,,,,,,,,,,,,,,,,,※ 프로그램마다 상이하므로 전화문의 요망,,,,051-724-2224,,09:00~18:00,매주 주말 / 법정공휴일,가능,없음,,없음,,,,,,,,,,,,,,,,,,,,,,,,,,,,,,,,,,,,,,,,,,,,,,,,,,,,,,,,,,,,,,,,,,,,,,,,,,,,,,,,
2860868,15,,,,,,,,,,,,,,,,,,,,,,,,,,,,,,,,,,,,,,,,,,,,,기장붕장어축제추진위원회,051-721-8050,,,20251026,10:00~21:00,칠암붕장어마을,,,,,,,20251024,"무료(일부 체험프로그램 유료 3,000~10,000)",,,,선택안함,선택안함,,,,,,,,,,,,,,,,,,,,,,,,,,,,,,,,,,,,,,,,,,,,,,,,,,,,,,,,,,,,
1953936,12,0,0,0,051-721-3287,,연중무휴,,,,,상시 개방,가능,,,,,,,,,,,,,,,,,,,,,,,,,,,,,,,,,,,,,,,,,,,,,,,,,,,,,,,,,,,,,,,,,,,,,,,,,,,,,,,,,,,,,,,,,,,,,,,,,,,,,,,,,,,,,,,,
849887,39,,,,,,,,,,,,,,,,,0,대구뽈찜,,모두 금연석,가능(일부 메뉴),051-627-4319,,불가능,,11:30~21:00,연중무휴,,가능,전화 예약 가능 (051-627-4319),20000137318,,,,,,,,,,,,,,,,,,,,,,,,,,,,,,,,,,,,,,,,,,,,,,,,,,,,,,,,,,,,,,,,,,,,,,,,,,,,,,,,,,,,,,,,,,,,,
2789451,39,,,,,,,,,,,,,,,,,0,어(魚) 미역 국수 전골,닭 국수 전골 / 만두 국수 전골 / 이북식 닭무침,,,051-553-4012,,불가능,,- 11:00~21:30<br>- 준비시간 15:00~17:00<br>- 마지막 주문 20:30,연중무휴,,없음,,20090134532,,,,,,,,,,,,,,,,,,,,,,,,,,,,,,,,,,,,,,,,,,,,,,,,,,,,,,,,,,,,,,,,,,,,,,,,,,,,,,,,,,,,,,,,,,,,,
2554070,12,0,0,0,깡깡이 예술마을 안내센터 051-418-3336,2016년,매주 월요일,깡깡이 해상투어 / 깡깡이 마을투어 / 깡깡이 통합투어 등,,,,"[주말]<br>
- 깡깡이 해상투어 13:00 / 14:00 / 15:00<br>
- 깡깡이 마을투어 14:20<br>
- 깡깡이 통합투어 14:00",불가능,,,가능,,,,,,,,,,,,,,,,,,,,,,,,,,,,,,,,,,,,,,,,,,,,,,,,,,,,,,,,,,,,,,,,,,,,,,,,,,,,,,,,,,,,,,,,,,,,,,,,,,,,,,,,,,,,,
850121,39,,,,,,,,,,,,,,,,,0,아나고 회,장어구이 / 모둠회 / 매운탕/ 마리고,모두 금연석,가능(일부 메뉴),0507-1372-1547,,가능<br>요금 (무료),,09:00~20:30 (마지막 주문 19:30),"매월 둘째 주 월요일(일요일 2번 지난 월요일), 넷째 주 월요일(일요일 4번 지난 월요일)",,가능,전화 예약 가능 (051-727-1427),19750156005,,,,,,,,,,,,,,,,,,,,,,,,,,,,,,,,,,,,,,,,,,,,,,,,,,,,,,,,,,,,,,,,,,,,,,,,,,,,,,,,,,,,,,,,,,,,,
2783360,39,,,,,,,,,,,,,,,,,0,광안리 바다 크루아상,바질토마토 맘모스 / 소금빵 / 아메리카노 등,,가능,0507-1447-2773,,불가능,,- 11:00~17:00<br>- 마지막 주문 16:55,매주 월요일~화요일,,,,20190152003,,,,,,,,,,,,,,,,,,,,,,,,,,,,,,,,,,,,,,,,,,,,,,,,,,,,,,,,,,,,,,,,,,,,,,,,,,,,,,,,,,,,,,,,,,,,,
2859101,39,,,,,,,,,,,,,,,,,0,나가하마라멘,나가하마라멘 교자세트 / 야끼라멘 / 오분야끼교자 등,,가능,051-731-0886,,불가능,,[평일]<br>- 11:00~20:30<br>- 준비시간 15:30~16:30<br>- 점심 마지막 주문 15:00 / 저녁 마지막 주문 20:00<br>[주말]<br>- 11:00~20:30<br>- 저녁 마지막 주문 20:00,연중무휴,,가능,가능(캐치테이블예약),20170142458,,,,,,,,,,,,,,,,,,,,,,,,,,,,,,,,,,,,,,,,,,,,,,,,,,,,,,,,,,,,,,,,,,,,,,,,,,,,,,,,,,,,,,,,,,,,,
3444416,39,,,,,,,,,,,,,,,,,0,돼지곰탕,"특돼지곰탕, 고기칼국수, 칼국수",,포장 가능합니다.,0507-1383-4882,,주차는 W스퀘어 상가주차장 1시간 30분 지원.,,11:30 ~ 21:00  (15:00~17:00 브레이크 타임) / (20:30 라스트오더),연중무휴,,"지역화폐 (카드현), 지역화폐 (모바일형), 제로 페이",,,,,,,,,,,,,,,,,,,,,,,,,,,,,,,,,,,,,,,,,,,,,,,,,,,,,,,,,,,,,,,,,,,,,,,,,,,,,,,,,,,,,,,,,,,,,,,
2783344,12,0,0,0,051-294-2135,,"매주 월요일, 화요일",,,,,"[수요일(물금↔대동]<br>
- 1항차 (출발) 11:00~(도착) 11:50<br>
- 2항차 (출발) 13:30~(도착) 14:20<br>
<br>
[목요일~일요일(을숙도 일원)]<br>
- 1항차 (출발) 10:30~(도착) 11:20<br>
- 2항차 (출발) 13:00~(도착) 13:40<br>
- 3항차 (출발) 14:30~(도착) 15:20<br>
- 4항차 (출발) 16:00~(도착) 16:50<br>
<br>
[수요일~일요일(화명↔물금)]<br>
- 1항차 (출발) 10:30~(도착) 11:30<br>
- 2항차 (출발) 13:00~(도착) 14:00<br>
- 3항차 (출발) 14:30~(도착) 15:30<br>
- 4항차 (출발) 16:00~(도착) 17:00<br>
※ 11월~3월 철새보호로 을숙도 운항 불가하여 화명 운항<br>
※ 기상상황 및 점검일정에 따라 탐방선 운영이 중단될 수 있음",가능<br>요금 (10분 당 100원),없음,,가능,,,,,,,,,,,,,,,,,,,,,,,,,,,,,,,,,,,,,,,,,,,,,,,,,,,,,,,,,,,,,,,,,,,,,,,,,,,,,,,,,,,,,,,,,,,,,,,,,,,,,,,,,,,,,
2554141,12,0,0,0,051-292-1042,,매주 월요일 / 설날·추석 당일 / 1월 1일,,,,,09:30~17:30,가능<br>요금 (무료),없음,,없음,,,,,,,,,,,,,,,,,,,,,,,,,,,,,,,,,,,,,,,,,,,,,,,,,,,,,,,,,,,,,,,,,,,,,,,,,,,,,,,,,,,,,,,,,,,,,,,,,,,,,,,,,,,,,
2903049,39,,,,,,,,,,,,,,,,,0,오리코스,오리간장양념구이 / 유황 오리탕 / 유황소금구이 등,,,0507-1339-8873,,가능,,11:00~21:00,연중무휴,,,,20000149086,,,,,,,,,,,,,,,,,,,,,,,,,,,,,,,,,,,,,,,,,,,,,,,,,,,,,,,,,,,,,,,,,,,,,,,,,,,,,,,,,,,,,,,,,,,,,
2614714,12,0,0,0,"부산광역시청 낙동관리본부 051-209-2000<br>
부산광역시청 환경정책과 051-888-3636",,- 낙동강 에코센터 매주 월요일<br>- 아미산전망대 매주 월요일<br>- 낙동강 생태탐방선 매주 월요일~화요일,,,,,"- 낙동강하구 에코센터 09:00~18:00 (입장 마감 17:00)<br>
- 을숙도 철새공원 08:00~20:00<br>
- 아미산 전망대 09:00~18:00<br>
- 낙동강 생태탐방선 09:30~17:00",가능,,,,,,,,,,,,,,,,,,,,,,,,,,,,,,,,,,,,,,,,,,,,,,,,,,,,,,,,,,,,,,,,,,,,,,,,,,,,,,,,,,,,,,,,,,,,,,,,,,,,,,,,,,,,,,,,
3027444,12,0,0,0,051-714-1890,,매주 월요일,,,,,09:30~17:00,가능,,,,,,,,,,,,,,,,,,,,,,,,,,,,,,,,,,,,,,,,,,,,,,,,,,,,,,,,,,,,,,,,,,,,,,,,,,,,,,,,,,,,,,,,,,,,,,,,,,,,,,,,,,,,,,,,
1846830,12,0,0,0,1544-7788,,연중무휴,,,,,※ 자세한 사항은 홈페이지 참조,가능,없음,,가능,,,,,,,,,,,,,,,,,,,,,,,,,,,,,,,,,,,,,,,,,,,,,,,,,,,,,,,,,,,,,,,,,,,,,,,,,,,,,,,,,,,,,,,,,,,,,,,,,,,,,,,,,,,,,
2944336,12,0,0,0,051-802-2205,,※ 전화 문의 후 방문 요망,,,,,※ 전화 문의 후 방문 요망,가능,,,,,,,,,,,,,,,,,,,,,,,,,,,,,,,,,,,,,,,,,,,,,,,,,,,,,,,,,,,,,,,,,,,,,,,,,,,,,,,,,,,,,,,,,,,,,,,,,,,,,,,,,,,,,,,,
2788830,38,,,,,,,,,,,,,,,,,,,,,,,,,,,,,,,,,,,,,,,,,,,,,,,,,,,,,,,,,,,,,,,,,과채류 / 육류 등,,,,약 300여평,,있음,010-8538-1206,,매주 일요일,가능<br>요금 (시장 이용객 무료),,,가능,05:00~21:00<br>※ 점포별로 상이함,,,,,,,,,,,,,,,,,,,,,,,,,,,,,,,,,,,,,,,,,,,,,
1942299,12,0,0,0,부산광역시 동구 문화관광과 051-440-4064,,연중무휴,,,,,상시 개방,불가능,없음,,없음,,,,,,,,,,,,,,,,,,,,,,,,,,,,,,,,,,,,,,,,,,,,,,,,,,,,,,,,,,,,,,,,,,,,,,,,,,,,,,,,,,,,,,,,,,,,,,,,,,,,,,,,,,,,,
574250,39,,,,,,,,,,,,,,,,,0,짜장면,짬뽕 / 탕수육 / 유산슬 등,모두 금연석,가능,051-897-3007,,,,11:30~22:00 (준비시간 16:00~17:00),연중무휴,,가능,전화 예약 문의 (051-897-3007),20060131437,,,,,,,,,,,,,,,,,,,,,,,,,,,,,,,,,,,,,,,,,,,,,,,,,,,,,,,,,,,,,,,,,,,,,,,,,,,,,,,,,,,,,,,,,,,,,
1303784,38,,,,,,,,,,,,,,,,,,,,,,,,,,,,,,,,,,,,,,,,,,,,,,,,,,,,,,,,,,,,,,,,,활어 / 건어물 / 의류 / 잡화 / 과일 / 채소 / 수산물 등,,,,,,있음,051-624-9646,,※ 점포별로 상이함,가능,없음,,가능,※ 점포별로 상이함,,,,,,,,,,,,,,,,,,,,,,,,,,,,,,,,,,,,,,,,,,,,,
2818714,39,,,,,,,,,,,,,,,,,0,팥빙수,단팥죽 / 아메리카노 / 식혜 등,,,051-625-5544,,가능,,10:00~22:00,연중무휴,,,,20150152068,,,,,,,,,,,,,,,,,,,,,,,,,,,,,,,,,,,,,,,,,,,,,,,,,,,,,,,,,,,,,,,,,,,,,,,,,,,,,,,,,,,,,,,,,,,,,
2868507,39,,,,,,,,,,,,,,,,,0,차돌박이비빔국수,비빔국수 / 국수 / 칼국수 등,,,0507-1407-0372,,가능,,- 11:30~21:00<br>- 마지막 주문 20:20,매주 월요일,,,,20210152734,,,,,,,,,,,,,,,,,,,,,,,,,,,,,,,,,,,,,,,,,,,,,,,,,,,,,,,,,,,,,,,,,,,,,,,,,,,,,,,,,,,,,,,,,,,,,
2872199,28,,,,,,,,,,,,,,,,,,,,,,,,,,,,,,,,,,,,,,,,,,,,,,,,,,,,,,,,,,,,,,,,,,,,,,,,,,,,,,,,,,,,,,,,,,,,,,,,,,,,,,,,,,,,,,,,,부산 남구청 관광체육과 051-607-4824,,,연중무휴,상기 개방,,,가능,,,,
132187,38,,,,,,,,,,,,,,,,,,,,,,,,,,,,,,,,,,,,,,,,,,,,,,,,,,,,,,,,,,,,,,,,,종합시장,,,1988년 7월 11일,,,완비,051-713-8200,,"매월 둘째, 넷째 화요일",가능,,,가능,10:00~22:00,,,,,,,,,,,,,,,,,,,,,,,,,,,,,,,,,,,,,,,,,,,,,
986063,38,,,,,,,,,,,,,,,,,,,,,,,,,,,,,,,,,,,,,,,,,,,,,,,,,,,,,,,,,,,,,,,,,건어물 / 멸치 / 김 / 미역 / 다시마 / 오징어,,,1960년대,,,,051-254-3311,,연중무휴,가능,,,,08:00~19:00,,,,,,,,,,,,,,,,,,,,,,,,,,,,,,,,,,,,,,,,,,,,,
1942298,38,,,,,,,,,,,,,,,,,,,,,,,,,,,,,,,,,,,,,,,,,,,,,,,,,,,,,,,,,,,,,,,,,농산물 / 수산물 / 생필품 / 잡화 등,,,,,,있음,051-414-9500,,연중무휴,가능,없음,,없음,※ 매장마다 상이함,,,,,,,,,,,,,,,,,,,,,,,,,,,,,,,,,,,,,,,,,,,,,
2853012,39,,,,,,,,,,,,,,,,,0,아인슈페너,낭송와플 / 아메리카노 / 낭송요거트 / 밀크티라떼 / 복숭아아이스티 등,,가능,010-4786-4873,,가능 <br>요금 (무료),,주중 12:00~18:00 (라스트오더 17:30)<br>주말 11:00~19:00 (라스트오더 18:30),연중무휴,,가능,,20190149203,,,,,,,,,,,,,,,,,,,,,,,,,,,,,,,,,,,,,,,,,,,,,,,,,,,,,,,,,,,,,,,,,,,,,,,,,,,,,,,,,,,,,,,,,,,,,
777057,12,0,0,0,"내원정사 051-242-0691
템플스테이 051-254-3503",,연중무휴,템플스테이 / 불교대학 / 여름불교학교 등,,,,08:00~21:00,가능,없음,,,,,,,,,,,,,,,,,,,,,,,,,,,,,,,,,,,,,,,,,,,,,,,,,,,,,,,,,,,,,,,,,,,,,,,,,,,,,,,,,,,,,,,,,,,,,,,,,,,,,,,,,,,,,,,
3470558,32,,,,,,,,,,,,,,,,,,,,,,,,,,,,,,,,,,,,,,,,,,,,,,,,,,,,,,,,,,,,,,,,,,,,,,,,,,,,,,,,,,,,,,,,,,0,0,0,0,0,0,0,0,0,0,0,0,,,,,,,,,,,,,,,,,,,,,,,
2892757,32,,,,,,,,,,,,,,,,,,,,,,,,,,,,,,,,,,,,,,,,,,,,,,,,,,,,,,,,,,,,,,,,,,,,,,,,,,,,,,,,,,,,112실,스탠다드 트윈 / 스위트 트윈 시티뷰 / 디럭스 트윈 등,,15:00,11:00,불가능,1,0,0,0,1,0,0,0,0,0,0,0,,레스토랑 / 카페,,,051-462-7700,가능,,,,,,,,,,,,,,,,,
2836431,39,,,,,,,,,,,,,,,,,0,휘낭시에,까눌레 / 땅콩버터 슈페너 / 수제 카이막 등,,가능,070-4114-8232,,가능,,11:00~23:00 (마지막 주문 22:00),연중무휴<br>※ 변동될 수 있으므로 전화문의 요망,,가능,전화 문의,20180126208,,,,,,,,,,,,,,,,,,,,,,,,,,,,,,,,,,,,,,,,,,,,,,,,,,,,,,,,,,,,,,,,,,,,,,,,,,,,,,,,,,,,,,,,,,,,,
2867934,12,0,0,0,051-970-4061,,연중무휴,,,,,상시 개방,가능,,,,,,,,,,,,,,,,,,,,,,,,,,,,,,,,,,,,,,,,,,,,,,,,,,,,,,,,,,,,,,,,,,,,,,,,,,,,,,,,,,,,,,,,,,,,,,,,,,,,,,,,,,,,,,,,
2840883,39,,,,,,,,,,,,,,,,,0,한우꽃등심,함박스테이크 / 힌우양념갈비 / 전복 왕갈비탕 등,,가능,051-715-3133,,가능,,11:00~21:30,연중무휴,,가능,가능(전화 문의),20170149454,,,,,,,,,,,,,,,,,,,,,,,,,,,,,,,,,,,,,,,,,,,,,,,,,,,,,,,,,,,,,,,,,,,,,,,,,,,,,,,,,,,,,,,,,,,,,
2763856,14,,,,,,,,,,,,,,,,,,,,,,,,,,,,,,,,,,,약 1시간,,051-601-6400,,"[북카페, 갤러리]<br>
화요일~토요일 09:30~17:30<br>
[스포츠 용품 및 전통놀이]<br>
화요일~금요일 16:00~17:30<br>
토요일 09:30~17:30<br>
일요일 13:00~17:30<br>",매주 월요일 / 공휴일 / 임시 공휴일,가능 (공영주차장),없음,,가능,,,,,,,,,,,,,,,,,,,,,,,,,,,,,,,,,,,,,,,,,,,,,,,,,,,,,,,,,,,,,,,,,,,,,,,,,,,,,,,,
1918263,14,,,,,,,,,,,,,,,,,,,,,,,,,,,,,,,,,무료,,,,051-743-1974~5,,09:00~18:00(입장마감 17:00),매월 첫째 주 월요일,가능<br>요금 (10분 당 300원),,,,,,,,,,,,,,,,,,,,,,,,,,,,,,,,,,,,,,,,,,,,,,,,,,,,,,,,,,,,,,,,,,,,,,,,,,,,,,,,,,,
3532715,32,,,,,,,,,,,,,,,,,,,,,,,,,,,,,,,,,,,,,,,,,,,,,,,,,,,,,,,,,,,,,,,,,,,,,,,,,,,,,,,,,,,,2,양실,온라인 예약 시 해당 업체의 환불 규정에 따름,15:00,11:00,가능,0,0,0,0,0,0,1,1,0,0,0,0,루프탑,,https://map.naver.com/p/entry/place/1531057256,불가,0507-1320-7178,불가,"가능(네이버예약, 에어비앤비, 여기어때예약)","방2(퀸 침대2) / 욕실2 / 엘리베이터, 테라스, 루프탑",,,,,,,,,,,,,,,
2867762,39,,,,,,,,,,,,,,,,,0,수육백반,모듬국밥 / 돼지국밥 / 수육 등,,,051-863-6997,,불가능,,- 10:00~21:00<br>- 준비시간 15:00~17:00<br>- 마지막 주문 20:30,매주 월요일,,,,19890131210,,,,,,,,,,,,,,,,,,,,,,,,,,,,,,,,,,,,,,,,,,,,,,,,,,,,,,,,,,,,,,,,,,,,,,,,,,,,,,,,,,,,,,,,,,,,,
2784351,38,,,,,,,,,,,,,,,,,,,,,,,,,,,,,,,,,,,,,,,,,,,,,,,,,,,,,,,,,,,,,,,,,수산물 / 식품 등,,,,,,있음,051-262-0180,,점포별 상이,가능,,,가능,11:00~21:00 (점포별 상이),,,,,,,,,,,,,,,,,,,,,,,,,,,,,,,,,,,,,,,,,,,,,
769761,12,0,0,0,051-220-5897,,매주 월요일,체험분수 : 주간 물놀이 분수 / 야간 체험 분수,,,,"[봄·여름(4~8월)]<br>
- 평일 20:00~20:20<br>
- 주말 20:00~20:20 / 21:00~21:20<br>
[가을(9~10월)]<br>
- 평일 19:30~19:50<br>
- 주말 19:30~19:50 / 20:30~20:50<br>
[주간 물놀이분수(5월~9월)]<br>
- 14:00 / 15:00 / 16:00 / 17:00 (매 정각마다 20분 운영)<br>
[야간 체험분수(4월~10월)]<br>
- 음악분수 1부 공연 종료 후 10분 (2부 후에는 미운영)",가능,,,,,,,,,,,,,,,,,,,,,,,,,,,,,,,,,,,,,,,,,,,,,,,,,,,,,,,,,,,,,,,,,,,,,,,,,,,,,,,,,,,,,,,,,,,,,,,,,,,,,,,,,,,,,,,,
2785275,39,,,,,,,,,,,,,,,,,0,전복양송이솥밥,전복새우문어솥밥 / 전복영양솥밥 / 와규스테이크솥밥 등,,,051-702-3130,,가능,,11:00~21:00,연중무휴,,,,20160141560,,,,,,,,,,,,,,,,,,,,,,,,,,,,,,,,,,,,,,,,,,,,,,,,,,,,,,,,,,,,,,,,,,,,,,,,,,,,,,,,,,,,,,,,,,,,,
2786008,39,,,,,,,,,,,,,,,,,0,바싹 찰떡구이,다온 미숫가루 / 아메리카노 / 나루페너 등,,가능,0507-1425-1772,,가능,,- 11:00~23:00<br>- 마지막 주문 22:50,연중무휴,,,,20200149884,,,,,,,,,,,,,,,,,,,,,,,,,,,,,,,,,,,,,,,,,,,,,,,,,,,,,,,,,,,,,,,,,,,,,,,,,,,,,,,,,,,,,,,,,,,,,
850217,39,,,,,,,,,,,,,,,,,0,뽈뽈세트,대구뽈찜 / 대구뽈탕 / 대구뽈튀김 등,모두 금연석,,0507-1414-3804,,가능,,11:00~21:00 (준비시간 15:00~17:00),매주 일요일,,가능,,20020131861,,,,,,,,,,,,,,,,,,,,,,,,,,,,,,,,,,,,,,,,,,,,,,,,,,,,,,,,,,,,,,,,,,,,,,,,,,,,,,,,,,,,,,,,,,,,,
1889060,25,,,,,,,,,,,,,,,,,,,,,,,,,,,,,,,,,,,,,,,,,,,,,,,,,,,,,,,,,,,,,,,,,,,,,,,,,,,,,,,,5km,기타,5.5시간,----지자체-----,,,,,,,,,,,,,,,,,,,,,,,,,,,,,,,,,,,,,,,,,
3532630,32,,,,,,,,,,,,,,,,,,,,,,,,,,,,,,,,,,,,,,,,,,,,,,,,,,,,,,,,,,,,,,,,,,,,,,,,,,,,,,,,,,,,1,양실,온라인 예약 시 해당 업체의 환불 규정에 따름,17:00,12:00,가능,0,0,0,0,0,0,0,0,0,0,0,0,,,https://www.airbnb.co.kr/rooms/1358316016671693674,불가,0507-1476-0871,가능(건물 진입로 무료 주차),가능(에어비앤비),,,,,,,,,,,,,,,,
2875837,12,0,0,0,051-749-4084,,연중무휴,,,,,상시 개방,가능,,,,,,,,,,,,,,,,,,,,,,,,,,,,,,,,,,,,,,,,,,,,,,,,,,,,,,,,,,,,,,,,,,,,,,,,,,,,,,,,,,,,,,,,,,,,,,,,,,,,,,,,,,,,,,,,
1942233,12,0,0,0,051-245-8781,,연중무휴,,,,,상시 개방,불가능,없음,,없음,,,,,,,,,,,,,,,,,,,,,,,,,,,,,,,,,,,,,,,,,,,,,,,,,,,,,,,,,,,,,,,,,,,,,,,,,,,,,,,,,,,,,,,,,,,,,,,,,,,,,,,,,,,,,
133997,39,,,,,,,,,,,,,,,,,0,한우구이,갈비탕 / 야채불고기전골 / 냉면 등,모두 금연석,가능(일부 메뉴),051-322-1223,,가능<br>요금 (무료),,11:30~21:30 (준비 시간 15:00~17:00),연중무휴,,가능,,19990154395,,,,,,,,,,,,,,,,,,,,,,,,,,,,,,,,,,,,,,,,,,,,,,,,,,,,,,,,,,,,,,,,,,,,,,,,,,,,,,,,,,,,,,,,,,,,,
2385685,25,,,,,,,,,,,,,,,,,,,,,,,,,,,,,,,,,,,,,,,,,,,,,,,,,,,,,,,,,,,,,,,,,,,,,,,,,,,,,,,,19.80km,기타,1일,----지자체-----,,,,,,,,,,,,,,,,,,,,,,,,,,,,,,,,,,,,,,,,,
2867692,39,,,,,,,,,,,,,,,,,0,함흥식(비빔냉면),평양식(물냉면) / 밀면 / 모둠회 등,,가능,051-244-4536,,불가능,,16:00~22:00,연중무휴,,가능,예약 가능,20170126245,,,,,,,,,,,,,,,,,,,,,,,,,,,,,,,,,,,,,,,,,,,,,,,,,,,,,,,,,,,,,,,,,,,,,,,,,,,,,,,,,,,,,,,,,,,,,
2796940,38,,,,,,,,,,,,,,,,,,,,,,,,,,,,,,,,,,,,,,,,,,,,,,,,,,,,,,,,,,,,,,,,,수산물 / 공산품 등,,,점포별 상이,,,있음,기장군 일자리경제과 051-709-4472,,점포별 상이,가능,,,,점포별 상이,,,,,,,,,,,,,,,,,,,,,,,,,,,,,,,,,,,,,,,,,,,,,
2822838,39,,,,,,,,,,,,,,,,,0,소복소복라떼,시그니처 버거 / 시금치 잠봉 피자 / 딸기보름라떼 등,,,1670-8515,,가능,,10:00~21:00 (마지막 주문 19:45),매주 월요일,,,,20210156694,,,,,,,,,,,,,,,,,,,,,,,,,,,,,,,,,,,,,,,,,,,,,,,,,,,,,,,,,,,,,,,,,,,,,,,,,,,,,,,,,,,,,,,,,,,,,
2807607,39,,,,,,,,,,,,,,,,,0,사천짜장,자장면 / 우동 / 삼선간짜장 등,,가능,051-752-3969,,불가능,,11:00~19:00,매주 화요일,,가능,,19850152029,,,,,,,,,,,,,,,,,,,,,,,,,,,,,,,,,,,,,,,,,,,,,,,,,,,,,,,,,,,,,,,,,,,,,,,,,,,,,,,,,,,,,,,,,,,,,
2783380,12,0,0,0,대연수목전시원 관리사무실 051-888-6870,,연중무휴,,,,,상시 개방,가능,없음,,없음,,,,,,,,,,,,,,,,,,,,,,,,,,,,,,,,,,,,,,,,,,,,,,,,,,,,,,,,,,,,,,,,,,,,,,,,,,,,,,,,,,,,,,,,,,,,,,,,,,,,,,,,,,,,,
2752168,39,,,,,,,,,,,,,,,,,0,한식뷔페,호박죽,,가능(호박죽),051-973-0837,,가능,,09:30~18:30,매주 월요일,,가능,,20050149025,,,,,,,,,,,,,,,,,,,,,,,,,,,,,,,,,,,,,,,,,,,,,,,,,,,,,,,,,,,,,,,,,,,,,,,,,,,,,,,,,,,,,,,,,,,,,
2875849,12,0,0,0,해운대 관광안내소 051-749-5700,Invalid date,연중무휴,,,,,상시 개방,가능,,,,,,,,,,,,,,,,,,,,,,,,,,,,,,,,,,,,,,,,,,,,,,,,,,,,,,,,,,,,,,,,,,,,,,,,,,,,,,,,,,,,,,,,,,,,,,,,,,,,,,,,,,,,,,,,
127891,12,0,0,0,대천천 네트워크 051-362-4111,,연중무휴,,,,,상시 개방,가능,없음,,없음,,,,,,,,,,,,,,,,,,,,,,,,,,,,,,,,,,,,,,,,,,,,,,,,,,,,,,,,,,,,,,,,,,,,,,,,,,,,,,,,,,,,,,,,,,,,,,,,,,,,,,,,,,,,,
2019366,15,,,,,,,,,,,,,,,,,,,,,,,,,,,,,,,,,,,,,,,,,,,,,부산광역시,051-760-1130,(사)한국해양레저네트워크,,20250817,15:00~20:00,부산 다대포해수욕장,,,,,,,20250814,무료 (일부 해양레저체험 유료),,,,선택안함,선택안함,,,,,,,,,,,,,,,,,,,,,,,,,,,,,,,,,,,,,,,,,,,,,,,,,,,,,,,,,,,,
128564,12,0,0,0,010-6780-1599,,연중무휴,"선상낚시, 어선타기 등<br>
※ 체험은 마을 사정에 따라 변동 가능될 수 있으므로 전화문의",,,,상시 개방,가능,없음,,없음,,,,,,,,,,,,,,,,,,,,,,,,,,,,,,,,,,,,,,,,,,,,,,,,,,,,,,,,,,,,,,,,,,,,,,,,,,,,,,,,,,,,,,,,,,,,,,,,,,,,,,,,,,,,,
2596750,32,,,,,,,,,,,,,,,,,,,,,,,,,,,,,,,,,,,,,,,,,,,,,,,,,,,,,,,,,,,,,,,,,,,,,,,,,,,,,,,,,,,,31실,스탠다드 / 디럭스 / 패밀리 / 스위트,,15:00,11:00,,0,0,0,0,0,0,0,0,0,0,0,0,,,,,0507-1443-8403,가능,,,95,,,,,,,,,,,,,,
2845041,39,,,,,,,,,,,,,,,,,0,숙성초벌고기,양지된장찌개 / 돼지김치찌개 / 기장미역라면 등,,가능,0507-1306-8295,,가능,,- 11:30~24:00<br>- 마지막 주문 22:40,연중무휴,,,,20100156310,,,,,,,,,,,,,,,,,,,,,,,,,,,,,,,,,,,,,,,,,,,,,,,,,,,,,,,,,,,,,,,,,,,,,,,,,,,,,,,,,,,,,,,,,,,,,
2838872,39,,,,,,,,,,,,,,,,,1,더스타모듬회도시락,더스타홈파티 / 뷔페 등,,가능,051-918-8000,,가능,,[평일]<br>- 12:00~21:00<br>- 준비시간 15:00~18:00<br>[주말]<br>- 11:30~21:30<br>- 준비시간 13:30~14:00<br>※ 자세한 사항은 전화문의 요망,"매주 월요일, 화요일",,가능,예약 가능,20110131605,,,,,,,,,,,,,,,,,,,,,,,,,,,,,,,,,,,,,,,,,,,,,,,,,,,,,,,,,,,,,,,,,,,,,,,,,,,,,,,,,,,,,,,,,,,,,
2699332,32,,,,,,,,,,,,,,,,,,,,,,,,,,,,,,,,,,,,,,,,,,,,,,,,,,,,,,,,,,,,,,,,,,,,,,,,,,,,,,,,,,,,4,양실,"이용일 15일전 100%, 7-14일전 50%, 4-6일전 30%, 3일전 20%, 2일전 10%, 1일전~당일 환불불가",15:00,11:00,가능,0,0,0,0,0,1,1,0,0,0,0,0,,,,불가,0507-1389-5108,가능(유료),,65평,80,,,,,,,,,,,,,,
2531399,32,,,,,,,,,,,,,,,,,,,,,,,,,,,,,,,,,,,,,,,,,,,,,,,,,,,,,,,,,,,,,,,,,,,,,,,,,,,,,,,,,,,,3,양실,"숙박 7일 전까지 전액 환불, 7일 이내의 시점 환불 불가",15:00,11:00,가능,0,0,0,0,1,0,0,0,0,0,0,0,세탁실,있음,http://www.thecomfyhouse.co.kr,불가,010-5822-3755,가능,,단층,30,,,,,,,,,,,,,,
2841064,39,,,,,,,,,,,,,,,,,0,애플유자차,아메리카노 / 수제바닐라빈라떼 / 카페라떼 등,,가능,0507-1317-3355,,가능,,10:00~22:00 (마지막 주문 21:30),연중무휴,,가능,,20160147166,,,,,,,,,,,,,,,,,,,,,,,,,,,,,,,,,,,,,,,,,,,,,,,,,,,,,,,,,,,,,,,,,,,,,,,,,,,,,,,,,,,,,,,,,,,,,
2754601,32,,,,,,,,,,,,,,,,,,,,,,,,,,,,,,,,,,,,,,,,,,,,,,,,,,,,,,,,,,,,,,,,,,,,,,,,,,,,,,,,,,,,39실,디럭스 더블 / 디럭스 패밀리 / 프레지덴셜 스위트 등,,15:00,11:00,불가능,0,0,0,0,1,0,0,0,0,0,0,0,,반려견동반카페,,,051-999-2000,,,,,,,,,,,,,,,,,,
2781799,39,,,,,,,,,,,,,,,,,0,오레오 치즈케이크,로얄 바닐라빈 라떼 / 봄내음 / 로즈떼느와 등,,가능,0507-1316-8297,,가능,,- 평일 11:00~21:00<br>- 주말 10:00~22:00,연중무휴,,,,20200156172,,,,,,,,,,,,,,,,,,,,,,,,,,,,,,,,,,,,,,,,,,,,,,,,,,,,,,,,,,,,,,,,,,,,,,,,,,,,,,,,,,,,,,,,,,,,,
2852312,39,,,,,,,,,,,,,,,,,0,참소국밥,선지국밥 / 한우떡갈비 / 한우불고기비빔밥 등,,가능,051-626-0222,,가능,,- 06:00~23:00<br>- 마지막 주문 22:30,연중무휴,,,,20080137062,,,,,,,,,,,,,,,,,,,,,,,,,,,,,,,,,,,,,,,,,,,,,,,,,,,,,,,,,,,,,,,,,,,,,,,,,,,,,,,,,,,,,,,,,,,,,
2785611,38,,,,,,,,,,,,,,,,,,,,,,,,,,,,,,,,,,,,,,,,,,,,,,,,,,,,,,,,,,,,,,,,,농산물 / 수산물 / 축산물 / 공산품 등,,,,,,있음,051-304-5693,,점포별 상이,가능,,,,점포별 상이,,,,,,,,,,,,,,,,,,,,,,,,,,,,,,,,,,,,,,,,,,,,,
2782699,38,,,,,,,,,,,,,,,,,,,,,,,,,,,,,,,,,,,,,,,,,,,,,,,,,,,,,,,,,,,,,,,,,식물 / 화분 / 원예공구 등,,,,,,,1644-2384,,연중무휴,가능,없음,,,09:00~18:00,,,,,,,,,,,,,,,,,,,,,,,,,,,,,,,,,,,,,,,,,,,,,
3469447,32,,,,,,,,,,,,,,,,,,,,,,,,,,,,,,,,,,,,,,,,,,,,,,,,,,,,,,,,,,,,,,,,,,,,,,,,,,,,,,,,,,,,53,양실,,,12:00,불가,0,0,0,0,1,0,0,0,0,0,0,0,"루프탑, 세탁실",있음,,불가,051-558-8143,가능,,3~5평 53객실,109,,,,,,,,,,,,,,
130381,14,,,,,,,,,,,,,,,,,,,,,,,,,,,,,,,,,강좌 별로 상이함,,,,051-555-1441,,09:00~18:00,매주 토요일~일요일 / 법정공휴일,가능,,,,,,,,,,,,,,,,,,,,,,,,,,,,,,,,,,,,,,,,,,,,,,,,,,,,,,,,,,,,,,,,,,,,,,,,,,,,,,,,,,,
2778476,39,,,,,,,,,,,,,,,,,0,밀면,비빔밀면 / 특미왕만두 / 들깨손칼국수 등,,,051-552-3092,,가능,,10:30~24:00,,,,,20000134293,,,,,,,,,,,,,,,,,,,,,,,,,,,,,,,,,,,,,,,,,,,,,,,,,,,,,,,,,,,,,,,,,,,,,,,,,,,,,,,,,,,,,,,,,,,,,
2822334,12,0,0,0,051-550-4092,,연중무휴,동래온천길 스탬프투어,,,,상시 개방,불가능,,,,,,,,,,,,,,,,,,,,,,,,,,,,,,,,,,,,,,,,,,,,,,,,,,,,,,,,,,,,,,,,,,,,,,,,,,,,,,,,,,,,,,,,,,,,,,,,,,,,,,,,,,,,,,,,
2670518,39,,,,,,,,,,,,,,,,,0,산곰장어소금구이,산곰장어소금구이 / 산곰장어양념구이 외,금연,,051-553-8377,,가능,,11:00 ~ 00:30,매월 둘째주 일요일,,,가능,19870134235,,,,,,,,,,,,,,,,,,,,,,,,,,,,,,,,,,,,,,,,,,,,,,,,,,,,,,,,,,,,,,,,,,,,,,,,,,,,,,,,,,,,,,,,,,,,,
3017112,14,,,,,,,,,,,,,,,,,,,,,,,,,,,,,,,,,,,,,051-605-0122,,10:00~19:00,"매주 월요일 (단, 월요일이 공휴일인 경우 그 다음날 휴관) / 1월 1일 / 설·추석 당일",불가능,,,,,,,,,,,,,,,,,,,,,,,,,,,,,,,,,,,,,,,,,,,,,,,,,,,,,,,,,,,,,,,,,,,,,,,,,,,,,,,,,,,
1607360,12,0,0,0,051-552-4160,,연중무휴,,,,,상시 개방,가능<br>요금 (무료),불가,,없음,,,,,,,,,,,,,,,,,,,,,,,,,,,,,,,,,,,,,,,,,,,,,,,,,,,,,,,,,,,,,,,,,,,,,,,,,,,,,,,,,,,,,,,,,,,,,,,,,,,,,,,,,,,,,
128810,12,0,0,0,해운대구 관광시설관리사업소 051-749-7622,,연중무휴,,,,,상시 개방,가능,,,,,,,,,,,,,,,,,,,,,,,,,,,,,,,,,,,,,,,,,,,,,,,,,,,,,,,,,,,,,,,,,,,,,,,,,,,,,,,,,,,,,,,,,,,,,,,,,,,,,,,,,,,,,,,,
135827,39,,,,,,,,,,,,,,,,,0,활어회,회덮밥 / 물회 / 코스 요리 등,모두 금연석,가능,051-741-3888,,가능<br>요금 (무료),,- 12:00~22:00<br>- 준비 시간 14:00~16:00<br>- 마지막 주문 20:20,연중무휴,,가능,,20020141567,,,,,,,,,,,,,,,,,,,,,,,,,,,,,,,,,,,,,,,,,,,,,,,,,,,,,,,,,,,,,,,,,,,,,,,,,,,,,,,,,,,,,,,,,,,,,
130774,14,,,,,,,,,,,,,,,,,,,,,,,,,,,,,,,,,무료,,,,051-403-1193,,09:00~18:00,"매주 월요일 (단, 월요일이 공휴일인 경우 다음날 휴관) / 1월1일",가능,없음,,없음,,,,,,,,,,,,,,,,,,,,,,,,,,,,,,,,,,,,,,,,,,,,,,,,,,,,,,,,,,,,,,,,,,,,,,,,,,,,,,,,
3023734,14,,,,,,,,,,,,,,,,,,,,,,,,,,,,,,,,,※ 공연별로 상이하므로 자세한 사항은 전화문의 요망,,,,051-950-6500,,※ 공연별로 상이하므로 자세한 사항은 전화문의 요망,※ 공연별로 상이하므로 자세한 사항은 전화문의 요망,가능,,,,,,,,,,,,,,,,,,,,,,,,,,,,,,,,,,,,,,,,,,,,,,,,,,,,,,,,,,,,,,,,,,,,,,,,,,,,,,,,,,,
2870868,39,,,,,,,,,,,,,,,,,0,녹두한방백숙,코갈비 / 능이백숙 / 오리 훈제 냉채 등,,,051-202-4100,,가능,,11:20~21:20,매주 월요일,,,,20030144418,,,,,,,,,,,,,,,,,,,,,,,,,,,,,,,,,,,,,,,,,,,,,,,,,,,,,,,,,,,,,,,,,,,,,,,,,,,,,,,,,,,,,,,,,,,,,
2614716,12,0,0,0,부산서구관광안내소 051-231-0252,,연중무휴,,,,,상시 개방,가능,,,,,,,,,,,,,,,,,,,,,,,,,,,,,,,,,,,,,,,,,,,,,,,,,,,,,,,,,,,,,,,,,,,,,,,,,,,,,,,,,,,,,,,,,,,,,,,,,,,,,,,,,,,,,,,,
2891745,39,,,,,,,,,,,,,,,,,0,프렌치토스트,명란오일 파스타 / 토마토 파스타 / 루꼴라 샌드위치 / 브라타치즈 떡볶이 등,,,051-746-5887,,가능<br>요금(무료),,- 10:00~18:00<br>- 마지막 주문 17:30,연중무휴,,,,20210137185,,,,,,,,,,,,,,,,,,,,,,,,,,,,,,,,,,,,,,,,,,,,,,,,,,,,,,,,,,,,,,,,,,,,,,,,,,,,,,,,,,,,,,,,,,,,,
2869159,39,,,,,,,,,,,,,,,,,0,카페라떼,콜드브루커피 / 아인슈페너 / 카페오레 등,,,051-723-5253,,가능,,11:00~19:30 (마지막 주문 18:30),매주 화요일,,가능,가능,20140156540,,,,,,,,,,,,,,,,,,,,,,,,,,,,,,,,,,,,,,,,,,,,,,,,,,,,,,,,,,,,,,,,,,,,,,,,,,,,,,,,,,,,,,,,,,,,,
2759629,39,,,,,,,,,,,,,,,,,0,오리지널 크로와상,디카페인 / 초코 크로아상 / 초코스틱 / 핸드드립 커피 등,,,051-867-5757,,불가능,,12:00~16:00 (마지막 주문 15:30) <br>※ 재료 소진 시 조기 마감,매주 월요일~금요일,,,,20180150294,,,,,,,,,,,,,,,,,,,,,,,,,,,,,,,,,,,,,,,,,,,,,,,,,,,,,,,,,,,,,,,,,,,,,,,,,,,,,,,,,,,,,,,,,,,,,
2675011,12,0,0,0,금정구청 문화관광과 051-519-4081,,연중무휴,,,,,상시 개방,가능,,,,,,,,,,,,,,,,,,,,,,,,,,,,,,,,,,,,,,,,,,,,,,,,,,,,,,,,,,,,,,,,,,,,,,,,,,,,,,,,,,,,,,,,,,,,,,,,,,,,,,,,,,,,,,,,
2891789,39,,,,,,,,,,,,,,,,,0,원통휠치즈 생면 까르보나라,수제 생면 파스타 / 2인 쉐어 코스 / 참숯에 구운 삼치를 올린 청사포파스타 등,,,051-701-7890,,가능,,- 12:00~22:00<br>- 점심 마지막 주문 14:30<br>- 준비시간 15:00~17:00<br>- 저녁 마지막 주문 20:30,매월 두번째~다섯번째 화요일,,,,20040141543,,,,,,,,,,,,,,,,,,,,,,,,,,,,,,,,,,,,,,,,,,,,,,,,,,,,,,,,,,,,,,,,,,,,,,,,,,,,,,,,,,,,,,,,,,,,,
142861,32,,,,,,,,,,,,,,,,,,,,,,,,,,,,,,,,,,,,,,,,,,,,,,,,,,,,,,,,,,,,,,,,,,,,,,,,,,,,,,,,,,,,49실,비즈니스 / 디럭스 / 프리미어 디럭스,,15:00,11:00,불가,0,0,1,0,0,0,0,0,0,1,0,0,,해수커피(카페),,,051-634-3001,가능,,,120명,,,,,,,,,,,,,,
2708705,32,,,,,,,,,,,,,,,,,,,,,,,,,,,,,,,,,,,,,,,,,,,,,,,,,,,,,,,,,,,,,,,,,,,,,,,,,,,,,,,,,,,,305,양실,"숙박일 2일 전 18:00 전 취소 시 100% 환불, 숙박일 1일 전 18:00 전 취소 시 50% 환불, 숙박일 1일 전 18:00 이후 환불 불가",15:00,11:00,불가,0,0,0,0,1,0,0,0,0,0,0,0,"루프탑, 편의점, 세탁실",있음,"<a href=""http://www.lavideatlanhotel2.com"" target=""_blank"" title=""새창 : 라비드아틀호텔2 홈페이지로 이동"">http://www.lavideatlanhotel2.com</a>",불가,051-731-0700,가능,,건물 지하 6층-지상 32층,600,,,,,,,,,,,,,,
2783646,39,,,,,,,,,,,,,,,,,0,비건 메뉴,더치 아메리카노 / 더치 라떼 / 서리태라떼 등,,,0507-1352-2420,,,,- 11:30~20:00<br>- 준비시간 15:00~17:00,매주 화요일~목요일,,,,20200152308,,,,,,,,,,,,,,,,,,,,,,,,,,,,,,,,,,,,,,,,,,,,,,,,,,,,,,,,,,,,,,,,,,,,,,,,,,,,,,,,,,,,,,,,,,,,,
2782750,38,,,,,,,,,,,,,,,,,,,,,,,,,,,,,,,,,,,,,,,,,,,,,,,,,,,,,,,,,,,,,,,,,인테리어 소품,,,,,,,0507-1403-1426,,연중무휴,불가능,,,,- 일요일~월요일 / 목요일 11:30~20:00<br>- 화요일~수요일 11:30~20:30<br>- 금요일~토요일 11:30~23:00,,,,,,,,,,,,,,,,,,,,,,,,,,,,,,,,,,,,,,,,,,,,,
2456224,12,0,0,0,1566-3333,2005-09-30,매주 월요일~목요일,,,,,09:30~18:00,가능<br>요금 (무료),가능,,없음,,,,,,,,,,,,,,,,,,,,,,,,,,,,,,,,,,,,,,,,,,,,,,,,,,,,,,,,,,,,,,,,,,,,,,,,,,,,,,,,,,,,,,,,,,,,,,,,,,,,,,,,,,,,,
2840901,39,,,,,,,,,,,,,,,,,0,앙버터,크로와상 / 통밀크런치 / 퀸아망 등,,가능,051-201-0456,,가능,,- 평일 09:00~17:00<br>- 토요일 09:00~15:00,매주 일요일,,가능,,20170149482,,,,,,,,,,,,,,,,,,,,,,,,,,,,,,,,,,,,,,,,,,,,,,,,,,,,,,,,,,,,,,,,,,,,,,,,,,,,,,,,,,,,,,,,,,,,,
2869129,39,,,,,,,,,,,,,,,,,0,우대갈비,갈비짜글이 / 아누냉면 / 칠게장비빔밥 등,,,0507-1471-1182,,가능,,- 11:30~21:00<br>- 준비시간(평일) 15:00~17:00,연중무휴,,,,20200156744,,,,,,,,,,,,,,,,,,,,,,,,,,,,,,,,,,,,,,,,,,,,,,,,,,,,,,,,,,,,,,,,,,,,,,,,,,,,,,,,,,,,,,,,,,,,,
2832712,39,,,,,,,,,,,,,,,,,0,딸기왕창빙수,바질오일파스타 / 한우 스테이크 / 매일바뀌는 스페셜 등,,가능,0507-1471-1180,,가능,,10:00~21:30 (마지막 주문 21:00),연중무휴,,가능,,20210149037,,,,,,,,,,,,,,,,,,,,,,,,,,,,,,,,,,,,,,,,,,,,,,,,,,,,,,,,,,,,,,,,,,,,,,,,,,,,,,,,,,,,,,,,,,,,,
2815627,12,0,0,0,1661-2000,,연중무휴,,,,,"10:00~21:00<br>
※ 자세한 사항은 홈페이지 참조",가능,,,,,,,,,,,,,,,,,,,,,,,,,,,,,,,,,,,,,,,,,,,,,,,,,,,,,,,,,,,,,,,,,,,,,,,,,,,,,,,,,,,,,,,,,,,,,,,,,,,,,,,,,,,,,,,,
1993017,38,,,,,,,,,,,,,,,,,,,,,,,,,,,,,,,,,,,,,,,,,,,,,,,,,,,,,,,,,,,,,,,,,의류 / 가전제품 / 패션잡화 / 스포츠 용품 등,,,2014.12.23,,,있음,1577-0001,,설·추석 당일,가능,,,,[하절기 (3월~10월)]<br>- 10:30~21:00<br>[동절기 (11월~2월)]<br>- 평일 10:30~20:30<br>- 주말·법정공휴일 10:30~21:00,,,,,,,,,,,,,,,,,,,,,,,,,,,,,,,,,,,,,,,,,,,,,
142998,32,,,,,,,,,,,,,,,,,,,,,,,,,,,,,,,,,,,,,,,,,,,,,,,,,,,,,,,,,,,,,,,,,,,,,,,,,,,,,,,,,,,,650실,프리미어 트윈룸 / 클럽 프리미어 스위트룸 / 슈페리어 스위트룸 등,,14:00<br>※ 7~8월 15:00,11:00,불가능,1,1,1,0,1,0,0,0,0,1,0,0,,라세느 / 도림 / 무궁화 / 더라운지 앤 바 등,,,051-810-1000,가능,,,,,,,,,,,,,,,,,
133839,39,,,,,,,,,,,,,,,,,0,구절판,신선로 / 전복구이 / 한우안심구이 등,모두 금연석,,051-810-6330,,가능,,12:00~21:30 (준비시간 15:00~18:00),연중무휴,,가능,전화 예약 문의 (051-810-6330),19970131040,,,,,,,,,,,,,,,,,,,,,,,,,,,,,,,,,,,,,,,,,,,,,,,,,,,,,,,,,,,,,,,,,,,,,,,,,,,,,,,,,,,,,,,,,,,,,
2891814,39,,,,,,,,,,,,,,,,,0,류센소(돈코츠 라멘),"류센소 카라, 류센소 아사리, 텐동, 교자, 하이볼 등",,,0507-1493-8283,,불가능,,11:00~21:30,화요일,,가능,,20190141244,,,,,,,,,,,,,,,,,,,,,,,,,,,,,,,,,,,,,,,,,,,,,,,,,,,,,,,,,,,,,,,,,,,,,,,,,,,,,,,,,,,,,,,,,,,,,
2782695,39,,,,,,,,,,,,,,,,,0,케이크,아메리카노 / 더블샷 바닐라 블렌디드 / 티라미수 라떼 / 헤이즐넛슈페너 등,,,051-527-2933,,불가능,,11:00~23:00,연중무휴,,없음,,20150134348,,,,,,,,,,,,,,,,,,,,,,,,,,,,,,,,,,,,,,,,,,,,,,,,,,,,,,,,,,,,,,,,,,,,,,,,,,,,,,,,,,,,,,,,,,,,,
2841417,39,,,,,,,,,,,,,,,,,0,브런치,아메리카노 / 검은콩라떼 / 아인슈페너 등,,,051-582-1842,,가능,,09:10~22:00 (마지막 주문 21:40),매주 일요일,,가능,,20170147292,,,,,,,,,,,,,,,,,,,,,,,,,,,,,,,,,,,,,,,,,,,,,,,,,,,,,,,,,,,,,,,,,,,,,,,,,,,,,,,,,,,,,,,,,,,,,
2854887,39,,,,,,,,,,,,,,,,,0,관자알리오올리오,전복명란파스타 / 마르게리따 / 전복리조또 등,,,051-1426-1855,,가능,,10:30~20:30,연중무휴,,,,20170156366,,,,,,,,,,,,,,,,,,,,,,,,,,,,,,,,,,,,,,,,,,,,,,,,,,,,,,,,,,,,,,,,,,,,,,,,,,,,,,,,,,,,,,,,,,,,,
142978,32,,,,,,,,,,,,,,,,,,,,,,,,,,,,,,,,,,,,,,,,,,,,,,,,,,,,,,,,,,,,,,,,,,,,,,,,,,,,,,,,,,,,91실,패밀리 온돌 / 패밀리 트윈 / 세미 패밀리 등,,15:00,11:00,불가능,0,0,0,0,0,0,0,0,0,0,0,0,,레스토랑,,,051-740-2111,가능,,,216명,,,,,,,,,,,,,,
2868609,39,,,,,,,,,,,,,,,,,0,성게알어란파스타,알감자뇨끼 / 부라타샐러드 / 트러플생면파스타 등,,가능,0507-1316-0204,,가능,,12:00~22:00 (마지막 주문 20:30),연중무휴,,가능,가능(전화문의 / 네이버 예약),20200152060,,,,,,,,,,,,,,,,,,,,,,,,,,,,,,,,,,,,,,,,,,,,,,,,,,,,,,,,,,,,,,,,,,,,,,,,,,,,,,,,,,,,,,,,,,,,,
2845069,39,,,,,,,,,,,,,,,,,0,한우 스테이크,연어샐러드 / 빠네 감자크림스프 / 감바스 알 아히요 등,,,051-721-1442,,가능,,- 11:00~21:00<br>- 준비시간 15:00~16:30<br>- 마지막 주문 20:00,연중무휴,,,,19960156230,,,,,,,,,,,,,,,,,,,,,,,,,,,,,,,,,,,,,,,,,,,,,,,,,,,,,,,,,,,,,,,,,,,,,,,,,,,,,,,,,,,,,,,,,,,,,
2845094,39,,,,,,,,,,,,,,,,,0,베이커리,마리솔 브런치 / 아메리카노 / 날치알 새우 로제 파스타 등,,가능,051-724-1106,,가능,,- 평일 10:30~19:40<br>- 주말 10:30~20:40,연중무휴,,가능,,20210156716,,,,,,,,,,,,,,,,,,,,,,,,,,,,,,,,,,,,,,,,,,,,,,,,,,,,,,,,,,,,,,,,,,,,,,,,,,,,,,,,,,,,,,,,,,,,,
2617724,12,0,0,0,해운대관광안내소 051-749-5700,,연중무휴,,,,,상시 개방,가능,,,,,,,,,,,,,,,,,,,,,,,,,,,,,,,,,,,,,,,,,,,,,,,,,,,,,,,,,,,,,,,,,,,,,,,,,,,,,,,,,,,,,,,,,,,,,,,,,,,,,,,,,,,,,,,,
3075356,32,,,,,,,,,,,,,,,,,,,,,,,,,,,,,,,,,,,,,,,,,,,,,,,,,,,,,,,,,,,,,,,,,,,,,,,,,,,,,,,,,,,,200실,슈페리어 / 디럭스 / 스위트,,15:00,11:00,,1,1,1,0,1,0,0,0,0,1,0,0,,,,,051-983-5500,가능,,,,,,,,,,,,,,,,,
2869196,39,,,,,,,,,,,,,,,,,0,전복해물찜,전복해물탕 / 생아구찜 / 대구뽈찜 등,,가능,0507-1473-5657,,가능,,"- 11:00~22:30<br>- 준비시간(평일) 15:00~17:00<br>- 마지막 주문 14:00, 21:00",매주 화요일,,,,19930134029,,,,,,,,,,,,,,,,,,,,,,,,,,,,,,,,,,,,,,,,,,,,,,,,,,,,,,,,,,,,,,,,,,,,,,,,,,,,,,,,,,,,,,,,,,,,,
2872442,39,,,,,,,,,,,,,,,,,0,물밀면,비빔밀면 / 찐만두,,,051-727-5585,,가능,,- 10:10~19:30<br>- 점심 마지막 주문 14:50<br>- 준비시간 15:00~16:00<br>- 저녁 마지막 주문 19:20,연중무휴,,,,20050156146,,,,,,,,,,,,,,,,,,,,,,,,,,,,,,,,,,,,,,,,,,,,,,,,,,,,,,,,,,,,,,,,,,,,,,,,,,,,,,,,,,,,,,,,,,,,,
304695,12,0,0,0,051-852-2436,,연중무휴,,,,,상시 개방,가능,불가,,없음,,,,,,,,,,,,,,,,,,,,,,,,,,,,,,,,,,,,,,,,,,,,,,,,,,,,,,,,,,,,,,,,,,,,,,,,,,,,,,,,,,,,,,,,,,,,,,,,,,,,,,,,,,,,,
3415203,39,,,,,,,,,,,,,,,,,0,클램 차우더 수프와 하우스 포카치아,보드카 로제 파스타와 갈릭 쉬림프 / 단호박 커리수프 / 만달리 콥 샐러드 등,,,010-3246-1706,,가능<br>요금 (무료),,10:00~20:00 (마지막 주문 19:00),매주 월요일,,,,20080156154,,,,,,,,,,,,,,,,,,,,,,,,,,,,,,,,,,,,,,,,,,,,,,,,,,,,,,,,,,,,,,,,,,,,,,,,,,,,,,,,,,,,,,,,,,,,,
1013694,38,,,,,,,,,,,,,,,,,,,,,,,,,,,,,,,,,,,,,,,,,,,,,,,,,,,,,,,,,,,,,,,,,가방 / 모자 / 의류,,,1950년 5월,,,,부산중구관광안내소 051-254-5504,,"매월 첫째, 셋째 일요일",가능,,,가능,09:00~20:00,,,,,,,,,,,,,,,,,,,,,,,,,,,,,,,,,,,,,,,,,,,,,
2810909,39,,,,,,,,,,,,,,,,,0,동치미 막국수,비빔 막국수 / 옹심이 메밀 칼국수 / 메밀싹 수육 등,,,0507-1315-2234,,가능,,11:00~21:00 (준비 시간 15:30~17:00),매주 월요일,,,,,,,,,,,,,,,,,,,,,,,,,,,,,,,,,,,,,,,,,,,,,,,,,,,,,,,,,,,,,,,,,,,,,,,,,,,,,,,,,,,,,,,,,,,,,,,,,
2867715,39,,,,,,,,,,,,,,,,,0,전복과 가자미 미역국,황제 미역국 / 민물 장어구이 한판 / 조개 미역국 등,,가능,051-714-5734,,불가능,,10:00~21:00 (준비시간 15:00~17:00),매주 일요일,,가능,,19920126080,,,,,,,,,,,,,,,,,,,,,,,,,,,,,,,,,,,,,,,,,,,,,,,,,,,,,,,,,,,,,,,,,,,,,,,,,,,,,,,,,,,,,,,,,,,,,
2853079,39,,,,,,,,,,,,,,,,,0,만선해물탕,실속해물탕 / 조개찜 / 새우찜 등,,,0507-1336-9289,,가능,,11:30~22:00,매주 화요일,,,,20150156376,,,,,,,,,,,,,,,,,,,,,,,,,,,,,,,,,,,,,,,,,,,,,,,,,,,,,,,,,,,,,,,,,,,,,,,,,,,,,,,,,,,,,,,,,,,,,
2872611,39,,,,,,,,,,,,,,,,,0,갈미샤브샤브,갈미조개삼겹살 / 갈미수육 / 볶음밥 등,,,051-271-4389,,가능,,11:00~21:00 (마지막 주문 20:15),"매월 둘째, 넷째 월요일",,가능,,20020149112,,,,,,,,,,,,,,,,,,,,,,,,,,,,,,,,,,,,,,,,,,,,,,,,,,,,,,,,,,,,,,,,,,,,,,,,,,,,,,,,,,,,,,,,,,,,,
2891826,39,,,,,,,,,,,,,,,,,0,한우 불고기,산더미 물갈비 / 미국산 불고기 / 쌈싸먹는 김치찌개 등,,가능,0507-1339-4947,,가능,,- 11:00~22:00<br>- 마지막 주문 21:00,연중무휴,,,,20140141814,,,,,,,,,,,,,,,,,,,,,,,,,,,,,,,,,,,,,,,,,,,,,,,,,,,,,,,,,,,,,,,,,,,,,,,,,,,,,,,,,,,,,,,,,,,,,
2891849,39,,,,,,,,,,,,,,,,,0,생오리불고기,한방능이오리백숙 / 오리백숙 / 생오리소금구이 등,,가능,0507-1317-5293,,가능,,- 11:00~21:30<br>- 마지막 주문 20:30,연중무휴,,,,20080141035,,,,,,,,,,,,,,,,,,,,,,,,,,,,,,,,,,,,,,,,,,,,,,,,,,,,,,,,,,,,,,,,,,,,,,,,,,,,,,,,,,,,,,,,,,,,,
2393457,25,,,,,,,,,,,,,,,,,,,,,,,,,,,,,,,,,,,,,,,,,,,,,,,,,,,,,,,,,,,,,,,,,,,,,,,,,,,,,,,,5.91km,기타,6시간,----지자체-----,,,,,,,,,,,,,,,,,,,,,,,,,,,,,,,,,,,,,,,,,
250424,12,0,0,0,부산광역시 강서구청 문화체육과 051-970-4065,,연중무휴,,,,,상시 개방,가능,없음,,없음,,,,,,,,,,,,,,,,,,,,,,,,,,,,,,,,,,,,,,,,,,,,,,,,,,,,,,,,,,,,,,,,,,,,,,,,,,,,,,,,,,,,,,,,,,,,,,,,,,,,,,,,,,,,,
2841499,39,,,,,,,,,,,,,,,,,0,오션라떼,베리베리굿라떼 / 팡도르 / 바닐라빈 라떼 등,,가능,051-724-5145,,가능,,10:30~21:00 (마지막 주문 20:30),연중무휴,,가능,,20190156436,,,,,,,,,,,,,,,,,,,,,,,,,,,,,,,,,,,,,,,,,,,,,,,,,,,,,,,,,,,,,,,,,,,,,,,,,,,,,,,,,,,,,,,,,,,,,
2847910,39,,,,,,,,,,,,,,,,,0,메밀국수,감자옹심이 / 왕갈비 수제 떡만두국 / 메밀짬뽕 등,,가능,051-724-4478,,가능,,- 11:00~20:30<br>- 마지막 주문 20:00,연중무휴,,,,20190156613,,,,,,,,,,,,,,,,,,,,,,,,,,,,,,,,,,,,,,,,,,,,,,,,,,,,,,,,,,,,,,,,,,,,,,,,,,,,,,,,,,,,,,,,,,,,,
2847893,39,,,,,,,,,,,,,,,,,0,문동라떼,아메리카노 / 플레인베이글 / 시나몬피칸베이글 등,,,0507-1360-1469,,가능,,09:00~20:00,연중무휴,,가능,,20220199572,,,,,,,,,,,,,,,,,,,,,,,,,,,,,,,,,,,,,,,,,,,,,,,,,,,,,,,,,,,,,,,,,,,,,,,,,,,,,,,,,,,,,,,,,,,,,
850466,39,,,,,,,,,,,,,,,,,0,추어탕,민물장어구이 / 논고동찜 / 어탕국수 등,모두 금연석,가능,051-517-4114,,가능<br>요금 (1시간 30분 무료),,11:30~21:30 (준비 시간 16:00~17:00),매월 첫째 주 일요일,,가능,전화 예약 문의 (051-517-4114),19970147119,,,,,,,,,,,,,,,,,,,,,,,,,,,,,,,,,,,,,,,,,,,,,,,,,,,,,,,,,,,,,,,,,,,,,,,,,,,,,,,,,,,,,,,,,,,,,
2742601,38,,,,,,,,,,,,,,,,,,,,,,,,,,,,,,,,,,,,,,,,,,,,,,,,,,,,,,,,,,,,,,,,,생선회 / 건어물 등,,,연중무휴,,,있음,051-271-2234,,점포 별로 상이함,가능,,,,08:00~23:00,,,,,,,,,,,,,,,,,,,,,,,,,,,,,,,,,,,,,,,,,,,,,
2752976,39,,,,,,,,,,,,,,,,,0,쭈꾸미 보쌈,정갈한상 / 실속한상 / 보쌈족발 / 해물순두부찌개 등,,,0507-1348-9599,,불가능,,- 11:00~21:00<br>- 점심 마지막 주문 14:30<br>- 준비시간 15:00~17:00<br>- 저녁 마지막 주문 20:30,연중무휴,,,,20200149139,,,,,,,,,,,,,,,,,,,,,,,,,,,,,,,,,,,,,,,,,,,,,,,,,,,,,,,,,,,,,,,,,,,,,,,,,,,,,,,,,,,,,,,,,,,,,
2572851,32,,,,,,,,,,,,,,,,,,,,,,,,,,,,,,,,,,,,,,,,,,,,,,,,,,,,,,,,,,,,,,,,,,,,,,,,,,,,,,,,,,,,8,양실,에어비앤비 규정,16:00,11:00,불가(공용주방 이용),0,0,0,0,1,0,0,0,0,0,0,0,세탁실,있음,https://airbnb.co.kr/h/catnap08,불가,0507-1423-9782,가능,홈페이지,6층 단독건물,16,,,,,,,,,,,,,,
2832729,39,,,,,,,,,,,,,,,,,0,오늘의 핸드드립,쿨타임 / 모두의 정원 / 바닐라 밀크 등,,가능,051-512-7036,,가능,,08:00~18:00 (마지막 주문 17:30),연중무휴,,가능,,20120147146,,,,,,,,,,,,,,,,,,,,,,,,,,,,,,,,,,,,,,,,,,,,,,,,,,,,,,,,,,,,,,,,,,,,,,,,,,,,,,,,,,,,,,,,,,,,,
820382,39,,,,,,,,,,,,,,,,,0,한우등심,한식뷔페 / 고르곤졸라피자 등,모두 금연석,,051-404-5000,,가능<br>요금 (무료),,11:30~21:30 (마지막 주문 20:20),연중무휴,,,,20150130165,,,,,,,,,,,,,,,,,,,,,,,,,,,,,,,,,,,,,,,,,,,,,,,,,,,,,,,,,,,,,,,,,,,,,,,,,,,,,,,,,,,,,,,,,,,,,
2852419,39,,,,,,,,,,,,,,,,,0,돼지국밥,수육백반 / 메밀막국수 / 전통순대 등,,,0507-1425-0469,,불가능,,09:00~20:00 (마지막 주문 19:35),연중무휴,,가능,,20200128242,,,,,,,,,,,,,,,,,,,,,,,,,,,,,,,,,,,,,,,,,,,,,,,,,,,,,,,,,,,,,,,,,,,,,,,,,,,,,,,,,,,,,,,,,,,,,
2862337,39,,,,,,,,,,,,,,,,,0,특 한돈꽃삼겹,한우 꽃등심 / 이베리코 / 특 한돈 항정살 등,,,010-5758-1470,,가능,,- 월요일~금요일 17:00~23:30<br>- 토요일 13:00~22:30<br>- 일요일 12:30~22:00,연중무휴,,,100% 네이버 예약,20220161091,,,,,,,,,,,,,,,,,,,,,,,,,,,,,,,,,,,,,,,,,,,,,,,,,,,,,,,,,,,,,,,,,,,,,,,,,,,,,,,,,,,,,,,,,,,,,
304811,12,0,0,0,051-467-2390,,연중무휴,,,,,06:00~18:00,가능<br>요금 (무료),없음,,없음,,,,,,,,,,,,,,,,,,,,,,,,,,,,,,,,,,,,,,,,,,,,,,,,,,,,,,,,,,,,,,,,,,,,,,,,,,,,,,,,,,,,,,,,,,,,,,,,,,,,,,,,,,,,,
2776396,39,,,,,,,,,,,,,,,,,0,붕장어구이,매운탕 / 모듬회 / 전복죽 등,,,051-721-2956,,가능,,11:00~21:00,연중무휴,,가능,현장예약 (선착순),19800156020,,,,,,,,,,,,,,,,,,,,,,,,,,,,,,,,,,,,,,,,,,,,,,,,,,,,,,,,,,,,,,,,,,,,,,,,,,,,,,,,,,,,,,,,,,,,,
2381567,28,,,,,,,,,,,,,,,,,,,,,,,,,,,,,,,,,,,,,,,,,,,,,,,,,,,,,,,,,,,,,,,,,,,,,,,,,,,,,,,,,,,,,,,,,,,,,,,,,,,,,,,,,,,,,,,,,해운대관광안내소 051-749-5700,,,연중무휴,상시 개방,,,가능,,,,
2891868,39,,,,,,,,,,,,,,,,,0,모차렐라 치즈,치즈먹은새우 / 바비큐 치즈 / 아메리카노 등,,가능,,,가능,,- 14:30~02:30<br>- 마지막 주문 02:00,매주 화요일,,,,20170141651,,,,,,,,,,,,,,,,,,,,,,,,,,,,,,,,,,,,,,,,,,,,,,,,,,,,,,,,,,,,,,,,,,,,,,,,,,,,,,,,,,,,,,,,,,,,,
851907,39,,,,,,,,,,,,,,,,,0,쌈밥,불고기쌈밥 / 생태탕 등,,,051-626-2292,,가능,,11:00~21:00 (20:20 라스트오더),"둘째주, 넷째주 월요일",,없음,,19920137096,,,,,,,,,,,,,,,,,,,,,,,,,,,,,,,,,,,,,,,,,,,,,,,,,,,,,,,,,,,,,,,,,,,,,,,,,,,,,,,,,,,,,,,,,,,,,
132805,39,,,,,,,,,,,,,,,,,0,아귀찜,아귀수육 / 아귀탕,모두 금연석,일부 메뉴 포장 가능,051-257-3230,,가능,,10:00~22:00,연중무휴,,가능,전화 예약 가능 (051-257-3230),19790126007,,,,,,,,,,,,,,,,,,,,,,,,,,,,,,,,,,,,,,,,,,,,,,,,,,,,,,,,,,,,,,,,,,,,,,,,,,,,,,,,,,,,,,,,,,,,,
2732397,12,0,0,0,051-343-1179,,연중무휴,수중사진촬영,,,,"09:00~23:00<br>
※ 예약 필수",가능<br>요금 (무료),없음,,없음,,,,,,,,,,,,,,,,,,,,,,,,,,,,,,,,,,,,,,,,,,,,,,,,,,,,,,,,,,,,,,,,,,,,,,,,,,,,,,,,,,,,,,,,,,,,,,,,,,,,,,,,,,,,,
2872395,39,,,,,,,,,,,,,,,,,0,생고기모듬,한우등심불고기 / 등심 / 낙엽살 등,,,0507-1426-9441,,가능,,11:00~20:30 (마지막 주문 19:30),연중무휴,,,,20020156250,,,,,,,,,,,,,,,,,,,,,,,,,,,,,,,,,,,,,,,,,,,,,,,,,,,,,,,,,,,,,,,,,,,,,,,,,,,,,,,,,,,,,,,,,,,,,
309293,12,0,0,0,051-519-4092,,연중무휴,,,,,상시 개방,불가능,불가,,없음,,,,,,,,,,,,,,,,,,,,,,,,,,,,,,,,,,,,,,,,,,,,,,,,,,,,,,,,,,,,,,,,,,,,,,,,,,,,,,,,,,,,,,,,,,,,,,,,,,,,,,,,,,,,,
2869595,39,,,,,,,,,,,,,,,,,0,자장면,짬뽕 / 부용게살 / 사천탕수육 등,,가능,051-555-6609,,가능,,11:30~21:30 (마지막 주문 20:30),연중무휴,,가능,,19960134452,,,,,,,,,,,,,,,,,,,,,,,,,,,,,,,,,,,,,,,,,,,,,,,,,,,,,,,,,,,,,,,,,,,,,,,,,,,,,,,,,,,,,,,,,,,,,
985921,12,0,0,0,051-244-7691,,연중무휴,,,,,"10:00~20:00<br>
※ 자세한 사항은 전화문의 요망",불가능,,,,,,,,,,,,,,,,,,,,,,,,,,,,,,,,,,,,,,,,,,,,,,,,,,,,,,,,,,,,,,,,,,,,,,,,,,,,,,,,,,,,,,,,,,,,,,,,,,,,,,,,,,,,,,,,
2776391,39,,,,,,,,,,,,,,,,,0,앙장구밥,갈치구이 / 갈치찌개 / 참가자미물회 등,,,051-721-7050,,가능,,10:00~20:00 (마지막 주문 19:40),매주 수요일,,,전화문의,19890156045,,,,,,,,,,,,,,,,,,,,,,,,,,,,,,,,,,,,,,,,,,,,,,,,,,,,,,,,,,,,,,,,,,,,,,,,,,,,,,,,,,,,,,,,,,,,,
2784330,12,0,0,0,해운대관광안내소 051-749-5700,,연중무휴,,,,,상시 개방,가능<br>요금 (무료),없음,,없음,,,,,,,,,,,,,,,,,,,,,,,,,,,,,,,,,,,,,,,,,,,,,,,,,,,,,,,,,,,,,,,,,,,,,,,,,,,,,,,,,,,,,,,,,,,,,,,,,,,,,,,,,,,,,
3532667,32,,,,,,,,,,,,,,,,,,,,,,,,,,,,,,,,,,,,,,,,,,,,,,,,,,,,,,,,,,,,,,,,,,,,,,,,,,,,,,,,,,,,1,양실,온라인 예약 시 해당 업체의 환불 규정에 따름,15:00,11:00,가능,0,0,0,0,0,0,0,0,0,0,0,0,,,https://map.naver.com/p/entry/place/1921508918,불가,0507-1420-4572,불가,"가능(네이버예약, 에어비앤비)",,,,,,,,,,,,,,,,
127149,12,0,0,0,051-790-7400,1999년 10월 16일(부마민주항쟁 20주년 기념일),"매주 월요일 (단, 공휴일이 월요일인 경우 그 다음 평일 휴관) / 1월 1일 / 설·추석 당일",민주공원 스토리투어 / 민주항쟁기념관 전시해설 / 민주공원 숲체험,,,,09:00~18:00,가능,,,,,,,,,,,,,,,,,,,,,,,,,,,,,,,,,,,,,,,,,,,,,,,,,,,,,,,,,,,,,,,,,,,,,,,,,,,,,,,,,,,,,,,,,,,,,,,,,,,,,,,,,,,,,,,,
2868655,39,,,,,,,,,,,,,,,,,0,소한마리 해장국,소 갈비 수육 / 소한마리 우동국밥 / 수육냉면무침 등,,불가,0507-1483-5515,,불가능,,09:00~22:00 (마지막 주문 21:00),연중무휴,,가능,,20190152352,,,,,,,,,,,,,,,,,,,,,,,,,,,,,,,,,,,,,,,,,,,,,,,,,,,,,,,,,,,,,,,,,,,,,,,,,,,,,,,,,,,,,,,,,,,,,
2872574,39,,,,,,,,,,,,,,,,,0,박가네순두부,해물순두부 / 맑은순두부 / 김치순두부 등,,,0507-1440-8820,,,,- 09:00~20:00<br>- 마지막 주문 19:30,매주 화요일,,,,20170149003,,,,,,,,,,,,,,,,,,,,,,,,,,,,,,,,,,,,,,,,,,,,,,,,,,,,,,,,,,,,,,,,,,,,,,,,,,,,,,,,,,,,,,,,,,,,,
2823059,14,,,,,,,,,,,,,,,,,,,,,,,,,,,,,,,,,무료,,,,051-709-3975,,09:00~18:00 (입장 마감 17:30),"매주 월요일 (단, 월요일이 공휴일인 경우 그 다음날) / 1월 1일 / 설·추석 당일",가능,,,,,,,,,,,,,,,,,,,,,,,,,,,,,,,,,,,,,,,,,,,,,,,,,,,,,,,,,,,,,,,,,,,,,,,,,,,,,,,,,,,
2756690,39,,,,,,,,,,,,,,,,,0,해물밥상,불고기낙지밥상 / 보리굴비밥상 / 전복해물밥상 / 스페셜밥상 / 멍게회 등,,가능,051-525-0120,,가능 (소형 60대)<br>요금 (무료),,11:00~22:00 (라스트오더 21:00)<br>(주말 브레이크타임 15:00~16:00),연중무휴,,가능,051-525-0120,20170134110,,,,,,,,,,,,,,,,,,,,,,,,,,,,,,,,,,,,,,,,,,,,,,,,,,,,,,,,,,,,,,,,,,,,,,,,,,,,,,,,,,,,,,,,,,,,,
2787408,39,,,,,,,,,,,,,,,,,0,아메리카노,카페라떼 / 바닐라라떼 / 카라멜마끼아또 등,,가능,010-2492-1461,,가능,,11:00~21:00,매주 월요일,,,,20200141511,,,,,,,,,,,,,,,,,,,,,,,,,,,,,,,,,,,,,,,,,,,,,,,,,,,,,,,,,,,,,,,,,,,,,,,,,,,,,,,,,,,,,,,,,,,,,
2875862,38,,,,,,,,,,,,,,,,,,,,,,,,,,,,,,,,,,,,,,,,,,,,,,,,,,,,,,,,,,,,,,,,,농산물 / 수산물 / 축산물 / 채소 / 생필품 등,,,,,,,해운대 관광안내소 051-749-5700,,※ 점포마다 상이함,가능,,,,※ 점포마다 상이함,,,,,,,,,,,,,,,,,,,,,,,,,,,,,,,,,,,,,,,,,,,,,
2907087,12,0,0,0,해운대구청 늘푸른과 051-749-4496,,연중무휴,,,,,상시 개방,가능,,,,,,,,,,,,,,,,,,,,,,,,,,,,,,,,,,,,,,,,,,,,,,,,,,,,,,,,,,,,,,,,,,,,,,,,,,,,,,,,,,,,,,,,,,,,,,,,,,,,,,,,,,,,,,,,
130796,14,,,,,,,,,,,,,,,,,,,,,,,,,,,,,,,,,무료,,,,051-749-6081,,"[종합자료실]<br>
- 화요일~금요일 09:00~22:00<br>
- 토요일 09:00~18:00<br>
- 일요일 09:00~17:00<br>
[어린이자료실]<br>
- 화요일~금요일 09:00~18:00<br>
- 토요일 09:00~18:00<br>
- 일요일 09:00~17:00<br>
※ 자세한 사항은 홈페이지 참조",매주 월요일 / 국경일 / 정부 지정 공휴일 / 기타 관장이 필요하다고 인정하는 날,가능,없음,,없음,,,,,,,,,,,,,,,,,,,,,,,,,,,,,,,,,,,,,,,,,,,,,,,,,,,,,,,,,,,,,,,,,,,,,,,,,,,,,,,,
2865941,39,,,,,,,,,,,,,,,,,0,추어탕,메기매운탕 / 오리백숙 / 찌짐 등,,가능,051-721-9048,,가능,,- 09:00~19:00<br>- 마지막 주문 18:55,매주 수요일,,,,20150156529,,,,,,,,,,,,,,,,,,,,,,,,,,,,,,,,,,,,,,,,,,,,,,,,,,,,,,,,,,,,,,,,,,,,,,,,,,,,,,,,,,,,,,,,,,,,,
2571959,32,,,,,,,,,,,,,,,,,,,,,,,,,,,,,,,,,,,,,,,,,,,,,,,,,,,,,,,,,,,,,,,,,,,,,,,,,,,,,,,,,,,,5,,,15:00,10:00,,0,0,0,0,0,0,0,0,0,0,0,0,,,,불가,0503-5052-4714,가능(3대),전화(0503-5052-4714),,18명,,,,,,,,,,,,,,
2840921,39,,,,,,,,,,,,,,,,,0,풍기트러플피자,비스마르크피자 / 엔초비오일 링귀니 / 뉴욕클래식 등,,가능,051-271-2068,,가능,,11:30~20:30 (준비 시간 14:30~17:00),연중무휴,,가능,가능,20180149266,,,,,,,,,,,,,,,,,,,,,,,,,,,,,,,,,,,,,,,,,,,,,,,,,,,,,,,,,,,,,,,,,,,,,,,,,,,,,,,,,,,,,,,,,,,,,
2869113,39,,,,,,,,,,,,,,,,,0,궁중약계탕,동래삼계탕 등,,가능,051-555-2464,,가능,,11:00~20:30 (마지막 주문 19:30),"매주 월요일, 화요일",,가능,,19960134646,,,,,,,,,,,,,,,,,,,,,,,,,,,,,,,,,,,,,,,,,,,,,,,,,,,,,,,,,,,,,,,,,,,,,,,,,,,,,,,,,,,,,,,,,,,,,
2677748,12,0,0,0,부산 사상구청 녹지공원과 051-310-4548,,연중무휴,,,,,상시 개방,가능,,,,,,,,,,,,,,,,,,,,,,,,,,,,,,,,,,,,,,,,,,,,,,,,,,,,,,,,,,,,,,,,,,,,,,,,,,,,,,,,,,,,,,,,,,,,,,,,,,,,,,,,,,,,,,,,
2554111,14,,,,,,,,,,,,,,,,,,,,,,,,,,,,,,,,,무료,,약 1시간,,051-508-6139,,09:30~17:00,매주 월요일,가능<br>요금 (무료),불가,,불가,,,,,,,,,,,,,,,,,,,,,,,,,,,,,,,,,,,,,,,,,,,,,,,,,,,,,,,,,,,,,,,,,,,,,,,,,,,,,,,,
2708108,12,0,0,0,부산광역시 동구청 문화관광과 051-440-4711,,연중무휴,,,,,상시 개방,가능,,,,,,,,,,,,,,,,,,,,,,,,,,,,,,,,,,,,,,,,,,,,,,,,,,,,,,,,,,,,,,,,,,,,,,,,,,,,,,,,,,,,,,,,,,,,,,,,,,,,,,,,,,,,,,,,
309338,12,0,0,0,051-553-7771,,연중무휴,,,,,05:00~18:00,가능,불가,,없음,,,,,,,,,,,,,,,,,,,,,,,,,,,,,,,,,,,,,,,,,,,,,,,,,,,,,,,,,,,,,,,,,,,,,,,,,,,,,,,,,,,,,,,,,,,,,,,,,,,,,,,,,,,,,
3533137,32,,,,,,,,,,,,,,,,,,,,,,,,,,,,,,,,,,,,,,,,,,,,,,,,,,,,,,,,,,,,,,,,,,,,,,,,,,,,,,,,,,,,1,양실,온라인 예약 시 해당 업체의 환불 규정에 따름,15:00,11:00,가능,0,0,0,0,0,0,0,0,0,0,0,0,,,https://www.wehome.me/rooms/2014568,불가,에어비앤비 또는 위홈 메시지,불가,"가능(에어비엔비예약, 위홈)",,,,,,,,,,,,,,,,
2811461,32,,,,,,,,,,,,,,,,,,,,,,,,,,,,,,,,,,,,,,,,,,,,,,,,,,,,,,,,,,,,,,,,,,,,,,,,,,,,,,,,,,,,67,양실,"체크인 3일 전 취소 100%환불, 체크인 2일 전 취소 50%환불, 체크인 1일 전 환불불가당일취소: 환불 불가, 사전 통보 없이 불박: 환불 불가",15:00,11:00,불가,0,0,0,0,1,0,0,0,0,0,1,0,"셀프세탁실, 베이루프탑수영장, 비지니스실, 세탁세제는 프론트에서 별도 구매 가능, 수영장 선베드 외 대형 카바나 3대(유료), 2시간 3만원(와인2잔_동절기 한하여 온수매트, 온풍기, 담요대여 포함), 베이루프탑 수영장: 이용시간(하계 3월~10월 8:00AM~10:00PM, 동계 11월~2월 9:00AM~9:00PM), 노키즈타임(14세 이하 입장제한 있음): 하계 오후 8시부터 입장 제한, 동계 오후 7시부터 입장 제한, 비즈니스룸 출력서비스: A4사이즈만 가능하며 용지는 프론트에 요청하면 됨",있음,"<a href=""http://www.baymond.co.kr/"" target=""_blank"" title=""새창 : 베이몬드호텔 홈페이지로 이동"">http://www.baymond.co.kr/</a>",불가,051-702-0001,가능,"가능(051-702-0001, 홈페이지)",지상 15층,180,,,,,,,,,,,,,,
3028593,32,,,,,,,,,,,,,,,,,,,,,,,,,,,,,,,,,,,,,,,,,,,,,,,,,,,,,,,,,,,,,,,,,,,,,,,,,,,,,,,,,,,,69개 객실,스탠다드 더블 룸 / 스탠다드 트윈 룸 / 디럭스 더블 룸 오션뷰 / 헐리우드 트윈 룸 등,,15:00,11:00,불가,0,0,0,0,1,0,0,0,0,0,0,0,,,,,051-413-1114,가능,,,160명,,,,,,,,,,,,,,
130668,14,,,,,,,,,,,,,,,,,,,,,,,,,,,,,,,,,※ 이용시설마다 상이하므로 홈페이지 참조,,,,051-740-7300,,※ 이용시설마다 상이하므로 홈페이지 참조,연중무휴,가능,,,,,,,,,,,,,,,,,,,,,,,,,,,,,,,,,,,,,,,,,,,,,,,,,,,,,,,,,,,,,,,,,,,,,,,,,,,,,,,,,,,
2840956,39,,,,,,,,,,,,,,,,,0,나타(포르투갈 에그타르트),대파빵 / 깨먹는 요거트 스무디 / 에스프레소 브륄레 등,,가능,051-710-6677,,가능,,08:30~21:30 (루프탑 마감 20:30),연중무휴,,가능,,20190149717,,,,,,,,,,,,,,,,,,,,,,,,,,,,,,,,,,,,,,,,,,,,,,,,,,,,,,,,,,,,,,,,,,,,,,,,,,,,,,,,,,,,,,,,,,,,,
1607242,12,0,0,0,051-646-6461,,연중무휴,,,,,"상시 개방<br>
※ 자세한 사항은 전화문의 요망",가능,,,,,,,,,,,,,,,,,,,,,,,,,,,,,,,,,,,,,,,,,,,,,,,,,,,,,,,,,,,,,,,,,,,,,,,,,,,,,,,,,,,,,,,,,,,,,,,,,,,,,,,,,,,,,,,,
2789334,12,0,0,0,051-970-4531~5,,연중무휴,,,,,상시 개방,가능(약 25대)<br>요금 (무료),없음,,없음,,,,,,,,,,,,,,,,,,,,,,,,,,,,,,,,,,,,,,,,,,,,,,,,,,,,,,,,,,,,,,,,,,,,,,,,,,,,,,,,,,,,,,,,,,,,,,,,,,,,,,,,,,,,,
2870885,39,,,,,,,,,,,,,,,,,0,츄잉 베이글,치토바 / 흥국쌀식빵 / 우유토스트 등,,가능,051-266-8290,,가능,,10:00~22:30,연중무휴,,,,20210144400,,,,,,,,,,,,,,,,,,,,,,,,,,,,,,,,,,,,,,,,,,,,,,,,,,,,,,,,,,,,,,,,,,,,,,,,,,,,,,,,,,,,,,,,,,,,,
2785270,39,,,,,,,,,,,,,,,,,0,사천짜장,사천짬뽕 / 돈부리 / 짜장면 등,,,051-291-7834,,가능,,- 10:30~21:00<br>- 마지막 주문 19:50,매주 화요일,,,,19750144005,,,,,,,,,,,,,,,,,,,,,,,,,,,,,,,,,,,,,,,,,,,,,,,,,,,,,,,,,,,,,,,,,,,,,,,,,,,,,,,,,,,,,,,,,,,,,
2845123,39,,,,,,,,,,,,,,,,,0,전복죽,해물모듬 / 낙지전복죽 / 문어숙회 등,,가능,051-721-7887,,가능,,- 평일 09:00~16:00 (마지막 주문 15:00)<br>- 주말 09:00~18:00 (마지막 주문 17:00),"매주 월요일 (단, 월요일이 공휴일인 경우 그 다음날)",,가능,,20190156667,,,,,,,,,,,,,,,,,,,,,,,,,,,,,,,,,,,,,,,,,,,,,,,,,,,,,,,,,,,,,,,,,,,,,,,,,,,,,,,,,,,,,,,,,,,,,
3470763,32,,,,,,,,,,,,,,,,,,,,,,,,,,,,,,,,,,,,,,,,,,,,,,,,,,,,,,,,,,,,,,,,,,,,,,,,,,,,,,,,,,,,,,,,,,0,0,0,0,0,0,0,0,0,0,0,0,,,,,,,,,,,,,,,,,,,,,,,
2763881,38,,,,,,,,,,,,,,,,,,,,,,,,,,,,,,,,,,,,,,,,,,,,,,,,,,,,,,,,,,,,,,,,,잡화 / 과일 / 채소 / 야채 / 건어물 / 의류 / 수산물 / 먹거리 / 신발 / 떡 등,,,연중무휴,,,있음,051-518-7576 (시장 내부 사정으로 대표번호 안내 중단),,점포별로 상이함 <br>※ 대부분 일요일 휴무,가능,,,가능,08:00~22:00<br>※ 점포별로 상이함,,,,,,,,,,,,,,,,,,,,,,,,,,,,,,,,,,,,,,,,,,,,,
130216,14,,,,,,,,,,,,,,,,,,,,,,,,,,,,,,,,,"※ 행사, 강좌별 상이하므로 홈페이지 참고",,,,051-972-6369,,09:00~18:00,"※ 행사, 강좌별 상이하므로 홈페이지 참고",가능<br>요금 (무료),없음,,없음,,,,,,,,,,,,,,,,,,,,,,,,,,,,,,,,,,,,,,,,,,,,,,,,,,,,,,,,,,,,,,,,,,,,,,,,,,,,,,,,
1922538,25,,,,,,,,,,,,,,,,,,,,,,,,,,,,,,,,,,,,,,,,,,,,,,,,,,,,,,,,,,,,,,,,,,,,,,,,,,,,,,,,10.29km,기타,5시간,----지자체-----,,,,,,,,,,,,,,,,,,,,,,,,,,,,,,,,,,,,,,,,,
130798,14,,,,,,,,,,,,,,,,,,,,,,,,,,,,,,,,,무료,,,,051-440-6411,,"[종합자료실]<br>
화요일~금요일 09:00~22:00<br>
토요일 09:00~18:00<br>
일요일 09:00~17:00<br>
[어린이자료실 / 멀티미디어실]<br>
화요일~토요일 09:00~18:00<br>
일요일 09:00~17:00<br>
[열람실]<br>
화요일~일요일 07:00~22:00",매주 월요일 / 국경일 / 정부지정 공휴일,가능<br>요금 (무료),없음,,없음,,,,,,,,,,,,,,,,,,,,,,,,,,,,,,,,,,,,,,,,,,,,,,,,,,,,,,,,,,,,,,,,,,,,,,,,,,,,,,,,
1303697,38,,,,,,,,,,,,,,,,,,,,,,,,,,,,,,,,,,,,,,,,,,,,,,,,,,,,,,,,,,,,,,,,,의류 / 잡화 / 귀금속 / 전자 / 컴퓨터 / 가구  등,,,1999년 2월,,,있음,051-319-5000,,매주 월요일<br>※ 설·추석 연휴의 경우 홈페이지 내에 별도 공지,가능,없음,,가능,10:30~21:00,,,,,,,,,,,,,,,,,,,,,,,,,,,,,,,,,,,,,,,,,,,,,
231945,12,0,0,0,복천박물관 051-554-4263,,매주 월요일,,,,,09:00~18:00,가능,없음,,없음,,,,,,,,,,,,,,,,,,,,,,,,,,,,,,,,,,,,,,,,,,,,,,,,,,,,,,,,,,,,,,,,,,,,,,,,,,,,,,,,,,,,,,,,,,,,,,,,,,,,,,,,,,,,,
3532971,15,,,,,,,,,,,,,,,,,,,,,,,,,,,,,,,,,,,,,,,,,,,,,부산광역시 서구,051-240-4017,"부산대학교병원, 동아대학교병원, 고신대학교복음병원, 삼육부산병원",,20250913,11:00~18:00,송도오션파크,,,,,,,20250912,무료,,,,,,,,,,,,,,,,,,,,,,,,,,,,,,,,,,,,,,,,,,,,,,,,,,,,,,,,,,,,,,,,,
1215432,32,,,,,,,,,,,,,,,,,,,,,,,,,,,,,,,,,,,,,,,,,,,,,,,,,,,,,,,,,,,,,,,,,,,,,,,,,,,,,,,,,,,,81,더블 / 디럭스트윈 / 트리플,"공식 사이트에서 예약한 경우, 예약금, 취소 또는 변경 수수료 필요 없음, 호텔측에서 객실을 준비하지 못했을 때 거기에 대해서 고객에게 위약금을 청구를 하여서 받을 수 있음",12:00,12:00,불가,0,0,0,0,1,0,0,0,0,0,1,0,,있음,,불가,051-866-6525,가능,,,180,,,,,,,,,,,,,,
2504464,12,0,0,0,051-247-9900,,연중무휴<br>※ 기상 악화시 휴무 (홈페이지를 통한 실시간 공지),,,,,"- 1월~2월/12월 09:00~20:00<br>
- 3월~6월/9월~11월 09:00~21:00<br>
- 7월~8월 09:00~22:00<br>
※ 탑승권 발권 : 폐장시간 30분 전<br>
※ 악천후 또는 불가피한 사정으로 운영시간은 변경될 수 있으니 사전 확인 필수",가능 (500대)<br>요금 (무료),,,,,,,,,,,,,,,,,,,,,,,,,,,,,,,,,,,,,,,,,,,,,,,,,,,,,,,,,,,,,,,,,,,,,,,,,,,,,,,,,,,,,,,,,,,,,,,,,,,,,,,,,,,,,,,,
126122,12,0,0,0,051-240-4000,,연중무휴,,,,,06:00~23:00,가능,없음,,없음,,,,,,,,,,,,,,,,,,,,,,,,,,,,,,,,,,,,,,,,,,,,,,,,,,,,,,,,,,,,,,,,,,,,,,,,,,,,,,,,,,,,,,,,,,,,,,,,,,,,,,,,,,,,,
1922568,25,,,,,,,,,,,,,,,,,,,,,,,,,,,,,,,,,,,,,,,,,,,,,,,,,,,,,,,,,,,,,,,,,,,,,,,,,,,,,,,,1.02km,기타,3시간,----지자체-----,,,,,,,,,,,,,,,,,,,,,,,,,,,,,,,,,,,,,,,,,
132524,38,,,,,,,,,,,,,,,,,,,,,,,,,,,,,,,,,,,,,,,,,,,,,,,,,,,,,,,,,,,,,,,,,과일 / 야채 / 일용잡화 등,,,1993.12.21,,,있음,051-310-8282,,매주 일요일 / 1월 1일 / 설·추석 연휴,가능,,,,점포 별로 상이함,,,,,,,,,,,,,,,,,,,,,,,,,,,,,,,,,,,,,,,,,,,,,
2946508,12,0,0,0,부산광역시 해운대구 관광안내소 051-749-5700,,연중무휴,,,,,상시 개방,불가능,,,,,,,,,,,,,,,,,,,,,,,,,,,,,,,,,,,,,,,,,,,,,,,,,,,,,,,,,,,,,,,,,,,,,,,,,,,,,,,,,,,,,,,,,,,,,,,,,,,,,,,,,,,,,,,,
2456837,12,0,0,0,051-780-6000,,연중무휴,,,,,※ 영화 및 공연·전시별로 상이하므로 홈페이지 참고,"가능<br>요금 (최초 30분 무료 / 이후 30분 당 1,000원씩 추가 요금 발생)",,,,,,,,,,,,,,,,,,,,,,,,,,,,,,,,,,,,,,,,,,,,,,,,,,,,,,,,,,,,,,,,,,,,,,,,,,,,,,,,,,,,,,,,,,,,,,,,,,,,,,,,,,,,,,,,
1960620,12,0,0,0,부산 중구 관광안내소 051-254-5504,,연중무휴,,,,,※ 매장마다 상이함,불가능,없음,,없음,,,,,,,,,,,,,,,,,,,,,,,,,,,,,,,,,,,,,,,,,,,,,,,,,,,,,,,,,,,,,,,,,,,,,,,,,,,,,,,,,,,,,,,,,,,,,,,,,,,,,,,,,,,,,
132190,38,,,,,,,,,,,,,,,,,,,,,,,,,,,,,,,,,,,,,,,,,,,,,,,,,,,,,,,,,,,,,,,,,수산물 / 건어물 / 회센터,,,,,,있음,051-245-2594,,"매월 첫째, 셋째 화요일",가능,없음,,없음,05:00~22:00,,,,,,,,,,,,,,,,,,,,,,,,,,,,,,,,,,,,,,,,,,,,,
132499,38,,,,,,,,,,,,,,,,,,,,,,,,,,,,,,,,,,,,,,,,,,,,,,,,,,,,,,,,,,,,,,,,,남·녀의류 / 생화 / 조화 / 장식품 / 생필품,,,,,,,051-632-8785,,"- 1, 2층 : 매주 일요일<br>- 3층 : 연중무휴",가능,,,,07:00~18:00,,,,,,,,,,,,,,,,,,,,,,,,,,,,,,,,,,,,,,,,,,,,,
126856,12,0,0,0,051-860-7800,,연중무휴,,,,,"[충혼탑]<br>
- 하절기(3월~10월) 09:00~18:00<br>
- 동절기(11월~2월) 09:00~17:00<br>
[광복기념관]<br>
- 하절기(3월~10월) 09:00~18:00<br>
- 동절기(11월~2월) 09:00~17:00",가능,,,,,,,,,,,,,,,,,,,,,,,,,,,,,,,,,,,,,,,,,,,,,,,,,,,,,,,,,,,,,,,,,,,,,,,,,,,,,,,,,,,,,,,,,,,,,,,,,,,,,,,,,,,,,,,,
132572,38,,,,,,,,,,,,,,,,,,,,,,,,,,,,,,,,,,,,,,,,,,,,,,,,,,,,,,,,,,,,,,,,,화훼 / 잡화 / 식당 / 과일 / 식육점 / 농산물 등,,,,,,있음,051-631-8490,,※ 점포마다 상이함,가능,없음,,없음,※ 점포마다 상이함,,,,,,,,,,,,,,,,,,,,,,,,,,,,,,,,,,,,,,,,,,,,,
2660770,12,0,0,0,방문자센터 051-976-2831~3,,,쉬어보입시the숲 / 같이하입시the 숲 / 행복끌림(林) / 알아차림(林),,,3월~12월,,,없음,,없음,,,,,,,,,,,,,,,,,,,,,,,,,,,,,,,,,,,,,,,,,,,,,,,,,,,,,,,,,,,,,,,,,,,,,,,,,,,,,,,,,,,,,,,,,,,,,,,,,,,,,,,,,,,,,
3452014,39,,,,,,,,,,,,,,,,,0,"크로플, 플레이트, 타코 3P (불고기&새우)","명란새우크림 파스타, 해산물얼큰 파스타, 치킨 로제 파스타, 감바스 파스타, 에그인헬, 수제버거, 프렌치 토스트",,가능,0507-1354-7847,,자율주차 운영하며 만차시에 발렛 서비스 제공합니다.,,매일 10:00 - 22:00 (21:30 라스트오더),연중무휴,,가능,0507-1354-7847으로 전화 예약,,,,,,,,,,,,,,,,,,,,,,,,,,,,,,,,,,,,,,,,,,,,,,,,,,,,,,,,,,,,,,,,,,,,,,,,,,,,,,,,,,,,,,,,,,,,,,
1399532,15,,,,,,,,,,,,,,,,,,,,,,,,,,,,,,,,,,,,,,,,,,,,,부산광역시 서구,051-231-4085,부산서구문화원,,20251102,10:00~21:00,부산 서구 송도해수욕장,,,,,,,20251031,무료,,,,선택안함,선택안함,,,,,,,,,,,,,,,,,,,,,,,,,,,,,,,,,,,,,,,,,,,,,,,,,,,,,,,,,,,,
128164,12,0,0,0,051-780-0077,,,,,,,상시 개방,불가능,없음,,없음,,,,,,,,,,,,,,,,,,,,,,,,,,,,,,,,,,,,,,,,,,,,,,,,,,,,,,,,,,,,,,,,,,,,,,,,,,,,,,,,,,,,,,,,,,,,,,,,,,,,,,,,,,,,,
130799,14,,,,,,,,,,,,,,,,,,,,,,,,,,,,,,,,,무료,,,,051-709-5351,,"- 종합자료실 09:00~22:00<br>
- 열람실 07:00~24:00<br>
※ 자세한 사항은 홈페이지 참조",매주 월요일 / 정부 지정 공휴일 / 특별한 사유로 군수가 필요하다고 인정한 날,가능,없음,,없음,,,,,,,,,,,,,,,,,,,,,,,,,,,,,,,,,,,,,,,,,,,,,,,,,,,,,,,,,,,,,,,,,,,,,,,,,,,,,,,,
130793,14,,,,,,,,,,,,,,,,,,,,,,,,,,,,,,,,,무료,,,,051-419-4831,,"[어린이자료실]<br>
- 화요일~금요일 09:00~20:00<br>
- 토요일 09:00~18:00<br>
- 일요일 09:00~17:00<br>
[종합자료실]<br>
- 화요일~금요일 09:00~22:00<br>
- 토요일 09:00~18:00<br>
- 일요일 09:00~17:00<br>
[멀티미디어실]<br>
- 화요일~토요일 09:00~18:00<br>
- 일요일 09:00~17:00<br>
※ 자세한 사항은 홈페이지 참조","매주 월요일 / 일요일을 제외한 공휴일 (단, 일요일이 다른 공휴일과 겹치는 경우 휴관) / 도서관장이 지정하는 날",가능,없음,,없음,,,,,,,,,,,,,,,,,,,,,,,,,,,,,,,,,,,,,,,,,,,,,,,,,,,,,,,,,,,,,,,,,,,,,,,,,,,,,,,,
130749,14,,,,,,,,,,,,,,,,,,,,,,,,,,,,,,,,,무료,,,무료,051-527-0582,,"[종합자료실] 월,토 09:00~18:00 / 화~금 09:00~22:00 / 일 09:00~17:00<br>
[디지털자료실/연속간행물실/어린이자료실] 월~토 09:00~18:00 / 일 09:00~17:00<br>
[열람실] 07:00~22:00","매월 첫째, 둘째 월요일 / 국가지정 공휴일(공휴일이 일요일인 경우 휴관) / 도서관장이 자료의 정리 및 기타 사유로 휴관이 필요하다고 인정하는 날",주차 가능(주차 공간이 협소함으로 대중교통 이용 바람),없음,,없음,,,,,,,,,,,,,,,,,,,,,,,,,,,,,,,,,,,,,,,,,,,,,,,,,,,,,,,,,,,,,,,,,,,,,,,,,,,,,,,,
130752,14,,,,,,,,,,,,,,,,,,,,,,,,,,,,,,,,,,,,,051-810-8200,,"- 일반열람실 07:00~22:00<br>
- 2층 자료실 09:00~22:00<br>
- 1층, 3층 자료실 09:00~18:00<br>
※ 자세한 사항은 홈페이지 참고","매월 첫째 주, 둘째 주 월요일",가능<br>요금 (최초 1시간 무료 / 이후 10분 당 200원씩 추가 요금 발생),없음,,없음,,,,,,,,,,,,,,,,,,,,,,,,,,,,,,,,,,,,,,,,,,,,,,,,,,,,,,,,,,,,,,,,,,,,,,,,,,,,,,,,
130797,14,,,,,,,,,,,,,,,,,,,,,,,,,,,,,,,,,무료,,,,051-792-5400,,"09:00~22:00<br>
※ 자세한 사항은 홈페이지 참고","매월 셋째 주, 넷째 주 월요일 / 정부 지정 공휴일",가능<br>요금 (무료),없음,,없음,,,,,,,,,,,,,,,,,,,,,,,,,,,,,,,,,,,,,,,,,,,,,,,,,,,,,,,,,,,,,,,,,,,,,,,,,,,,,,,,
130795,14,,,,,,,,,,,,,,,,,,,,,,,,,,,,,,,,,무료,,,,051-250-0300,,"[종합자료실]<br>
- 화요일~금요일 09:00~22:00<br>
- 월요일, 토요일 09:00~18:00<br>
- 일요일 09:00~17:00<br>
[어린이실]<br>
- 화요일~금요일 09:00~18:00<br>
- 월요일, 토요일 09:00~18:00<br>
- 일요일 09:00~17:00<br>
※ 자세한 사항은 홈페이지 참조","매월 첫째, 둘째 월요일 / 일요일을 제외한 관공서의 공휴일 (단, 일요일이 공휴일 경우에는 휴관) / 도서관장이 필요하다고 인정하는 날",가능,없음,,없음,,,,,,,,,,,,,,,,,,,,,,,,,,,,,,,,,,,,,,,,,,,,,,,,,,,,,,,,,,,,,,,,,,,,,,,,,,,,,,,,
3515311,15,,,,,,,,,,,,,,,,,,,,,,,,,,,,,,,,,,,,,,,,,,,,,(재)영화의전당,051-780-6115,(재)영화의전당,,20251206,10:00~21:00,영화의전당,,,,,,,20251204,무료,,,,선택안함,선택안함,,,,,,,,,,,,,,,,,,,,,,,,,,,,,,,,,,,,,,,,,,,,,,,,,,,,,,,,,,,,
3006246,15,,,,,,,,,,,,,,,,,,,,,,,,,,,,,,,,,,,,,,,,,,,,,부산광역시,051-745-7298,(재)부산문화재단,,20250928,공연별 상이함,,,,,,,,20250924,유료,,,,선택안함,선택안함,,,,,,,,,,,,,,,,,,,,,,,,,,,,,,,,,,,,,,,,,,,,,,,,,,,,,,,,,,,,
2558735,15,,,,,,,,,,,,,,,,,,,,,,,,,,,,,,,,,,,,,,,,,,,,,금정구청,051-715-6984,"부산광역시 금정구, (재)금정문화재단",,20250928,13:00 ~ 21:00,,,,,,,,20250926,무료,,,,선택안함,선택안함,,,,,,,,,,,,,,,,,,,,,,,,,,,,,,,,,,,,,,,,,,,,,,,,,,,,,,,,,,,,
3345610,15,,,,,,,,,,,,,,,,,,,,,,,,,,,,,,,,,,,,,,,,,,,,,대한출판문화협회,02-733-8402,,,20251214,10:00~18:00 (12/14 10:00 ~ 17:00 * 운영시간 종료 30분 전 입장 마감),벡스코 제1전시장 3홀,,,,,,,20251211,"무료(사전등록) <br>[현장 구매] 성인 5,000원 / 청소년 5,000원<br>[무료 입장 대상자] 장애인 / 국가유공자 / 어린이(초등학생 이하) / 만 65세 이상 ※본인 한정",,,,선택안함,선택안함,,,,,,,,,,,,,,,,,,,,,,,,,,,,,,,,,,,,,,,,,,,,,,,,,,,,,,,,,,,,
2784363,14,,,,,,,,,,,,,,,,,,,,,,,,,,,,,,,,,무료,,약 1시간,무료,051-607-8002,,09:00~18:00,매주 월요일 / 1월 1일,불가 (인근 공영주차장 이용),없음,,가능,,,,,,,,,,,,,,,,,,,,,,,,,,,,,,,,,,,,,,,,,,,,,,,,,,,,,,,,,,,,,,,,,,,,,,,,,,,,,,,,
3083767,14,,,,,,,,,,,,,,,,,,,,,,,,,,,,,,,,,무료,,,,051-607-8000,,09:00~18:00,"매주 월요일 (단, 월요일이 공휴일인 경우 다음날 화요일 휴관) / 1월 1일",불가능,,,,,,,,,,,,,,,,,,,,,,,,,,,,,,,,,,,,,,,,,,,,,,,,,,,,,,,,,,,,,,,,,,,,,,,,,,,,,,,,,,,
2873292,15,,,,,,,,,,,,,,,,,,,,,,,,,,,,,,,,,,,,,,,,,,,,,부산광역시,070-5080-2804,"부산정보산업진흥원, 부산경남 만화가연대",,20250928,11:00~19:30,"부산문화콘텐츠콤플렉스, 소향씨어터 신한카드홀",,,,,,,20250925,무료,,,,선택안함,선택안함,,,,,,,,,,,,,,,,,,,,,,,,,,,,,,,,,,,,,,,,,,,,,,,,,,,,,,,,,,,,
3442423,12,0,0,0,0513096291,,매주 월요일 휴무,,,,,화~일 09:30 - 17:30,,,,,,,,,,,,,,,,,,,,,,,,,,,,,,,,,,,,,,,,,,,,,,,,,,,,,,,,,,,,,,,,,,,,,,,,,,,,,,,,,,,,,,,,,,,,,,,,,,,,,,,,,,,,,,,,,
252562,12,0,0,0,부산 중구청 051-600-4000,,연중무휴,,,,,상시 개방,가능,,,,,,,,,,,,,,,,,,,,,,,,,,,,,,,,,,,,,,,,,,,,,,,,,,,,,,,,,,,,,,,,,,,,,,,,,,,,,,,,,,,,,,,,,,,,,,,,,,,,,,,,,,,,,,,,
1607138,14,,,,,,,,,,,,,,,,,,,,,,,,,,,,,,,,,무료,,,,051-510-1838,,10:00~17:00,매주 일요일 / 공휴일 및 기타 휴관일,"가능<br>요금 (최초 30분 1,000원 / 이후 10분 당 600원씩 추가 요금 발생)",없음,,가능,,,,,,,,,,,,,,,,,,,,,,,,,,,,,,,,,,,,,,,,,,,,,,,,,,,,,,,,,,,,,,,,,,,,,,,,,,,,,,,,
126147,12,0,0,0,051-626-4337,,연중무휴,,,,,상시 개방,가능,불가,,없음,,,,,,,,,,,,,,,,,,,,,,,,,,,,,,,,,,,,,,,,,,,,,,,,,,,,,,,,,,,,,,,,,,,,,,,,,,,,,,,,,,,,,,,,,,,,,,,,,,,,,,,,,,,,,
133313,39,,,,,,,,,,,,,,,,,0,회백밥,특회백밥 / 물회 / 전복죽 / 광어회 / 회무침 등,모두 금연석,가능,0507-1338-7617,,불가능,,11:00~21:30 (준비 시간 15:00~16:30),"매월 첫째 주, 셋째 주 월요일",,가능,"전화 예약 문의 (051-245-4995, 7617)",19810126072,,,,,,,,,,,,,,,,,,,,,,,,,,,,,,,,,,,,,,,,,,,,,,,,,,,,,,,,,,,,,,,,,,,,,,,,,,,,,,,,,,,,,,,,,,,,,
129725,14,,,,,,,,,,,,,,,,,,,,,,,,,,,,,,,,,공연 및 전시별 상이,,공연 및 전시별 상이,"[일반]<br>
- 일일 2,000원<br>
- 월주차 40,000원<br>
[아카데미 수강생] 일일 1,000원<br>
※ 50% 할인 : 경차, 국가유공자, 장애인, 다자녀 가정, 친환경 자동차(중복할인 불가)",051-607-6000,,공연 및 전시별 상이,연중무휴,가능<br>※ 주차장 운영시간 : 08:00~23:00(유인) / 23:00~익일 09:00(무인),없음,,가능,,,,,,,,,,,,,,,,,,,,,,,,,,,,,,,,,,,,,,,,,,,,,,,,,,,,,,,,,,,,,,,,,,,,,,,,,,,,,,,,
2787128,38,,,,,,,,,,,,,,,,,,,,,,,,,,,,,,,,,,,,,,,,,,,,,,,,,,,,,,,,,,,,,,,,,농산물 / 수산물 / 축산물 / 공산품 등,,,,,,있음,051-323-9002,,점포별 상이,가능,,,,03:00~17:00,,,,,,,,,,,,,,,,,,,,,,,,,,,,,,,,,,,,,,,,,,,,,
2856938,15,,,,,,,,,,,,,,,,,,,,,,,,,,,,,,,,,,,,,,,,,,,,,부산광역시,051-714-4758,"(재)부산경제진흥원, 벡스코",,20250924,16:00~22:00,벡스코 BEXCO,,,,,,,20250920,무료,,,,선택안함,선택안함,,,,,,,,,,,,,,,,,,,,,,,,,,,,,,,,,,,,,,,,,,,,,,,,,,,,,,,,,,,,
130166,14,,,,,,,,,,,,,,,,,,,,,,,,,,,,,,,,,무료<br>※ 시기별 상이하므로 자세한 사항은 홈페이지 참조,,,,051-744-2602,,10:00~18:00 (입장 마감 17:30),"매주 월요일 (단, 월요일이 공휴일인 경우 그 다음날을 휴관일로 함) / 1월 1일",가능,가능,,없음,,,,,,,,,,,,,,,,,,,,,,,,,,,,,,,,,,,,,,,,,,,,,,,,,,,,,,,,,,,,,,,,,,,,,,,,,,,,,,,,
2554068,12,0,0,0,0507-1377-4201,,"매주 월요일 (단, 월요일이 공휴일과 겹치는 경우에는 그 다음 날) / 1월 1일 / 설·추석 당일",,,,,10:00~18:00 (입장 마감 17:00),"가능 <br>요금 (최초 10분 500원 / 추가 120분당 750원 / 1일 최대 20,000원)",,,,,,,,,,,,,,,,,,,,,,,,,,,,,,,,,,,,,,,,,,,,,,,,,,,,,,,,,,,,,,,,,,,,,,,,,,,,,,,,,,,,,,,,,,,,,,,,,,,,,,,,,,,,,,,,
2381553,12,0,0,0,051-720-0323,,"매주 토요일, 일요일",,,,,09:00~18:00,가능<br>요금 (무료),없음,,없음,,,,,,,,,,,,,,,,,,,,,,,,,,,,,,,,,,,,,,,,,,,,,,,,,,,,,,,,,,,,,,,,,,,,,,,,,,,,,,,,,,,,,,,,,,,,,,,,,,,,,,,,,,,,,
2610457,25,,,,,,,,,,,,,,,,,,,,,,,,,,,,,,,,,,,,,,,,,,,,,,,,,,,,,,,,,,,,,,,,,,,,,,,,,,,,,,,,28km,기타,1시간 15분,----지자체-----,,,,,,,,,,,,,,,,,,,,,,,,,,,,,,,,,,,,,,,,,
2022923,25,,,,,,,,,,,,,,,,,,,,,,,,,,,,,,,,,,,,,,,,,,,,,,,,,,,,,,,,,,,,,,,,,,,,,,,,,,,,,,,,24.68km,기타,1일,----지자체-----,,,,,,,,,,,,,,,,,,,,,,,,,,,,,,,,,,,,,,,,,
2360805,25,,,,,,,,,,,,,,,,,,,,,,,,,,,,,,,,,,,,,,,,,,,,,,,,,,,,,,,,,,,,,,,,,,,,,,,,,,,,,,,,28.68km,기타,1일,----지자체-----,,,,,,,,,,,,,,,,,,,,,,,,,,,,,,,,,,,,,,,,,
2764008,14,,,,,,,,,,,,,,,,,,,,,,,,,,,,,,,,,무료,,,,051-922-7503,,09:00~18:00 (17:00까지 입장완료),매주 월요일 / 1월 1일 / 설날·추석,가능<br>요금 (무료),없음,,없음,,,,,,,,,,,,,,,,,,,,,,,,,,,,,,,,,,,,,,,,,,,,,,,,,,,,,,,,,,,,,,,,,,,,,,,,,,,,,,,,
130737,14,,,,,,,,,,,,,,,,,,,,,,,,,,,,,,,,,무료,,,,051-808-7960,,"[하절기(3월~10월)]<br>
- 09:00~18:00<br>
[동절기(11월~2월)]<br>
- 09:00~17:00",연중무휴,가능,불가,,,,,,,,,,,,,,,,,,,,,,,,,,,,,,,,,,,,,,,,,,,,,,,,,,,,,,,,,,,,,,,,,,,,,,,,,,,,,,,,,,
3080300,38,,,,,,,,,,,,,,,,,,,,,,,,,,,,,,,,,,,,,,,,,,,,,,,,,,,,,,,,,,,,,,,,,전자제품,,,,,,있음,051-809-0863,,매주 일요일,가능,,,,09:00~20:00,,,,,,,,,,,,,,,,,,,,,,,,,,,,,,,,,,,,,,,,,,,,,
130834,14,,,,,,,,,,,,,,,,,,,,,,,,,,,,,,,,,무료,,,,051-302-9010,,"- 3~10월 09:00~18:00 <br>
- 11~2월 09:00~17:00",매주 주말 / 법정공휴일,가능<br>요금 (무료),,,,,,,,,,,,,,,,,,,,,,,,,,,,,,,,,,,,,,,,,,,,,,,,,,,,,,,,,,,,,,,,,,,,,,,,,,,,,,,,,,,
2853131,39,,,,,,,,,,,,,,,,,0,무한리필,,,,,,가능,,12:00~23:00,연중무휴,,,,20200156592,,,,,,,,,,,,,,,,,,,,,,,,,,,,,,,,,,,,,,,,,,,,,,,,,,,,,,,,,,,,,,,,,,,,,,,,,,,,,,,,,,,,,,,,,,,,,
3016659,15,,,,,,,,,,,,,,,,,,,,,,,,,,,,,,,,,,,,,,,,,,,,,부산광역시,051-714-1508,(사)부산광역시무형문화재연합회,,20251026,11:00~17:00,,,,,,,,20251025,무료,,,,선택안함,선택안함,,,,,,,,,,,,,,,,,,,,,,,,,,,,,,,,,,,,,,,,,,,,,,,,,,,,,,,,,,,,
3559571,15,,,,,,,,,,,,,,,,,,,,,,,,,,,,,,,,,,,,,,,,,,,,,부산광역시 중구청,070-8893-2437,,,20251101,11:00~17:00,부산용두산공원,,,,,,,20251101,무료,,,,,,,,,,,,,,,,,,,,,,,,,,,,,,,,,,,,,,,,,,,,,,,,,,,,,,,,,,,,,,,,,
3093625,12,0,0,0,051-605-4522,,연중무휴,,,,,일몰시간 이후,불가능 (인근 공영주차장 이용),,,,,,,,,,,,,,,,,,,,,,,,,,,,,,,,,,,,,,,,,,,,,,,,,,,,,,,,,,,,,,,,,,,,,,,,,,,,,,,,,,,,,,,,,,,,,,,,,,,,,,,,,,,,,,,,
132189,38,,,,,,,,,,,,,,,,,,,,,,,,,,,,,,,,,,,,,,,,,,,,,,,,,,,,,,,,,,,,,,,,,혼수용품 / 한복 / 원단 / 의류/ 액세서리 / 분식점,,,,"1,350개",,있음,051-646-7041~3,,매주 일요일,가능,,,가능(매장마다 상이),07:00~19:00,,,,,,,,,,,,,,,,,,,,,,,,,,,,,,,,,,,,,,,,,,,,,
1277679,12,0,0,0,051-601-1800,,연중무휴,,,,,10:00~22:00 (입장 마감 21:30),가능,,,,,,,,,,,,,,,,,,,,,,,,,,,,,,,,,,,,,,,,,,,,,,,,,,,,,,,,,,,,,,,,,,,,,,,,,,,,,,,,,,,,,,,,,,,,,,,,,,,,,,,,,,,,,,,,
2861958,39,,,,,,,,,,,,,,,,,0,산더미 시그니처 부센동,오색 타다키동 / 한우 육회니꾸동 / 부센쯔께동 등,,,0507-1341-2390,,불가능,,11:30~21:20 (마지막 주문 19:40),연중무휴,,,,20190152439,,,,,,,,,,,,,,,,,,,,,,,,,,,,,,,,,,,,,,,,,,,,,,,,,,,,,,,,,,,,,,,,,,,,,,,,,,,,,,,,,,,,,,,,,,,,,
2861189,39,,,,,,,,,,,,,,,,,0,부우사안런치세트,부우사안런치세트 / 베이징덕 / 짜장면 / 짬뽕 / 울면 / 차우면 등,,가능,051-741-3310,,가능,,- 11:30~22:00<br>- 준비 시간 15:00~17:00<br>- 마지막 주문 21:10,연중무휴,,가능,전화문의,20170141187,,,,,,,,,,,,,,,,,,,,,,,,,,,,,,,,,,,,,,,,,,,,,,,,,,,,,,,,,,,,,,,,,,,,,,,,,,,,,,,,,,,,,,,,,,,,,
1855868,39,,,,,,,,,,,,,,,,,0,돼지국밥,내장무침 / 섞어국밥 / 순대국밥 등,모두 금연석,,051-311-9898,,불가능,,상시 개방,연중무휴,,가능,,20120154139,,,,,,,,,,,,,,,,,,,,,,,,,,,,,,,,,,,,,,,,,,,,,,,,,,,,,,,,,,,,,,,,,,,,,,,,,,,,,,,,,,,,,,,,,,,,,
132188,38,,,,,,,,,,,,,,,,,,,,,,,,,,,,,,,,,,,,,,,,,,,,,,,,,,,,,,,,,,,,,,,,,수산물 / 축산물 / 건어물 / 의류 / 잡화 / 과일 / 채소 등,,,,,,있음,051-818-7009,,※ 점포별로 상이함,가능,없음,,없음,07:00~19:00<br>※ 점포별로 상이함,,,,,,,,,,,,,,,,,,,,,,,,,,,,,,,,,,,,,,,,,,,,,
1878218,38,,,,,,,,,,,,,,,,,,,,,,,,,,,,,,,,,,,,,,,,,,,,,,,,,,,,,,,,,,,,,,,,,양주 / 의류 / 장식품 / 패션 잡화 등,품목별로 상이함,,,,,있음,051-243-1128,,연중무휴<br>※ 점포별로 상이함,가능,,,가능,- 08:00~20:00<br>- 야시장 19:30~23:30<br>※ 점포별로 상이함,,,,,,,,,,,,,,,,,,,,,,,,,,,,,,,,,,,,,,,,,,,,,
132550,38,,,,,,,,,,,,,,,,,,,,,,,,,,,,,,,,,,,,,,,,,,,,,,,,,,,,,,,,,,,,,,,,,한복,,,,,,있음,부산광역시 중구청 일자리경제과 051-600-4471,,※ 점포별로 상이함,가능,없음,,없음,※ 점포별로 상이함,,,,,,,,,,,,,,,,,,,,,,,,,,,,,,,,,,,,,,,,,,,,,
1747913,14,,,,,,,,,,,,,,,,,,,,,,,,,,,,,,,,,※ 공연별 상이하므로 홈페이지 참고,,,,051-309-4085,공연장 341석,09:00~22:00,※ 공연별 상이하므로 홈페이지 참고,가능<br>요금 (무료),없음,,가능,,,,,,,,,,,,,,,,,,,,,,,,,,,,,,,,,,,,,,,,,,,,,,,,,,,,,,,,,,,,,,,,,,,,,,,,,,,,,,,,
2643387,12,0,0,0,051-519-4424,,※ 점포별 상이함,,,,,※ 점포별 상이함,가능<br>요금 (무료),없음,,없음,,,,,,,,,,,,,,,,,,,,,,,,,,,,,,,,,,,,,,,,,,,,,,,,,,,,,,,,,,,,,,,,,,,,,,,,,,,,,,,,,,,,,,,,,,,,,,,,,,,,,,,,,,,,,
2782747,38,,,,,,,,,,,,,,,,,,,,,,,,,,,,,,,,,,,,,,,,,,,,,,,,,,,,,,,,,,,,,,,,,인테리어 소품,,,,,,,0507-1366-0523,,연중무휴,불가능,,,,11:00~21:00,,,,,,,,,,,,,,,,,,,,,,,,,,,,,,,,,,,,,,,,,,,,,
2867903,39,,,,,,,,,,,,,,,,,0,낙지볶음,산낙지전골 / 낙지피자세트 / 낙지파전 등,,,0507-1470-7927,,가능,,10:00~22:00 (마지막 주문 21:20),연중무휴,,,,20040131663,,,,,,,,,,,,,,,,,,,,,,,,,,,,,,,,,,,,,,,,,,,,,,,,,,,,,,,,,,,,,,,,,,,,,,,,,,,,,,,,,,,,,,,,,,,,,
3470765,32,,,,,,,,,,,,,,,,,,,,,,,,,,,,,,,,,,,,,,,,,,,,,,,,,,,,,,,,,,,,,,,,,,,,,,,,,,,,,,,,,,,,,,,,,,0,0,0,0,0,0,0,0,0,0,0,0,,,,,,,,,,,,,,,,,,,,,,,
3044610,32,,,,,,,,,,,,,,,,,,,,,,,,,,,,,,,,,,,,,,,,,,,,,,,,,,,,,,,,,,,,,,,,,,,,,,,,,,,,,,,,,,,,61실,스탠다드 / 디럭스 / 패밀리 / 스위트,,15:00,11:00,불가,0,0,0,0,1,0,0,0,0,0,0,0,,,,,051-808-6200,가능,,,129,,,,,,,,,,,,,,
3083398,32,,,,,,,,,,,,,,,,,,,,,,,,,,,,,,,,,,,,,,,,,,,,,,,,,,,,,,,,,,,,,,,,,,,,,,,,,,,,,,,,,,,,70실,스탠다드 / 디럭스 / 비지니스 / 주니어 / 프리미엄 등,,15:00,11:00,,0,0,0,0,1,0,0,0,0,0,0,0,,,,,0503-5051-6855,가능,,,159명,,,,,,,,,,,,,,
3083414,32,,,,,,,,,,,,,,,,,,,,,,,,,,,,,,,,,,,,,,,,,,,,,,,,,,,,,,,,,,,,,,,,,,,,,,,,,,,,,,,,,,,,50실,디럭스 / 패밀리 / 스위트,,15:00,12:00,,0,0,0,0,0,0,0,0,0,0,0,0,,,,,0507-1447-0287,가능,,,,,,,,,,,,,,,,,
3028497,32,,,,,,,,,,,,,,,,,,,,,,,,,,,,,,,,,,,,,,,,,,,,,,,,,,,,,,,,,,,,,,,,,,,,,,,,,,,,,,,,,,,,50실,디럭스 / 프리미엄 / VIP / 스위트 / 패밀리,,16:00,12:00,,0,0,0,0,1,0,0,0,0,0,0,0,,,,,051-728-8100,가능,,,,,,,,,,,,,,,,,
2752996,39,,,,,,,,,,,,,,,,,0,브라운마운틴 라떼,수제 바닐라빈라떼 / 바스크 치즈케이크 / 에이드 등,,가능,0507-1315-2192,,가능,,[평일]<br>- 11:00~19:00<br>- 마지막 주문 18:30<br>[주말}<br>- 11:00~21:00<br>- 마지막 주문 20:30,매주 수요일,,가능,전화 예약,,,,,,,,,,,,,,,,,,,,,,,,,,,,,,,,,,,,,,,,,,,,,,,,,,,,,,,,,,,,,,,,,,,,,,,,,,,,,,,,,,,,,,,,,,,,,,
2853145,39,,,,,,,,,,,,,,,,,0,아메리카노,티라미수라떼 / 초코슈페너 / 블루베리요거트 / 오!한라 티 등,,,0507-1308-7081,,가능 <br>요금 (무료),,10:00~21:50 (라스트오더 21:00),연중무휴,,가능,,20180156285,,,,,,,,,,,,,,,,,,,,,,,,,,,,,,,,,,,,,,,,,,,,,,,,,,,,,,,,,,,,,,,,,,,,,,,,,,,,,,,,,,,,,,,,,,,,,
2696456,32,,,,,,,,,,,,,,,,,,,,,,,,,,,,,,,,,,,,,,,,,,,,,,,,,,,,,,,,,,,,,,,,,,,,,,,,,,,,,,,,,,,,48,양실,,15:00,12:00,불가,1,0,0,0,1,0,0,0,0,0,1,1,,있음,http://www.brosishotel.co.kr/,불가,,가능(유료),홈페이지,,,,,,,,,,,,,,,,
2847969,39,,,,,,,,,,,,,,,,,0,클래식 베녜,페퍼로니 피자 / 시그니처 레몬소르베 / 카라멜푸딩 등,,,0507-1368-4172,,가능,,11:00~19:30 (마지막 주문 18:30),"매주 월요일, 화요일",,가능,,20210149449,,,,,,,,,,,,,,,,,,,,,,,,,,,,,,,,,,,,,,,,,,,,,,,,,,,,,,,,,,,,,,,,,,,,,,,,,,,,,,,,,,,,,,,,,,,,,
3016434,32,,,,,,,,,,,,,,,,,,,,,,,,,,,,,,,,,,,,,,,,,,,,,,,,,,,,,,,,,,,,,,,,,,,,,,,,,,,,,,,,,,,,227실,스탠다드 / 디럭스 / 프리미어,,15:00,11:00,,0,0,0,0,0,0,0,0,0,0,0,0,,,,,051-731-9900,가능,,,,,,,,,,,,,,,,,
2838935,39,,,,,,,,,,,,,,,,,0,미숙이라떼,아메리카노 / 바릴리라떼 / 샷그린티라떼 등,,가능,051-326-8080,,가능,,11:00~24:00 (마지막 주문 23:00),연중무휴,,가능,,20170154483,,,,,,,,,,,,,,,,,,,,,,,,,,,,,,,,,,,,,,,,,,,,,,,,,,,,,,,,,,,,,,,,,,,,,,,,,,,,,,,,,,,,,,,,,,,,,
2868824,39,,,,,,,,,,,,,,,,,0,토마토 한개 라자냐,소프트쉩크랩 라자냐 / 비스포레 앙쿠르트 / 모시조개파스타 등,,가능,0507-1469-8836,,가능,,[월요일~목요일]<br>- 11:30~23:00<br>- 준비시간 15:00~17:00<br>- 마지막 주문 21:00<br>[금요일~일요일]<br>- 11:30~23:00<br>- 준비시간 15:00~17:00<br>- 마지막 주문 22:00)<br>※ 자세한 사항은 전화문의 요망,연중무휴,,가능,전화 문의,20160152003,,,,,,,,,,,,,,,,,,,,,,,,,,,,,,,,,,,,,,,,,,,,,,,,,,,,,,,,,,,,,,,,,,,,,,,,,,,,,,,,,,,,,,,,,,,,,
2595879,32,,,,,,,,,,,,,,,,,,,,,,,,,,,,,,,,,,,,,,,,,,,,,,,,,,,,,,,,,,,,,,,,,,,,,,,,,,,,,,,,,,,,29,한실/양실,,15:00,12:00,불가,0,0,0,0,0,0,0,0,0,0,1,0,,없음,,,051-405-3331,가능,,지하 1층~지상 5층,80,,,,,,,,,,,,,,
2861291,39,,,,,,,,,,,,,,,,,0,한우 타베호다이,,,,0507-1405-7784,,가능,,11:00~22:30,연중무휴,,,,20170141732,,,,,,,,,,,,,,,,,,,,,,,,,,,,,,,,,,,,,,,,,,,,,,,,,,,,,,,,,,,,,,,,,,,,,,,,,,,,,,,,,,,,,,,,,,,,,
841730,39,,,,,,,,,,,,,,,,,0,한우 명장 세트,돌갈비탕 / 한우 상강꽃살 / 한우꽃등심 등,모두 금연석,가능(일부 메뉴),051-819-6677,,가능,2000년 06월,11:00~21:30,설·추석 당일,,가능,전화 예약 가능 (051-819-6677),20140131891,,,,,,,,,,,,,,,,,,,,,,,,,,,,,,,,,,,,,,,,,,,,,,,,,,,,,,,,,,,,,,,,,,,,,,,,,,,,,,,,,,,,,,,,,,,,,
2787109,39,,,,,,,,,,,,,,,,,0,스테이크,감자뇨끼 / 영계구이 / 백명란 굴 오일파스타 등,,가능,0507-1348-4137,,가능,,"12:00 - 21:30 (브레이크타임 15:30~17:30<br>라스트오더 14:30, 20:00",매주 월요일,,가능,전화문의,20170142194,,,,,,,,,,,,,,,,,,,,,,,,,,,,,,,,,,,,,,,,,,,,,,,,,,,,,,,,,,,,,,,,,,,,,,,,,,,,,,,,,,,,,,,,,,,,,
2032436,15,,,,,,,,,,,,,,,,,,,,,,,,,,,,,,,,,,,,,,,,,,,,,사상구,010-7326-1991,사상문화원,,20250921,11:00~21:00,삼락생태공원,,,,,,,20250920,무료,,,,선택안함,선택안함,,,,,,,,,,,,,,,,,,,,,,,,,,,,,,,,,,,,,,,,,,,,,,,,,,,,,,,,,,,,
2785762,12,0,0,0,070-4010-8130,,연중무휴,,,,,09:00~18:00,가능<br>요금 (무료),없음,,없음,,,,,,,,,,,,,,,,,,,,,,,,,,,,,,,,,,,,,,,,,,,,,,,,,,,,,,,,,,,,,,,,,,,,,,,,,,,,,,,,,,,,,,,,,,,,,,,,,,,,,,,,,,,,,
130382,14,,,,,,,,,,,,,,,,,,,,,,,,,,,,,,,,,※ 행사별 상이하므로 홈페이지 참고,,,,051-316-9111,,09:00~18:00,※ 행사별 상이하므로 홈페이지 참고,가능<br>요금 (무료),없음,,없음,,,,,,,,,,,,,,,,,,,,,,,,,,,,,,,,,,,,,,,,,,,,,,,,,,,,,,,,,,,,,,,,,,,,,,,,,,,,,,,,
2785277,39,,,,,,,,,,,,,,,,,0,간장양념게장+재첩국,재첩회 / 재첩회덮밥 / 게장 등,,가능,051-301-1094,,가능,,09:00~20:30,연중무휴,,,,20010154738,,,,,,,,,,,,,,,,,,,,,,,,,,,,,,,,,,,,,,,,,,,,,,,,,,,,,,,,,,,,,,,,,,,,,,,,,,,,,,,,,,,,,,,,,,,,,
2650232,12,0,0,0,051-749-5700,,연중무휴,,,,,상시,가능,없음,,없음,,,,,,,,,,,,,,,,,,,,,,,,,,,,,,,,,,,,,,,,,,,,,,,,,,,,,,,,,,,,,,,,,,,,,,,,,,,,,,,,,,,,,,,,,,,,,,,,,,,,,,,,,,,,,
135004,39,,,,,,,,,,,,,,,,,0,흑염소불고기,오리숯불고기 / 옻오리백숙 / 오리백숙 등,모두 금연석,가능,051-517-5502,,가능,,09:00~21:00,연중무휴,,가능,"전화 예약 문의 (051-517-5502, 5364)",19910147069,,,,,,,,,,,,,,,,,,,,,,,,,,,,,,,,,,,,,,,,,,,,,,,,,,,,,,,,,,,,,,,,,,,,,,,,,,,,,,,,,,,,,,,,,,,,,
2782626,12,0,0,0,광안리관광안내소 051-610-4848,,연중무휴,,,,,상시 개방,가능,,,,,,,,,,,,,,,,,,,,,,,,,,,,,,,,,,,,,,,,,,,,,,,,,,,,,,,,,,,,,,,,,,,,,,,,,,,,,,,,,,,,,,,,,,,,,,,,,,,,,,,,,,,,,,,,
2470024,12,0,0,0,051-412-5468,,매주 월요일,몽떡오꼬노미 만들기 / DIY 어묵탕 만들기 / 모양어묵+프리미엄 피자어묵 만들기,,,,"09:00~18:00<br>
※ 사전 예약제 운영 (전달 첫째 주 화요일 오전 9시 예약 오픈)",가능<br>요금 (무료),없음,,없음,,,,,,,,,,,,,,,,,,,,,,,,,,,,,,,,,,,,,,,,,,,,,,,,,,,,,,,,,,,,,,,,,,,,,,,,,,,,,,,,,,,,,,,,,,,,,,,,,,,,,,,,,,,,,
851286,39,,,,,,,,,,,,,,,,,0,떡볶이,김밥 / 튀김 / 만두 / 순대 / 어묵 등,모두 금연석,가능(일부 메뉴),051-742-9001,,불가능,2000년 01월 01일,11:00~23:30 (마지막 주문 23:00),매주 수요일,,가능,,20070141161,,,,,,,,,,,,,,,,,,,,,,,,,,,,,,,,,,,,,,,,,,,,,,,,,,,,,,,,,,,,,,,,,,,,,,,,,,,,,,,,,,,,,,,,,,,,,
3064931,12,0,0,0,부산 중구 관광안내소 051-254-5504,,연중무휴,,,,,상시 개방,가능,,,,,,,,,,,,,,,,,,,,,,,,,,,,,,,,,,,,,,,,,,,,,,,,,,,,,,,,,,,,,,,,,,,,,,,,,,,,,,,,,,,,,,,,,,,,,,,,,,,,,,,,,,,,,,,,
3533138,32,,,,,,,,,,,,,,,,,,,,,,,,,,,,,,,,,,,,,,,,,,,,,,,,,,,,,,,,,,,,,,,,,,,,,,,,,,,,,,,,,,,,4,양실,온라인 예약 시 해당 업체의 환불 규정에 따름,16:00,12:00,불가능,0,0,0,0,0,0,0,0,0,0,0,0,,,https://booking.naver.com/booking/3/bizes/1229979,불가,010-2876-7557,"가능(차량 3대까지 무료주차 가능, 추가차량 있을시 전화문의 요망)","가능(네이버 예약, 에어비앤비 등)",,,,,,,,,,,,,,,,
2860819,39,,,,,,,,,,,,,,,,,0,샤브샤브+샐러드바,꽃쟁반 해물 샤브 / 해물파전 / 페퍼로니 치즈 감자전 등,,,0507-1351-5162,,가능,,11:30~21:00 (샐러드바 마감 20:30),연중무휴,,,,20140141010,,,,,,,,,,,,,,,,,,,,,,,,,,,,,,,,,,,,,,,,,,,,,,,,,,,,,,,,,,,,,,,,,,,,,,,,,,,,,,,,,,,,,,,,,,,,,
2860823,39,,,,,,,,,,,,,,,,,0,한우샤브월남쌈,생조개 샤브월남쌈 / 소고기 샤브월남쌈 / 한돈 샤브월남쌈 등,,가능,0507-1374-4979,,가능<br>요금 (무료),,11:00~22:00 (라스트오더 21:00),연중무휴,,가능,네이버예약,20130141816,,,,,,,,,,,,,,,,,,,,,,,,,,,,,,,,,,,,,,,,,,,,,,,,,,,,,,,,,,,,,,,,,,,,,,,,,,,,,,,,,,,,,,,,,,,,,
2867598,39,,,,,,,,,,,,,,,,,0,족발,냉채족발 / 순대두루치기 / 매운족발 등,,,051-253-6023,,불가능,,11:00~24:00,연중무휴,,,,20080128170,,,,,,,,,,,,,,,,,,,,,,,,,,,,,,,,,,,,,,,,,,,,,,,,,,,,,,,,,,,,,,,,,,,,,,,,,,,,,,,,,,,,,,,,,,,,,
2763981,38,,,,,,,,,,,,,,,,,,,,,,,,,,,,,,,,,,,,,,,,,,,,,,,,,,,,,,,,,,,,,,,,,농수축산물 / 식품 / 생활잡화 등,,,상설시장,,,있음,금정구청 경제산업과 051-519-4475,,점포별 상이,가능,,,,10:00~22:00,,,,,,,,,,,,,,,,,,,,,,,,,,,,,,,,,,,,,,,,,,,,,
2778503,39,,,,,,,,,,,,,,,,,0,설렁탕,꼬리곰탕 / 양지탕 / 매운꼬리찜 등,,가능,051-582-9005,,가능,,09:00~24:00,연중무휴,,가능,가능,20000147068,,,,,,,,,,,,,,,,,,,,,,,,,,,,,,,,,,,,,,,,,,,,,,,,,,,,,,,,,,,,,,,,,,,,,,,,,,,,,,,,,,,,,,,,,,,,,
128053,12,0,0,0,051-803-7573,,연중무휴,,,,,※ 자세한 사항은 전화문의 요망,가능,,,,,,,,,,,,,,,,,,,,,,,,,,,,,,,,,,,,,,,,,,,,,,,,,,,,,,,,,,,,,,,,,,,,,,,,,,,,,,,,,,,,,,,,,,,,,,,,,,,,,,,,,,,,,,,,
2872553,39,,,,,,,,,,,,,,,,,0,갈미조개수육,갈미조개샤브샤브 / 갈미조개전골 / 조개탕 등,,가능,051-271-2205,,가능,,11:30~21:30,연중무휴,,가능,,20010149186,,,,,,,,,,,,,,,,,,,,,,,,,,,,,,,,,,,,,,,,,,,,,,,,,,,,,,,,,,,,,,,,,,,,,,,,,,,,,,,,,,,,,,,,,,,,,
403961,39,,,,,,,,,,,,,,,,,0,생선회코스,회덮밥 / 회초밥 / 전복죽 등,모두 금연석,가능(일부 메뉴),051-747-7470,,가능<br>요금 (무료),1984-07-01,10:00~22:00,연중무휴,,가능,,19850141034,,,,,,,,,,,,,,,,,,,,,,,,,,,,,,,,,,,,,,,,,,,,,,,,,,,,,,,,,,,,,,,,,,,,,,,,,,,,,,,,,,,,,,,,,,,,,
319563,12,0,0,0,051-635-3744,,연중무휴,,,,,상시 개방,가능,불가,,없음,,,,,,,,,,,,,,,,,,,,,,,,,,,,,,,,,,,,,,,,,,,,,,,,,,,,,,,,,,,,,,,,,,,,,,,,,,,,,,,,,,,,,,,,,,,,,,,,,,,,,,,,,,,,,
403957,39,,,,,,,,,,,,,,,,,0,곰장어 소금구이,곰장어 양념구이,모두 금연석,가능(일부 메뉴),051-463-5888,,가능,1950년 03월 01일,11:00 ~ 23:00,연중무휴,,가능,전화 예약 가능 (051-463-5888),20010126468,,,,,,,,,,,,,,,,,,,,,,,,,,,,,,,,,,,,,,,,,,,,,,,,,,,,,,,,,,,,,,,,,,,,,,,,,,,,,,,,,,,,,,,,,,,,,
3373600,39,,,,,,,,,,,,,,,,,0,블랙라떼,콘파냐 / 아메리카노 / 쇼콜라또 등,,,010-9733-3390,,가능<br>요금 (무료),,11:00~22:00,연중무휴,,,,20240203357,,,,,,,,,,,,,,,,,,,,,,,,,,,,,,,,,,,,,,,,,,,,,,,,,,,,,,,,,,,,,,,,,,,,,,,,,,,,,,,,,,,,,,,,,,,,,
2952019,39,,,,,,,,,,,,,,,,,0,한식 퓨전 다이닝,,,,010-5191-9002,,가능 <br>요금 (무료),,12:00~21:30 (브레이크타임 15:00~18:00 / 점심 라스트오더 13:30 / 저녁 라스트오더 19:30),매주 화요일 / 설·추석 연휴,,,,20220177707,,,,,,,,,,,,,,,,,,,,,,,,,,,,,,,,,,,,,,,,,,,,,,,,,,,,,,,,,,,,,,,,,,,,,,,,,,,,,,,,,,,,,,,,,,,,,
2758469,12,0,0,0,기장군 산림공원과 051-709-4531,,연중무휴,,,,,상시 개방,가능<br>요금 (무료),없음,,없음,,,,,,,,,,,,,,,,,,,,,,,,,,,,,,,,,,,,,,,,,,,,,,,,,,,,,,,,,,,,,,,,,,,,,,,,,,,,,,,,,,,,,,,,,,,,,,,,,,,,,,,,,,,,,
1607335,12,0,0,0,051-468-4497,,연중무휴,,,,,상시 개방,가능,,,,,,,,,,,,,,,,,,,,,,,,,,,,,,,,,,,,,,,,,,,,,,,,,,,,,,,,,,,,,,,,,,,,,,,,,,,,,,,,,,,,,,,,,,,,,,,,,,,,,,,,,,,,,,,,
2784320,39,,,,,,,,,,,,,,,,,0,낙곱새,낙새 / 낙곱 / 낙지 등,,가능,051-555-7763,,가능,,- 11:00~21:00<br>- 준비시간(평일) 15:00~17:00<br>- 마지막 주문 20:30,매주 월요일 / 설·추석 연휴,,,,19770134002,,,,,,,,,,,,,,,,,,,,,,,,,,,,,,,,,,,,,,,,,,,,,,,,,,,,,,,,,,,,,,,,,,,,,,,,,,,,,,,,,,,,,,,,,,,,,
1805861,39,,,,,,,,,,,,,,,,,0,대구탕,,모두 금연석,,051-747-1666,,가능,,08:00~20:00,설·추석 당일,,없음,전화 예약 문의 (051-747-1666),20020141399,,,,,,,,,,,,,,,,,,,,,,,,,,,,,,,,,,,,,,,,,,,,,,,,,,,,,,,,,,,,,,,,,,,,,,,,,,,,,,,,,,,,,,,,,,,,,
2793181,39,,,,,,,,,,,,,,,,,0,대구탕,대구찜 / 알말이,,가능,051-744-0238,,가능,,- 08:00~21:30<br>- 준비시간(평일) 15:00~16:00<br>- 마지막 주문 21:00,연중무휴,,,,20080141946,,,,,,,,,,,,,,,,,,,,,,,,,,,,,,,,,,,,,,,,,,,,,,,,,,,,,,,,,,,,,,,,,,,,,,,,,,,,,,,,,,,,,,,,,,,,,
2860829,39,,,,,,,,,,,,,,,,,0,솔내음돼지뚝배기불고기한상,솔내음물회한상 / 달맞이상 / 솔내음상 등,,가능,0507-1350-5796,,가능,,11:30~21:30 (마지막 주문 20:30),매주 수요일,,가능,,20010141985,,,,,,,,,,,,,,,,,,,,,,,,,,,,,,,,,,,,,,,,,,,,,,,,,,,,,,,,,,,,,,,,,,,,,,,,,,,,,,,,,,,,,,,,,,,,,
129093,12,0,0,0,암남동 주민센터 051-240-6661,,연중무휴,,,,,상시 개방,불가능,,,,,,,,,,,,,,,,,,,,,,,,,,,,,,,,,,,,,,,,,,,,,,,,,,,,,,,,,,,,,,,,,,,,,,,,,,,,,,,,,,,,,,,,,,,,,,,,,,,,,,,,,,,,,,,,
2614725,12,0,0,0,부산광역시청 환경정책과 051-888-3636,,연중 무휴,,,,,상시 개방,가능,,,,,,,,,,,,,,,,,,,,,,,,,,,,,,,,,,,,,,,,,,,,,,,,,,,,,,,,,,,,,,,,,,,,,,,,,,,,,,,,,,,,,,,,,,,,,,,,,,,,,,,,,,,,,,,,
2994364,12,0,0,0,051-247-9900,,연중무휴,,,,,"[1월~2월] 09:00~20:00 (매표 마감 19:30)<br>
[3월~6월] 09:00~21:00 (매표 마감 20:30)<br>
[7월~8월] 09:00~22:00 (매표 마감 21:30)<br>
[9월~11월] 09:00~21:00 (매표 마감 20:30)<br>
[12월] 09:00~20:00 (매표 마감 19:30)",가능,,,,,,,,,,,,,,,,,,,,,,,,,,,,,,,,,,,,,,,,,,,,,,,,,,,,,,,,,,,,,,,,,,,,,,,,,,,,,,,,,,,,,,,,,,,,,,,,,,,,,,,,,,,,,,,,
2868850,39,,,,,,,,,,,,,,,,,0,마쯔코스,란코스 / 키쿠코스 / 사쿠라코스 / 민물장어덮밥 / 우럭탕 등,,가능,010-6723-6042,,가능<br>요금 (무료),,"11:30~22:00<br>(브레이크타임 15:00~17:00, 라스트오더 20:20)",매주 일요일,,가능,"전화, 네이버예약",20090152039,,,,,,,,,,,,,,,,,,,,,,,,,,,,,,,,,,,,,,,,,,,,,,,,,,,,,,,,,,,,,,,,,,,,,,,,,,,,,,,,,,,,,,,,,,,,,
3532572,32,,,,,,,,,,,,,,,,,,,,,,,,,,,,,,,,,,,,,,,,,,,,,,,,,,,,,,,,,,,,,,,,,,,,,,,,,,,,,,,,,,,,2,양실,온라인 예약 시 해당 업체의 환불 규정에 따름,15:00,11:00,가능,0,0,0,0,0,0,0,0,0,0,0,0,객실 내 수영장,,http://xn--2j1b5a126fnyr.com/reserve.html?id=reserve,불가,010-3541-3135,가능(1객실당 1대 가능),"가능(홈페이지, 네이버예약)",,,,,,,,,,,,,,,,
2860833,39,,,,,,,,,,,,,,,,,0,물총칼국수,물총수제비 / 솜씨보쌈 / 해물파전 등,,가능,070-7758-6662,,가능<br>요금 (무료),,10:30~21:30 (라스트오더 20:50),연중무휴,,가능,,20120141903,,,,,,,,,,,,,,,,,,,,,,,,,,,,,,,,,,,,,,,,,,,,,,,,,,,,,,,,,,,,,,,,,,,,,,,,,,,,,,,,,,,,,,,,,,,,,
1117817,38,,,,,,,,,,,,,,,,,,,,,,,,,,,,,,,,,,,,,,,,,,,,,,,,,,,,,,,,,,,,,,,,,농산물 / 건어물 / 의류 / 잡화 / 과일 등,,5일 / 10일 / 15일 / 20일 / 25일 / 30일,1940년대,,,,"시장번영회 051-508-5072<br>
기장군 일자리경제과 051-709-4472",,※ 자세한 사항은 전화문의 요망,불가능,없음,,가능,※ 자세한 사항은 전화문의 요망,,,,,,,,,,,,,,,,,,,,,,,,,,,,,,,,,,,,,,,,,,,,,
2785965,39,,,,,,,,,,,,,,,,,0,송정물국수,송정비빔국수 / 송정생김밥 / 송정비빔밥 등,,가능,0507-1449-0577,,가능,,- 11:40~21:00<br>- 마지막 주문 20:30,연중무휴,,,,20120141697,,,,,,,,,,,,,,,,,,,,,,,,,,,,,,,,,,,,,,,,,,,,,,,,,,,,,,,,,,,,,,,,,,,,,,,,,,,,,,,,,,,,,,,,,,,,,
2808104,39,,,,,,,,,,,,,,,,,0,해산물모듬,기장전복죽 / 기장전복 구이세트 / 막회 등,,,0507-1307-3055,,가능,,10:00~21:00,매주 화요일 / 설·추석 당일,,,,20170156595,,,,,,,,,,,,,,,,,,,,,,,,,,,,,,,,,,,,,,,,,,,,,,,,,,,,,,,,,,,,,,,,,,,,,,,,,,,,,,,,,,,,,,,,,,,,,
3442923,39,,,,,,,,,,,,,,,,,0,포크 치킨 부들파이,,,포장이 가능합니다,부산 바베큐맛집 푸짐하도다양한 필리핀요리,,주차 불가능,,11:00-21:00,연중무휴,,,,,,,,,,,,,,,,,,,,,,,,,,,,,,,,,,,,,,,,,,,,,,,,,,,,,,,,,,,,,,,,,,,,,,,,,,,,,,,,,,,,,,,,,,,,,,,,,
1942253,12,0,0,0,깡깡이예술마을 안내센터 051-418-3336,,연중무휴,,,,,상시 개방,가능,없음,,없음,,,,,,,,,,,,,,,,,,,,,,,,,,,,,,,,,,,,,,,,,,,,,,,,,,,,,,,,,,,,,,,,,,,,,,,,,,,,,,,,,,,,,,,,,,,,,,,,,,,,,,,,,,,,,
1805853,39,,,,,,,,,,,,,,,,,0,조개모듬,장어구이 / 새우구이 / 우럭매운탕 등,,가능(일부 메뉴),051-701-7661,,가능<rb>요금 (무료),,11:30~05:00,연중무휴,,가능,,20040141486,,,,,,,,,,,,,,,,,,,,,,,,,,,,,,,,,,,,,,,,,,,,,,,,,,,,,,,,,,,,,,,,,,,,,,,,,,,,,,,,,,,,,,,,,,,,,
2668102,39,,,,,,,,,,,,,,,,66석,0,항정국밥,고기국밥 / 내장국밥 / 섞어국밥 등,,,051-754-9222,,불가능,,상시 개방,연중무휴,,가능,051-754-9222,20110152310,,,,,,,,,,,,,,,,,,,,,,,,,,,,,,,,,,,,,,,,,,,,,,,,,,,,,,,,,,,,,,,,,,,,,,,,,,,,,,,,,,,,,,,,,,,,,
2838489,39,,,,,,,,,,,,,,,,,0,순대국밥,수육백반 / 돼지국밥 / 순대버섯전골 등,,가능,051-866-3349,,가능,,08:00~21:50 (마지막 주문 21:20),연중무휴,,가능,전화 문의,20140150210,,,,,,,,,,,,,,,,,,,,,,,,,,,,,,,,,,,,,,,,,,,,,,,,,,,,,,,,,,,,,,,,,,,,,,,,,,,,,,,,,,,,,,,,,,,,,
2852696,39,,,,,,,,,,,,,,,,,0,고메 플레이트,핸드 드립 / 사이펀 / 아포가토 등,,가능,1877-8358,,가능,,11:00~21:00 (마지막 주문 20:20),연중무휴,,가능,,20180134186,,,,,,,,,,,,,,,,,,,,,,,,,,,,,,,,,,,,,,,,,,,,,,,,,,,,,,,,,,,,,,,,,,,,,,,,,,,,,,,,,,,,,,,,,,,,,
2869572,39,,,,,,,,,,,,,,,,,0,돼지국밥,수육백반 / 수제순대 / 내장국밥 등,,가능,051-758-5046,,가능,,08:00~22:40 (준비시간 15:50~16:50),연중무휴,,가능,,19950152399,,,,,,,,,,,,,,,,,,,,,,,,,,,,,,,,,,,,,,,,,,,,,,,,,,,,,,,,,,,,,,,,,,,,,,,,,,,,,,,,,,,,,,,,,,,,,
2869279,38,,,,,,,,,,,,,,,,,,,,,,,,,,,,,,,,,,,,,,,,,,,,,,,,,,,,,,,,,,,,,,,,,농산물 / 의류 / 잡화 / 귀금속 / 약국 등,,,,,,있음,051-751-8585,,※ 매장마다 상이함,가능,,,,※ 매장마다 상이함,,,,,,,,,,,,,,,,,,,,,,,,,,,,,,,,,,,,,,,,,,,,,
2785269,39,,,,,,,,,,,,,,,,,0,달보드레 상자,루이월주 / 현월호지 / 호지가배 / 쌍화차 / 멜롱망스 등,,,0507-1327-8450,,가능<br>요금 (무료),,11:00~20:30 (라스트오더 20:00),연중무휴,,가능,,20200142081,,,,,,,,,,,,,,,,,,,,,,,,,,,,,,,,,,,,,,,,,,,,,,,,,,,,,,,,,,,,,,,,,,,,,,,,,,,,,,,,,,,,,,,,,,,,,
2860839,39,,,,,,,,,,,,,,,,,0,스노잉 콜드브루,스노잉 레드 / 망고키슈 / 블루밍 라떼 등,,가능,0507-1408-8256,,가능,,10:00~22:00,연중무휴,,가능,,20170142474,,,,,,,,,,,,,,,,,,,,,,,,,,,,,,,,,,,,,,,,,,,,,,,,,,,,,,,,,,,,,,,,,,,,,,,,,,,,,,,,,,,,,,,,,,,,,
2670566,39,,,,,,,,,,,,,,,,,0,참치회,참치회 / 생연어사시미,금연,,051-553-0303,,,,16:00 ~ 24:00,일요일,,,가능,20170134610,,,,,,,,,,,,,,,,,,,,,,,,,,,,,,,,,,,,,,,,,,,,,,,,,,,,,,,,,,,,,,,,,,,,,,,,,,,,,,,,,,,,,,,,,,,,,
2870354,39,,,,,,,,,,,,,,,,,0,돈까스,비후까스 / 함박스테이크 / 오므라이스 등,,,051-634-2846,,불가능,,11:10~20:00,매주 일요일,,가능,0516342846,20010129169,,,,,,,,,,,,,,,,,,,,,,,,,,,,,,,,,,,,,,,,,,,,,,,,,,,,,,,,,,,,,,,,,,,,,,,,,,,,,,,,,,,,,,,,,,,,,
2865975,39,,,,,,,,,,,,,,,,,0,클래식 에그베네딕트,참나물 로제 파스타 / 로스티드 치킨 샐러드 / 초콜릿 조이 케이크 등,,가능,0507-1384-1168,,가능,,10:00~22:00,연중무휴,,가능,가능(케이크 예약 가능 / 네이버 예약),20200132253,,,,,,,,,,,,,,,,,,,,,,,,,,,,,,,,,,,,,,,,,,,,,,,,,,,,,,,,,,,,,,,,,,,,,,,,,,,,,,,,,,,,,,,,,,,,,
128108,12,0,0,0,1577-0880,,시설 별로 상이,,,,,시설 별로 상이,가능,없음,,없음,,,,,,,,,,,,,,,,,,,,,,,,,,,,,,,,,,,,,,,,,,,,,,,,,,,,,,,,,,,,,,,,,,,,,,,,,,,,,,,,,,,,,,,,,,,,,,,,,,,,,,,,,,,,,
1082315,12,0,0,0,051-550-1773,,"매월 둘째, 넷째 월요일",,,,4월~10월,"- 평일 10:00~15:00<br>
- 주말 11:00 / 13:00 / 14:00 / 15:00",가능,없음,,없음,,,,,,,,,,,,,,,,,,,,,,,,,,,,,,,,,,,,,,,,,,,,,,,,,,,,,,,,,,,,,,,,,,,,,,,,,,,,,,,,,,,,,,,,,,,,,,,,,,,,,,,,,,,,,
2674974,12,0,0,0,051-220-4545,,연중무휴,,,,,상시 개방,불가능,없음,,없음,,,,,,,,,,,,,,,,,,,,,,,,,,,,,,,,,,,,,,,,,,,,,,,,,,,,,,,,,,,,,,,,,,,,,,,,,,,,,,,,,,,,,,,,,,,,,,,,,,,,,,,,,,,,,
2736088,32,,,,,,,,,,,,,,,,,,,,,,,,,,,,,,,,,,,,,,,,,,,,,,,,,,,,,,,,,,,,,,,,,,,,,,,,,,,,,,,,,,,,260실,로얄스위트 오션뷰 / 프리미어 스위트 오션뷰 / 시그니엘 프리미어 패밀리트윈 오션뷰 등,,15:00,11:00,불가능,1,0,1,0,1,0,0,0,0,1,0,0,,더 라운지 / 더뷰 레스토랑 / 차오란 / 패스트리 살롱 등,,,051-922-1000,,,,,,,,,,,,,,,,,,
2872534,39,,,,,,,,,,,,,,,,,0,모듬조개구이,홍합탕 / 키조개 스테이크 / 벌교 꼬막 비빔밥 등,,가능,0507-1418-8923,,가능,,- 17:00~23:00<br>- 마지막 주문 22:00,격주 수요일,,,,20190149316,,,,,,,,,,,,,,,,,,,,,,,,,,,,,,,,,,,,,,,,,,,,,,,,,,,,,,,,,,,,,,,,,,,,,,,,,,,,,,,,,,,,,,,,,,,,,
3474149,32,,,,,,,,,,,,,,,,,,,,,,,,,,,,,,,,,,,,,,,,,,,,,,,,,,,,,,,,,,,,,,,,,,,,,,,,,,,,,,,,,,,,,,,,,,0,0,0,0,0,0,0,0,0,0,0,0,,,,,,,,,,,,,,,,,,,,,,,
2869183,39,,,,,,,,,,,,,,,,,0,떡볶이,김밥 / 찹쌀호떡 / 만두 등,,가능,051-552-2644,,불가능,,06:00~22:00 (마지막 주문 21:30),"매월 둘째, 넷째 화요일",,가능,,20040134514,,,,,,,,,,,,,,,,,,,,,,,,,,,,,,,,,,,,,,,,,,,,,,,,,,,,,,,,,,,,,,,,,,,,,,,,,,,,,,,,,,,,,,,,,,,,,
2836405,39,,,,,,,,,,,,,,,,,0,아메리칸 팬케이크,리틀 포레스트 / 컴포트 라떼 / 필터커피 등,,,0507-1390-7825,,가능,,11:00~21:00 (마지막 주문 20:00),연중무휴,,,,20180130109,,,,,,,,,,,,,,,,,,,,,,,,,,,,,,,,,,,,,,,,,,,,,,,,,,,,,,,,,,,,,,,,,,,,,,,,,,,,,,,,,,,,,,,,,,,,,
132576,38,,,,,,,,,,,,,,,,,,,,,,,,,,,,,,,,,,,,,,,,,,,,,,,,,,,,,,,,,,,,,,,,,활어회 / 건어물 / 수산물,,,1987년 10월 30일,,,,051-246-7500,,"매월 둘째, 넷째 화요일",가능,,,,- 1층 06:00~21:00<br>- 2층 09:00~21:00<br>- 3층 09:00~23:00,,,,,,,,,,,,,,,,,,,,,,,,,,,,,,,,,,,,,,,,,,,,,
2869439,39,,,,,,,,,,,,,,,,,0,즉석 철판돼지갈비,돼지왕갈비 / 한우등심 / 갈비살 한우생고기 등,,,0507-1305-8385,,가능,,- 11:30~22:00<br>- 마지막 주문 21:00,연중무휴,,,,19990139483,,,,,,,,,,,,,,,,,,,,,,,,,,,,,,,,,,,,,,,,,,,,,,,,,,,,,,,,,,,,,,,,,,,,,,,,,,,,,,,,,,,,,,,,,,,,,
2714406,32,,,,,,,,,,,,,,,,,,,,,,,,,,,,,,,,,,,,,,,,,,,,,,,,,,,,,,,,,,,,,,,,,,,,,,,,,,,,,,,,,,,,295실,스탠다드 / 디럭스 / 프리미어 디럭스 등,,15:00,12:00,불가능,1,1,1,0,1,0,0,0,0,1,0,0,,레스토랑 / 카페 / 라운지&바,,,051-661-9000,가능,,,,,,,,,,,,,,,,,
2832671,39,,,,,,,,,,,,,,,,,0,고기만두,군만두 / 새우만두 / 부추당면만두 등,,가능,0507-1440-0195,,불가능,,- 11:00~21:00<br>- 마지막 주문 20:20,매주 화요일,,,,19690129016,,,,,,,,,,,,,,,,,,,,,,,,,,,,,,,,,,,,,,,,,,,,,,,,,,,,,,,,,,,,,,,,,,,,,,,,,,,,,,,,,,,,,,,,,,,,,
767084,38,,,,,,,,,,,,,,,,,,,,,,,,,,,,,,,,,,,,,,,,,,,,,,,,,,,,,,,,,,,,,,,,,,,,,,,,1588-1234,,연중무휴<br>※ 자세한 휴무일은 홈페이지 참조,,,,,,,,,,,,,,,,,,,,,,,,,,,,,,,,,,,,,,,,,,,,,,,,,,
2532877,38,,,,,,,,,,,,,,,,,,,,,,,,,,,,,,,,,,,,,,,,,,,,,,,,,,,,,,,,,,,,,,,,,"종합 (해외 명품, 국내외 의류/잡화, 스포츠웨어, 리빙, 키즈, 식음 등)",,,2013년 6월,,,있음,1644-4001,180여개 브랜드 입점,연중무휴,가능,,,가능,[하절기 (5월~10월)]<br>- 10:30~21:00<br>[동절기 (11월~4월)]<br>- 평일(월요일~목요일) 10:30~20:30<br>- 주말(금요일~일요일) 10:30~21:00,,,,,,,,,,,,,,,,,,,,,,,,,,,,,,,,,,,,,,,,,,,,,
851832,39,,,,,,,,,,,,,,,,,0,코돈부르,히레까스 / 생선까스 / 카레우동 / 카레덮밥 / 돈까스카레덮밥 등,,,051-627-9191,,불가능,,- 11:10~21:00<br>- 준비 시간 15:00~17:00<br>- 마지막 주문 20:00,매주 일요일,,없음,,20010152052,,,,,,,,,,,,,,,,,,,,,,,,,,,,,,,,,,,,,,,,,,,,,,,,,,,,,,,,,,,,,,,,,,,,,,,,,,,,,,,,,,,,,,,,,,,,,
2838382,39,,,,,,,,,,,,,,,,,0,국밥,따로밥 / 수육밥 / 수육 등,,가능,051-244-1112,,가능,,- 09:00~21:00<br>- 마지막 주문 20:30,매주 일요일,,,,19960128069,,,,,,,,,,,,,,,,,,,,,,,,,,,,,,,,,,,,,,,,,,,,,,,,,,,,,,,,,,,,,,,,,,,,,,,,,,,,,,,,,,,,,,,,,,,,,
2867542,38,,,,,,,,,,,,,,,,,,,,,,,,,,,,,,,,,,,,,,,,,,,,,,,,,,,,,,,,,,,,,,,,,과일/ 농산물 / 수산물 / 축산물 / 의류 / 잡화 / 생필품 등,,,,,,있음,051-293-2885,,※ 매장마다 상이함,가능,,,매장마다 상이,※ 매장마다 상이함,,,,,,,,,,,,,,,,,,,,,,,,,,,,,,,,,,,,,,,,,,,,,
2622969,32,,,,,,,,,,,,,,,,,,,,,,,,,,,,,,,,,,,,,,,,,,,,,,,,,,,,,,,,,,,,,,,,,,,,,,,,,,,,,,,,,,,,10,,,15:00,12:00,,0,0,0,0,0,0,0,0,0,0,0,0,,,,불가,카카오톡 문의 > 게스트하우스싱글싱글,불가,카카오톡문의>게스트하우스싱글싱글,,1,,,,,,,,,,,,,,
2860851,39,,,,,,,,,,,,,,,,,0,뽈락세꼬시,뽈락구이 / 돌문어 등,,가능,051-747-8090,,가능,,- 월요일~토요일 12:00~22:30<br>- 일요일 12:00~21:30,연중무휴,,가능,가능,20200141004,,,,,,,,,,,,,,,,,,,,,,,,,,,,,,,,,,,,,,,,,,,,,,,,,,,,,,,,,,,,,,,,,,,,,,,,,,,,,,,,,,,,,,,,,,,,,
2759609,39,,,,,,,,,,,,,,,,,0,돼지국밥,수육백반 / 내장국밥 / 섞어국밥 등,,가능,051-628-7021,,가능,,09:00~22:00,연중무휴,,,,20150137083,,,,,,,,,,,,,,,,,,,,,,,,,,,,,,,,,,,,,,,,,,,,,,,,,,,,,,,,,,,,,,,,,,,,,,,,,,,,,,,,,,,,,,,,,,,,,
229912,12,0,0,0,051-740-1700,,,,,,,"[평일]<br>
10:00~19:00 (입장 마감 18:00)<br>
[주말]<br>
10:00~20:00 (입장 마감 19:00)",,없음,,가능,,,,,,,,,,,,,,,,,,,,,,,,,,,,,,,,,,,,,,,,,,,,,,,,,,,,,,,,,,,,,,,,,,,,,,,,,,,,,,,,,,,,,,,,,,,,,,,,,,,,,,,,,,,,,
3465024,32,,,,,,,,,,,,,,,,,,,,,,,,,,,,,,,,,,,,,,,,,,,,,,,,,,,,,,,,,,,,,,,,,,,,,,,,,,,,,,,,,,,,392객실,,,14:00 or 16:00,10:00 or 12:00,,0,0,0,0,0,0,0,0,0,0,0,0,,,,,051-660-7000,,,,,,,,,,,,,,,,,,
2503780,32,,,,,,,,,,,,,,,,,,,,,,,,,,,,,,,,,,,,,,,,,,,,,,,,,,,,,,,,,,,,,,,,,,,,,,,,,,,,,,,,,,,,310실,디럭스 / 스위트 / 커넥팅 등,,15:00,11:00,불가,1,1,1,1,0,0,1,0,0,1,0,0,,다모임 / 맥퀸즈바 / 이터널저니 카페 등,,,051-509-1111,가능,,,,,,,,,,,,,,,,,
2845149,39,,,,,,,,,,,,,,,,,0,아인슈페너,라떼슈페너 / 아메리카노 / 브런치세트 등,,,070-8804-1355,,가능,,09:00~22:00,연중무휴,,,,20170156270,,,,,,,,,,,,,,,,,,,,,,,,,,,,,,,,,,,,,,,,,,,,,,,,,,,,,,,,,,,,,,,,,,,,,,,,,,,,,,,,,,,,,,,,,,,,,
1826034,39,,,,,,,,,,,,,,,,,0,파니니 샌드위치,해운대 동백빵 / 우유식빵 / 단팥빵 / 몽블랑 등,모두 금연석,가능,051-714-7007,,,,08:00~22:00,연중무휴,,,,20120141406,,,,,,,,,,,,,,,,,,,,,,,,,,,,,,,,,,,,,,,,,,,,,,,,,,,,,,,,,,,,,,,,,,,,,,,,,,,,,,,,,,,,,,,,,,,,,
2853163,39,,,,,,,,,,,,,,,,,0,성게비빔밥,성게비빔밥 / 철판전복덮밥 / 해산물 물회 등,,,0507-1358-6161,,가능<br>요금 (무료),,"11:00~20:00 (준비 시간 15:00~16:00, 마지막 주문 19:00)",연중무휴,,가능,,20190156057,,,,,,,,,,,,,,,,,,,,,,,,,,,,,,,,,,,,,,,,,,,,,,,,,,,,,,,,,,,,,,,,,,,,,,,,,,,,,,,,,,,,,,,,,,,,,
1013709,38,,,,,,,,,,,,,,,,,,,,,,,,,,,,,,,,,,,,,,,,,,,,,,,,,,,,,,,,,,,,,,,,,신발 / 의류 / 민예품 / 건강식품 / 전통주 등,,,1950년 5월,,,,051-231-0448,,"매월 첫째, 셋째 일요일",가능,,,가능,09:00~20:00,,,,,,,,,,,,,,,,,,,,,,,,,,,,,,,,,,,,,,,,,,,,,
688610,39,,,,,,,,,,,,,,,,,0,불도장 세트,베이징덕 / 자연송이 덮밥 / 삼선짜장면 / 유니짜장면 / 라조육 등,모두 금연석,,051-747-0131,,가능<br>요금 (무료),,- 11:30~21:30<br>- 준비 시간 15:00~17:30<br>- 마지막 주문 20:30,연중무휴,,가능,,19960141009,,,,,,,,,,,,,,,,,,,,,,,,,,,,,,,,,,,,,,,,,,,,,,,,,,,,,,,,,,,,,,,,,,,,,,,,,,,,,,,,,,,,,,,,,,,,,
3464876,32,,,,,,,,,,,,,,,,,,,,,,,,,,,,,,,,,,,,,,,,,,,,,,,,,,,,,,,,,,,,,,,,,,,,,,,,,,,,,,,,,,,,360실,,,15:00,11:00,,0,0,0,0,0,0,0,0,0,0,0,0,,,,,051-409-8888,,,,,,,,,,,,,,,,,,
2865384,39,,,,,,,,,,,,,,,,,0,초코몽키,발로나라떼 / 오미자차 / 대추차 / 유자레몬에이드 등,,가능,051-809-3325,,가능,,09:00~24:00,연중무휴,,,,20140131594,,,,,,,,,,,,,,,,,,,,,,,,,,,,,,,,,,,,,,,,,,,,,,,,,,,,,,,,,,,,,,,,,,,,,,,,,,,,,,,,,,,,,,,,,,,,,
1013461,38,,,,,,,,,,,,,,,,,,,,,,,,,,,,,,,,,,,,,,,,,,,,,,,,,,,,,,,,,,,,,,,,,젓가락 / 숟가락 / 국자 / 주걱 등,,,2006년 10월 22일,지상 1층 전통품 판매점,,,051-253-3670,,연중무휴,가능,불가,,가능,10:00~18:00,,,,,,,,,,,,,,,,,,,,,,,,,,,,,,,,,,,,,,,,,,,,,
3081825,39,,,,,,,,,,,,,,,,,0,아메리카노,돌체라떼 / 딸기라떼 / 복숭아 아이스티 등,,가능,051-757-7774,,가능<br>요금 (무료),,11:00~21:00,연중무휴,,,,20040152527,,,,,,,,,,,,,,,,,,,,,,,,,,,,,,,,,,,,,,,,,,,,,,,,,,,,,,,,,,,,,,,,,,,,,,,,,,,,,,,,,,,,,,,,,,,,,
2385686,12,0,0,0,051-721-9183,,연중무휴,생태문화숲체험,,,,"09:00~18:00 (입장마감 17:00)<br>
※ 사전 예약 필수",가능<br>요금 (무료),없음,,없음,,,,,,,,,,,,,,,,,,,,,,,,,,,,,,,,,,,,,,,,,,,,,,,,,,,,,,,,,,,,,,,,,,,,,,,,,,,,,,,,,,,,,,,,,,,,,,,,,,,,,,,,,,,,,
2661452,12,0,0,0,051-792-4761,,매주 월요일,,,,,09:00~18:00 (입장 마감 16:00),가능,없음,,없음,,,,,,,,,,,,,,,,,,,,,,,,,,,,,,,,,,,,,,,,,,,,,,,,,,,,,,,,,,,,,,,,,,,,,,,,,,,,,,,,,,,,,,,,,,,,,,,,,,,,,,,,,,,,,
337415,12,0,0,0,051-543-9408,,연중무휴,,,,,상시 개방,가능,,,,,,,,,,,,,,,,,,,,,,,,,,,,,,,,,,,,,,,,,,,,,,,,,,,,,,,,,,,,,,,,,,,,,,,,,,,,,,,,,,,,,,,,,,,,,,,,,,,,,,,,,,,,,,,,
3412613,39,,,,,,,,,,,,,,,,,0,발로나크림모카,시나몬크림라떼 / 아보카도커피 / 젤라또 아이스크림 등,,,051-915-5088,,가능,,12:00~23:00 (마지막 주문 22:00),연중무휴,,,,20230165111,,,,,,,,,,,,,,,,,,,,,,,,,,,,,,,,,,,,,,,,,,,,,,,,,,,,,,,,,,,,,,,,,,,,,,,,,,,,,,,,,,,,,,,,,,,,,
2781598,39,,,,,,,,,,,,,,,,,0,누룽지 크림라떼,앙로 크림라떼 / 말차크림콜드브루 / 아메리카노 등,,가능,0507-1443-2238,,가능,,- 평일 11:30~18:30<br>- 주말 11:00~20:00,연중무휴,,,,20200149347,,,,,,,,,,,,,,,,,,,,,,,,,,,,,,,,,,,,,,,,,,,,,,,,,,,,,,,,,,,,,,,,,,,,,,,,,,,,,,,,,,,,,,,,,,,,,
2773623,39,,,,,,,,,,,,,,,,,0,파랑국수,고등어봉초밥 / 된장구이닭 / 통삼겹수육 / 튀김 등,,,010-7144-7600,,,,12:00~01:00<br>- 준비시간 15:30~17:30<br>- 점심 마지막 주문 14:30 / 저녁 마지막 주문 00:00,"매주 일요일 / 매월 2, 4번째 월요일",,가능,,20140131636,,,,,,,,,,,,,,,,,,,,,,,,,,,,,,,,,,,,,,,,,,,,,,,,,,,,,,,,,,,,,,,,,,,,,,,,,,,,,,,,,,,,,,,,,,,,,
337435,12,0,0,0,051-303-7586,,연중무휴,,,,,상시 개방,불가능,불가,,없음,,,,,,,,,,,,,,,,,,,,,,,,,,,,,,,,,,,,,,,,,,,,,,,,,,,,,,,,,,,,,,,,,,,,,,,,,,,,,,,,,,,,,,,,,,,,,,,,,,,,,,,,,,,,,
2867167,39,,,,,,,,,,,,,,,,,0,토렴국밥,따로국밥 / 수육백반 / 생생육면 등,,,0507-1358-3544,,가능,,08:00~21:00,연중무휴,,,,20010141986,,,,,,,,,,,,,,,,,,,,,,,,,,,,,,,,,,,,,,,,,,,,,,,,,,,,,,,,,,,,,,,,,,,,,,,,,,,,,,,,,,,,,,,,,,,,,
2786742,39,,,,,,,,,,,,,,,,,0,수육백반,내장수육 / 순대 / 내장국밥 등,,,051-781-2722,,가능,,- 07:00~21:40<br>- 마지막 주문 21:00,연중무휴,,,,20030141227,,,,,,,,,,,,,,,,,,,,,,,,,,,,,,,,,,,,,,,,,,,,,,,,,,,,,,,,,,,,,,,,,,,,,,,,,,,,,,,,,,,,,,,,,,,,,
2867517,39,,,,,,,,,,,,,,,,,0,순두부,"된장찌개, 김치찌개, 조기구이 등",,,051-853-8259,,가능 <br> 요금 (무료),,00:00~24:00,연중무휴,,가능,,20030131032,,,,,,,,,,,,,,,,,,,,,,,,,,,,,,,,,,,,,,,,,,,,,,,,,,,,,,,,,,,,,,,,,,,,,,,,,,,,,,,,,,,,,,,,,,,,,
2753006,39,,,,,,,,,,,,,,,,,0,버터전복구이,전복밥 / 홍게살덮밥 / 간장새우장 / 전복죽 등,,가능,0507-1358-1711,,가능,,- 11:00~20:00<br>- 준비시간(평일) 15:30~17:00<br>- 마지막 주문 19:30,연중무휴,,,,20190156199,,,,,,,,,,,,,,,,,,,,,,,,,,,,,,,,,,,,,,,,,,,,,,,,,,,,,,,,,,,,,,,,,,,,,,,,,,,,,,,,,,,,,,,,,,,,,
2832717,39,,,,,,,,,,,,,,,,,0,크림커피넛,아메리카노 / 드립커피 / 카푸치노 등,,가능,051-271-3300,,가능,,- 10:00~22:00<br>- 마지막 주문 21:00,연중무휴,,,,20200149421,,,,,,,,,,,,,,,,,,,,,,,,,,,,,,,,,,,,,,,,,,,,,,,,,,,,,,,,,,,,,,,,,,,,,,,,,,,,,,,,,,,,,,,,,,,,,
2777936,39,,,,,,,,,,,,,,,,,0,팟타이,꿍텃 / 꿰띠여우 똠양 / 뿌팟퐁커리 등,,가능,0507-1366-8183,,가능,,- 11:00~21:00<br>- 마지막 주문 19:55,연중무휴,,,,20140141315,,,,,,,,,,,,,,,,,,,,,,,,,,,,,,,,,,,,,,,,,,,,,,,,,,,,,,,,,,,,,,,,,,,,,,,,,,,,,,,,,,,,,,,,,,,,,
2844638,39,,,,,,,,,,,,,,,,,0,영광식 보리굴비 한상,해물 갈비찜 한상 / 해초 물회 막국수 / 전복 소갈비찜 한상 등,,가능,070-7543-3215,,가능<br>요금 (무료),,"[평일]<br>- 11:00~20:00<br>- 준비시간 15:00~17:00<br>- 마지막 주문 14:00, 19:00<br>[주말]<br>- 11:00~20:30<br>- 준비시간 15:30~16:30<br>- 마지막 주문 14:30, 19:30",연중무휴,,,,20190156629,,,,,,,,,,,,,,,,,,,,,,,,,,,,,,,,,,,,,,,,,,,,,,,,,,,,,,,,,,,,,,,,,,,,,,,,,,,,,,,,,,,,,,,,,,,,,
2875727,39,,,,,,,,,,,,,,,,,0,대구탕,고등어구이 정식 / 돼지고기묵은지 / 고등어묵은지 등,,가능,051-703-8683,,가능,,- 07:00~21:00<br>- 마지막 주문 20:00,매주 월요일,,,,20040141485,,,,,,,,,,,,,,,,,,,,,,,,,,,,,,,,,,,,,,,,,,,,,,,,,,,,,,,,,,,,,,,,,,,,,,,,,,,,,,,,,,,,,,,,,,,,,
2838432,39,,,,,,,,,,,,,,,,,0,맑은 엄용백 돼지국밥,진한 엄용백 돼지국밥 / 맑은 부산식 돼지국밥 / 진한 밀양식 돼지국밥 / 돼지수육과 멜조림 등,,가능,0507-1467-8093,,불가능 (인근 공영주차장 이용),,"11:30~21:30<br>(브레이크타임 15:00~17:00, 라스트오더 20:30)",연중무휴,,가능,,20200152183,,,,,,,,,,,,,,,,,,,,,,,,,,,,,,,,,,,,,,,,,,,,,,,,,,,,,,,,,,,,,,,,,,,,,,,,,,,,,,,,,,,,,,,,,,,,,
2836412,39,,,,,,,,,,,,,,,,,0,수제 바닐라빈라테,수제 오렌지&자몽에이드 / 수제 자몽허니블랙티 / 수제 레몬생강차 등,,,051-263-5055,,가능,,10:00~21:00 (마지막 주문 20:00),연중무휴,,,,20190130209,,,,,,,,,,,,,,,,,,,,,,,,,,,,,,,,,,,,,,,,,,,,,,,,,,,,,,,,,,,,,,,,,,,,,,,,,,,,,,,,,,,,,,,,,,,,,
2925797,32,,,,,,,,,,,,,,,,,,,,,,,,,,,,,,,,,,,,,,,,,,,,,,,,,,,,,,,,,,,,,,,,,,,,,,,,,,,,,,,,,,,,120실,스위트,,16:00,11:00,,0,0,0,0,0,0,0,0,0,0,0,0,,,,,051-746-1077,가능,,,객실 당 4 ~ 6인 (타입별 기준인원/최대인원 상이함),,,,,,,,,,,,,,
2868912,39,,,,,,,,,,,,,,,,,0,시즌 디너,스테이크 세트 / 런치 세트 / 봉골레 등,,가능,051-752-7300,,가능,,- 11:50~22:00<br>- 준비시간 15:30~18:00<br>- 점심 마지막 주문 14:00 / 저녁 마지막 주문 20:30,매주 월요일,,가능,가능(캐치테이블 앱),20100152005,,,,,,,,,,,,,,,,,,,,,,,,,,,,,,,,,,,,,,,,,,,,,,,,,,,,,,,,,,,,,,,,,,,,,,,,,,,,,,,,,,,,,,,,,,,,,
2872353,39,,,,,,,,,,,,,,,,,0,MIRO요거트,골드문 / 솔티카라멜슈페너 / 녹차라떼 등,,,0507-1464-0632,,가능,,12:00~18:00 (마지막 주문 17:00),매주 화요일,,가능,,20190156759,,,,,,,,,,,,,,,,,,,,,,,,,,,,,,,,,,,,,,,,,,,,,,,,,,,,,,,,,,,,,,,,,,,,,,,,,,,,,,,,,,,,,,,,,,,,,
2869896,39,,,,,,,,,,,,,,,,,0,엣지말차크림라떼,엣지수제밀크티 / 엣지헤이즐넛크림라떼 / 딸기크림라떼 등,,가능,051-703-9930,,가능,,-  08:30~22:00<br>- 마지막 주문 21:45,연중무휴,,,,20170141417,,,,,,,,,,,,,,,,,,,,,,,,,,,,,,,,,,,,,,,,,,,,,,,,,,,,,,,,,,,,,,,,,,,,,,,,,,,,,,,,,,,,,,,,,,,,,
2788444,38,,,,,,,,,,,,,,,,,,,,,,,,,,,,,,,,,,,,,,,,,,,,,,,,,,,,,,,,,,,,,,,,,식품 / 의류 / 생활 잡화 등,,,,,,있음,051-853-8952,,점포별 상이,,,,,점포별 상이,,,,,,,,,,,,,,,,,,,,,,,,,,,,,,,,,,,,,,,,,,,,,
2867674,39,,,,,,,,,,,,,,,,,0,해물탕,낙곱새 / 곱창전골 / 낙지볶음 등,,가능,051-758-8838,,가능,,11:30~21:30 (준비시간 15:00~17:30),"매주 일요일, 월요일",,가능,,20150150095,,,,,,,,,,,,,,,,,,,,,,,,,,,,,,,,,,,,,,,,,,,,,,,,,,,,,,,,,,,,,,,,,,,,,,,,,,,,,,,,,,,,,,,,,,,,,
2838755,39,,,,,,,,,,,,,,,,,0,연어덮밥,그린몬스터피자 / 로제파스타 / 크림리조또 등,,,0507-1317-9905,,불가능,,11:30~21:00 (마지막 주문 20:00),매주 일요일,,,,20160137175,,,,,,,,,,,,,,,,,,,,,,,,,,,,,,,,,,,,,,,,,,,,,,,,,,,,,,,,,,,,,,,,,,,,,,,,,,,,,,,,,,,,,,,,,,,,,
2605959,25,,,,,,,,,,,,,,,,,,,,,,,,,,,,,,,,,,,,,,,,,,,,,,,,,,,,,,,,,,,,,,,,,,,,,,,,,,,,,,,,9.3km,기타,35분,----지자체-----,,,,,,,,,,,,,,,,,,,,,,,,,,,,,,,,,,,,,,,,,
2867626,39,,,,,,,,,,,,,,,,,0,함흥식 비빔냉면,평양식 물냉면 / 밀비빔면 / 밀면 등,,,051-243-9963,,가능,,10:00~19:30,연중무휴,,,,19980128096,,,,,,,,,,,,,,,,,,,,,,,,,,,,,,,,,,,,,,,,,,,,,,,,,,,,,,,,,,,,,,,,,,,,,,,,,,,,,,,,,,,,,,,,,,,,,
2875744,39,,,,,,,,,,,,,,,,,0,삼겹로스,삼겹살 / 목살 / 한우육회 등,,,051-747-4228,,가능,,- 1층 11:30~22:30<br>- 2층 11:30~21:30,연중무휴,,,,20140141509,,,,,,,,,,,,,,,,,,,,,,,,,,,,,,,,,,,,,,,,,,,,,,,,,,,,,,,,,,,,,,,,,,,,,,,,,,,,,,,,,,,,,,,,,,,,,
2860755,39,,,,,,,,,,,,,,,,,0,점심세트,특소금구이 / 불고기 / 한우물회 등,,가능,051-702-0110,,가능,,11:30~22:00 (준비시간 15:00~16:30),연중무휴,,가능,,20080142006,,,,,,,,,,,,,,,,,,,,,,,,,,,,,,,,,,,,,,,,,,,,,,,,,,,,,,,,,,,,,,,,,,,,,,,,,,,,,,,,,,,,,,,,,,,,,
2606221,12,0,0,0,051-403-1861,,연중무휴,,,,,상시 개방,불가능,없음,,없음,,,,,,,,,,,,,,,,,,,,,,,,,,,,,,,,,,,,,,,,,,,,,,,,,,,,,,,,,,,,,,,,,,,,,,,,,,,,,,,,,,,,,,,,,,,,,,,,,,,,,,,,,,,,,
1942553,25,,,,,,,,,,,,,,,,,,,,,,,,,,,,,,,,,,,,,,,,,,,,,,,,,,,,,,,,,,,,,,,,,,,,,,,,,,,,,,,,2.30km,기타,5시간,----지자체-----,,,,,,,,,,,,,,,,,,,,,,,,,,,,,,,,,,,,,,,,,
1080734,15,,,,,,,,,,,,,,,,,,,,,,,,,,,,,,,,,,,,,,,,,,,,,부산광역시 영도구,051-403-1862<br>051-419-4062,영도문화원,,20251109,10:00~20:00,아미르공원,,,,,,,20251107,무료,,,,선택안함,선택안함,,,,,,,,,,,,,,,,,,,,,,,,,,,,,,,,,,,,,,,,,,,,,,,,,,,,,,,,,,,,
1942316,38,,,,,,,,,,,,,,,,,,,,,,,,,,,,,,,,,,,,,,,,,,,,,,,,,,,,,,,,,,,,,,,,,건어물 / 의류 / 잡화 / 과일 / 채소 등,,,,,,있음(,051-413-3111,,연중무휴,가능,없음,,없음,09:00~21:00,,,,,,,,,,,,,,,,,,,,,,,,,,,,,,,,,,,,,,,,,,,,,
1889025,25,,,,,,,,,,,,,,,,,,,,,,,,,,,,,,,,,,,,,,,,,,,,,,,,,,,,,,,,,,,,,,,,,,,,,,,,,,,,,,,,17.4km,기타,6.5시간,----지자체-----,,,,,,,,,,,,,,,,,,,,,,,,,,,,,,,,,,,,,,,,,
2869405,39,,,,,,,,,,,,,,,,,0,밀면,돼지국밥 / 순대국밥 / 수육백반 등,,가능,0507-1466-8349,,불가능,,- 10:00~20:30<br>- 마지막 주문 20:10,연중무휴,,,,20180129211,,,,,,,,,,,,,,,,,,,,,,,,,,,,,,,,,,,,,,,,,,,,,,,,,,,,,,,,,,,,,,,,,,,,,,,,,,,,,,,,,,,,,,,,,,,,,
337532,12,0,0,0,051-754-2210,,연중무휴,,,,,상시 개방,가능,불가,,없음,,,,,,,,,,,,,,,,,,,,,,,,,,,,,,,,,,,,,,,,,,,,,,,,,,,,,,,,,,,,,,,,,,,,,,,,,,,,,,,,,,,,,,,,,,,,,,,,,,,,,,,,,,,,,
2721157,12,0,0,0,중구관광안내소 051-254-5504,,연중무휴,,,,,상시개방,가능 (중앙공원공영주차장),없음,,없음,,,,,,,,,,,,,,,,,,,,,,,,,,,,,,,,,,,,,,,,,,,,,,,,,,,,,,,,,,,,,,,,,,,,,,,,,,,,,,,,,,,,,,,,,,,,,,,,,,,,,,,,,,,,,
2785266,39,,,,,,,,,,,,,,,,,0,수육백반,돼지국밥 / 순대국밥 / 섞어국밥 등,,,0507-1374-3820,,가능,,- 09:30~21:30<br>- 준비시간 15:00~17:00,매주 일요일,,,,19940144169,,,,,,,,,,,,,,,,,,,,,,,,,,,,,,,,,,,,,,,,,,,,,,,,,,,,,,,,,,,,,,,,,,,,,,,,,,,,,,,,,,,,,,,,,,,,,
2381544,25,,,,,,,,,,,,,,,,,,,,,,,,,,,,,,,,,,,,,,,,,,,,,,,,,,,,,,,,,,,,,,,,,,,,,,,,,,,,,,,,10.3km,기타,5시간,----지자체-----,,,,,,,,,,,,,,,,,,,,,,,,,,,,,,,,,,,,,,,,,
2036051,25,,,,,,,,,,,,,,,,,,,,,,,,,,,,,,,,,,,,,,,,,,,,,,,,,,,,,,,,,,,,,,,,,,,,,,,,,,,,,,,,18.69km,기타,5시간,----지자체-----,,,,,,,,,,,,,,,,,,,,,,,,,,,,,,,,,,,,,,,,,
3454074,12,0,0,0,051-780-6080,,,,,,,,,,,,,,,,,,,,,,,,,,,,,,,,,,,,,,,,,,,,,,,,,,,,,,,,,,,,,,,,,,,,,,,,,,,,,,,,,,,,,,,,,,,,,,,,,,,,,,,,,,,,,,,,,,,,,,,,
1310148,39,,,,,,,,,,,,,,,,,0,예이제코스,,모두 금연석,,051-731-1100,,가능<br>요금 (무료),2001년 07월 04일,12:00~21:20 (준비 시간 15:00~17:30),설날·추석 당일,,,,20010141729,,,,,,,,,,,,,,,,,,,,,,,,,,,,,,,,,,,,,,,,,,,,,,,,,,,,,,,,,,,,,,,,,,,,,,,,,,,,,,,,,,,,,,,,,,,,,
2699563,32,,,,,,,,,,,,,,,,,,,,,,,,,,,,,,,,,,,,,,,,,,,,,,,,,,,,,,,,,,,,,,,,,,,,,,,,,,,,,,,,,,,,4,양실,"이용일 30일전 100%, 30일부터~15일전 50%, 14일전~당일불가",15:00,11:00,가능,0,0,0,0,0,0,0,0,0,0,0,0,"공용화장실, 공용세탁실, 공용주방",,,불가,0507-1314-5070,가능,전화(0507-1314-5070),60평,33,,,,,,,,,,,,,,
2836424,39,,,,,,,,,,,,,,,,,0,오구라떼,콜크바 / 오규슈페너 / 생토마토주스 등,,가능,0507-1374-5950,,가능,,09:00~22:00 (마지막 주문 21:30),연중무휴,,가능,,20190130190,,,,,,,,,,,,,,,,,,,,,,,,,,,,,,,,,,,,,,,,,,,,,,,,,,,,,,,,,,,,,,,,,,,,,,,,,,,,,,,,,,,,,,,,,,,,,
2840998,39,,,,,,,,,,,,,,,,,0,오리 소금구이,오리 고추장불고기 / 막국수 / 어린이 주먹밥 등,,가능,0507-1486-0417,,가능,,11:30~22:00 (마지막 주문 21:00),연중무휴,,가능,가능,20200149652,,,,,,,,,,,,,,,,,,,,,,,,,,,,,,,,,,,,,,,,,,,,,,,,,,,,,,,,,,,,,,,,,,,,,,,,,,,,,,,,,,,,,,,,,,,,,
2512488,39,,,,,,,,,,,,,,,,,0,특양구이,대창구이 / 양밥 / 차돌된장찌개 / 한우양념갈비 등,모두 금연석,가능(일부 메뉴),051-742-8009,,가능<br>요금 (무료),,11:30~23:00,연중무휴,,가능,,20080141248,,,,,,,,,,,,,,,,,,,,,,,,,,,,,,,,,,,,,,,,,,,,,,,,,,,,,,,,,,,,,,,,,,,,,,,,,,,,,,,,,,,,,,,,,,,,,
2860782,39,,,,,,,,,,,,,,,,,0,꽃갈비주물럭,진짜 생갈매기살 / 오반장 김치찌개 / 꽃갈비살 등,,가능,051-747-8085,,가능,,12:00~01:00,연중무휴,,가능,,20000141082,,,,,,,,,,,,,,,,,,,,,,,,,,,,,,,,,,,,,,,,,,,,,,,,,,,,,,,,,,,,,,,,,,,,,,,,,,,,,,,,,,,,,,,,,,,,,
850847,39,,,,,,,,,,,,,,,,,0,함박스테이크,돈코츠 라멘 / 오코노미야끼 / 고로케 / 장어덮밥 등,모두 금연석,가능,051-205-8408,,가능<br>요금 (무료),,"- 영업시간 11:30~21:00<br>- 준비 시간 15:00~17:00<br>- 마지막 주문 14:30, 20:30",매주 월요일,,가능,,20020144074,,,,,,,,,,,,,,,,,,,,,,,,,,,,,,,,,,,,,,,,,,,,,,,,,,,,,,,,,,,,,,,,,,,,,,,,,,,,,,,,,,,,,,,,,,,,,
2838973,39,,,,,,,,,,,,,,,,,0,스페샬 모듬,순대모듬 / 뚝배기탕 / 돼지순대국 등,,가능,051-852-2066,,가능,,11:30~22:00,"매월 첫째, 셋째 일요일",,가능,예약 가능,19900150069,,,,,,,,,,,,,,,,,,,,,,,,,,,,,,,,,,,,,,,,,,,,,,,,,,,,,,,,,,,,,,,,,,,,,,,,,,,,,,,,,,,,,,,,,,,,,
2706774,32,,,,,,,,,,,,,,,,,,,,,,,,,,,,,,,,,,,,,,,,,,,,,,,,,,,,,,,,,,,,,,,,,,,,,,,,,,,,,,,,,,,,52실,스위트 트윈룸 / 로얄 스위트 오션 / 슈페리얼 트윈 등,,17:00,11:00,불가능,0,0,0,0,0,0,0,0,0,0,0,0,,없음,,,051-261-0600,가능,,,120,,,,,,,,,,,,,,
2844259,39,,,,,,,,,,,,,,,,,0,아메리카노,라떼 / 플렛화이트 / 바닐라라떼 등,,가능,0507-1475-8936,,가능,,- 10:00~21:00<br>- 마지막 주문 20:30,연중무휴,,,,20130156244,,,,,,,,,,,,,,,,,,,,,,,,,,,,,,,,,,,,,,,,,,,,,,,,,,,,,,,,,,,,,,,,,,,,,,,,,,,,,,,,,,,,,,,,,,,,,
128134,12,0,0,0,051-757-9066,,연중무휴,,,,,상시 개방,가능,,,,,,,,,,,,,,,,,,,,,,,,,,,,,,,,,,,,,,,,,,,,,,,,,,,,,,,,,,,,,,,,,,,,,,,,,,,,,,,,,,,,,,,,,,,,,,,,,,,,,,,,,,,,,,,,
2776276,12,0,0,0,051-727-0150,,연중무휴,,,,,상시 개방,가능,,,,,,,,,,,,,,,,,,,,,,,,,,,,,,,,,,,,,,,,,,,,,,,,,,,,,,,,,,,,,,,,,,,,,,,,,,,,,,,,,,,,,,,,,,,,,,,,,,,,,,,,,,,,,,,,
2659244,39,,,,,,,,,,,,,,,,,0,아메리카노,아메리카노 / 카페라떼 / 바닐라라떼 / 레몬에이드 / 밀크쉐이크 외,,가능,0507-1435-3656,,가능(400대),,평일 12:00~21:50(라스트 오더 21:20)<br>주말 11:30~21:50(라스트 오더 21:20),연중무휴,,가능,불가,20180156461,,,,,,,,,,,,,,,,,,,,,,,,,,,,,,,,,,,,,,,,,,,,,,,,,,,,,,,,,,,,,,,,,,,,,,,,,,,,,,,,,,,,,,,,,,,,,
3555363,15,,,,,,,,,,,,,,,,,,,,,,,,,,,,,,,,,,,,,,,,,,,,,부산광역시 수영구,051-610-4511,,,20251019,11:00~21:00,광안리 해변 일원,,,,,,,20251017,무료,,,,,,,,,,,,,,,,,,,,,,,,,,,,,,,,,,,,,,,,,,,,,,,,,,,,,,,,,,,,,,,,,
2855623,39,,,,,,,,,,,,,,,,,0,오곡슈페너,쑥크림라떼 / 흑임자크림라떼 / 패션후르츠 에이드 등,,가능,051-971-3111,,가능,,11:00~20:00,매주 화요일,,가능,,19970149049,,,,,,,,,,,,,,,,,,,,,,,,,,,,,,,,,,,,,,,,,,,,,,,,,,,,,,,,,,,,,,,,,,,,,,,,,,,,,,,,,,,,,,,,,,,,,
2037446,25,,,,,,,,,,,,,,,,,,,,,,,,,,,,,,,,,,,,,,,,,,,,,,,,,,,,,,,,,,,,,,,,,,,,,,,,,,,,,,,,8km,기타,1일,----지자체-----,,,,,,,,,,,,,,,,,,,,,,,,,,,,,,,,,,,,,,,,,
3434800,15,,,,,,,,,,,,,,,,,,,,,,,,,,,,,,,,,,,,,,,,,,,,,동래구,051-550-6642,,,20260201,17:00~23:00,부산 온천천 (도시철도 동래역 4번출구 하부 ~ 큰나무 쉼터 일원),,,,,,,20251219,무료 (푸드트럭 제외),,,,,,,,,,,,,,,,,,,,,,,,,,,,,,,,,,,,,,,,,,,,,,,,,,,,,,,,,,,,,,,,,
850880,39,,,,,,,,,,,,,,,,,0,갈빗살 양념구이,안창살 양념구이 / 생갈빗살 소금구이 외,모두 금연석,가능(일부 메뉴),051-743-3338,,가능,1997년 11월,11:30 ~ 22:00,연중무휴,,가능,전화 예약 가능 (051-743-3338),20070141512,,,,,,,,,,,,,,,,,,,,,,,,,,,,,,,,,,,,,,,,,,,,,,,,,,,,,,,,,,,,,,,,,,,,,,,,,,,,,,,,,,,,,,,,,,,,,
2605602,12,0,0,0,051-970-4066,,연중무휴,,,,,상시 개방,가능<br>요금 (무료),없음,,없음,,,,,,,,,,,,,,,,,,,,,,,,,,,,,,,,,,,,,,,,,,,,,,,,,,,,,,,,,,,,,,,,,,,,,,,,,,,,,,,,,,,,,,,,,,,,,,,,,,,,,,,,,,,,,
2868940,39,,,,,,,,,,,,,,,,,0,쿠마텐동,에비텐동 / 요이텐동 / 토마토 치즈샐러드 등,,가능,051-755-5497,,불가능,,"11:00~21:00 (브레이크타임 15:00~17:00)<br>14:00, 20:00 라스트오더","삼일절, 광복절, 명절 전날, 명절 당일",,가능,,20070152320,,,,,,,,,,,,,,,,,,,,,,,,,,,,,,,,,,,,,,,,,,,,,,,,,,,,,,,,,,,,,,,,,,,,,,,,,,,,,,,,,,,,,,,,,,,,,
2825115,28,,,,,,,,,,,,,,,,,,,,,,,,,,,,,,,,,,,,,,,,,,,,,,,,,,,,,,,,,,,,,,,,,,,,,,,,,,,,,,,,,,,,,,,,,,,,,,,,,,,,,,,,,,,,,,,,,1599-1789,,,※ 기상여건에 따라 다르므로 홈페이지 참고,09:00~22:00,,,가능,,,,가능
850891,39,,,,,,,,,,,,,,,,,0,해물쟁반짜장,해물쟁반짬뽕 / 해물짜장밥 / 탕수육 등,모두 금연석,가능,051-723-0944,,가능<br>요금 (무료),,10:00~21:00 (마지막 주문 20:20),설·추석 당일,,가능,전화 예약 문의 (051-723-0944),20040156149,,,,,,,,,,,,,,,,,,,,,,,,,,,,,,,,,,,,,,,,,,,,,,,,,,,,,,,,,,,,,,,,,,,,,,,,,,,,,,,,,,,,,,,,,,,,,
1957694,12,0,0,0,부산 중구청 관광안내소 051-254-5504,,연중무휴,,,,,상시 개방,가능,없음,,없음,,,,,,,,,,,,,,,,,,,,,,,,,,,,,,,,,,,,,,,,,,,,,,,,,,,,,,,,,,,,,,,,,,,,,,,,,,,,,,,,,,,,,,,,,,,,,,,,,,,,,,,,,,,,,
1942557,25,,,,,,,,,,,,,,,,,,,,,,,,,,,,,,,,,,,,,,,,,,,,,,,,,,,,,,,,,,,,,,,,,,,,,,,,,,,,,,,,210.51km,기타,8시간,----지자체-----,,,,,,,,,,,,,,,,,,,,,,,,,,,,,,,,,,,,,,,,,
2784325,39,,,,,,,,,,,,,,,,,0,멸치회,멸치찌개 / 갈치구이 / 갈치조림 등,,가능,0507-1370-2483,,가능,,- 09:00~20:00<br>- 마지막 주문 19:00,매주 수요일~목요일,,,,19900156008,,,,,,,,,,,,,,,,,,,,,,,,,,,,,,,,,,,,,,,,,,,,,,,,,,,,,,,,,,,,,,,,,,,,,,,,,,,,,,,,,,,,,,,,,,,,,
2822240,12,0,0,0,"공원관리실 051-607-4048<br>
전시체험관 051-607-4050",,연중무휴,,,,,"- 용호별빛공원 09:00~22:00<br>
- 전시체험관 13:00~21:00<br>
- 경관조명 : 일몰 시~22:00",불가능,,,,,,,,,,,,,,,,,,,,,,,,,,,,,,,,,,,,,,,,,,,,,,,,,,,,,,,,,,,,,,,,,,,,,,,,,,,,,,,,,,,,,,,,,,,,,,,,,,,,,,,,,,,,,,,,
2872583,39,,,,,,,,,,,,,,,,,0,한우 등심,한우 갈비살 / 한우 차돌박이 / 한우 육회 등,,가능,0507-1487-9245,,가능,,11:00~21:00 (마지막 주문 20:00),"매주 월요일 (단, 월요일이 공휴일인 경우 정상 영업)",,가능,가능(전화 문의),20090156048,,,,,,,,,,,,,,,,,,,,,,,,,,,,,,,,,,,,,,,,,,,,,,,,,,,,,,,,,,,,,,,,,,,,,,,,,,,,,,,,,,,,,,,,,,,,,
2870841,39,,,,,,,,,,,,,,,,,0,우디 크림 라떼,쉬림프 오일 파스타 / 우디 스윗 라떼 / 쏠티 초코 라떼 등,,가능,0507-1306-2593,,가능,,- 평일 11:00~19:00 (마지막 주문 18:30)<br>- 주말 11:00~21:00 (마지막 주문 20:30),매주 월요일,,가능,,20220196213,,,,,,,,,,,,,,,,,,,,,,,,,,,,,,,,,,,,,,,,,,,,,,,,,,,,,,,,,,,,,,,,,,,,,,,,,,,,,,,,,,,,,,,,,,,,,
1889309,25,,,,,,,,,,,,,,,,,,,,,,,,,,,,,,,,,,,,,,,,,,,,,,,,,,,,,,,,,,,,,,,,,,,,,,,,,,,,,,,,15.8km(금정산성 걷기 5.3km 포함),기타,6시간,----지자체-----,,,,,,,,,,,,,,,,,,,,,,,,,,,,,,,,,,,,,,,,,
2869936,39,,,,,,,,,,,,,,,,,0,한우 등심,한우 안거미살 / 무쇠철판비빔밥 / 한우 차돌샤브전골 등,,가능,0507-1385-0641,,가능,,"[평일]<br>- 11:30~22:00<br>- 준비시간 15:00~17:00<br>- 마지막 주문 14:00, 21:00<br>[주말]<br>- 11:30~22:00<br>- 준비시간 16:00~17:00<br>- 마지막 주문 15:00, 21:00",연중무휴,,,,20160141122,,,,,,,,,,,,,,,,,,,,,,,,,,,,,,,,,,,,,,,,,,,,,,,,,,,,,,,,,,,,,,,,,,,,,,,,,,,,,,,,,,,,,,,,,,,,,
2869323,39,,,,,,,,,,,,,,,,,0,삼계탕,,,,051-751-2984,,불가능,,11:00~20:00,매주 일요일,,가능,,19850152058,,,,,,,,,,,,,,,,,,,,,,,,,,,,,,,,,,,,,,,,,,,,,,,,,,,,,,,,,,,,,,,,,,,,,,,,,,,,,,,,,,,,,,,,,,,,,
2853185,39,,,,,,,,,,,,,,,,,0,꽃등심,갈비살 / 꽃살 / 안거미 / 육회 등,,,051-721-0052,,가능,,11:00~21:00 (주중 브레이크타임 15:00~16:30 / 라스트오더 20:00),연중무휴,,가능,,20060156213,,,,,,,,,,,,,,,,,,,,,,,,,,,,,,,,,,,,,,,,,,,,,,,,,,,,,,,,,,,,,,,,,,,,,,,,,,,,,,,,,,,,,,,,,,,,,
346661,12,0,0,0,051-313-3300,,연중무휴,템플스테이,,,,상시 개방,가능<br>요금 (무료),,,,,,,,,,,,,,,,,,,,,,,,,,,,,,,,,,,,,,,,,,,,,,,,,,,,,,,,,,,,,,,,,,,,,,,,,,,,,,,,,,,,,,,,,,,,,,,,,,,,,,,,,,,,,,,,
2721176,25,,,,,,,,,,,,,,,,,,,,,,,,,,,,,,,,,,,,,,,,,,,,,,,,,,,,,,,,,,,,,,,,,,,,,,,,,,,,,,,,95.4km,기타,2시간 13분,----지자체-----,,,,,,,,,,,,,,,,,,,,,,,,,,,,,,,,,,,,,,,,,
3443614,39,,,,,,,,,,,,,,,,,0,"크림브륄레 빙수(원시인빙수,1인) , 크리스마스 빙수, 미타라시 당고 3pcs, 불을 발견한 원시인(2인)",,,포장 가능함,0507-1333-6043,,,,월~일 11:00 - 21:00,매주 목요일 정기휴무,,,,,,,,,,,,,,,,,,,,,,,,,,,,,,,,,,,,,,,,,,,,,,,,,,,,,,,,,,,,,,,,,,,,,,,,,,,,,,,,,,,,,,,,,,,,,,,,,
850932,39,,,,,,,,,,,,,,,,,0,매떡,순떡 / 튀김 / 빙수 등,모두 금연석,가능,051-633-0166,,불가능,1982년 07월,10:00~20:50,매주 월요일,,가능,,20040131509,,,,,,,,,,,,,,,,,,,,,,,,,,,,,,,,,,,,,,,,,,,,,,,,,,,,,,,,,,,,,,,,,,,,,,,,,,,,,,,,,,,,,,,,,,,,,
2867662,39,,,,,,,,,,,,,,,,,0,발국수,완당 / 돌우동 / 유부초밥 등,,가능,0507-1348-3391,,가능,,10:30~19:30 (마지막 주문 19:00),매주 월요일,,가능,,19650128006,,,,,,,,,,,,,,,,,,,,,,,,,,,,,,,,,,,,,,,,,,,,,,,,,,,,,,,,,,,,,,,,,,,,,,,,,,,,,,,,,,,,,,,,,,,,,
2875761,39,,,,,,,,,,,,,,,,,0,석대추어탕,가오리찜 / 논고동찜 등,,가능,051-523-7819,,가능,,08:30~21:00,매주 화요일,,가능,,19940141132,,,,,,,,,,,,,,,,,,,,,,,,,,,,,,,,,,,,,,,,,,,,,,,,,,,,,,,,,,,,,,,,,,,,,,,,,,,,,,,,,,,,,,,,,,,,,
134718,39,,,,,,,,,,,,,,,,,0,곰장어 양념구이,곰장어 소금구이 / 곰장어 통구이 등,모두 금연석,,051-554-8400,,가능<br>요금 (무료),1990년,16:00~24:00 (마지막 주문 23:10),연중무휴,,가능,전화 예약 가능 (051-554-8400~1),20050134165,,,,,,,,,,,,,,,,,,,,,,,,,,,,,,,,,,,,,,,,,,,,,,,,,,,,,,,,,,,,,,,,,,,,,,,,,,,,,,,,,,,,,,,,,,,,,
2841018,39,,,,,,,,,,,,,,,,,0,월남 면반 쌀국수,직화 닭구이 쌀국수 / 분짜 / 반세오 등,,가능,0507-1318-1129,,가능,,- 11:00~20:50<br>- 준비 시간 15:00~17:00<br>- 점심 마지막 주문 14:40 / 저녁 마지막 주문 19:50,연중무휴,,가능,,20170149453,,,,,,,,,,,,,,,,,,,,,,,,,,,,,,,,,,,,,,,,,,,,,,,,,,,,,,,,,,,,,,,,,,,,,,,,,,,,,,,,,,,,,,,,,,,,,
347229,12,0,0,0,051-721-0123,,연중무휴,,,,,상시 개방,가능,,,,,,,,,,,,,,,,,,,,,,,,,,,,,,,,,,,,,,,,,,,,,,,,,,,,,,,,,,,,,,,,,,,,,,,,,,,,,,,,,,,,,,,,,,,,,,,,,,,,,,,,,,,,,,,,
2872610,39,,,,,,,,,,,,,,,,,0,붕장어회,장어구이 / 모둠회 / 자연산회 등,,,051-727-0467,,가능,,10:30~20:00 (마지막 주문 19:00),"매월 첫째, 셋째 월요일",,가능,,20000156052,,,,,,,,,,,,,,,,,,,,,,,,,,,,,,,,,,,,,,,,,,,,,,,,,,,,,,,,,,,,,,,,,,,,,,,,,,,,,,,,,,,,,,,,,,,,,
2852185,39,,,,,,,,,,,,,,,,,0,소금커피,피칸 무화과 파운드 / 루꼴라 샌드위치 / 르뱅쿠키 라떼 등,,,0507-1375-5356,,가능,,11:00~21:00 (마지막 주문 20:30),연중무휴,,가능,,19890156048,,,,,,,,,,,,,,,,,,,,,,,,,,,,,,,,,,,,,,,,,,,,,,,,,,,,,,,,,,,,,,,,,,,,,,,,,,,,,,,,,,,,,,,,,,,,,
2574073,32,,,,,,,,,,,,,,,,,,,,,,,,,,,,,,,,,,,,,,,,,,,,,,,,,,,,,,,,,,,,,,,,,,,,,,,,,,,,,,,,,,,,1,한실,전화문의,10:00,09:00,가능,0,0,0,0,0,0,0,0,0,0,0,0,,,,불가,010-9872-5869,가능,전화(010-9872-5869),112.2㎡,5,,,,,,,,,,,,,,
3001170,15,,,,,,,,,,,,,,,,,,,,,,,,,,,,,,,,,,,,,,,,,,,,,부산 중구청,051-714-4674,,,20250913,17:00~22:00,유라리광장(남포동 영도대교 앞),,,,,,,20250912,무료,,,,선택안함,선택안함,,,,,,,,,,,,,,,,,,,,,,,,,,,,,,,,,,,,,,,,,,,,,,,,,,,,,,,,,,,,
2852200,39,,,,,,,,,,,,,,,,,0,금귤에이드,허니생강레몬티 / 소금빵 / 드립커피 등,,가능,051-728-4642,,가능,,10:30~21:30 (마지막 주문 21:00),설·추석 당일,,가능,,20190156283,,,,,,,,,,,,,,,,,,,,,,,,,,,,,,,,,,,,,,,,,,,,,,,,,,,,,,,,,,,,,,,,,,,,,,,,,,,,,,,,,,,,,,,,,,,,,
2758498,12,0,0,0,051-727-3766,,연중무휴,,,,,상시 개방 (방문 전 문의),가능<br>요금 (무료),없음,,없음,,,,,,,,,,,,,,,,,,,,,,,,,,,,,,,,,,,,,,,,,,,,,,,,,,,,,,,,,,,,,,,,,,,,,,,,,,,,,,,,,,,,,,,,,,,,,,,,,,,,,,,,,,,,,
2870394,39,,,,,,,,,,,,,,,,,0,돼지양념갈비,돼지목살 / 된장찌개 / 삼겹살 등,,,051-467-4303,,불가능,,11:00~22:00,매월 두번째 화요일,,,,19770129024,,,,,,,,,,,,,,,,,,,,,,,,,,,,,,,,,,,,,,,,,,,,,,,,,,,,,,,,,,,,,,,,,,,,,,,,,,,,,,,,,,,,,,,,,,,,,
1748028,14,,,,,,,,,,,,,,,,,,,,,,,,,,,,,,,,,※ 공연마다 상이하므로 전화문의 요망,,,,051-220-5801,,※ 공연마다 상이하므로 전화문의 요망,※ 공연마다 상이하므로 전화문의 요망,가능,불가,,가능,,,,,,,,,,,,,,,,,,,,,,,,,,,,,,,,,,,,,,,,,,,,,,,,,,,,,,,,,,,,,,,,,,,,,,,,,,,,,,,,
2726193,39,,,,,,,,,,,,,,,,,0,떡볶이튀김세트,어묵 / 튀김 / 핫도그 등,,가능,051-245-0413,,불가능,,10:00~19:30<br>※ 자세한 사항은 전화문의 요망,매주 일요일,,가능,,20180126240,,,,,,,,,,,,,,,,,,,,,,,,,,,,,,,,,,,,,,,,,,,,,,,,,,,,,,,,,,,,,,,,,,,,,,,,,,,,,,,,,,,,,,,,,,,,,
2875783,39,,,,,,,,,,,,,,,,,0,양곰탕,특섞어 곰탕 / 수육 / 곰탕 등,,가능,051-742-6421,,가능,,00:00~24:00,연중무휴,,,,20060141613,,,,,,,,,,,,,,,,,,,,,,,,,,,,,,,,,,,,,,,,,,,,,,,,,,,,,,,,,,,,,,,,,,,,,,,,,,,,,,,,,,,,,,,,,,,,,
1942314,14,,,,,,,,,,,,,,,,,,,,,,,,,,,,,,,,,무료,,,,051-468-0289,200명,10:00~19:00,매주 월요일,불가능,없음,,없음,,,,,,,,,,,,,,,,,,,,,,,,,,,,,,,,,,,,,,,,,,,,,,,,,,,,,,,,,,,,,,,,,,,,,,,,,,,,,,,,
1942566,25,,,,,,,,,,,,,,,,,,,,,,,,,,,,,,,,,,,,,,,,,,,,,,,,,,,,,,,,,,,,,,,,,,,,,,,,,,,,,,,,2.37km,기타,5시간,----지자체-----,,,,,,,,,,,,,,,,,,,,,,,,,,,,,,,,,,,,,,,,,
2607423,32,,,,,,,,,,,,,,,,,,,,,,,,,,,,,,,,,,,,,,,,,,,,,,,,,,,,,,,,,,,,,,,,,,,,,,,,,,,,,,,,,,,,11,한실,"이용일 5일전 100%, 4일전 80%, 3일전 60%, 2일전 40%, 1일전 20%, 당일 및 No-Show 불가, 취소, 시 수수료가 발생 가능",15:00,11:00,불가,0,0,0,0,1,0,1,1,0,0,0,0,,있음,,불가,051-467-0289,불가,전화(051-467-0289),2층 단독건물,34,,,,,,,,,,,,,,
1428723,32,,,,,,,,,,,,,,,,,,,,,,,,,,,,,,,,,,,,,,,,,,,,,,,,,,,,,,,,,,,,,,,,,,,,,,,,,,,,,,,,,,,,207,스탠다드 / 디럭스,,14:00,12:00,,1,0,0,0,1,0,0,0,0,0,0,0,,,,,051-930-1100,가능,,,,,,,,,,,,,,,,,
3533169,32,,,,,,,,,,,,,,,,,,,,,,,,,,,,,,,,,,,,,,,,,,,,,,,,,,,,,,,,,,,,,,,,,,,,,,,,,,,,,,,,,,,,2,양실,온라인 예약 시 해당 업체의 환불 규정에 따름,15:00,11:00,가능,0,0,0,0,0,0,0,0,0,0,0,0,뒷마당,,https://www.airbnb.co.kr/users/show/580763294,불가,,가능,가능(에어비앤비예약),,,,,,,,,,,,,,,,
2838418,39,,,,,,,,,,,,,,,,,0,발렌타인,오리온더비치 / 아메리카노 / 카페라떼 등,,가능,0507-1409-8881,,가능,,- 10:00~21:30<br>- 마지막 주문 21:00,연중무휴,,,,20220157017,,,,,,,,,,,,,,,,,,,,,,,,,,,,,,,,,,,,,,,,,,,,,,,,,,,,,,,,,,,,,,,,,,,,,,,,,,,,,,,,,,,,,,,,,,,,,
2836450,39,,,,,,,,,,,,,,,,,0,이재모 크러스트,크러스트 왕새우 / 불고기피자 / 오븐불고기스파게티 / 오븐치즈스파게티 등,,가능,051-255-9494,,불가능,,10:00~21:10 (마지막 주문 20:30)<br>※ 웨이팅 상황에 따라 조기 마감 가능성 있음,매주 일요일,,가능,,19950126206,,,,,,,,,,,,,,,,,,,,,,,,,,,,,,,,,,,,,,,,,,,,,,,,,,,,,,,,,,,,,,,,,,,,,,,,,,,,,,,,,,,,,,,,,,,,,
2841029,39,,,,,,,,,,,,,,,,,0,아메리카노,카페라떼 / 바닐라라떼 / 돌체라떼 등,,가능,051-941-1677,,가능,,10:00~21:00,연중무휴,,,,20200149446,,,,,,,,,,,,,,,,,,,,,,,,,,,,,,,,,,,,,,,,,,,,,,,,,,,,,,,,,,,,,,,,,,,,,,,,,,,,,,,,,,,,,,,,,,,,,
2852402,39,,,,,,,,,,,,,,,,,0,수제 쇠고기 함박스테이크,브런치 플래터 / 누룽지 아이스크림 / 카멜커피 등,,,051-206-6201,,가능,,10:00~22:00 (마지막 주문 21:30),연중무휴,,가능,,20210144800,,,,,,,,,,,,,,,,,,,,,,,,,,,,,,,,,,,,,,,,,,,,,,,,,,,,,,,,,,,,,,,,,,,,,,,,,,,,,,,,,,,,,,,,,,,,,
2832723,39,,,,,,,,,,,,,,,,,0,리오나커피,아메리카노 / 명란파스타 / 소금빵 / 카페라떼 등,,,0507-1371-2825,,가능,,주말 11:00~20:00,매주 월요일~금요일<br>※현재 임시휴무 중이므로 전화 문의 후 방문 요망,,,,20180149396,,,,,,,,,,,,,,,,,,,,,,,,,,,,,,,,,,,,,,,,,,,,,,,,,,,,,,,,,,,,,,,,,,,,,,,,,,,,,,,,,,,,,,,,,,,,,
2845027,39,,,,,,,,,,,,,,,,,0,멸치회,멸치찌개 / 모듬회 / 짚불곰장어 등,,가능,0507-1395-1820,,가능,,- 평일 10:00~20:30<br>- 주말 09:30~21:00,매주 수요일,,,,19880156026,,,,,,,,,,,,,,,,,,,,,,,,,,,,,,,,,,,,,,,,,,,,,,,,,,,,,,,,,,,,,,,,,,,,,,,,,,,,,,,,,,,,,,,,,,,,,
2847877,39,,,,,,,,,,,,,,,,,0,버블와플,아메리카노 / 카페라떼 / 나무라떼 등,,,051-723-6556,,가능,,- 11:00~21:00<br>- 마지막 주문 20:30,매주 화요일,,,,20180156690,,,,,,,,,,,,,,,,,,,,,,,,,,,,,,,,,,,,,,,,,,,,,,,,,,,,,,,,,,,,,,,,,,,,,,,,,,,,,,,,,,,,,,,,,,,,,
2844677,39,,,,,,,,,,,,,,,,,0,찐빵,쑥찐빵 / 김치왕만두 / 고기교자 등,,가능,0507-1477-0870,,불가능,,08:10~23:00,연중무휴,,,,20100156076,,,,,,,,,,,,,,,,,,,,,,,,,,,,,,,,,,,,,,,,,,,,,,,,,,,,,,,,,,,,,,,,,,,,,,,,,,,,,,,,,,,,,,,,,,,,,
2872634,39,,,,,,,,,,,,,,,,,0,생선회,,,,051-724-4961,,가능,,10:00~22:00,연중무휴,,가능,,20050156155,,,,,,,,,,,,,,,,,,,,,,,,,,,,,,,,,,,,,,,,,,,,,,,,,,,,,,,,,,,,,,,,,,,,,,,,,,,,,,,,,,,,,,,,,,,,,
2848952,39,,,,,,,,,,,,,,,,,0,소매운갈비찜,청담한우불고기 / 소갈비찜 / 열무국수 등,,가능,0507-1372-5747,,가능,,- 10:00~20:30<br>- 마지막 주문 19:30,매주 수요일,,,,20150156178,,,,,,,,,,,,,,,,,,,,,,,,,,,,,,,,,,,,,,,,,,,,,,,,,,,,,,,,,,,,,,,,,,,,,,,,,,,,,,,,,,,,,,,,,,,,,
1805656,39,,,,,,,,,,,,,,,,,0,곰장어 소금구이,곰장어 양념구이 / 통구이,모두 금연석,가능,051-743-5340,,불가능,,11:00~01:00,연중무휴,,가능,,20040141335,,,,,,,,,,,,,,,,,,,,,,,,,,,,,,,,,,,,,,,,,,,,,,,,,,,,,,,,,,,,,,,,,,,,,,,,,,,,,,,,,,,,,,,,,,,,,
2608181,39,,,,,,,,,,,,,,,,,0,밀면,뼈삼겹갈비 / 일송돼지갈비 / 갈비탕 등,모두 금연석,가능,0507-1466-3449,,가능,,11:00~21:30 (마지막 주문 21:00),공휴일 / 설·추석 연휴,,가능,,19980147357,,,,,,,,,,,,,,,,,,,,,,,,,,,,,,,,,,,,,,,,,,,,,,,,,,,,,,,,,,,,,,,,,,,,,,,,,,,,,,,,,,,,,,,,,,,,,
851955,39,,,,,,,,,,,,,,,,,0,한우 생갈비,한우 갈빗살 / 한우 등심 / 한우 모둠 스페셜 / 한우 특수부위 등,모두 금연석,가능(일부 메뉴),051-747-9900,,가능<br>요금 (무료),2003년 10월,07:30~23:00 (마지막 주문 22:00),연중무휴,,가능,,20030141668,,,,,,,,,,,,,,,,,,,,,,,,,,,,,,,,,,,,,,,,,,,,,,,,,,,,,,,,,,,,,,,,,,,,,,,,,,,,,,,,,,,,,,,,,,,,,
3533143,32,,,,,,,,,,,,,,,,,,,,,,,,,,,,,,,,,,,,,,,,,,,,,,,,,,,,,,,,,,,,,,,,,,,,,,,,,,,,,,,,,,,,1,양실,온라인 예약 시 해당 업체의 환불 규정에 따름,15:00,11:00,가능,0,0,0,0,0,0,0,0,0,0,0,0,,,https://www.airbnb.co.kr/rooms/1387586113295186899,불가,010-3160-0408,,가능(에어비엔비예약),,,,,,,,,,,,,,,,
3064821,12,0,0,0,051-241-0909,,매주 화요일,,,,,"[하절기(4월~10월)]<br>
11시 / 14시 / 16시 / 18시 / 20시<br>
[동절기(11월~3월]<br>
11시 / 14시 / 16시 / 18시",가능,,,,,,,,,,,,,,,,,,,,,,,,,,,,,,,,,,,,,,,,,,,,,,,,,,,,,,,,,,,,,,,,,,,,,,,,,,,,,,,,,,,,,,,,,,,,,,,,,,,,,,,,,,,,,,,,
2872517,39,,,,,,,,,,,,,,,,,0,낙지짬뽕,짬뽕 / 불짜장 / 우동 / 볶음밥 / 탕수육 등,,,0507-1374-3044,,가능,,10:00~19:00,매주 월요일,,,,20080149102,,,,,,,,,,,,,,,,,,,,,,,,,,,,,,,,,,,,,,,,,,,,,,,,,,,,,,,,,,,,,,,,,,,,,,,,,,,,,,,,,,,,,,,,,,,,,
2788406,39,,,,,,,,,,,,,,,,,0,돼지국밥,순대국밥 / 수육백반 / 수육 등,,가능,051-752-1912,,불가능,,10:00~20:00 (준비시간 15:00~16:00),매주 일요일,,가능,불가능,20030152151,,,,,,,,,,,,,,,,,,,,,,,,,,,,,,,,,,,,,,,,,,,,,,,,,,,,,,,,,,,,,,,,,,,,,,,,,,,,,,,,,,,,,,,,,,,,,
2844687,39,,,,,,,,,,,,,,,,,0,멸치회무침,멸치찌개 / 멸치조림 / 멸치튀김 등,,가능,051-721-2148,,가능,,- 09:30~20:00<br>- 마지막 주문 19:30,,,,,19770156017,,,,,,,,,,,,,,,,,,,,,,,,,,,,,,,,,,,,,,,,,,,,,,,,,,,,,,,,,,,,,,,,,,,,,,,,,,,,,,,,,,,,,,,,,,,,,
1945293,14,,,,,,,,,,,,,,,,,,,,,,,,,,,,,,,,,무료,,30분,무료,051-468-1248,,"- 화요일~토요일 10:00~19:00<br>
- 일요일 09:00~18:00",매주 월요일,가능 (소형 3대),,,,,,,,,,,,,,,,,,,,,,,,,,,,,,,,,,,,,,,,,,,,,,,,,,,,,,,,,,,,,,,,,,,,,,,,,,,,,,,,,,,
2872496,39,,,,,,,,,,,,,,,,,0,민물장어 소금구이,시래기된장 / 민물장어 중탕액 / 민물장어 어묵 등,,가능,051-971-8077,,가능,,- 11:00~21:00<br>- 마지막 주문 20:00,연중무휴,,,,20000149003,,,,,,,,,,,,,,,,,,,,,,,,,,,,,,,,,,,,,,,,,,,,,,,,,,,,,,,,,,,,,,,,,,,,,,,,,,,,,,,,,,,,,,,,,,,,,
2788451,38,,,,,,,,,,,,,,,,,,,,,,,,,,,,,,,,,,,,,,,,,,,,,,,,,,,,,,,,,,,,,,,,,식품 / 의류 / 생활잡화 등,,,매일,,,있음,051-263-6886,,점포별 상이,가능,,,,점포별 상이,,,,,,,,,,,,,,,,,,,,,,,,,,,,,,,,,,,,,,,,,,,,,
2614727,12,0,0,0,051-749-4842,,연중무휴,,,,,상시 개방,가능,없음,,없음,,,,,,,,,,,,,,,,,,,,,,,,,,,,,,,,,,,,,,,,,,,,,,,,,,,,,,,,,,,,,,,,,,,,,,,,,,,,,,,,,,,,,,,,,,,,,,,,,,,,,,,,,,,,,
851073,39,,,,,,,,,,,,,,,,,0,짜장면,삼선짬뽕 / 잡채밥 / 마파두부 등,모두 금연석,가능,051-467-4496,,가능,,11:00~21:30,연중무휴,,가능,전화 예약 가능 (051-467-4496),19710129011,,,,,,,,,,,,,,,,,,,,,,,,,,,,,,,,,,,,,,,,,,,,,,,,,,,,,,,,,,,,,,,,,,,,,,,,,,,,,,,,,,,,,,,,,,,,,
2785970,39,,,,,,,,,,,,,,,,,0,해녀밥,바다하나 / 전복구이 / 해산물 모듬 등,,,0507-1482-2427,,가능,,- 09:00~20:20<br>- 마지막 주문 20:00,연중무휴,,,,19920156120,,,,,,,,,,,,,,,,,,,,,,,,,,,,,,,,,,,,,,,,,,,,,,,,,,,,,,,,,,,,,,,,,,,,,,,,,,,,,,,,,,,,,,,,,,,,,
2758489,12,0,0,0,051-709-4085,,연중무휴,,,,,상시 개방,가능<rb>요금 (무료),없음,,없음,,,,,,,,,,,,,,,,,,,,,,,,,,,,,,,,,,,,,,,,,,,,,,,,,,,,,,,,,,,,,,,,,,,,,,,,,,,,,,,,,,,,,,,,,,,,,,,,,,,,,,,,,,,,,
2668119,39,,,,,,,,,,,,,,,,,0,돼지국밥,순대국밥 / 섞어국밥 / 따로국밥,,,051-418-0526,,,,08:00~21:00,매주 월요일,,가능,,19970130231,,,,,,,,,,,,,,,,,,,,,,,,,,,,,,,,,,,,,,,,,,,,,,,,,,,,,,,,,,,,,,,,,,,,,,,,,,,,,,,,,,,,,,,,,,,,,
2759593,39,,,,,,,,,,,,,,,,,0,아귀찜,아귀수육,,가능,051-721-1093,,가능,,11:00~20:00,"매주 수요일<br>※ 단, 공휴일일 경우 정상 영업",,가능,051-721-1093,20010156005,,,,,,,,,,,,,,,,,,,,,,,,,,,,,,,,,,,,,,,,,,,,,,,,,,,,,,,,,,,,,,,,,,,,,,,,,,,,,,,,,,,,,,,,,,,,,
2944033,12,0,0,0,부산진구청 경제관광과 051-605-4482,,,,,,,상시 개방,,,,,,,,,,,,,,,,,,,,,,,,,,,,,,,,,,,,,,,,,,,,,,,,,,,,,,,,,,,,,,,,,,,,,,,,,,,,,,,,,,,,,,,,,,,,,,,,,,,,,,,,,,,,,,,,,
2994179,12,0,0,0,부산진구청 경제관광과 051-605-4522,,매장별로 상이함,,,,,매장별로 상이함,매장별로 상이함,없음,,가능,,,,,,,,,,,,,,,,,,,,,,,,,,,,,,,,,,,,,,,,,,,,,,,,,,,,,,,,,,,,,,,,,,,,,,,,,,,,,,,,,,,,,,,,,,,,,,,,,,,,,,,,,,,,,
3018117,15,,,,,,,,,,,,,,,,,,,,,,,,,,,,,,,,,,,,,,,,,,,,,부산진구,051-605-4522,,,20251019,10.17~18 12:00~20:00<br>10.19 12:00~18:00,"전포카페거리, 전포사잇길, 전포공구길 일원",,,,,,,20251017,무료,,,,,,,,,,,,,,,,,,,,,,,,,,,,,,,,,,,,,,,,,,,,,,,,,,,,,,,,,,,,,,,,,
252561,12,0,0,0,부산 영도구청 문화관광과 051-419-4064,,연중무휴,,,,,상시 개방,가능,,,,,,,,,,,,,,,,,,,,,,,,,,,,,,,,,,,,,,,,,,,,,,,,,,,,,,,,,,,,,,,,,,,,,,,,,,,,,,,,,,,,,,,,,,,,,,,,,,,,,,,,,,,,,,,,
2556598,14,,,,,,,,,,,,,,,,,,,,,,,,,,,,,,,,,무료,,,,051-720-6900,,9:00~18:00 (입장 마감 17:00),"매주 월요일 (단, 월요일이 공휴일인 경우 그 다음 평일 휴관) / 1월 1일",가능,,,,,,,,,,,,,,,,,,,,,,,,,,,,,,,,,,,,,,,,,,,,,,,,,,,,,,,,,,,,,,,,,,,,,,,,,,,,,,,,,,,
2776286,38,,,,,,,,,,,,,,,,,,,,,,,,,,,,,,,,,,,,,,,,,,,,,,,,,,,,,,,,,,,,,,,,,식품 / 잡화 / 의류 등,,"2일, 7일, 12일, 17일, 22일, 27일","5, 10일",,,있음,051-728-8957,,점포별 상이,가능,,,,점포별 상이,,,,,,,,,,,,,,,,,,,,,,,,,,,,,,,,,,,,,,,,,,,,,
851104,39,,,,,,,,,,,,,,,,,0,웰빙정림스페셜,웰빙건강정찬 / 행복밥상 / 정림정찬 등,모두 금연석,,051-552-1211,,가능,,11:30~21:00 (준비시간 15:00~17:00),연중무휴,,가능,,20040134123,,,,,,,,,,,,,,,,,,,,,,,,,,,,,,,,,,,,,,,,,,,,,,,,,,,,,,,,,,,,,,,,,,,,,,,,,,,,,,,,,,,,,,,,,,,,,
3083428,32,,,,,,,,,,,,,,,,,,,,,,,,,,,,,,,,,,,,,,,,,,,,,,,,,,,,,,,,,,,,,,,,,,,,,,,,,,,,,,,,,,,,80실,스탠다드 / 디럭스 / 프리미엄 / 스위트,,15:00,11:00,,1,0,0,0,0,0,0,0,0,0,0,0,,,,,051-750-9000,가능,,,,,,,,,,,,,,,,,
2873468,39,,,,,,,,,,,,,,,,,0,까치복코스,참복코스 / 밀복매운탕 / 까치복 수육 등,,가능,051-405-5050,,가능,,[평일]<br>- 10:00~20:30<br>- 준비시간 15:00~17:00<br>[주말]<br>- 09:00~21:00,연중무휴,,,,19980130128,,,,,,,,,,,,,,,,,,,,,,,,,,,,,,,,,,,,,,,,,,,,,,,,,,,,,,,,,,,,,,,,,,,,,,,,,,,,,,,,,,,,,,,,,,,,,
2844698,39,,,,,,,,,,,,,,,,,0,제주항스페셜,통갈치조림 / 통구이 / 일반 갈치찌개 등,,,0507-1342-4564,,가능,,- 09:00~21:00<br>- 준비시간 16:00~17:00<br>- 마지막 주문 20:30<br>※ 월요일~수요일은 준비시간 없이 운영,연중무휴,,,,20180156132,,,,,,,,,,,,,,,,,,,,,,,,,,,,,,,,,,,,,,,,,,,,,,,,,,,,,,,,,,,,,,,,,,,,,,,,,,,,,,,,,,,,,,,,,,,,,
1013721,38,,,,,,,,,,,,,,,,,,,,,,,,,,,,,,,,,,,,,,,,,,,,,,,,,,,,,,,,,,,,,,,,,공구 / 조명기구 / 특수 조명 / 자재 / 문구 / 가전,,,1950년 5월,,,,국제시장 051-245-7389,,매장별로 상이함,가능,,,,매장별로 상이함,,,,,,,,,,,,,,,,,,,,,,,,,,,,,,,,,,,,,,,,,,,,,
850558,39,,,,,,,,,,,,,,,,,0,낙지볶음,낙새 / 낙곱 / 낙곱새 등,모두 금연석,가능(일부 메뉴),051-642-1041,,,,11:00~20:00<br>※ 자세한 사항은 전화문의 요망,연중무휴<br>※ 자세한 사항은 전화문의 요망,,가능,전화 예약 가능 (051-642-1041),19920131370,,,,,,,,,,,,,,,,,,,,,,,,,,,,,,,,,,,,,,,,,,,,,,,,,,,,,,,,,,,,,,,,,,,,,,,,,,,,,,,,,,,,,,,,,,,,,
2853231,39,,,,,,,,,,,,,,,,,0,모듬숯불구이,육회 / 즉석불고기 / 특수부위 등,,가능,051-637-2000,,가능<br>요금 (무료),,11:30~22:00,매주 일요일,,,,20140129176,,,,,,,,,,,,,,,,,,,,,,,,,,,,,,,,,,,,,,,,,,,,,,,,,,,,,,,,,,,,,,,,,,,,,,,,,,,,,,,,,,,,,,,,,,,,,
130642,14,,,,,,,,,,,,,,,,,,,,,,,,,,,,,,,,,무료,,약 30분,,051-747-8853,,10:30~18:30,매주 월요일,가능,,,,,,,,,,,,,,,,,,,,,,,,,,,,,,,,,,,,,,,,,,,,,,,,,,,,,,,,,,,,,,,,,,,,,,,,,,,,,,,,,,,
2875886,38,,,,,,,,,,,,,,,,,,,,,,,,,,,,,,,,,,,,,,,,,,,,,,,,,,,,,,,,,,,,,,,,,채소 / 과일 / 생선 / 농산물 / 수산물 / 축산물 등,,,,,,있음,051-703-3337,,※ 점포마다 상이함,가능,,,,※ 점포마다 상이함,,,,,,,,,,,,,,,,,,,,,,,,,,,,,,,,,,,,,,,,,,,,,
1304515,38,,,,,,,,,,,,,,,,,,,,,,,,,,,,,,,,,,,,,,,,,,,,,,,,,,,,,,,,,,,,,,,,,주방가구 / 거실가구 / 침실가구  등,,,,,,,동구스마트관광안내소 051–711-6566,,※ 점포 별로 상이함,가능,,,,※ 점포 별로 상이함,,,,,,,,,,,,,,,,,,,,,,,,,,,,,,,,,,,,,,,,,,,,,
2838820,39,,,,,,,,,,,,,,,,,0,막국수,수육 / 비빔막국수 / 떡국 등,,가능,051-501-7856,,가능,,11:00~21:30,연중무휴,,가능,,19910134012,,,,,,,,,,,,,,,,,,,,,,,,,,,,,,,,,,,,,,,,,,,,,,,,,,,,,,,,,,,,,,,,,,,,,,,,,,,,,,,,,,,,,,,,,,,,,
3510987,12,0,0,0,010-3280-0091,,"주말, 공휴일",,,,,월요일~금요일 10:00~19:00,인근 공영주차장 이용 필요,,,,,,,,,,,,,,,,,,,,,,,,,,,,,,,,,,,,,,,,,,,,,,,,,,,,,,,,,,,,,,,,,,,,,,,,,,,,,,,,,,,,,,,,,,,,,,,,,,,,,,,,,,,,,,,,
3511057,12,0,0,0,010-5095-4767,,,"1. 해양 힐링 뷰티 DIY 체험 <br>
2. 광안리 감성 K-네일 체험  <br>
3. 키즈 K-네일 체험 (놀이형 프로그램) <br>
4. 패밀리 힐링 뷰티 패키지 (가족 단위) <br>",체험마다 상이,체험마다 상이,,10:00-20:00,가능,,,,,,,,,,,,,,,,,,,,,,,,,,,,,,,,,,,,,,,,,,,,,,,,,,,,,,,,,,,,,,,,,,,,,,,,,,,,,,,,,,,,,,,,,,,,,,,,,,,,,,,,,,,,,,,,
3511011,38,,,,,,,,,,,,,,,,,,,,,,,,,,,,,,,,,,,,,,,,,,,,,,,,,,,,,,,,,,,,,,,,,,,,,,,,010-2319-1073,,,인근 공영주차장 이용 필요,,,,월요일~일요일 10:00~19:00,,,,,,,,,,,,,,,,,,,,,,,,,,,,,,,,,,,,,,,,,,,,,
3511018,12,0,0,0,010-4782-1634,,공휴일 및 일요일 상담 휴무,"- Make up my trip :  퍼스널컬러, 메이크업 등 K뷰티 체험과 로컬투어를 즐길 수 있는 여행상품 /  100,000원(1인)",,,,월요일~금요일 10:00-18:00,인근 공영주차장 이용 필요,,,,,,,,,,,,,,,,,,,,,,,,,,,,,,,,,,,,,,,,,,,,,,,,,,,,,,,,,,,,,,,,,,,,,,,,,,,,,,,,,,,,,,,,,,,,,,,,,,,,,,,,,,,,,,,,
3511071,12,0,0,0,010-4276-2358,,월요일,"디카시 체험(나만의 시 엽서북 만들기) : 평소에 접하기 힘든 디지털카메라의 조작법을 사진작가에게 배우고,(투어 기간 동안 대여 가능) 투어 동안 촬영한 사진에 대해 5행 이내의 디카시를 써보는 체험을 제공하고, 관광객이 직접 찍은 사진과 직접 쓴 디카시를 엮은 ‘여행의 기억’을 출판하여 관광객에게 택배로 제공",만 13세 이상,15명,,"평일 13:00~20:00, 주말 11:00~18:00",없음(옆 건물 타워주차 이용),,,,,,,,,,,,,,,,,,,,,,,,,,,,,,,,,,,,,,,,,,,,,,,,,,,,,,,,,,,,,,,,,,,,,,,,,,,,,,,,,,,,,,,,,,,,,,,,,,,,,,,,,,,,,,,,
129597,12,0,0,0,051-749-4491,,연중무휴,,,,,상시 개방,가능,없음,,없음,,,,,,,,,,,,,,,,,,,,,,,,,,,,,,,,,,,,,,,,,,,,,,,,,,,,,,,,,,,,,,,,,,,,,,,,,,,,,,,,,,,,,,,,,,,,,,,,,,,,,,,,,,,,,
2608459,39,,,,,,,,,,,,,,,,,0,붕장어 회,붕장어 구이 / 붕장어 국찜 / 활어회 등,모두 금연석,가능,051-721-2411,,가능,,- 월요일~수요일 11:00~17:00<br>- 금요일~일요일 11:00~21:00,"매주 목요일 (단, 목요일이 공휴일일 경우 정상 영업)",,가능,,19720156022,,,,,,,,,,,,,,,,,,,,,,,,,,,,,,,,,,,,,,,,,,,,,,,,,,,,,,,,,,,,,,,,,,,,,,,,,,,,,,,,,,,,,,,,,,,,,
3351515,15,,,,,,,,,,,,,,,,,,,,,,,,,,,,,,,,,,,,,,,,,,,,,부산광역시 중구,051-600-4102,,,20250906,15:00~21:10,부산항 제1부두,,,,,,,20250906,무료,,,,선택안함,선택안함,,,,,,,,,,,,,,,,,,,,,,,,,,,,,,,,,,,,,,,,,,,,,,,,,,,,,,,,,,,,
3017435,12,0,0,0,부산광역시 영도구청 관광안내센터 051-419-4048,,연중무휴,,,,,상시 개방,불가능,,,,,,,,,,,,,,,,,,,,,,,,,,,,,,,,,,,,,,,,,,,,,,,,,,,,,,,,,,,,,,,,,,,,,,,,,,,,,,,,,,,,,,,,,,,,,,,,,,,,,,,,,,,,,,,,
2509838,32,,,,,,,,,,,,,,,,,,,,,,,,,,,,,,,,,,,,,,,,,,,,,,,,,,,,,,,,,,,,,,,,,,,,,,,,,,,,,,,,,,,,102실,양실,"체크인일 기준 5일 전 : 100% 환불<br>
체크인일 기준 4일 전 : 70% 환불<br>
체크인일 기준 3일 전 : 50% 환불<br>
체크인일 기준 2~1일 전 : 환불불가<br>
체크인일 / 당일 및 노쇼 : 환불불가",15:00,11:00,부분가능,0,0,0,0,0,0,0,0,0,0,0,0,비즈니스센터 / 카페 / 레스토랑 / 세미나실,있음,,불가,051-243-5555,가능,전화(051-243-5555),지하 4층~지상 12층,312명,,,,,,,,,,,,,,
2037531,25,,,,,,,,,,,,,,,,,,,,,,,,,,,,,,,,,,,,,,,,,,,,,,,,,,,,,,,,,,,,,,,,,,,,,,,,,,,,,,,,39.39km,기타,,----지자체-----,,,,,,,,,,,,,,,,,,,,,,,,,,,,,,,,,,,,,,,,,
2844643,39,,,,,,,,,,,,,,,,,0,물회,자리돔물회 / 솥단지 전복죽 / 해산물모듬 등,,가능,0507-1314-2597,,가능,,- 09:00~21:00<br>- 마지막 주문 20:00,연중무휴,,,,20110156327,,,,,,,,,,,,,,,,,,,,,,,,,,,,,,,,,,,,,,,,,,,,,,,,,,,,,,,,,,,,,,,,,,,,,,,,,,,,,,,,,,,,,,,,,,,,,
2822910,14,,,,,,,,,,,,,,,,,,,,,,,,,,,,,,,,,※ 자세한 사항은 전화문의 요망,,,,051-714-6866,,10:00~18:00,매주 월요일 / 1월1일 / 설·추석 연휴,불가능,,,가능,,,,,,,,,,,,,,,,,,,,,,,,,,,,,,,,,,,,,,,,,,,,,,,,,,,,,,,,,,,,,,,,,,,,,,,,,,,,,,,,
2872258,39,,,,,,,,,,,,,,,,,0,히비스커스뱅쇼,단밤슈페너 / 리치피치 릴랙서 / 카페 깔루아 등,,가능,051-724-5316,,가능,,- 평일 09:00~20:00<br>- 주말 08:00~22:00,연중무휴,,가능,,20030156232,,,,,,,,,,,,,,,,,,,,,,,,,,,,,,,,,,,,,,,,,,,,,,,,,,,,,,,,,,,,,,,,,,,,,,,,,,,,,,,,,,,,,,,,,,,,,
2782714,14,,,,,,,,,,,,,,,,,,,,,,,,,,,,,,,,,,,,,0507-1418-5479,,- 평일 14:00~20:00<br>- 토요일 10:00~17:30<br>※ 책방 방문은 예약제로 운영됨,매주 일요일 / 월요일,,,,,,,,,,,,,,,,,,,,,,,,,,,,,,,,,,,,,,,,,,,,,,,,,,,,,,,,,,,,,,,,,,,,,,,,,,,,,,,,,,,,
2782757,14,,,,,,,,,,,,,,,,,,,,,,,,,,,,,,,,,,,,,0507-1331-0823,,10:00~18:00,매주 일요일,불가능,,,,,,,,,,,,,,,,,,,,,,,,,,,,,,,,,,,,,,,,,,,,,,,,,,,,,,,,,,,,,,,,,,,,,,,,,,,,,,,,,,,
2721158,12,0,0,0,051-240-4000,,연중무휴,,,,,상시 개방,가능<br>요금 (무료),없음,,없음,,,,,,,,,,,,,,,,,,,,,,,,,,,,,,,,,,,,,,,,,,,,,,,,,,,,,,,,,,,,,,,,,,,,,,,,,,,,,,,,,,,,,,,,,,,,,,,,,,,,,,,,,,,,,
2782794,38,,,,,,,,,,,,,,,,,,,,,,,,,,,,,,,,,,,,,,,,,,,,,,,,,,,,,,,,,,,,,,,,,대나무 칫솔 / 고체 치약 / 유기농 비누 등,,,,,,,051-338-9619,,매주 수요일 / 금요일 / 일요일,,,,,- 평일 11:30~20:00<br>- 토요일 09:30~17:00,,,,,,,,,,,,,,,,,,,,,,,,,,,,,,,,,,,,,,,,,,,,,
2852238,39,,,,,,,,,,,,,,,,,0,생갈비,생등심 / 안심 / 치마살 등,,가능,0507-1440-0881,,가능,,- 11:00~20:30<br>- 마지막 주문 20:00,연중무휴,,,,20090156283,,,,,,,,,,,,,,,,,,,,,,,,,,,,,,,,,,,,,,,,,,,,,,,,,,,,,,,,,,,,,,,,,,,,,,,,,,,,,,,,,,,,,,,,,,,,,
2875311,39,,,,,,,,,,,,,,,,,0,추어탕,도토리묵,,가능,051-722-0032,,,,09:00~19:00,매주 수요일,,,,20150156529,,,,,,,,,,,,,,,,,,,,,,,,,,,,,,,,,,,,,,,,,,,,,,,,,,,,,,,,,,,,,,,,,,,,,,,,,,,,,,,,,,,,,,,,,,,,,
2852250,39,,,,,,,,,,,,,,,,,0,한우모듬,갈비살 / 칡냉면 / 치맛살 등,,,0507-1322-5185,,가능,,10:30~21:00,연중무휴,,가능,가능(전화 문의),20020156230,,,,,,,,,,,,,,,,,,,,,,,,,,,,,,,,,,,,,,,,,,,,,,,,,,,,,,,,,,,,,,,,,,,,,,,,,,,,,,,,,,,,,,,,,,,,,
482123,12,0,0,0,051-271-2774,,연중무휴,,,,,상시 개방,불가능,없음,,없음,,,,,,,,,,,,,,,,,,,,,,,,,,,,,,,,,,,,,,,,,,,,,,,,,,,,,,,,,,,,,,,,,,,,,,,,,,,,,,,,,,,,,,,,,,,,,,,,,,,,,,,,,,,,,
2855624,38,,,,,,,,,,,,,,,,,,,,,,,,,,,,,,,,,,,,,,,,,,,,,,,,,,,,,,,,,,,,,,,,,와인 / 음료 등,,,,,,있음,051-988-2510,,연중무휴,가능,,,가능,상시 개방,,,,,,,,,,,,,,,,,,,,,,,,,,,,,,,,,,,,,,,,,,,,,
3027700,12,0,0,0,부산 해운대구 관광안내소 051-749-5700,,연중무휴,,,,,상시 개방,가능,,,,,,,,,,,,,,,,,,,,,,,,,,,,,,,,,,,,,,,,,,,,,,,,,,,,,,,,,,,,,,,,,,,,,,,,,,,,,,,,,,,,,,,,,,,,,,,,,,,,,,,,,,,,,,,,
2670611,39,,,,,,,,,,,,,,,,,0,한방백숙,한방백숙 / 옻백숙,금연,,051-989-9292,,가능,,11:30-21:30,명절당일,,가능,가능,20190132250,,,,,,,,,,,,,,,,,,,,,,,,,,,,,,,,,,,,,,,,,,,,,,,,,,,,,,,,,,,,,,,,,,,,,,,,,,,,,,,,,,,,,,,,,,,,,
3533147,32,,,,,,,,,,,,,,,,,,,,,,,,,,,,,,,,,,,,,,,,,,,,,,,,,,,,,,,,,,,,,,,,,,,,,,,,,,,,,,,,,,,,1,양실,온라인 예약 시 해당 업체의 환불 규정에 따름,15:00,11:00,가능,0,0,0,0,0,0,0,0,0,0,0,0,,,https://www.airbnb.co.kr/rooms/1168629989399411543,불가,0507-1432-0480,불가,가능(에어비엔비예약),,,,,,,,,,,,,,,,
2736392,12,0,0,0,부산광역시 영도구 문화관광과 051-419-4041,,연중무휴,,,,,상시 개방,가능,없음,,없음,,,,,,,,,,,,,,,,,,,,,,,,,,,,,,,,,,,,,,,,,,,,,,,,,,,,,,,,,,,,,,,,,,,,,,,,,,,,,,,,,,,,,,,,,,,,,,,,,,,,,,,,,,,,,
2790483,38,,,,,,,,,,,,,,,,,,,,,,,,,,,,,,,,,,,,,,,,,,,,,,,,,,,,,,,,,,,,,,,,,농산물 / 수산물 / 축산물 / 공산품 등,,,,,,있음,051-415-1053,,점포별 상이,가능,,,,점포별 상이,,,,,,,,,,,,,,,,,,,,,,,,,,,,,,,,,,,,,,,,,,,,,
2838849,39,,,,,,,,,,,,,,,,,0,타마고산도,과일산도 / 바닐라 우유 / 생강우유 등,,가능,051-462-7774,,가능,,10:30~18:00 (마지막 주문 17:30),연중무휴,,가능,,20170129087,,,,,,,,,,,,,,,,,,,,,,,,,,,,,,,,,,,,,,,,,,,,,,,,,,,,,,,,,,,,,,,,,,,,,,,,,,,,,,,,,,,,,,,,,,,,,
2870751,39,,,,,,,,,,,,,,,,,0,명란오일파스타,브런치A / 프렌치토스트 / 자몽티 등,,가능,051-465-0845,,가능,,11:00~21:00,연중무휴,,가능,,20170129172,,,,,,,,,,,,,,,,,,,,,,,,,,,,,,,,,,,,,,,,,,,,,,,,,,,,,,,,,,,,,,,,,,,,,,,,,,,,,,,,,,,,,,,,,,,,,
1942239,12,0,0,0,051-465-0533,,연중무휴,,,,,상시 개방,가능<br>요금 (무료),없음,,없음,,,,,,,,,,,,,,,,,,,,,,,,,,,,,,,,,,,,,,,,,,,,,,,,,,,,,,,,,,,,,,,,,,,,,,,,,,,,,,,,,,,,,,,,,,,,,,,,,,,,,,,,,,,,,
2785956,39,,,,,,,,,,,,,,,,,0,밀면,왕만두 / 칼국수 / 해물칼국수 등,,가능,051-462-1575,,불가능,,- 10:00~21:30<br>- 마지막 주문 21:00,연중무휴,,,,19900129034,,,,,,,,,,,,,,,,,,,,,,,,,,,,,,,,,,,,,,,,,,,,,,,,,,,,,,,,,,,,,,,,,,,,,,,,,,,,,,,,,,,,,,,,,,,,,
2869135,38,,,,,,,,,,,,,,,,,,,,,,,,,,,,,,,,,,,,,,,,,,,,,,,,,,,,,,,,,,,,,,,,,농산물 / 축산물 / 채소 / 한복 / 잡화 / 생필품 등,,,,,,있음,051-467-4905,,※ 매장마다 상이함,가능,,,,※ 매장마다 상이함,,,,,,,,,,,,,,,,,,,,,,,,,,,,,,,,,,,,,,,,,,,,,
2870703,39,,,,,,,,,,,,,,,,,0,초량맘모롱,뉴욕치즈크럼블 / 단호박크럼블 / 피넛치케바 등,,가능,0507-1318-1271,,가능,,12:00~19:00,"매주 일요일, 월요일, 화요 / 여름휴가 / 1월1일 / 설·추석",,가능,,20190129238,,,,,,,,,,,,,,,,,,,,,,,,,,,,,,,,,,,,,,,,,,,,,,,,,,,,,,,,,,,,,,,,,,,,,,,,,,,,,,,,,,,,,,,,,,,,,
2852263,39,,,,,,,,,,,,,,,,,0,햄치즈 샌드위치,치킨텐더 샌드위치 / 티라미슈 크로플 / 브라운치즈 크로플 등,,,051-731-6258,,가능,,11:00~19:00 (라스트 오더 18:00),매주 월요일,,가능,,20200156344,,,,,,,,,,,,,,,,,,,,,,,,,,,,,,,,,,,,,,,,,,,,,,,,,,,,,,,,,,,,,,,,,,,,,,,,,,,,,,,,,,,,,,,,,,,,,
1280921,39,,,,,,,,,,,,,,,,,0,왕갈비탕,초원한우물회 / 한우우족탕 등,전좌석 금연 (흡연은 테라스에서만 가능),가능(일부 메뉴),051-301-1592,,가능<br>요금 (무료),2010-08-01,11:30~21:30 (준비 시간 15:00~17:00),연중무휴,포인트 적립가능,가능,,20100154327,,,,,,,,,,,,,,,,,,,,,,,,,,,,,,,,,,,,,,,,,,,,,,,,,,,,,,,,,,,,,,,,,,,,,,,,,,,,,,,,,,,,,,,,,,,,,
2865403,39,,,,,,,,,,,,,,,,,0,유황오리백숙,닭도리탕 / 아구찜 / 해물갈비찜 등,,가능,051-802-9090,,가능,,11:00~02:00,연중무휴,,가능,전화 문의,20020131034,,,,,,,,,,,,,,,,,,,,,,,,,,,,,,,,,,,,,,,,,,,,,,,,,,,,,,,,,,,,,,,,,,,,,,,,,,,,,,,,,,,,,,,,,,,,,
2744582,38,,,,,,,,,,,,,,,,,,,,,,,,,,,,,,,,,,,,,,,,,,,,,,,,,,,,,,,,,,,,,,,,,식품 / 의류 / 생필품 등,,,연중무휴,,,있음,051-242-7273,,점포별 상이,가능,,,,05:00~17:00 (점포별 상이),,,,,,,,,,,,,,,,,,,,,,,,,,,,,,,,,,,,,,,,,,,,,
2656194,12,0,0,0,051-441-3121,,연중무휴,,,,,상시 개방,불가능 (인근 공영주차장 이용),없음,,없음,,,,,,,,,,,,,,,,,,,,,,,,,,,,,,,,,,,,,,,,,,,,,,,,,,,,,,,,,,,,,,,,,,,,,,,,,,,,,,,,,,,,,,,,,,,,,,,,,,,,,,,,,,,,,
2794743,39,,,,,,,,,,,,,,,,,0,곱창구이,삼겹살 / 곱창전골,,가능,051-632-0749,,가능,,11:00~04:00,연중무휴,,가능,가능,20070137104,,,,,,,,,,,,,,,,,,,,,,,,,,,,,,,,,,,,,,,,,,,,,,,,,,,,,,,,,,,,,,,,,,,,,,,,,,,,,,,,,,,,,,,,,,,,,
2848949,39,,,,,,,,,,,,,,,,,0,칠암바다장어 숯불구이 정식,민물장어 숯불구이 / 전복 해초 솥밥 / 가지 소보루 솥밥 등,,,0507-1325-7070,,가능,,11:00~20:00 (마지막 주문 19:00),매주 월요일,,가능,가능(전화 문의),20170156139,,,,,,,,,,,,,,,,,,,,,,,,,,,,,,,,,,,,,,,,,,,,,,,,,,,,,,,,,,,,,,,,,,,,,,,,,,,,,,,,,,,,,,,,,,,,,
2822840,39,,,,,,,,,,,,,,,,,0,소금빵,칠암돌만주 / 아인슈페너 / 브루잉커피 등,,,0507-1318-4900,,가능,,10:00~21:00,,,가능,,20210156620,,,,,,,,,,,,,,,,,,,,,,,,,,,,,,,,,,,,,,,,,,,,,,,,,,,,,,,,,,,,,,,,,,,,,,,,,,,,,,,,,,,,,,,,,,,,,
2775556,39,,,,,,,,,,,,,,,,,0,붕장어회,장어숯불구이 / 모듬회 / 우럭매운탕 등,,,0507-1374-5470,,가능,,11:00~20:30 (마지막 주문 17:30),매주 월요일 / 설·추석 연휴,,,전화문의,19900156040,,,,,,,,,,,,,,,,,,,,,,,,,,,,,,,,,,,,,,,,,,,,,,,,,,,,,,,,,,,,,,,,,,,,,,,,,,,,,,,,,,,,,,,,,,,,,
2702333,15,,,,,,,,,,,,,,,,,,,,,,,,,,,,,,,,,,,,,,,,,,,,,"KNN, 수영구청",051-850-9000,,,20260101,22:00~00:10,광안리 해수욕장,,,,,,,20251231,무료,,,,선택안함,선택안함,,,,,,,,,,,,,,,,,,,,,,,,,,,,,,,,,,,,,,,,,,,,,,,,,,,,,,,,,,,,
250562,39,,,,,,,,,,,,,,,,,0,런치세트메뉴,치킨케밥 / 치즈 피데 / 다나 쿠웨체 등,모두 금연석,가능(일부 메뉴),051-515-5981,,가능,,11:30~21:00 (마지막 주문 20:00),매주 화요일,,가능,전화 예약 가능 (051-515-5981),20050147114,,,,,,,,,,,,,,,,,,,,,,,,,,,,,,,,,,,,,,,,,,,,,,,,,,,,,,,,,,,,,,,,,,,,,,,,,,,,,,,,,,,,,,,,,,,,,
2642681,39,,,,,,,,,,,,,,,,,0,딸기 애플티,블랜딩 2종 아메리카노 / 영도할매빵 / 진저 레몬티 / 연탄빵,,,051-403-0385,,가능,,10:00~22:00 (마지막 주문 21:30),연중무휴,,가능,,20190130198,,,,,,,,,,,,,,,,,,,,,,,,,,,,,,,,,,,,,,,,,,,,,,,,,,,,,,,,,,,,,,,,,,,,,,,,,,,,,,,,,,,,,,,,,,,,,
2853060,39,,,,,,,,,,,,,,,,,0,바나나 브라운슈가,쌍화차 / 오트 코코넛 라떼 / 피스타치오 프루토 등,,,051-727-7800,,가능,,10:00~18:00 (마지막 주문 17:30),연중무휴,,가능,,20200156754,,,,,,,,,,,,,,,,,,,,,,,,,,,,,,,,,,,,,,,,,,,,,,,,,,,,,,,,,,,,,,,,,,,,,,,,,,,,,,,,,,,,,,,,,,,,,
2852408,39,,,,,,,,,,,,,,,,,0,만디라떼,초코 생크림 케이크 / 만디 티라미수 / 오레오 쉐이크 등,,,051-977-0049,,가능,,12:00~21:30 (마지막 주문 21:00),연중무휴,,가능,,20190144752,,,,,,,,,,,,,,,,,,,,,,,,,,,,,,,,,,,,,,,,,,,,,,,,,,,,,,,,,,,,,,,,,,,,,,,,,,,,,,,,,,,,,,,,,,,,,
2875345,39,,,,,,,,,,,,,,,,,0,공지식빵,핸드드립 / 바닐라빈라떼 / 공지밀크티 등,,가능,051-722-6060,,가능,,10:30~20:00 (마지막 주문 19:50),연중무휴,,가능,,20210156450,,,,,,,,,,,,,,,,,,,,,,,,,,,,,,,,,,,,,,,,,,,,,,,,,,,,,,,,,,,,,,,,,,,,,,,,,,,,,,,,,,,,,,,,,,,,,
2807808,39,,,,,,,,,,,,,,,,,0,아메리카노,카페라떼 / 크림플랫화이트 / 발로나코코아 등,,,051-912-1706,,불가능,,13:00~21:00,"매주 월요일, 화요일",,,,,,,,,,,,,,,,,,,,,,,,,,,,,,,,,,,,,,,,,,,,,,,,,,,,,,,,,,,,,,,,,,,,,,,,,,,,,,,,,,,,,,,,,,,,,,,,,
2952936,39,,,,,,,,,,,,,,,,,0,제노아슈패너,노스폴라떼 / 유자블라썸 / 아메리카노 / 카페라떼 / 카푸치노 등,,가능,070-7617-1657,,불가능,,월요일~토요일 10:00~22:00 (라스트오더 21:30)<br>일요일 10:00~20:00 (라스트오더 19:30),연중무휴,,가능,,20180126216,,,,,,,,,,,,,,,,,,,,,,,,,,,,,,,,,,,,,,,,,,,,,,,,,,,,,,,,,,,,,,,,,,,,,,,,,,,,,,,,,,,,,,,,,,,,,
2622984,32,,,,,,,,,,,,,,,,,,,,,,,,,,,,,,,,,,,,,,,,,,,,,,,,,,,,,,,,,,,,,,,,,,,,,,,,,,,,,,,,,,,,20,양실,"7일 전까지 결제금액에 대한 취소 수수료 없음, 6일 전-3일 전까지 결제금액의 50% 차감, 2일 전-당일 취소 불가",15:00,11:00,불가,1,0,0,0,1,0,0,0,0,0,0,1,,있음,https://www.instagram.com/canvashostel,불가,051-746-2183,가능,전화(051-746-2183),6층 건물,82명,,,,,,,,,,,,,,
2663616,32,,,,,,,,,,,,,,,,,,,,,,,,,,,,,,,,,,,,,,,,,,,,,,,,,,,,,,,,,,,,,,,,,,,,,,,,,,,,,,,,,,,,20,양실,"7일 전까지 결제금액에 대한 취소 수수료 없음, 6일 전-3일 전까지 결제금액의 50% 차감, 2일 전-당일 취소 불가",15:00,11:00,불가,1,0,0,0,1,0,0,0,0,0,0,1,,있음,https://www.instagram.com/canvashostel,불가,051-746-2183,가능,전화(051-746-2183),6층 건물,,,,,,,,,,,,,,,
3452166,12,0,0,0,051-667-2233,,,,,,,,,,,,,,,,,,,,,,,,,,,,,,,,,,,,,,,,,,,,,,,,,,,,,,,,,,,,,,,,,,,,,,,,,,,,,,,,,,,,,,,,,,,,,,,,,,,,,,,,,,,,,,,,,,,,,,,,
2832636,39,,,,,,,,,,,,,,,,,0,코랄허브차,솔티코랄 / 아메리카노 / 딸기라떼 등,,가능,051-721-6789,,가능,,10:00~22:00 (마지막 주문 21:20),연중무휴,,가능,,20210156757,,,,,,,,,,,,,,,,,,,,,,,,,,,,,,,,,,,,,,,,,,,,,,,,,,,,,,,,,,,,,,,,,,,,,,,,,,,,,,,,,,,,,,,,,,,,,
142852,32,,,,,,,,,,,,,,,,,,,,,,,,,,,,,,,,,,,,,,,,,,,,,,,,,,,,,,,,,,,,,,,,,,,,,,,,,,,,,,,,,,,,311실,스탠다드 / 디럭스 / 패밀리 / 스위트 / 프리미어,,15:00,11:00,,0,0,0,0,0,0,0,0,0,0,0,0,,,,,051-466-9101,가능,,,,,,,,,,,,,,,,,
2852620,39,,,,,,,,,,,,,,,,,0,콥샐러드,로제쉬림프파스타 / 트러플크림 뇨끼 / 쉬림프샥슈카 등,,,0507-1419-5478,,가능,,10:00~20:30 (마지막 주문 19:30),매주 화요일,,가능,,20190134035,,,,,,,,,,,,,,,,,,,,,,,,,,,,,,,,,,,,,,,,,,,,,,,,,,,,,,,,,,,,,,,,,,,,,,,,,,,,,,,,,,,,,,,,,,,,,
2039866,32,,,,,,,,,,,,,,,,,,,,,,,,,,,,,,,,,,,,,,,,,,,,,,,,,,,,,,,,,,,,,,,,,,,,,,,,,,,,,,,,,,,,206실,디럭스 / 이그제큐티브 / 주니어 / 팔러 / 슈페리어 / 로얄,,15:00,11:00,가능,1,1,0,0,1,0,0,0,0,1,0,0,,,,,051-933-1000,가능,,,800,,,,,,,,,,,,,,
3044634,32,,,,,,,,,,,,,,,,,,,,,,,,,,,,,,,,,,,,,,,,,,,,,,,,,,,,,,,,,,,,,,,,,,,,,,,,,,,,,,,,,,,,500실,슈페리어 / 디럭스 / 이그제큐티브 / 스위트,,15:00,12:00,,1,0,0,1,1,0,0,0,0,1,1,0,,,,,0507-1431-1045,가능,,,"1,000",,,,,,,,,,,,,,
3437916,15,,,,,,,,,,,,,,,,,,,,,,,,,,,,,,,,,,,,,,,,,,,,,"㈜푸드트래블, (재)영화의전당",070-4680-1718,"마켓창고, 마켓움",,20251225,11:00~22:00,영화의전당,,,,,,,20251127,무료,,,,선택안함,선택안함,,,,,,,,,,,,,,,,,,,,,,,,,,,,,,,,,,,,,,,,,,,,,,,,,,,,,,,,,,,,
843489,39,,,,,,,,,,,,,,,,,0,클라우드32 프리미엄 코스,이탈리안 코스 / 런치코스 / 스페인 코스 등,모두 금연석,,0507-1429-5320,,가능,,12:00~24:00 (준비시간 15:30~17:00),연중무휴,,가능,전화 예약 문의 (051-749-5320),20010141745,,,,,,,,,,,,,,,,,,,,,,,,,,,,,,,,,,,,,,,,,,,,,,,,,,,,,,,,,,,,,,,,,,,,,,,,,,,,,,,,,,,,,,,,,,,,,
2785267,39,,,,,,,,,,,,,,,,,0,살구자두에이드,딸기라떼 / 아메리카노 / 더치커피 등,,가능,0507-1440-4860,,,,- 11:00~20:00<br>- 마지막 주문 19:30,매주 월요일,,,,20230204261,,,,,,,,,,,,,,,,,,,,,,,,,,,,,,,,,,,,,,,,,,,,,,,,,,,,,,,,,,,,,,,,,,,,,,,,,,,,,,,,,,,,,,,,,,,,,
2870780,39,,,,,,,,,,,,,,,,,0,뷔페,,,가능,0507-1379-6101,,가능,,- 평일 10:30~18:30<br>- 주말 10:30~21:00<br>※ 뷔페는 주말에만 운영,매주 화요일,,가능,,20140129164,,,,,,,,,,,,,,,,,,,,,,,,,,,,,,,,,,,,,,,,,,,,,,,,,,,,,,,,,,,,,,,,,,,,,,,,,,,,,,,,,,,,,,,,,,,,,
2496023,12,0,0,0,1544-5110,2016-04-08,연중무휴,직업 체험 프로그램,,,,10:00~19:30,가능,,,,,,,,,,,,,,,,,,,,,,,,,,,,,,,,,,,,,,,,,,,,,,,,,,,,,,,,,,,,,,,,,,,,,,,,,,,,,,,,,,,,,,,,,,,,,,,,,,,,,,,,,,,,,,,,
2859188,39,,,,,,,,,,,,,,,,,0,셰프 테이스팅 코스,런치 스테이크 코스 / 런치 파스타 코스 등,,가능,0507-1436-0263,,가능,,11:00~22:00 (마지막 주문 21:00),매주 월요일,,가능,전화 문의,20160141282,,,,,,,,,,,,,,,,,,,,,,,,,,,,,,,,,,,,,,,,,,,,,,,,,,,,,,,,,,,,,,,,,,,,,,,,,,,,,,,,,,,,,,,,,,,,,
2858974,39,,,,,,,,,,,,,,,,,0,타이가텐동,에비텐동 / 토리텐동 / 아나고텐동 등,,,051-731-1914,,불가능,,- 11:00~20:00<br>- 준비시간(평일) 15:30~17:00,연중무휴,,,,20190142316,,,,,,,,,,,,,,,,,,,,,,,,,,,,,,,,,,,,,,,,,,,,,,,,,,,,,,,,,,,,,,,,,,,,,,,,,,,,,,,,,,,,,,,,,,,,,
2869532,39,,,,,,,,,,,,,,,,,0,뿌님팟퐁커리,팟타이 / 똠양꿍 / 쏨땀 등,,,051-558-8885,,가능,,11:00~21:50 (준비시간 15:00~17:00),연중무휴,,가능,가능,,,,,,,,,,,,,,,,,,,,,,,,,,,,,,,,,,,,,,,,,,,,,,,,,,,,,,,,,,,,,,,,,,,,,,,,,,,,,,,,,,,,,,,,,,,,,,
2868448,39,,,,,,,,,,,,,,,,,0,콘파냐,아메리카노 / 에스프레소 / 플랫화이트 / 핫초코 / 드립커피 등,,가능,010-1356-0727,,불가능 (인근 공영주차장 이용),,10:00~19:00,매주 화요일,,가능,,20190152624,,,,,,,,,,,,,,,,,,,,,,,,,,,,,,,,,,,,,,,,,,,,,,,,,,,,,,,,,,,,,,,,,,,,,,,,,,,,,,,,,,,,,,,,,,,,,
2775543,39,,,,,,,,,,,,,,,,,0,구이반상,기운차림 세트 / 탐복죽 / 탐복 청주찜 등,,,051-727-4213,,가능,,- 평일 10:30~16:00 (마지막 주문 15:00)<br>- 주말 10:30~20:30 (마지막 주문 19:30),매주 월요일,,,현장선착순,19880156001,,,,,,,,,,,,,,,,,,,,,,,,,,,,,,,,,,,,,,,,,,,,,,,,,,,,,,,,,,,,,,,,,,,,,,,,,,,,,,,,,,,,,,,,,,,,,
2852602,39,,,,,,,,,,,,,,,,,0,간짜장,짬뽕 / 탕수육 / 짜장면 등,,,051-556-6663,,불가능,,- 화요일 11:00~14:00<br>수요일~일요일 11:00~19:00,매주 월요일,,,,19890134113,,,,,,,,,,,,,,,,,,,,,,,,,,,,,,,,,,,,,,,,,,,,,,,,,,,,,,,,,,,,,,,,,,,,,,,,,,,,,,,,,,,,,,,,,,,,,
127752,12,0,0,0,051-404-9001,,연중무휴,,,,,"[온천] 05:00~22:00, 04:00~23:50 (24:00~04:00까지는 정비 및 청소기간)<br>
[찜질방] 상시 개방<br>
[사우나] 04:00~24:00",가능,,,,,,,,,,,,,,,,,,,,,,,,,,,,,,,,,,,,,,,,,,,,,,,,,,,,,,,,,,,,,,,,,,,,,,,,,,,,,,,,,,,,,,,,,,,,,,,,,,,,,,,,,,,,,,,,
1608751,12,0,0,0,051-405-2626,,연중무휴,,,,,※ 자세한 사항은 전화문의 요망,가능,,,,,,,,,,,,,,,,,,,,,,,,,,,,,,,,,,,,,,,,,,,,,,,,,,,,,,,,,,,,,,,,,,,,,,,,,,,,,,,,,,,,,,,,,,,,,,,,,,,,,,,,,,,,,,,,
2869186,39,,,,,,,,,,,,,,,,,0,포터하우스 스테이크,채끝등심스테이크 / 안심 스테이크 / 문어 스테이크 등,,가능,0507-1378-8939,,가능,,11:30~22:00 (마지막 주문 21:00),연중무휴,,가능,전화 문의,20200130040,,,,,,,,,,,,,,,,,,,,,,,,,,,,,,,,,,,,,,,,,,,,,,,,,,,,,,,,,,,,,,,,,,,,,,,,,,,,,,,,,,,,,,,,,,,,,
403929,39,,,,,,,,,,,,,,,,,0,새우크림알밥,게장알밥 / 우삼겹매콤돈코츠라멘 / 차오판 등,모두 금연석,가능(일부 메뉴),051-515-0188,,,,11:30~21:00 (마지막 주문 20:30),매주 일요일,,가능,전화 예약 문의 (051-515-0188),19930147051,,,,,,,,,,,,,,,,,,,,,,,,,,,,,,,,,,,,,,,,,,,,,,,,,,,,,,,,,,,,,,,,,,,,,,,,,,,,,,,,,,,,,,,,,,,,,
1162526,32,,,,,,,,,,,,,,,,,,,,,,,,,,,,,,,,,,,,,,,,,,,,,,,,,,,,,,,,,,,,,,,,,,,,,,,,,,,,,,,,,,,,308실,싱글 / 더블 / 트윈,,15:00,10:00,,0,0,0,0,0,0,0,0,0,0,0,0,,,,,051-638-1045,가능,,,,,,,,,,,,,,,,,
2841442,39,,,,,,,,,,,,,,,,,0,버크셔K로스카츠,히레카츠 / 로스카츠 / 카츠산도 등,,,010-5685-5482,,불가능,,11:00~21:00 (마지막 주문 20:30),연중무휴,,가능,,19880147071,,,,,,,,,,,,,,,,,,,,,,,,,,,,,,,,,,,,,,,,,,,,,,,,,,,,,,,,,,,,,,,,,,,,,,,,,,,,,,,,,,,,,,,,,,,,,
2838889,39,,,,,,,,,,,,,,,,,1,툇마루 한상세트,툇마루 정식 / 보쌈정식 / 홍어삼합 등,,가능,051-363-7377,,가능,,11:20~21:30 (마지막 주문 20:50),연중무휴,,가능,예약 가능,20070139411,,,,,,,,,,,,,,,,,,,,,,,,,,,,,,,,,,,,,,,,,,,,,,,,,,,,,,,,,,,,,,,,,,,,,,,,,,,,,,,,,,,,,,,,,,,,,
3532722,32,,,,,,,,,,,,,,,,,,,,,,,,,,,,,,,,,,,,,,,,,,,,,,,,,,,,,,,,,,,,,,,,,,,,,,,,,,,,,,,,,,,,10,양실,온라인 예약 시 해당 업체의 환불 규정에 따름,15:00,11:00,불가능,0,0,0,0,1,0,0,0,0,0,0,1,"워케이션공간, 공용 세탁기&건조기, 프린터기",있음,https://www.airbnb.co.kr/users/show/582174612,불가,0507-1387-1798,불가,가능(에어비앤비),,,,,,,,,,,,,,,,
2848939,39,,,,,,,,,,,,,,,,,0,무한리필 장어구이,삼겹살 / 훈제 오리 / 소시지 / 주꾸미 / 새송이 등,,없음,051-722-5599,,가능<br>요금 (무료),,10:00~22:00 (라스트오더 20:30),매주 화요일,,가능,,20190156609,,,,,,,,,,,,,,,,,,,,,,,,,,,,,,,,,,,,,,,,,,,,,,,,,,,,,,,,,,,,,,,,,,,,,,,,,,,,,,,,,,,,,,,,,,,,,
2853081,39,,,,,,,,,,,,,,,,,0,플랫화이트,아인슈페너 / 초코라테 / 아메리카노 등,,,0507-1403-5779,,가능,,11:00 ~ 22:00 (21:30 라스트오더),연중무휴,,가능,,20160134488,,,,,,,,,,,,,,,,,,,,,,,,,,,,,,,,,,,,,,,,,,,,,,,,,,,,,,,,,,,,,,,,,,,,,,,,,,,,,,,,,,,,,,,,,,,,,
142853,32,,,,,,,,,,,,,,,,,,,,,,,,,,,,,,,,,,,,,,,,,,,,,,,,,,,,,,,,,,,,,,,,,,,,,,,,,,,,,,,,,,,,532실,디럭스 시티 / 디럭스 오션 / 디럭스 테라스 등,,15:00,11:00,불가,1,0,1,0,1,0,0,0,0,1,0,0,,,,,051-742-2121,가능,,,,,,,,,,,,,,,,,
133314,39,,,,,,,,,,,,,,,,,0,생선초밥,코스요리 / 복사시미 / 송이요리 / 전복회 / 장어구이정식 등,모두 금연석,가능,051-861-7679,,가능<br>요금 (무료),,11:30~22:00 (준비 시간 15:00~16:30),매주 일요일,,가능,,19930150246,,,,,,,,,,,,,,,,,,,,,,,,,,,,,,,,,,,,,,,,,,,,,,,,,,,,,,,,,,,,,,,,,,,,,,,,,,,,,,,,,,,,,,,,,,,,,
2844738,39,,,,,,,,,,,,,,,,,0,바게트샌드위치,팜카페 브런치 / 아메리카노 / 농장쥬스 등,,가능,010-9664-7666,,가능,,10:00~19:00 (마지막 주문 18:00),매주 수요일,,가능,,20170156065,,,,,,,,,,,,,,,,,,,,,,,,,,,,,,,,,,,,,,,,,,,,,,,,,,,,,,,,,,,,,,,,,,,,,,,,,,,,,,,,,,,,,,,,,,,,,
2613988,32,,,,,,,,,,,,,,,,,,,,,,,,,,,,,,,,,,,,,,,,,,,,,,,,,,,,,,,,,,,,,,,,,,,,,,,,,,,,,,,,,,,,11,양실,"이용일 7일전 100%, 6일전 90%, 5일전 85%, 4일전 80%, 3일전 70%, 2일전 50%, 1일전 30%, 당일 환불 불가",15:00,11:00,불가,0,0,0,0,1,0,0,0,0,0,0,0,,있음,,불가,051-747-6147,가능,전화(010-2555-7367),"11층 건물 중 10,11층",58,,,,,,,,,,,,,,
3370514,15,,,,,,,,,,,,,,,,,,,,,,,,,,,,,,,,,,,,,,,,,,,,,부산광역시,051-711-0054,"부산관광공사, 부산부산축제조직위원회 등",,20251003,09:00~20:00(행사별 상이),,,,,,,,20250921,유료/무료(행사별 상이),,,,선택안함,선택안함,,,,,,,,,,,,,,,,,,,,,,,,,,,,,,,,,,,,,,,,,,,,,,,,,,,,,,,,,,,,
2731553,32,,,,,,,,,,,,,,,,,,,,,,,,,,,,,,,,,,,,,,,,,,,,,,,,,,,,,,,,,,,,,,,,,,,,,,,,,,,,,,,,,,,,352,양실,"숙박 2일 전 15:00 까지 환불 100%, 이후 ~ 당일 까지 환불 불가",15:00,11:00,가능,1,0,0,0,1,0,0,0,0,1,1,0,"워케이션공간, 편의점, 코인세탁실",있음,"<a href=""https://be4.wingsbooking.com/STX3"" target=""_blank"" title=""새창 : 펠릭스바이STX 홈페이지로 이동"">https://be4.wingsbooking.com/STX3</a>",불가,051-969-5000,가능,"가능(051-969-5000, https://be4.wingsbooking.com/STX3/roomSelect?rooms=1&check_in)","지하 5층~지상 42층(대지면적 4,314.2m²)",888,,,,,,,,,,,,,,
128055,12,0,0,0,051-607-4541~4,2001년 10월,연중무휴,,,,,상시 개방,가능<br>요금 (무료),불가,,없음,,,,,,,,,,,,,,,,,,,,,,,,,,,,,,,,,,,,,,,,,,,,,,,,,,,,,,,,,,,,,,,,,,,,,,,,,,,,,,,,,,,,,,,,,,,,,,,,,,,,,,,,,,,,,
2756678,39,,,,,,,,,,,,,,,,,0,라자냐,불고기피자 / 고르곤졸라피자 / 베이컨크림파스타 등,,,0507-1304-7900,,가능,,- 평일 10:00~19:00 (마지막 주문 18:00)<br>- 주말 10:30~21:00 (마지막 주문 20:00),매주 화요일,,,,20160149241,,,,,,,,,,,,,,,,,,,,,,,,,,,,,,,,,,,,,,,,,,,,,,,,,,,,,,,,,,,,,,,,,,,,,,,,,,,,,,,,,,,,,,,,,,,,,
2844748,39,,,,,,,,,,,,,,,,,0,왕갈비쌀국수,분짜 / 소고기쌀국수 / 매운우삼겹쌀국수 / 돼지고기파인볶음밥 등,,가능,0507-1311-3645,,가능,,- 11:30~20:00<br>- 준비시간 14:40~17:00<br>- 마지막 주문 19:00,연중무휴,,,,19970156089,,,,,,,,,,,,,,,,,,,,,,,,,,,,,,,,,,,,,,,,,,,,,,,,,,,,,,,,,,,,,,,,,,,,,,,,,,,,,,,,,,,,,,,,,,,,,
2869249,39,,,,,,,,,,,,,,,,,0,토마호크 스테이크,티본 스테이크 / 우대갈비 / 뼈스지라면 등,,,0507-1320-1354,,가능,,11:30~21:30 (마지막 주문 20:30),"매주 월요일, 화요일",,가능,,20210149762,,,,,,,,,,,,,,,,,,,,,,,,,,,,,,,,,,,,,,,,,,,,,,,,,,,,,,,,,,,,,,,,,,,,,,,,,,,,,,,,,,,,,,,,,,,,,
2616371,39,,,,,,,,,,,,,,,,,0,유황오리생구이,유황오리불고기 / 황칠유황오리백숙 / 유황오리탕 등,,가능,051-508-4642,,가능,1988-01-16,10:00~22:00,연중무휴,,가능,,19830147025,,,,,,,,,,,,,,,,,,,,,,,,,,,,,,,,,,,,,,,,,,,,,,,,,,,,,,,,,,,,,,,,,,,,,,,,,,,,,,,,,,,,,,,,,,,,,
2832642,39,,,,,,,,,,,,,,,,,0,돼지불고기정식,보쌈 정식 / 오리훈제 정식 / 전복회 정식 등,,가능,051-721-7719,,가능,,10:00~22:00,연중무휴,,가능,,19990156193,,,,,,,,,,,,,,,,,,,,,,,,,,,,,,,,,,,,,,,,,,,,,,,,,,,,,,,,,,,,,,,,,,,,,,,,,,,,,,,,,,,,,,,,,,,,,
2891887,39,,,,,,,,,,,,,,,,,1,트로피칼 베이비카스테라,바나나초코 베이비카스테라 / 서핑애플 / 키위포레스트 등,,,0507-1451-2038,,가능,,- 평일 10:00~18:00<br>- 주말 10:00~20:00,연중무휴,,,,20210141509,,,,,,,,,,,,,,,,,,,,,,,,,,,,,,,,,,,,,,,,,,,,,,,,,,,,,,,,,,,,,,,,,,,,,,,,,,,,,,,,,,,,,,,,,,,,,
2999905,12,0,0,0,010-4632-0051,,매주 일요일,꽃차 만들기 / 도자기 만들기 / 반려식물 심기 / MBTI 향수 만들기 등,,,,"주중 09:30~17:00<br>
주말 09:30~15:00",불가,,,,,,,,,,,,,,,,,,,,,,,,,,,,,,,,,,,,,,,,,,,,,,,,,,,,,,,,,,,,,,,,,,,,,,,,,,,,,,,,,,,,,,,,,,,,,,,,,,,,,,,,,,,,,,,,
2832649,39,,,,,,,,,,,,,,,,,0,너티크럼블라떼,흑임자크림라떼 / 산딸기퀸아망 / 시나핀 등,,가능,051-723-2578,,가능,,10:30~20:00 (마지막 주문 20:30),연중무휴,,가능,,20140156023,,,,,,,,,,,,,,,,,,,,,,,,,,,,,,,,,,,,,,,,,,,,,,,,,,,,,,,,,,,,,,,,,,,,,,,,,,,,,,,,,,,,,,,,,,,,,
2875819,39,,,,,,,,,,,,,,,,,0,콩국수,수제비 / 돌판비빔밥 / 해물파전 등,,,051-702-5511,,가능,,10:00~21:00,연중무휴,,가능,,20010141038,,,,,,,,,,,,,,,,,,,,,,,,,,,,,,,,,,,,,,,,,,,,,,,,,,,,,,,,,,,,,,,,,,,,,,,,,,,,,,,,,,,,,,,,,,,,,
2785276,39,,,,,,,,,,,,,,,,,0,물비빔냉면,물냉면 / 비빔냉면 / 소육전 등,,가능,051-207-6555,,가능,,- 10:30~20:20<br>- 마지막 주문 19:50,매주 일요일,,,,20130144048,,,,,,,,,,,,,,,,,,,,,,,,,,,,,,,,,,,,,,,,,,,,,,,,,,,,,,,,,,,,,,,,,,,,,,,,,,,,,,,,,,,,,,,,,,,,,
2787137,39,,,,,,,,,,,,,,,,,0,떡구이,하녹 블랜딩 차 / 연유 실타래 빙수 / 흑임자라떼 등,,,0507-1478-0075,,가능,,- 11:00~20:00<br>- 마지막 주문 19:30,연중무휴,,,,20210156787,,,,,,,,,,,,,,,,,,,,,,,,,,,,,,,,,,,,,,,,,,,,,,,,,,,,,,,,,,,,,,,,,,,,,,,,,,,,,,,,,,,,,,,,,,,,,
2852277,39,,,,,,,,,,,,,,,,,0,징기스칸,장어구이 / 박 수제비 / 된장 등,,,051-727-5518,,있음(무료),,- 12:00~21:00<br>- 마지막 주문 20:30,연중무휴,,,,19940156046,,,,,,,,,,,,,,,,,,,,,,,,,,,,,,,,,,,,,,,,,,,,,,,,,,,,,,,,,,,,,,,,,,,,,,,,,,,,,,,,,,,,,,,,,,,,,
2848930,39,,,,,,,,,,,,,,,,,0,부라타와 프로슈토 피자,재주 흑돼지와 쉬림프 피자 / 쟌슨빌 뽀모도로 / 팟 파이 수프 등,,,051-727-7920,,가능,,10:00~21:00 (마지막 주문 20:00),매주 화요일,,가능,,20170156623,,,,,,,,,,,,,,,,,,,,,,,,,,,,,,,,,,,,,,,,,,,,,,,,,,,,,,,,,,,,,,,,,,,,,,,,,,,,,,,,,,,,,,,,,,,,,
2804372,32,,,,,,,,,,,,,,,,,,,,,,,,,,,,,,,,,,,,,,,,,,,,,,,,,,,,,,,,,,,,,,,,,,,,,,,,,,,,,,,,,,,,83,"한실, 양실","비수기 기간: 체크인 2일 전 23:59 까지 무료 취소, 체크인 1일 전 18:00 이전 객실 요금의 50% 부과, 체크인 1일 전 18:00 이후~숙박 당일 및 노쇼(No-Show) 환불 불가(객실 요금의 100% 부과)
성수기 기간: 체크인 7일~3일 전 객실 요금의 50% 부과, 체크인 3일~당일 및 노쇼(No-Show) 객실 요금의 100% 부과",15:00,11:00,불가,0,0,0,0,1,0,0,0,0,0,0,0,"산책로, 야외잔디공원",있음,"<a href=""https://houndhotelbusanstation.com/"" target=""_blank"" title=""새창 : 하운드호텔 부산역점 홈페이지로 이동"">https://houndhotelbusanstation.com/</a>",불가,"051-464-2000<br>
051-464-2002",가능,"가능(051-464-2000, 051-464-2002, 010-6615-5896, http://houndhotelbusanstation.com, cmo@houndhotelbusanstation.com)",지상 12층,200,,,,,,,,,,,,,,
2858955,39,,,,,,,,,,,,,,,,,0,장어구이,조개모듬 또는 가리비 / 전복구이 / 해물모듬 등,,,0507-1404-4092,,가능,,11:30~03:00,연중무휴,,,,20040141013,,,,,,,,,,,,,,,,,,,,,,,,,,,,,,,,,,,,,,,,,,,,,,,,,,,,,,,,,,,,,,,,,,,,,,,,,,,,,,,,,,,,,,,,,,,,,
2775565,12,0,0,0,,,연중무휴,,,,,상시 개방,가능<br>요금 (무료),없음,,없음,,,,,,,,,,,,,,,,,,,,,,,,,,,,,,,,,,,,,,,,,,,,,,,,,,,,,,,,,,,,,,,,,,,,,,,,,,,,,,,,,,,,,,,,,,,,,,,,,,,,,,,,,,,,,
2550799,14,,,,,,,,,,,,,,,,,,,,,,,,,,,,,,,,,무료,,,무료,051-555-3096,,10:00~17:00,"매주 일요일, 일요일 / 공휴일 / 설·추석 연휴",가능,불가,,없음,,,,,,,,,,,,,,,,,,,,,,,,,,,,,,,,,,,,,,,,,,,,,,,,,,,,,,,,,,,,,,,,,,,,,,,,,,,,,,,,
2788392,14,,,,,,,,,,,,,,,,,,,,,,,,,,,,,,,,,무료,,약 40분,,051-898-9300,,10:00~17:00,매주 일요일 / 공휴일,가능,,,,,,,,,,,,,,,,,,,,,,,,,,,,,,,,,,,,,,,,,,,,,,,,,,,,,,,,,,,,,,,,,,,,,,,,,,,,,,,,,,,
2841052,39,,,,,,,,,,,,,,,,,0,크림수플레,게살오이스터파스타 / 큐브라떼 / 베이컨김치볶음밥 등,,가능,0507-1329-4665,,가능,,- 평일 10:30~22:00 (마지막 주문 20:50)<br>- 주말 11:00~22:00 (마지막 주문 20:50),연중무휴<br>※ 자세한 사항은 전화문의 요망,,가능,,20190149696,,,,,,,,,,,,,,,,,,,,,,,,,,,,,,,,,,,,,,,,,,,,,,,,,,,,,,,,,,,,,,,,,,,,,,,,,,,,,,,,,,,,,,,,,,,,,
2867734,39,,,,,,,,,,,,,,,,,0,한우 생갈빗살,한우 즉석양념갈빗살 / 꽃등심 / 안창살 등,,가능,051-254-3250,,가능,,"- 2층, 3층 16:00~23:00 (마지막 주문 22:40)<br>- 4층 11:30~21:30 (마지막 주문 20:30)",연중무휴<br>※ 자세한 사항은 전화문의 요망,,가능,,19890126123,,,,,,,,,,,,,,,,,,,,,,,,,,,,,,,,,,,,,,,,,,,,,,,,,,,,,,,,,,,,,,,,,,,,,,,,,,,,,,,,,,,,,,,,,,,,,
686419,39,,,,,,,,,,,,,,,,,0,밀면,비빔면 / 손왕만두 / 떡만두국(동절기) 외,모두 금연석,가능,051-246-3314,,불가능,,10:30~21:30,연중무휴,,가능,전화 예약 문의 (051-246-3314),19880126079,,,,,,,,,,,,,,,,,,,,,,,,,,,,,,,,,,,,,,,,,,,,,,,,,,,,,,,,,,,,,,,,,,,,,,,,,,,,,,,,,,,,,,,,,,,,,
851989,39,,,,,,,,,,,,,,,,,0,복지리,복어조림 / 복매운탕 / 복수육 등,,,051-742-2790,,불가능,,- 07:00~21:30 (준비시간 15:00~17:00)<br>- 점심 마지막 주문 14:00 / 저녁 마지막 주문 20:30,매주 월요일,,없음,,20090141939,,,,,,,,,,,,,,,,,,,,,,,,,,,,,,,,,,,,,,,,,,,,,,,,,,,,,,,,,,,,,,,,,,,,,,,,,,,,,,,,,,,,,,,,,,,,,
2905141,39,,,,,,,,,,,,,,,,,0,돼지국밥,"순대국밥, 내장국밥, 순대전골, 수육, 파삼겹 철판구이, 자가순대 등",,가능,051-741-1184,,가능<br>요금(무료),,매일 09:00~21:00,연중무휴,,가능,가능 (네이버예약),20110141716,,,,,,,,,,,,,,,,,,,,,,,,,,,,,,,,,,,,,,,,,,,,,,,,,,,,,,,,,,,,,,,,,,,,,,,,,,,,,,,,,,,,,,,,,,,,,
1805095,39,,,,,,,,,,,,,,,,,0,팥빙수,밀크팥빙수 / 단팥죽 등,모두 금연석,가능(일부 메뉴),0507-1401-9946,,불가능 (인근 공영주차장 이용),,09:00~22:00,연중무휴,,없음,,20100137196,,,,,,,,,,,,,,,,,,,,,,,,,,,,,,,,,,,,,,,,,,,,,,,,,,,,,,,,,,,,,,,,,,,,,,,,,,,,,,,,,,,,,,,,,,,,,
2869618,39,,,,,,,,,,,,,,,,,0,따로국밥,수육백반 / 수육 / 섞어따로국밥 등,,,051-628-4898,,가능,,09:30~20:00 (준비시간 14:00~14:30),연중무휴,,,,20120137280,,,,,,,,,,,,,,,,,,,,,,,,,,,,,,,,,,,,,,,,,,,,,,,,,,,,,,,,,,,,,,,,,,,,,,,,,,,,,,,,,,,,,,,,,,,,,
2775559,12,0,0,0,051-721-3167,,연중무휴,,,,,상시 개방,가능,,,,,,,,,,,,,,,,,,,,,,,,,,,,,,,,,,,,,,,,,,,,,,,,,,,,,,,,,,,,,,,,,,,,,,,,,,,,,,,,,,,,,,,,,,,,,,,,,,,,,,,,,,,,,,,,
2872271,39,,,,,,,,,,,,,,,,,0,천지전복죽,전복회 / 전복버섯구이 / 성게전복죽 등,,가능,051-721-6611,,가능,,09:00~20:30,매주 목요일,,가능,,20210157012,,,,,,,,,,,,,,,,,,,,,,,,,,,,,,,,,,,,,,,,,,,,,,,,,,,,,,,,,,,,,,,,,,,,,,,,,,,,,,,,,,,,,,,,,,,,,
2875364,39,,,,,,,,,,,,,,,,,0,전복죽,전복철판구이 / 전복물회 / 산낙지 등,,가능,051-722-5300,,가능,,09:00~20:00 (마지막 주문 19:00),매주 화요일,,가능,,20090156170,,,,,,,,,,,,,,,,,,,,,,,,,,,,,,,,,,,,,,,,,,,,,,,,,,,,,,,,,,,,,,,,,,,,,,,,,,,,,,,,,,,,,,,,,,,,,
3017347,12,0,0,0,영도구청 문화관광과 051-419-4041,,연중무휴,,,,,상시 개방,불가능,,,,,,,,,,,,,,,,,,,,,,,,,,,,,,,,,,,,,,,,,,,,,,,,,,,,,,,,,,,,,,,,,,,,,,,,,,,,,,,,,,,,,,,,,,,,,,,,,,,,,,,,,,,,,,,,
2775495,12,0,0,0,051-727-0859,,연중무휴,,,,,상시 개방,가능,,,,,,,,,,,,,,,,,,,,,,,,,,,,,,,,,,,,,,,,,,,,,,,,,,,,,,,,,,,,,,,,,,,,,,,,,,,,,,,,,,,,,,,,,,,,,,,,,,,,,,,,,,,,,,,,
1805792,39,,,,,,,,,,,,,,,,,0,멸치회,멸치찌개 / 모둠회 / 멸치튀김 등,모두 금연석,가능,051-721-9477,,가능,,09:00~21:00,설·추석 당일,,가능,전화 예약 문의 (051-721-9477),19960156084,,,,,,,,,,,,,,,,,,,,,,,,,,,,,,,,,,,,,,,,,,,,,,,,,,,,,,,,,,,,,,,,,,,,,,,,,,,,,,,,,,,,,,,,,,,,,
2786766,39,,,,,,,,,,,,,,,,,0,히츠마부시,카이센동 / 우니동 / 어린이 장어 덮밥 등,,가능,0507-1385-3730,,가능,,- 11:00~22:00<br>- 마지막 주문 20:50,연중무휴,,,,20130141873,,,,,,,,,,,,,,,,,,,,,,,,,,,,,,,,,,,,,,,,,,,,,,,,,,,,,,,,,,,,,,,,,,,,,,,,,,,,,,,,,,,,,,,,,,,,,
2853156,39,,,,,,,,,,,,,,,,,0,해물듬뿍칼국수,해물칼국수 / 육전물밀면 / 비빔밀면 / 낙지한마리칼국수 / 소고기육전 등,,,0507-1357-2579,,가능,,11:00~21:00 (라스트오더 20:30),매주 월요일 / 설·추석 연휴,,가능,,20200154441,,,,,,,,,,,,,,,,,,,,,,,,,,,,,,,,,,,,,,,,,,,,,,,,,,,,,,,,,,,,,,,,,,,,,,,,,,,,,,,,,,,,,,,,,,,,,
3451794,14,,,,,,,,,,,,,,,,,,,,,,,,,,,,,,,,,,무료관람,화-일 10:30 - 18:30,,1533-2680,,,매주 월요일 휴관,,,,,,,,,,,,,,,,,,,,,,,,,,,,,,,,,,,,,,,,,,,,,,,,,,,,,,,,,,,,,,,,,,,,,,,,,,,,,,,,,,,,
2865435,39,,,,,,,,,,,,,,,,,0,킹크랩,한치숙회 / 킹새우치즈구이 / 해물된장찌개정식 등,,가능,0507-1402-0182,,가능,,11:00~22:10,매주 월요일,,,,20150131086,,,,,,,,,,,,,,,,,,,,,,,,,,,,,,,,,,,,,,,,,,,,,,,,,,,,,,,,,,,,,,,,,,,,,,,,,,,,,,,,,,,,,,,,,,,,,
2019594,14,,,,,,,,,,,,,,,,,,,,,,,,,,,,,,,,"대지면적 9,269㎡ / 연면적 7,985㎡ (지상 5층 / 지하 1층)",※ 교육과정 별로 상이함,,약 1시간,무료,051-400-7700,50명,※ 교육과정 별로 상이함,"매주 토, 일요일 / 법정공휴일",가능,없음,,없음,,,,,,,,,,,,,,,,,,,,,,,,,,,,,,,,,,,,,,,,,,,,,,,,,,,,,,,,,,,,,,,,,,,,,,,,,,,,,,,,
2786779,39,,,,,,,,,,,,,,,,,0,밀면,비빔면 / 만두 / 사리,,가능,0507-1404-9404,,가능,,10:00~20:40,"설·추석 전일, 당일",,가능,전화문의,19980141132,,,,,,,,,,,,,,,,,,,,,,,,,,,,,,,,,,,,,,,,,,,,,,,,,,,,,,,,,,,,,,,,,,,,,,,,,,,,,,,,,,,,,,,,,,,,,
127004,12,0,0,0,부산 해운대구 관광안내소 051-749-5700,,연중무휴,,,,,상시 개방,가능,없음,,없음,,,,,,,,,,,,,,,,,,,,,,,,,,,,,,,,,,,,,,,,,,,,,,,,,,,,,,,,,,,,,,,,,,,,,,,,,,,,,,,,,,,,,,,,,,,,,,,,,,,,,,,,,,,,,
2822343,12,0,0,0,해운대구청 늘푸른과 051-749-4535,,연중무휴,,,,,상시 개방,가능,,,,,,,,,,,,,,,,,,,,,,,,,,,,,,,,,,,,,,,,,,,,,,,,,,,,,,,,,,,,,,,,,,,,,,,,,,,,,,,,,,,,,,,,,,,,,,,,,,,,,,,,,,,,,,,,
987810,12,0,0,0,051-749-7621,,연중무휴,,,,,상시 개방,가능<br>요금 (무료),없음,,없음,,,,,,,,,,,,,,,,,,,,,,,,,,,,,,,,,,,,,,,,,,,,,,,,,,,,,,,,,,,,,,,,,,,,,,,,,,,,,,,,,,,,,,,,,,,,,,,,,,,,,,,,,,,,,
1304431,38,,,,,,,,,,,,,,,,,,,,,,,,,,,,,,,,,,,,,,,,,,,,,,,,,,,,,,,,,,,,,,,,,패션 의류 / 패션 소품,,,,,,,부산 해운대구 관광안내소 051-749-5700,,※ 매장마다 상이함,가능,없음,,가능,※ 매장마다 상이함,,,,,,,,,,,,,,,,,,,,,,,,,,,,,,,,,,,,,,,,,,,,,
2048902,15,,,,,,,,,,,,,,,,,,,,,,,,,,,,,,,,,,,,,,,,,,,,,부산광역시 해운대구청,051-749-4062,,,20260118,18:00~23:00,해운대 해수욕장,,,,,,,20251129,무료,,,,선택안함,선택안함,,,,,,,,,,,,,,,,,,,,,,,,,,,,,,,,,,,,,,,,,,,,,,,,,,,,,,,,,,,,
2705418,32,,,,,,,,,,,,,,,,,,,,,,,,,,,,,,,,,,,,,,,,,,,,,,,,,,,,,,,,,,,,,,,,,,,,,,,,,,,,,,,,,,,,258실,스탠다드 / 디럭스 / 패밀리 / 프리미어 / 스위트,,15:00 (금요일~일요일·공휴일·공휴전일 16:00),11:00,일부객실 가능,0,0,0,0,0,0,0,0,0,0,0,0,반려견 테마파크 / 갤러리 / 루프탑,바비큐장 / 레스토랑,,,051-743-0003,가능,,,,,,,,,,,,,,,,,
2760773,39,,,,,,,,,,,,,,,,,0,대구탕,,,,051-731-5020,,가능,,08:00~20:40 (마지막 주문 20:10),연중무휴,,,,19890141026,,,,,,,,,,,,,,,,,,,,,,,,,,,,,,,,,,,,,,,,,,,,,,,,,,,,,,,,,,,,,,,,,,,,,,,,,,,,,,,,,,,,,,,,,,,,,
1889286,25,,,,,,,,,,,,,,,,,,,,,,,,,,,,,,,,,,,,,,,,,,,,,,,,,,,,,,,,,,,,,,,,,,,,,,,,,,,,,,,,11.5km,기타,6시간,----지자체-----,,,,,,,,,,,,,,,,,,,,,,,,,,,,,,,,,,,,,,,,,
2705325,12,0,0,0,051-711-1789,,연중무휴,,,,,09:00~22:00,가능,없음,,없음,,,,,,,,,,,,,,,,,,,,,,,,,,,,,,,,,,,,,,,,,,,,,,,,,,,,,,,,,,,,,,,,,,,,,,,,,,,,,,,,,,,,,,,,,,,,,,,,,,,,,,,,,,,,,
1748157,14,,,,,,,,,,,,,,,,,,,,,,,,,,,,,,,,,※ 공연에 따라 상이하므로 전화문의 요망,,,무료,051-749-7651,,※ 이용시설에 따라 상이하므로 전화문의 요망,매주 월요일,가능,없음,,가능,,,,,,,,,,,,,,,,,,,,,,,,,,,,,,,,,,,,,,,,,,,,,,,,,,,,,,,,,,,,,,,,,,,,,,,,,,,,,,,,
2663379,32,,,,,,,,,,,,,,,,,,,,,,,,,,,,,,,,,,,,,,,,,,,,,,,,,,,,,,,,,,,,,,,,,,,,,,,,,,,,,,,,,,,,281실,,,15:00,11:00,,0,0,0,0,1,0,0,0,0,0,0,0,,,,,051-720-9000,가능,,,,,,,,,,,,,,,,,
126108,12,0,0,0,051-740-7000,2006년 9월 18일,매주 수요일 / 설·추석 연휴 / 센터 점검 날,,,,,"- 평일 04:00~23:59<br>
- 목요일 06:00~23:59<br>
- 주말 04:00~23:59",가능,없음,,가능,,,,,,,,,,,,,,,,,,,,,,,,,,,,,,,,,,,,,,,,,,,,,,,,,,,,,,,,,,,,,,,,,,,,,,,,,,,,,,,,,,,,,,,,,,,,,,,,,,,,,,,,,,,,,
2858936,39,,,,,,,,,,,,,,,,,0,오징어회,오징어 먹통 / 오징어물회 / 모둠회 / 문어숙회 / 갑오징어 등,,가능,051-741-4557,,가능<br>요금 (무료),,14:00~01:00,명절 당일,,가능,,20150141908,,,,,,,,,,,,,,,,,,,,,,,,,,,,,,,,,,,,,,,,,,,,,,,,,,,,,,,,,,,,,,,,,,,,,,,,,,,,,,,,,,,,,,,,,,,,,
2852289,39,,,,,,,,,,,,,,,,,0,해물칼국수,철판오리불고기 / 해물부추전 / 갈비만두 등,,,051-728-4552,,가능,,11:00~22:00 (마지막 주문 21:30),매주 월요일,,가능,,19830156013,,,,,,,,,,,,,,,,,,,,,,,,,,,,,,,,,,,,,,,,,,,,,,,,,,,,,,,,,,,,,,,,,,,,,,,,,,,,,,,,,,,,,,,,,,,,,
2804685,25,,,,,,,,,,,,,,,,,,,,,,,,,,,,,,,,,,,,,,,,,,,,,,,,,,,,,,,,,,,,,,,,,,,,,,,,,,,,,,,,76.1km,3박이상,3박이상,자연여행,,,,,,,,,,,,,,,,,,,,,,,,,,,,,,,,,,,,,,,,,
2759611,39,,,,,,,,,,,,,,,,,0,코스메뉴,랍스터 한상 / 해풍스페셜 / 해산물모둠 / 생선회 / 전복회 등,,가능,0507-1467-2213,,가능,,09:30~21:30,연중무휴,,가능,0507-1467-2213,20160156025,,,,,,,,,,,,,,,,,,,,,,,,,,,,,,,,,,,,,,,,,,,,,,,,,,,,,,,,,,,,,,,,,,,,,,,,,,,,,,,,,,,,,,,,,,,,,
3533150,32,,,,,,,,,,,,,,,,,,,,,,,,,,,,,,,,,,,,,,,,,,,,,,,,,,,,,,,,,,,,,,,,,,,,,,,,,,,,,,,,,,,,1,양실,온라인 예약 시 해당 업체의 환불 규정에 따름,16:00,11:00,가능,0,0,0,0,0,0,0,0,0,0,0,0,,,https://www.airbnb.co.kr/rooms/936158212865313938,불가,,,가능(에어비엔비예약),,,,,,,,,,,,,,,,
2841524,39,,,,,,,,,,,,,,,,,0,생선모둠찜,가오리찜 / 대구뽈찜 / 오징어순대 등,,가능,0507-1388-6253,,가능,,- 10:00~21:00<br>- 마지막 주문 20:10,연중무휴,,,,20130156432,,,,,,,,,,,,,,,,,,,,,,,,,,,,,,,,,,,,,,,,,,,,,,,,,,,,,,,,,,,,,,,,,,,,,,,,,,,,,,,,,,,,,,,,,,,,,
2832655,39,,,,,,,,,,,,,,,,,0,헤이든슈페너,시나몬크림라떼 / 블루레몬에이드 / 그린티라떼 등,,가능,051-728-4717,,가능,,11:00~20:00 (마지막 주문 19:30),연중무휴,,가능,,20210156831,,,,,,,,,,,,,,,,,,,,,,,,,,,,,,,,,,,,,,,,,,,,,,,,,,,,,,,,,,,,,,,,,,,,,,,,,,,,,,,,,,,,,,,,,,,,,
2560161,15,,,,,,,,,,,,,,,,,,,,,,,,,,,,,,,,,,,,,,,,,,,,,국립부산과학관,1422-23,,,20250921,10:00~17:00,국립부산과학관,,,,,,,20250920,"요금 무료(일부 유료프로그램 1,500원~10,000원)",,,,선택안함,선택안함,,,,,,,,,,,,,,,,,,,,,,,,,,,,,,,,,,,,,,,,,,,,,,,,,,,,,,,,,,,,
2852301,39,,,,,,,,,,,,,,,,,0,생고기모듬,갈비살 / 등심 / 안심 등,,가능,0507-1352-9157,,가능,,11:00~21:00,연중무휴,,,,20070156213,,,,,,,,,,,,,,,,,,,,,,,,,,,,,,,,,,,,,,,,,,,,,,,,,,,,,,,,,,,,,,,,,,,,,,,,,,,,,,,,,,,,,,,,,,,,,
3532608,32,,,,,,,,,,,,,,,,,,,,,,,,,,,,,,,,,,,,,,,,,,,,,,,,,,,,,,,,,,,,,,,,,,,,,,,,,,,,,,,,,,,,1,양실,온라인 예약 시 해당 업체의 환불 규정에 따름,16:00,12:00,가능,0,0,0,0,0,0,0,0,0,0,0,0,건조기,,https://www.airbnb.co.kr/rooms/1386215430473933025,불가,0507-1350-1170,가능(인근도로 및 공영주차장 유료이용),가능(에어비앤비),,,,,,,,,,,,,,,,
3469691,32,,,,,,,,,,,,,,,,,,,,,,,,,,,,,,,,,,,,,,,,,,,,,,,,,,,,,,,,,,,,,,,,,,,,,,,,,,,,,,,,,,,,44,양실,,18:00,12:00,불가,0,0,0,0,1,1,0,0,0,0,1,0,루프탑,있음,,,051-320-9400,가능,,44객실,,,,,,,,,,,,,,,
3469763,32,,,,,,,,,,,,,,,,,,,,,,,,,,,,,,,,,,,,,,,,,,,,,,,,,,,,,,,,,,,,,,,,,,,,,,,,,,,,,,,,,,,,23,한실/양실,입실하루전가능,16:00,12:00,불가,0,0,0,0,0,0,0,0,0,0,1,0,"편의점, 산책로",있음,,불가,010-7361-1619,가능,,객실23개,50,,,,,,,,,,,,,,
2701011,32,,,,,,,,,,,,,,,,,,,,,,,,,,,,,,,,,,,,,,,,,,,,,,,,,,,,,,,,,,,,,,,,,,,,,,,,,,,,,,,,,,,,35실,스탠다드 / 디럭스 / 프리미엄 / 스위트 / 펜트하우스,,18:00,12:00,,0,0,0,0,0,0,0,0,0,0,0,0,,,,,051-515-8143,가능,,,75,,,,,,,,,,,,,,
2378912,32,,,,,,,,,,,,,,,,,,,,,,,,,,,,,,,,,,,,,,,,,,,,,,,,,,,,,,,,,,,,,,,,,,,,,,,,,,,,,,,,,,,,47실,"디럭스, 프리미어, 히노끼, 스위",,15:00,익일 11:00,불가,0,0,0,0,0,0,0,0,0,0,0,0,,에머이,,,051-463-6171,가능<br>요금 (무료),,10층,115명,,,,,,,,,,,,,,
2708667,32,,,,,,,,,,,,,,,,,,,,,,,,,,,,,,,,,,,,,,,,,,,,,,,,,,,,,,,,,,,,,,,,,,,,,,,,,,,,,,,,,,,,107,양실,"체크인 5일 전 취소 시 100% 환불, 체크인 4일 전 취소 시 90% 환불, 체크인 3일 전 취소 시 70% 환불, 체크인 2일 전 취소 시 50% 환불, 체크인 1일 전 또는 당일 취소 시 환불 불가",15:00,11:00,불가,1,0,0,0,1,0,0,0,0,0,1,0,PC,있음,,불가,051-242-2200,가능,,건물 지상 1층-지상 14층,314,,,,,,,,,,,,,,
128886,12,0,0,0,0507-1418-0395,,연중무휴,템플스테이,,,,09:00~17:30,가능,,,,,,,,,,,,,,,,,,,,,,,,,,,,,,,,,,,,,,,,,,,,,,,,,,,,,,,,,,,,,,,,,,,,,,,,,,,,,,,,,,,,,,,,,,,,,,,,,,,,,,,,,,,,,,,,
2869343,39,,,,,,,,,,,,,,,,,0,양곱창구이,순양양념구이 / 백양소금구이 / 된장국수 등,,,0507-1352-0543,,가능,,- 12:00~22:00<br>- 준비시간 15:00~16:30<br>- 마지막 주문 20:50,매주 화요일,,,,20000152016,,,,,,,,,,,,,,,,,,,,,,,,,,,,,,,,,,,,,,,,,,,,,,,,,,,,,,,,,,,,,,,,,,,,,,,,,,,,,,,,,,,,,,,,,,,,,
2756696,12,0,0,0,051-362-0261,,"매주 월요일 (단, 월요일이 공휴일인 경우 그 다음날 휴무) / 설·추석 연휴 / 1월 1일",숲해설 프로그램,전 연령,,,"- 하절기(3월~10월) 09:00~18:00 (입장 마감 17:00)<br>
- 동절기(11월~2월) 09:00~17:00 (입장 마감 16:00)",가능 (약 180대)<br>요금 (무료),없음,,,,,,,,,,,,,,,,,,,,,,,,,,,,,,,,,,,,,,,,,,,,,,,,,,,,,,,,,,,,,,,,,,,,,,,,,,,,,,,,,,,,,,,,,,,,,,,,,,,,,,,,,,,,,,,
2869875,39,,,,,,,,,,,,,,,,,0,짜장면,해물 간짜장 / 해물짬뽕 / 등심 탕수육 등,,가능,0507-1480-1636,,불가능,,- 11:30~21:30<br>- 준비시간(평일) 15:00~16:30<br>- 마지막 주문 20:20,매주 수요일,,,,20140130003,,,,,,,,,,,,,,,,,,,,,,,,,,,,,,,,,,,,,,,,,,,,,,,,,,,,,,,,,,,,,,,,,,,,,,,,,,,,,,,,,,,,,,,,,,,,,
2848924,39,,,,,,,,,,,,,,,,,0,새우전,왕새우 / 독도꽃새우 / 닭새우 / 새우튀김 등,,,051-724-4747,,가능,,11:30~21:30,연중무휴,,가능,,20200156386,,,,,,,,,,,,,,,,,,,,,,,,,,,,,,,,,,,,,,,,,,,,,,,,,,,,,,,,,,,,,,,,,,,,,,,,,,,,,,,,,,,,,,,,,,,,,
128290,12,0,0,0,0507-1481-1425,,연중무휴,,,,,상시 개방,가능<br>요금 (무료),없음,,없음,,,,,,,,,,,,,,,,,,,,,,,,,,,,,,,,,,,,,,,,,,,,,,,,,,,,,,,,,,,,,,,,,,,,,,,,,,,,,,,,,,,,,,,,,,,,,,,,,,,,,,,,,,,,,
2733472,12,0,0,0,남구청 관광체육과 051-607-4824,,연중무휴,,,,,상시 개방,가능,,,,,,,,,,,,,,,,,,,,,,,,,,,,,,,,,,,,,,,,,,,,,,,,,,,,,,,,,,,,,,,,,,,,,,,,,,,,,,,,,,,,,,,,,,,,,,,,,,,,,,,,,,,,,,,,
2853031,39,,,,,,,,,,,,,,,,,0,장작모듬,황토마루 자유이용권 / 갈비살 / 차돌박이 등,,,0507-1360-7204,,가능,,- 평일 11:30~21:00 (마지막 주문 19:30)<br>- 주말 11:00~21:00 (마지막 주문 19:30),"매주 월요일, 화요일, 수요일",,가능,,19990156030,,,,,,,,,,,,,,,,,,,,,,,,,,,,,,,,,,,,,,,,,,,,,,,,,,,,,,,,,,,,,,,,,,,,,,,,,,,,,,,,,,,,,,,,,,,,,
2661475,12,0,0,0,051-519-4081,,연중무휴,,,,,상시 개방,가능,없음,,없음,,,,,,,,,,,,,,,,,,,,,,,,,,,,,,,,,,,,,,,,,,,,,,,,,,,,,,,,,,,,,,,,,,,,,,,,,,,,,,,,,,,,,,,,,,,,,,,,,,,,,,,,,,,,,
2859132,39,,,,,,,,,,,,,,,,,0,우엉튀김우동,야채튀김우동 / 기장쪽파튀김우동 / 정통후토마키 등,,가능,0507-1319-9956,,가능,,10:00~19:30 (마지막 주문 19:20),매주 월요일,,가능,,19990141335,,,,,,,,,,,,,,,,,,,,,,,,,,,,,,,,,,,,,,,,,,,,,,,,,,,,,,,,,,,,,,,,,,,,,,,,,,,,,,,,,,,,,,,,,,,,,
2865236,39,,,,,,,,,,,,,,,,,0,밤팥빵,녹두크림치즈빵 / 휘낭시에 / 쑥밤파운드케이크 등,,가능,051-911-3603,,불가능,,07:00~19:00,"매주 화요일, 수요일 / 매월 마지막 주 월요일",,가능,,20190131233,,,,,,,,,,,,,,,,,,,,,,,,,,,,,,,,,,,,,,,,,,,,,,,,,,,,,,,,,,,,,,,,,,,,,,,,,,,,,,,,,,,,,,,,,,,,,
3474164,32,,,,,,,,,,,,,,,,,,,,,,,,,,,,,,,,,,,,,,,,,,,,,,,,,,,,,,,,,,,,,,,,,,,,,,,,,,,,,,,,,,,,,,,,,,0,0,0,0,0,0,0,0,0,0,0,0,,,,,,,,,,,,,,,,,,,,,,,
133525,39,,,,,,,,,,,,,,,,,0,완당,완당정식 / 덮밥세트 / 냉모밀국수 등,모두 금연석,가능(일부 메뉴),051-245-0018,,불가능,,10:30~20:00 (마지막 주문 19:30),연중무휴,,가능,전화 예약 가능 (051-245-0018),19940126125,,,,,,,,,,,,,,,,,,,,,,,,,,,,,,,,,,,,,,,,,,,,,,,,,,,,,,,,,,,,,,,,,,,,,,,,,,,,,,,,,,,,,,,,,,,,,
2870666,39,,,,,,,,,,,,,,,,,0,뱅뱅뱅 페스츄리,꿀꺽도나스 / 프랑스생크림빵 / 부산명물 파이만쥬 등,,가능,051-467-3589,,가능,,- 09:00~20:00<br>- 마지막 주문 19:30,연중무휴,,,,20200129321,,,,,,,,,,,,,,,,,,,,,,,,,,,,,,,,,,,,,,,,,,,,,,,,,,,,,,,,,,,,,,,,,,,,,,,,,,,,,,,,,,,,,,,,,,,,,
3356047,15,,,,,,,,,,,,,,,,,,,,,,,,,,,,,,,,,,,,,,,,,,,,,부산광역시 / 부산관광공사 / 부산광역시 북구,051-710-6948,부산광역시 / 부산관광공사 / 부산광역시 북구,,20251019,16:00~21:00,화명생태공원 연꽃단지 일원,,,,,,,20250918,무료 (일부 체험비 별도),,,,선택안함,선택안함,,,,,,,,,,,,,,,,,,,,,,,,,,,,,,,,,,,,,,,,,,,,,,,,,,,,,,,,,,,,
3528964,15,,,,,,,,,,,,,,,,,,,,,,,,,,,,,,,,,,,,,,,,,,,,,"부산광역시, 부산경제진흥원, 금정구청, 부산대자율상권조합",051-714-1497,"부산광역시, 부산경제진흥원, 금정구청, 부산대자율상권조합",,20250906,17:00~22:00,부산대 자율상권 구역 일대 / 부산대학교 앞 차 없는 거리,,,,,,,20250904,무료 (체험비 별도),,,,선택안함,선택안함,,,,,,,,,,,,,,,,,,,,,,,,,,,,,,,,,,,,,,,,,,,,,,,,,,,,,,,,,,,,
3524130,15,,,,,,,,,,,,,,,,,,,,,,,,,,,,,,,,,,,,,,,,,,,,,"부산광역시, 부산관광공사",070-4129-1082,"부산광역시, 부산관광공사",,20250907,16:00~21:00,다대포해수욕장,,전 연령,,,,,20250906,무료,,,,선택안함,선택안함,,,,,,,,,,,,,,,,,,,,,,,,,,,,,,,,,,,,,,,,,,,,,,,,,,,,,,,,,,,,
2868776,15,,,,,,,,,,,,,,,,,,,,,,,,,,,,,,,,,,,,,,,,,,,,,"중소벤처기업부, 소상공인시장진흥공단, 부산광역시, 전라남도, 전국상인연합회",051-635-5331,"부산광역시상인연합회, 전라남도상인연합회",,20251102,09:00~18:00,부산시민공원 내 다솜광장,,전 연령,,,,,20251031,무료,,,,선택안함,선택안함,,,,,,,,,,,,,,,,,,,,,,,,,,,,,,,,,,,,,,,,,,,,,,,,,,,,,,,,,,,,
126814,12,0,0,0,051-752-2947,,연중무휴,,,,,상시 개방,불가능,없음,,없음,,,,,,,,,,,,,,,,,,,,,,,,,,,,,,,,,,,,,,,,,,,,,,,,,,,,,,,,,,,,,,,,,,,,,,,,,,,,,,,,,,,,,,,,,,,,,,,,,,,,,,,,,,,,,
2853243,39,,,,,,,,,,,,,,,,,0,모듬초밥,303회정식 / 민물장어덮밥 / 스테이크정식 등,,,0507-1438-3363,,가능,,11:00~21:00 (마지막 주문 20:00),연중무휴,,가능,,20190134789,,,,,,,,,,,,,,,,,,,,,,,,,,,,,,,,,,,,,,,,,,,,,,,,,,,,,,,,,,,,,,,,,,,,,,,,,,,,,,,,,,,,,,,,,,,,,
2870800,39,,,,,,,,,,,,,,,,,0,303제노베제,모짜렐라 마르게리따 / 고르곤졸라 피자 / 디아블라 등,,,0507-1407-7044,,가능,,11:00~21:00 (마지막 주문 20:00),연중무휴,,가능,가능 (네이버예약),19980134387,,,,,,,,,,,,,,,,,,,,,,,,,,,,,,,,,,,,,,,,,,,,,,,,,,,,,,,,,,,,,,,,,,,,,,,,,,,,,,,,,,,,,,,,,,,,,
2608470,39,,,,,,,,,,,,,,,,,0,한우곱창전골,,모두 금연석,가능,051-317-0470,,가능,,11:00~20:00 (준비시간 15:00~16:00),"매주 토요일, 일요일",,가능,,19850154032,,,,,,,,,,,,,,,,,,,,,,,,,,,,,,,,,,,,,,,,,,,,,,,,,,,,,,,,,,,,,,,,,,,,,,,,,,,,,,,,,,,,,,,,,,,,,
2570213,32,,,,,,,,,,,,,,,,,,,,,,,,,,,,,,,,,,,,,,,,,,,,,,,,,,,,,,,,,,,,,,,,,,,,,,,,,,,,,,,,,,,,3,양실,,14:00,11:00,가능,0,0,0,0,0,0,0,0,0,0,0,1,,,,불가,,가능,전화(010-2171-0390),20층 주상복합 건물 중 한 호실,8,,,,,,,,,,,,,,
2696504,32,,,,,,,,,,,,,,,,,,,,,,,,,,,,,,,,,,,,,,,,,,,,,,,,,,,,,,,,,,,,,,,,,,,,,,,,,,,,,,,,,,,,3,양실,"이용일 10일전 100%, 9~8일전 90%, 7일~당일 :불가",16:00,11:00,가능,0,0,0,0,1,0,0,0,0,0,0,0,,있음,,불가,,가능,전화(010-2884-2297),"7층 단독건물 중 4,5,6층",22,,,,,,,,,,,,,,
2569922,32,,,,,,,,,,,,,,,,,,,,,,,,,,,,,,,,,,,,,,,,,,,,,,,,,,,,,,,,,,,,,,,,,,,,,,,,,,,,,,,,,,,,3,,,15:00,11:00,불가,0,0,0,0,0,0,0,0,0,0,0,0,,,,불가,010-3521-1239,가능(2대),전화(010-3521-1239),"22평, 2층",12,,,,,,,,,,,,,,
2624014,32,,,,,,,,,,,,,,,,,,,,,,,,,,,,,,,,,,,,,,,,,,,,,,,,,,,,,,,,,,,,,,,,,,,,,,,,,,,,,,,,,,,,1,양실,전화문의,16:00,11:00,가능,0,0,0,0,0,0,0,0,0,0,0,0,,,,불가,0507-1412-3755,가능,전화(0507-1412-3755),건물 한 층,16,,,,,,,,,,,,,,
2945389,12,0,0,0,051-607-4541~4,2001-10-24,연중무휴,,,,,"5월~9월 09:00~18:00<br>
10월~4월 09:00~17:00",가능,없음,,없음,,,,,,,,,,,,,,,,,,,,,,,,,,,,,,,,,,,,,,,,,,,,,,,,,,,,,,,,,,,,,,,,,,,,,,,,,,,,,,,,,,,,,,,,,,,,,,,,,,,,,,,,,,,,,
2563357,39,,,,,,,,,,,,,,,,,0,아구찜,물덤뱅이탕 / 아구수육 / 녹두전 / 계란말이,모두 금연석,전 메뉴 포장 가능,051-754-3789,,불가능,,- 11:00~21:00<br>- 준비 시간 15:00~17:00<br>- 마지막 주문 20:15,매주 화요일,,가능,전화 문의 (051-754-3789),19850152021,,,,,,,,,,,,,,,,,,,,,,,,,,,,,,,,,,,,,,,,,,,,,,,,,,,,,,,,,,,,,,,,,,,,,,,,,,,,,,,,,,,,,,,,,,,,,
1878262,28,,,,,,,,,,,,,,,,,,,,,,,,,,,,,,,,,,,,,,,,,,,,,,,,,,,,,,,,,,,,,,,,,,,,,,,,,,,,,,,,,,,,,,,,,,,,,,,,,,,,,,,,,,,,,,,,,051-505-2224,,,연중무휴,상시 개방,,,가능,,,,
