contentid,contenttypeid,title,addr1,addr2,areacode,sigungucode,mapx,mapy,cat1,cat2,cat3,tel,firstimage,createdtime,modifiedtime,zipcode,lDongRegnCd,lDongSignguCd,lclsSystm1,lclsSystm2,lclsSystm3,firstimage2,cpyrhtDivCd,mlevel
129156,12,가덕도 등대,부산광역시 강서구 외양포로 10,,6,1,128.8295937487,35.0006471157,A01,A0101,A01011600,,http://tong.visitkorea.or.kr/cms/resource/81/3342781_image2_1.jpg,20060719090000,20250318220404,46771,26,440,VE,VE01,VE010800,http://tong.visitkorea.or.kr/cms/resource/81/3342781_image3_1.jpg,Type3,6
2726843,12,가덕도 연대봉,부산광역시 강서구 천성동,,6,1,128.8216713782,35.0317518247,A01,A0101,A01010400,,,20210723203306,20250325102838,,26,440,NA,NA01,NA010100,,,6
2845011,39,가마솥생복집,부산광역시 기장군 차성로 327-2 가마솥생복집,,6,3,129.2134452993,35.2470210453,A05,A0502,A05020100,,http://tong.visitkorea.or.kr/cms/resource/05/2845005_image2_1.jpg,20220829144708,20250828133132,46060,26,710,FD,FD01,FD010100,http://tong.visitkorea.or.kr/cms/resource/05/2845005_image3_1.jpg,Type3,6
2778443,39,가야포차선지국,부산광역시 기장군 정관읍 정관8로 28,,6,3,129.1788934446,35.3223258488,A05,A0502,A05020100,,,20211124191046,20250325143557,46015,26,710,FD,FD01,FD010100,,,6
849929,39,가야할매 밀면,부산광역시 연제구 월드컵대로145번길 32,,6,13,129.0798725132,35.1851949389,A05,A0502,A05020100,,,20091030211645,20250307142014,47540,26,470,FD,FD01,FD010100,,,6
1935608,12,가톨릭 특성화 거리,부산광역시 금정구 부곡동,,6,2,129.0970388630,35.2434553947,A02,A0203,A02030600,,http://tong.visitkorea.or.kr/cms/resource/44/3552344_image2_1.jpg,20140718193257,20251023143000,46267,26,410,VE,VE04,VE040100,http://tong.visitkorea.or.kr/cms/resource/44/3552344_image3_1.jpg,Type1,6
2785289,12,감지해변,부산광역시 영도구 감지길 110,(동삼동),6,14,129.0764900502,35.0625336062,A01,A0101,A01011200,,,20211202224528,20240913101210,49126,26,200,NA,NA02,NA020900,,,6
294452,12,감천사(부산),부산광역시 연제구 묘봉산로 40,(연산동),6,13,129.0912632411,35.1833036953,A02,A0201,A02010800,,http://tong.visitkorea.or.kr/cms/resource/20/3476820_image2_1.jpg,20071127012214,20250424114002,47582,26,470,HS,HS03,HS030100,http://tong.visitkorea.or.kr/cms/resource/20/3476820_image3_1.jpg,Type3,6
2869158,39,감포참가자미,부산광역시 동구 범일로102번길 16-20 (범일동),,6,5,129.0610587668,35.1383498379,A05,A0502,A05020100,,http://tong.visitkorea.or.kr/cms/resource/32/2869132_image2_1.jpg,20221018141453,20250829093536,48744,26,170,FD,FD01,FD010100,http://tong.visitkorea.or.kr/cms/resource/32/2869132_image3_1.jpg,Type3,6
2872626,39,강호중마라도물회,부산광역시 강서구 녹산화전로 283 (녹산동),,6,1,128.8722536946,35.1120076519,A05,A0502,A05020100,,http://tong.visitkorea.or.kr/cms/resource/15/2872615_image2_1.JPG,20221021145458,20250708105911,46734,26,440,FD,FD01,FD010100,http://tong.visitkorea.or.kr/cms/resource/15/2872615_image3_1.JPG,Type3,6
2784321,39,개금밀면,부산광역시 부산진구 가야대로482번길 9-4,(개금동),6,7,129.0251059496,35.1525864700,A05,A0502,A05020100,,http://tong.visitkorea.or.kr/cms/resource/26/2787626_image2_1.jpg,20211201191334,20250116105318,47324,26,230,FD,FD01,FD010100,http://tong.visitkorea.or.kr/cms/resource/26/2787626_image2_1.jpg,Type3,6
2834026,14,갤러리이알디 부산,"부산광역시 해운대구 해운대해변로 302 (중동, 대림맨션)",,6,16,129.1639936365,35.1610686425,A02,A0206,A02060500,,http://tong.visitkorea.or.kr/cms/resource/60/2836060_image2_1.jpg,20220808162726,20250521133910,48099,26,350,VE,VE07,VE070600,http://tong.visitkorea.or.kr/cms/resource/60/2836060_image3_1.jpg,Type3,6
2760771,39,거대갈비,부산광역시 해운대구 달맞이길 22 (중동),,6,16,129.1672794347,35.1620685910,A05,A0502,A05020100,,http://tong.visitkorea.or.kr/cms/resource/56/2761256_image2_1.jpg,20211021224836,20250902114540,48099,26,350,FD,FD01,FD010100,http://tong.visitkorea.or.kr/cms/resource/56/2761256_image2_1.jpg,Type3,6
2904908,39,거대곰탕,부산광역시 해운대구 해운대해변로 163 현대베네시티아파트,상가동 103호,6,16,129.1497310611,35.1584047875,A05,A0502,A05020100,,http://tong.visitkorea.or.kr/cms/resource/98/2904898_image2_1.jpg,20221110151702,20251103171814,48091,26,350,FD,FD01,FD010100,http://tong.visitkorea.or.kr/cms/resource/98/2904898_image3_1.jpg,Type3,6
2867215,39,거창맷돌순두부,부산광역시 남구 유엔로 221 (대연동),,6,4,129.1005555434,35.1306125441,A05,A0502,A05020100,,http://tong.visitkorea.or.kr/cms/resource/07/2867207_image2_1.JPG,20221014112935,20250619172748,48501,26,290,FD,FD01,FD010100,http://tong.visitkorea.or.kr/cms/resource/07/2867207_image3_1.JPG,Type3,6
3422647,15,게임 체험 팝업 전시 ‘Game-Playground’,"부산광역시 수영구 광남로 96 (광안동, 광안 포디움프레스티지 1)",지하 1층,6,16,129.1151037338,35.1504883662,A02,A0208,A02081300,010-8552-8044,http://tong.visitkorea.or.kr/cms/resource/58/3579258_image2_1.jpg,20241120162631,20251208161314,48303,26,500,EV,EV03,EV030400,http://tong.visitkorea.or.kr/cms/resource/58/3579258_image3_1.jpg,Type3,6
129631,12,경상좌수영성지,부산광역시 수영구 수영성로 43,(수영동),6,12,129.1117117085,35.1743106361,A02,A0201,A02010100,,http://tong.visitkorea.or.kr/cms/resource/02/3476802_image2_1.jpg,20070720090000,20250409094203,48229,26,500,HS,HS01,HS010100,http://tong.visitkorea.or.kr/cms/resource/02/3476802_image3_1.jpg,Type3,6
2838907,39,고관함박,부산광역시 동구 중앙대로349번길 14 (수정동),,6,5,129.0462742511,35.1270313878,A05,A0502,A05020200,,http://tong.visitkorea.or.kr/cms/resource/97/2838897_image2_1.jpg,20220818142455,20250828105311,48791,26,170,FD,FD02,FD020300,http://tong.visitkorea.or.kr/cms/resource/97/2838897_image3_1.jpg,Type3,6
3336600,38,고래서이뻐,부산광역시 해운대구 우동1로38번길 15-1 (우동),,6,16,129.1583856629,35.1657319056,A04,A0401,A04010900,,,20240723173052,20250311105223,48087,26,350,SH,SH05,SH050300,,,6
2785272,39,고향연화,부산광역시 기장군 기장읍 연화길 33-8,,6,3,129.2245979306,35.2172384782,A05,A0502,A05020300,,http://tong.visitkorea.or.kr/cms/resource/82/2785282_image2_1.jpg,20211202224016,20250828093425,46082,26,710,FD,FD02,FD020200,http://tong.visitkorea.or.kr/cms/resource/82/2785282_image2_1.jpg,Type3,6
2782765,12,곰내연밭,부산광역시 기장군 철마면 웅천리 254-4,,6,3,129.1695450043,35.2954092493,A01,A0101,A01010700,,http://tong.visitkorea.or.kr/cms/resource/58/2794158_image2_1.jpg,20211129222303,20250325104359,,26,710,NA,NA04,NA040700,http://tong.visitkorea.or.kr/cms/resource/58/2794158_image3_1.jpg,Type3,6
134326,39,곰보식당,부산광역시 사상구 낙동대로 1564,,6,9,128.9878357701,35.1965808534,A05,A0502,A05020100,,,20020926090000,20250306150858,46901,26,530,FD,FD01,FD010100,,,6
2841481,39,공극샌드커피,부산광역시 기장군 기장읍 공수해안길 41,,6,3,129.2131276086,35.1845252618,A05,A0502,A05020900,,http://tong.visitkorea.or.kr/cms/resource/76/2841476_image2_1.jpg,20220823112636,20250605113025,46084,26,710,FD,FD05,FD050100,http://tong.visitkorea.or.kr/cms/resource/76/2841476_image3_1.jpg,Type3,6
128610,12,공수어촌체험마을,부산광역시 기장군 기장읍 공수해안길 13-2,,6,3,129.2111944455,35.1844585662,A02,A0203,A02030100,,http://tong.visitkorea.or.kr/cms/resource/32/2504632_image2_1.jpg,20050926090000,20250325145220,46084,26,710,EX,EX03,EX030400,http://tong.visitkorea.or.kr/cms/resource/32/2504632_image2_1.jpg,Type3,6
2869241,39,공원집,부산광역시 부산진구 가야공원로 83-12 (가야동),,6,7,129.0290835698,35.1457178671,A05,A0502,A05020100,,http://tong.visitkorea.or.kr/cms/resource/33/2869233_image2_1.JPG,20221018144432,20250623131807,47390,26,230,FD,FD01,FD010100,http://tong.visitkorea.or.kr/cms/resource/33/2869233_image3_1.JPG,Type3,6
2870277,39,공원칼국수,부산광역시 남구 유엔평화로 110 (대연동),,6,4,129.0954366632,35.1262657140,A05,A0502,A05020100,,http://tong.visitkorea.or.kr/cms/resource/73/2870273_image2_1.JPG,20221019114236,20250624173351,48534,26,290,FD,FD01,FD010100,http://tong.visitkorea.or.kr/cms/resource/73/2870273_image3_1.JPG,Type3,6
1942348,12,관수옥과 초량왜관 터,부산광역시 중구 용두산길 37-55,(광복동2가),6,15,129.0327483723,35.1005396593,A02,A0201,A02010700,,http://tong.visitkorea.or.kr/cms/resource/24/3049224_image2_1.JPG,20140820012210,20250508101521,48950,26,110,HS,HS01,HS010700,http://tong.visitkorea.or.kr/cms/resource/24/3049224_image2_1.JPG,Type3,6
2785265,12,관음사(부산),부산광역시 사하구 제석로79번길 33 (당리동),,6,10,128.9758364301,35.1088376838,A02,A0201,A02010800,,http://tong.visitkorea.or.kr/cms/resource/10/2790710_image2_1.JPG,20211202222942,20250326160543,49316,26,380,HS,HS03,HS030100,http://tong.visitkorea.or.kr/cms/resource/10/2790710_image3_1.JPG,Type3,6
2805377,39,광명집,부산광역시 남구 신선로 458 (대연동),,6,4,129.1009667539,35.1256714384,A05,A0502,A05020100,,,20220125175511,20251023143000,48518,26,290,FD,FD01,FD010100,,,6
132574,38,광복 지하도상가,부산광역시 중구 중앙대로 지하17 (중앙동6가),광복지하쇼핑센터,6,15,129.0361453203,35.0997620313,A04,A0401,A04010600,,http://tong.visitkorea.or.kr/cms/resource/55/3561855_image2_1.jpg,20040224090000,20251105111432,48955,26,110,SH,SH05,SH050200,http://tong.visitkorea.or.kr/cms/resource/55/3561855_image3_1.jpg,Type1,6
2872590,39,광복경양식,부산광역시 강서구 명지국제6로220번길 19 (명지동),,6,1,128.9241107421,35.0953632435,A05,A0502,A05020200,,http://tong.visitkorea.or.kr/cms/resource/87/2872587_image2_1.JPG,20221021144437,20250708105632,46772,26,440,FD,FD02,FD020300,http://tong.visitkorea.or.kr/cms/resource/87/2872587_image3_1.JPG,Type3,6
3576410,15,광복로 겨울빛 트리축제,부산광역시 중구 광복로 72-1 (광복동2가),"부산 광복로, 광복중앙로 일원",6,15,129.0327400915,35.0986398717,A02,A0207,A02070200,051-714-4758,http://tong.visitkorea.or.kr/cms/resource/05/3576405_image2_1.JPG,20251128171222,20251128171805,48954,26,110,EV,EV01,EV010200,http://tong.visitkorea.or.kr/cms/resource/05/3576405_image3_1.JPG,Type3,6
126857,12,광복로패션거리,부산광역시 중구 광복로 72-1 (광복동2가),,6,15,129.0327400915,35.0986398717,A02,A0203,A02030600,,http://tong.visitkorea.or.kr/cms/resource/11/3049611_image2_1.JPG,20040223090000,20250407110522,48954,26,110,VE,VE04,VE040100,http://tong.visitkorea.or.kr/cms/resource/11/3049611_image3_1.JPG,Type3,6
2708019,28,광안리 SUP Zone,부산광역시 수영구 남천동,,6,12,129.1146732910,35.1477386656,A03,A0301,A03010200,,,20210304011834,20250307103416,48304,26,500,LS,LS02,LS021400,,,6
2991028,28,광안리 해양레포츠센터,부산광역시 수영구 광안해변로54번길 222 광안리 해양레포츠센터,,6,12,129.1153538300,35.1461832972,A03,A0301,A03010200,,http://tong.visitkorea.or.kr/cms/resource/05/2991005_image2_1.jpg,20230621100911,20250521155819,48305,26,500,LS,LS02,LS021400,http://tong.visitkorea.or.kr/cms/resource/05/2991005_image3_1.jpg,Type3,6
127925,12,광안리해변 테마거리,부산광역시 수영구 민락동,(민락동),6,12,129.1221363273,35.1551657503,A02,A0203,A02030600,,http://tong.visitkorea.or.kr/cms/resource/42/3071042_image2_1.JPG,20031007090000,20250522092010,48284,26,500,VE,VE04,VE040100,http://tong.visitkorea.or.kr/cms/resource/42/3071042_image3_1.JPG,Type3,6
1013112,38,광주요,부산광역시 해운대구 센텀남대로 35,,6,16,129.1297464005,35.1688671344,A04,A0401,A04010700,,http://tong.visitkorea.or.kr/cms/resource/53/1016353_image2_1.jpg,20100501232458,20250311141354,48058,26,350,SH,SH05,SH050100,http://tong.visitkorea.or.kr/cms/resource/53/1016353_image3_1.jpg,Type3,6
2744597,12,구덕문화공원,부산광역시 서구 꽃마을로163번길 73 (서대신동3가),,6,11,129.0058166756,35.1264334874,A02,A0202,A02020700,,http://tong.visitkorea.or.kr/cms/resource/40/3369140_image2_1.jpg,20210915004458,20250306171912,49200,26,140,VE,VE03,VE030500,http://tong.visitkorea.or.kr/cms/resource/40/3369140_image3_1.jpg,Type1,6
130200,14,구덕민속예술관,부산광역시 서구 대신공원로 34-91 (서대신동3가),,6,11,129.0185100829,35.1239756631,A02,A0206,A02061100,,http://tong.visitkorea.or.kr/cms/resource/42/2649742_image2_1.jpg,20071106104642,20250114174115,49200,26,140,VE,VE09,VE090400,http://tong.visitkorea.or.kr/cms/resource/42/2649742_image3_1.jpg,Type3,6
135287,39,구덕민속촌,부산광역시 사상구 학감대로39번안길 15-17,,6,9,128.9977755336,35.1328603979,A05,A0502,A05020100,,,20060817090000,20250306145402,47055,26,530,FD,FD01,FD010100,,,6
2661479,28,구덕야영장,부산광역시 서구 꽃마을로156번길 109,(서대신동3가),6,11,129.0097191372,35.1255892096,A03,A0302,A03021700,,http://tong.visitkorea.or.kr/cms/resource/77/3049177_image2_1.JPG,20200630020018,20250404142153,49200,26,140,AC,AC05,AC050100,http://tong.visitkorea.or.kr/cms/resource/77/3049177_image3_1.JPG,Type3,6
2859073,39,구덕포끝집고기,부산광역시 해운대구 송정구덕포길 178,,6,16,129.1968878084,35.1680045876,A05,A0502,A05020100,,http://tong.visitkorea.or.kr/cms/resource/70/2859070_image2_1.jpg,20220923150338,20250115110428,48073,26,350,FD,FD01,FD010100,http://tong.visitkorea.or.kr/cms/resource/70/2859070_image3_1.jpg,Type3,6
2832700,39,구디너프,부산광역시 강서구 가덕해안로1169번길 28 (대항동),,6,1,128.8331570019,35.0127458275,A05,A0502,A05020900,,http://tong.visitkorea.or.kr/cms/resource/94/2832694_image2_1.jpg,20220804162021,20250527173749,46771,26,440,FD,FD05,FD050100,http://tong.visitkorea.or.kr/cms/resource/94/2832694_image3_1.jpg,Type3,6
2873498,39,구로마쯔,부산광역시 해운대구 송정광어골로 41 (송정동),,6,16,129.1971986315,35.1774729774,A05,A0502,A05020300,,http://tong.visitkorea.or.kr/cms/resource/87/2873487_image2_1.jpg,20221024153334,20250116112427,48073,26,350,FD,FD02,FD020200,http://tong.visitkorea.or.kr/cms/resource/87/2873487_image3_1.jpg,Type3,6
1303759,38,구서오시게시장,부산광역시 금정구 구서로 12,,6,2,129.0898032743,35.2473742654,A04,A0401,A04010200,,http://tong.visitkorea.or.kr/cms/resource/75/1982175_image2_1.jpg,20110610023819,20250425095704,46243,26,410,SH,SH06,SH060200,http://tong.visitkorea.or.kr/cms/resource/75/1982175_image3_1.jpg,Type3,6
2755676,12,구포 어린이교통공원,부산광역시 북구 낙동북로 687 (구포동),,6,8,128.9999845896,35.2010583530,A02,A0202,A02020600,,http://tong.visitkorea.or.kr/cms/resource/17/3397217_image2_1.jpg,20211012233916,20250306140045,46634,26,320,VE,VE02,VE020100,http://tong.visitkorea.or.kr/cms/resource/17/3397217_image3_1.jpg,Type3,6
2755696,28,구포무장애숲길,부산광역시 북구 낙동북로 722 (구포동),,6,8,129.0004318626,35.1977809510,A03,A0302,A03022700,,http://tong.visitkorea.or.kr/cms/resource/80/2755680_image2_1.jpg,20211012235338,20250602111747,46637,26,320,LS,LS01,LS011900,http://tong.visitkorea.or.kr/cms/resource/80/2755680_image3_1.jpg,Type3,6
1250885,38,구포시장,부산광역시 북구 구포시장2길 7 (구포동),,6,8,129.0037896031,35.2087575605,A04,A0401,A04010100,,http://tong.visitkorea.or.kr/cms/resource/38/3081238_image2_1.JPG,20110406012552,20250416100232,46581,26,320,SH,SH06,SH060100,http://tong.visitkorea.or.kr/cms/resource/38/3081238_image3_1.JPG,Type3,6
2809068,39,국이네 낙지볶음,부산광역시 수영구 연수로 410,,6,12,129.1138311412,35.1680335998,A05,A0502,A05020100,,,20220303144526,20251104110721,48242,26,500,FD,FD01,FD010100,,,6
132191,38,국제시장,부산광역시 중구 신창로4가 일원,,6,15,129.0285792599,35.1016422372,A04,A0401,A04010200,,,20040108090000,20250417113253,48946,26,110,SH,SH06,SH060200,,,6
1018702,12,국제시장 먹자골목,부산광역시 중구 중구로 36,,6,15,129.0280793175,35.1011311741,A02,A0203,A02030400,,http://tong.visitkorea.or.kr/cms/resource/30/3476830_image2_1.jpg,20100511223844,20250425093214,48945,26,110,EX,EX07,EX070200,http://tong.visitkorea.or.kr/cms/resource/30/3476830_image3_1.jpg,Type3,6
1942576,25,국제시장을 기웃거리다,,,6,15,129.0281460570,35.0982648295,C01,C0114,C01140001,,,20140821024720,20230810111018,,26,110,C01,C0114,C01140001,,,4
298099,12,국청사(부산),부산광역시 금정구 북문로 42,,6,2,129.0549922383,35.2538895578,A02,A0201,A02010800,,http://tong.visitkorea.or.kr/cms/resource/82/3552382_image2_1.jpg,20071127222106,20260105153917,46237,26,410,HS,HS03,HS030100,http://tong.visitkorea.or.kr/cms/resource/82/3552382_image3_1.jpg,Type1,6
2869454,39,그라치에,부산광역시 영도구 청학동로 12 (청학동),,6,14,129.0615711795,35.0890581423,A05,A0502,A05020200,,http://tong.visitkorea.or.kr/cms/resource/45/2869445_image2_1.jpg,20221018153614,20250623143018,49084,26,200,FD,FD02,FD020300,http://tong.visitkorea.or.kr/cms/resource/45/2869445_image3_1.jpg,Type3,6
2818890,32,그랜드 조선 부산,부산광역시 해운대구 해운대해변로 292 그랜드 조선 부산,,6,16,129.1631548469,35.1601048456,B02,B0201,B02010100,,http://tong.visitkorea.or.kr/cms/resource/07/3529807_image2_1.jpg,20220509151350,20250901143430,48099,26,350,AC,AC01,AC010100,http://tong.visitkorea.or.kr/cms/resource/07/3529807_image3_1.jpg,Type3,6
2626043,39,그랜드애플,부산광역시 해운대구 센텀1로 25,,6,16,129.1320129356,35.1664785554,A05,A0502,A05020100,,,20191017012736,20250311150323,48060,26,350,FD,FD01,FD010100,,,6
3470441,32,그랩 디 오션 송도,부산광역시 서구 송도해변로 97 (암남동),,6,11,129.0178725220,35.0772669902,B02,B0201,B02010100,,,20250123150712,20250321112000,49269,26,140,AC,AC01,AC010100,,,6
3421909,12,그런고로,부산광역시 부산진구 서전로 40 (전포동),,6,7,129.0642468527,35.1575588567,A02,A0203,A02030400,,http://tong.visitkorea.or.kr/cms/resource/96/3421696_image2_1.jpg,20241119154125,20241120093621,47293,26,230,EX,EX07,EX070200,http://tong.visitkorea.or.kr/cms/resource/96/3421696_image3_1.jpg,Type1,6
2816102,32,그레이193호텔,부산광역시 수영구 광안해변로278번길 42 오션브릿지,"B동 5층, 6층",6,12,129.1245417048,35.1540103687,B02,B0201,B02010100,,http://tong.visitkorea.or.kr/cms/resource/61/2815961_image2_1.jpg,20220318151141,20250626144604,48283,26,500,AC,AC01,AC010100,http://tong.visitkorea.or.kr/cms/resource/61/2815961_image3_1.jpg,Type3,6
2782628,39,그린노마드,부산광역시 수영구 좌수영로 161-10 (망미동),,6,12,129.1167972647,35.1784130482,A05,A0502,A05020900,,http://tong.visitkorea.or.kr/cms/resource/53/2800253_image2_1.jpg,20211129193813,20250827165306,48214,26,500,FD,FD05,FD050100,http://tong.visitkorea.or.kr/cms/resource/53/2800253_image2_1.jpg,Type3,6
2610815,32,그림하우스,부산광역시 해운대구 송정구덕포길 64,(송정동),6,16,129.1974681772,35.1729595988,B02,B0201,B02011100,,,20190712021512,20241126112640,48073,26,350,AC,AC06,AC060200,,,
2833257,39,그릿비 일광,부산광역시 기장군 일광읍 일광로 354,,6,3,129.2548492752,35.2743159804,A05,A0502,A05020900,,http://tong.visitkorea.or.kr/cms/resource/43/2833243_image2_1.jpg,20220805154127,20250528170303,46041,26,710,FD,FD05,FD050100,http://tong.visitkorea.or.kr/cms/resource/43/2833243_image3_1.jpg,Type3,6
3020552,15,글로컬 문화 in(人) 남산 페스티벌,부산광역시 금정구 남산로 27 (남산동),,6,2,129.0893638877,35.2668415191,A02,A0207,A02070200,051-714-4674,http://tong.visitkorea.or.kr/cms/resource/48/3552448_image2_1.jpg,20231017114722,20251023143000,46224,26,410,EV,EV01,EV010200,http://tong.visitkorea.or.kr/cms/resource/48/3552448_image3_1.jpg,Type3,6
2852685,39,금강만두,부산광역시 동래구 사직북로5번길 11,1층,6,6,129.0602739189,35.1961627928,A05,A0502,A05020100,,http://tong.visitkorea.or.kr/cms/resource/76/2852676_image2_1.jpeg,20220913172850,20250121153640,47865,26,260,FD,FD01,FD010100,http://tong.visitkorea.or.kr/cms/resource/76/2852676_image3_1.jpeg,Type3,6
1607440,12,금강사(부산),부산광역시 동래구 우장춘로 211 (온천동),,6,6,129.0771855435,35.2250098725,A02,A0201,A02010800,,http://tong.visitkorea.or.kr/cms/resource/14/3561514_image2_1.jpg,20120419233913,20251127135416,47700,26,260,HS,HS03,HS030100,http://tong.visitkorea.or.kr/cms/resource/14/3561514_image3_1.jpg,Type1,6
128830,12,금강식물원,부산광역시 금정구 장전동 산 43-1,,6,2,129.0770632920,35.2264763727,A01,A0101,A01010700,,http://tong.visitkorea.or.kr/cms/resource/04/3070504_image2_1.JPG,20190627030503,20250522092857,46240,26,410,NA,NA04,NA040700,http://tong.visitkorea.or.kr/cms/resource/04/3070504_image3_1.JPG,Type3,6
3414171,12,금곡동 율리 바위그늘유적,부산광역시 북구 금곡동,산24,6,8,129.0204258972,35.2505392944,A02,A0201,A02010700,,http://tong.visitkorea.or.kr/cms/resource/91/3414191_image2_1.jpg,20241113143132,20250306134021,46509,26,320,HS,HS01,HS011000,http://tong.visitkorea.or.kr/cms/resource/91/3414191_image3_1.jpg,Type3,6
129140,12,금련산,부산광역시 수영구 광안동,,6,12,129.0974161159,35.1602230601,A01,A0101,A01010400,,http://tong.visitkorea.or.kr/cms/resource/43/3589743_image2_1.jpg,20060712090000,20251230154307,48428,26,500,NA,NA01,NA010100,http://tong.visitkorea.or.kr/cms/resource/43/3589743_image3_1.jpg,Type1,6
134949,39,금문,부산광역시 동래구 온천장로119번길 57,,6,6,129.0817935615,35.2218825305,A05,A0502,A05020400,,,20050510090000,20250306094600,47709,26,260,FD,FD02,FD020100,,,6
2778487,39,금수복국 해운대본점,부산광역시 해운대구 중동1로43번길 23,,6,16,129.1645185529,35.1624573857,A05,A0502,A05020100,,,20211124194514,20250403162713,48095,26,350,FD,FD01,FD010100,,,6
298111,12,금수사(부산),부산광역시 동구 망양로 533-1,(초량동),6,5,129.0296786530,35.1204207111,A02,A0201,A02010800,,http://tong.visitkorea.or.kr/cms/resource/04/3561504_image2_1.jpg,20071127232620,20251127133752,48717,26,170,HS,HS03,HS030100,http://tong.visitkorea.or.kr/cms/resource/04/3561504_image3_1.jpg,Type1,6
298112,12,금용암(부산),부산광역시 연제구 성지곡로 111,(거제동),6,13,129.0496638560,35.1916075512,A02,A0201,A02010800,,http://tong.visitkorea.or.kr/cms/resource/77/3031277_image2_1.JPG,20071127232951,20250407142522,47500,26,470,HS,HS03,HS030100,http://tong.visitkorea.or.kr/cms/resource/77/3031277_image3_1.JPG,Type3,6
130383,14,금정문화원,부산광역시 금정구 중앙대로1826번길 10-4 (구서동),,6,2,129.0932140893,35.2473298892,A02,A0206,A02060700,,http://tong.visitkorea.or.kr/cms/resource/52/3336552_image2_1.jpg,20071106105505,20250304165736,46250,26,410,VE,VE09,VE090100,http://tong.visitkorea.or.kr/cms/resource/52/3336552_image3_1.jpg,Type3,6
126028,12,금정산,부산광역시 금정구 금성동,,6,2,129.0518587773,35.2684489780,A01,A0101,A01010400,,http://tong.visitkorea.or.kr/cms/resource/44/3575744_image2_1.jpg,20030826090000,20251128091426,46237,26,410,NA,NA01,NA010100,http://tong.visitkorea.or.kr/cms/resource/44/3575744_image3_1.jpg,Type1,6
3027098,12,금정산성 동문,부산광역시 금정구 장전동,산 2-3,6,2,129.0642277794,35.2453406867,A02,A0201,A02010200,,http://tong.visitkorea.or.kr/cms/resource/77/3027077_image2_1.JPG,20231027174850,20250407175635,46247,26,410,HS,HS01,HS010200,http://tong.visitkorea.or.kr/cms/resource/77/3027077_image3_1.JPG,Type3,6
3026941,39,금정산성 유가네누룩,부산광역시 금정구 산성로 453 (금성동),,6,2,129.0564283199,35.2504121966,A05,A0502,A05020100,,http://tong.visitkorea.or.kr/cms/resource/14/3026914_image2_1.JPG,20231027170419,20250407160941,46237,26,410,FD,FD01,FD010100,http://tong.visitkorea.or.kr/cms/resource/14/3026914_image3_1.JPG,Type3,6
2616370,39,금정산성 창녕집,부산광역시 금정구 산성로 520,,6,2,129.0553257981,35.2445794969,A05,A0502,A05020100,,http://tong.visitkorea.or.kr/cms/resource/10/2616410_image2_1.jpg,20190823232554,20250626111643,46238,26,410,FD,FD01,FD010100,http://tong.visitkorea.or.kr/cms/resource/10/2616410_image3_1.jpg,Type3,6
2643873,12,금정산성마을 먹거리촌,부산광역시 금정구 금성동,,6,2,129.0538229642,35.2513870387,A02,A0203,A02030600,,http://tong.visitkorea.or.kr/cms/resource/82/3561482_image2_1.jpg,20200116200622,20251127112255,46237,26,410,VE,VE04,VE040100,http://tong.visitkorea.or.kr/cms/resource/82/3561482_image3_1.jpg,Type1,6
850093,39,급행장,부산광역시 부산진구 서면문화로 4,,6,7,129.0580307117,35.1581031257,A05,A0502,A05020100,,,20091030212054,20251029170356,47256,26,230,FD,FD01,FD010100,,,6
1922520,25,기장 앞바다를 보며 힐링,,,6,3,129.2308555185,35.2245100025,C01,C0114,C01140001,,,20140530225621,20230808161931,,26,710,C01,C0114,C01140001,,,7
2872474,39,기장끝집 죽성본점,부산광역시 기장군 기장읍 기장해안로 895,,6,3,129.2435319086,35.2348590788,A05,A0502,A05020100,,http://tong.visitkorea.or.kr/cms/resource/72/2872472_image2_1.JPG,20221021140904,20250702095246,46078,26,710,FD,FD01,FD010100,http://tong.visitkorea.or.kr/cms/resource/72/2872472_image3_1.JPG,Type3,6
130380,14,기장문화원,부산광역시 기장군 기장읍 청강로74번길 35-6,,6,3,129.2217032374,35.2353502842,A02,A0206,A02060700,,http://tong.visitkorea.or.kr/cms/resource/82/3476682_image2_1.jpg,20071106105500,20250411103037,46080,26,710,VE,VE09,VE090100,http://tong.visitkorea.or.kr/cms/resource/82/3476682_image3_1.jpg,Type3,6
2860868,15,기장붕장어축제in칠암,부산광역시 기장군 일광읍 칠암리,2-9 칠암붕장어마을,6,3,129.2599953837,35.2983189421,A02,A0207,A02070200,051-721-8050,http://tong.visitkorea.or.kr/cms/resource/29/3553829_image2_1.JPG,20220927132915,20251023103411,46040,26,710,EV,EV01,EV010300,http://tong.visitkorea.or.kr/cms/resource/29/3553829_image3_1.JPG,Type3,6
1953936,12,기장향교,부산광역시 기장군 기장읍 차성로417번길 35,,6,3,129.2158836772,35.2578421006,A02,A0201,A02010700,,http://tong.visitkorea.or.kr/cms/resource/38/3534938_image2_1.png,20141006185120,20250910172714,46053,26,710,HS,HS01,HS010900,http://tong.visitkorea.or.kr/cms/resource/38/3534938_image3_1.png,Type3,6
849887,39,김유순대구뽈찜,부산광역시 남구 진남로 15,,6,4,129.0915367246,35.1364061736,A05,A0502,A05020100,,,20091030211543,20250305150645,48439,26,290,FD,FD01,FD010100,,,6
2789451,39,깃발집 국수전골,부산광역시 동래구 온천장로107번길 10,(온천동) 2층,6,6,129.0838684194,35.2204771709,A05,A0502,A05020100,,,20211208224003,20250325152617,47709,26,260,FD,FD01,FD010100,,,6
2554070,12,깡깡이 예술마을,부산광역시 영도구 대평북로 36,,6,14,129.0342206663,35.0932043968,A02,A0203,A02030100,,http://tong.visitkorea.or.kr/cms/resource/26/2672726_image2_1.jpg,20200922001035,20251024140726,49039,26,200,VE,VE04,VE040200,http://tong.visitkorea.or.kr/cms/resource/26/2672726_image3_1.jpg,Type3,
850121,39,꺼먹동네횟집,부산광역시 기장군 일광읍 문오성길 509,,6,3,129.2595731906,35.2985883478,A05,A0502,A05020100,,http://tong.visitkorea.or.kr/cms/resource/75/1902175_image2_1.jpg,20091030212147,20250423131310,46040,26,710,FD,FD01,FD010100,http://tong.visitkorea.or.kr/cms/resource/75/1902175_image3_1.jpg,Type3,6
2783360,39,꽃피는 4월 밀익는 5월,부산광역시 수영구 망미번영로70번길 16 (수영동),,6,12,129.1110173659,35.1727996812,A05,A0502,A05020900,,http://tong.visitkorea.or.kr/cms/resource/27/2795627_image2_1.jpg,20211130185057,20250827170537,48231,26,500,FD,FD05,FD050100,http://tong.visitkorea.or.kr/cms/resource/27/2795627_image3_1.jpg,Type3,6
2859101,39,나가하마만게츠,부산광역시 해운대구 우동1로 57 (우동),,6,16,129.1574801581,35.1667289995,A05,A0502,A05020300,,http://tong.visitkorea.or.kr/cms/resource/85/2859085_image2_1.jpg,20220923150920,20250616164446,48088,26,350,FD,FD02,FD020200,http://tong.visitkorea.or.kr/cms/resource/85/2859085_image3_1.jpg,Type3,6
3444416,39,나막집,"부산광역시 남구 분포로 145 (용호동, 더블유)",스퀘어동 1층 1068호,6,4,129.1125849531,35.1342484706,A05,A0502,A05020100,,http://tong.visitkorea.or.kr/cms/resource/23/3444423_image2_1.JPG,20241213121959,20250730165344,48515,26,290,FD,FD01,FD010100,http://tong.visitkorea.or.kr/cms/resource/23/3444423_image3_1.JPG,Type1,6
2783344,12,낙동강 생태탐방선,부산광역시 사하구 하단동 1149-10,,6,10,128.9492081536,35.1102509254,A01,A0101,A01010500,,http://tong.visitkorea.or.kr/cms/resource/51/2787651_image2_1.jpg,20211130184315,20250306164914,,26,380,NA,NA04,NA040500,http://tong.visitkorea.or.kr/cms/resource/51/2787651_image2_1.jpg,Type3,6
2554141,12,낙동강문화관,부산광역시 사하구 낙동남로1233번길 1,(하단동),6,10,128.9474416939,35.1082872241,A02,A0204,A02040800,,http://tong.visitkorea.or.kr/cms/resource/22/3337322_image2_1.jpg,20180718185031,20250306160141,49300,26,380,EX,EX06,EX061000,http://tong.visitkorea.or.kr/cms/resource/22/3337322_image3_1.jpg,Type3,
2903049,39,낙동강오리알 본점,부산광역시 강서구 상덕로 35-1,,6,1,128.9073095606,35.1926187056,A05,A0502,A05020100,,http://tong.visitkorea.or.kr/cms/resource/43/2903043_image2_1.JPG,20221109140508,20251031141232,46711,26,440,FD,FD01,FD010100,http://tong.visitkorea.or.kr/cms/resource/43/2903043_image3_1.JPG,Type3,6
2614714,12,낙동강하구 (부산 국가지질공원),부산광역시 사하구 낙동남로 1240,(하단동),6,10,128.9460085869,35.1045515050,A01,A0101,A01011800,,http://tong.visitkorea.or.kr/cms/resource/37/3029337_image2_1.jpg,20190809012101,20250812133327,49435,26,380,NA,NA02,NA020100,http://tong.visitkorea.or.kr/cms/resource/37/3029337_image3_1.jpg,Type1,6
3027444,12,낙조정,부산광역시 사하구 낙동남로 1169 (하단동),,6,10,128.9394840158,35.1096647018,A02,A0205,A02050600,,http://tong.visitkorea.or.kr/cms/resource/23/3027423_image2_1.JPG,20231030094655,20250408090426,49300,26,380,VE,VE01,VE010200,http://tong.visitkorea.or.kr/cms/resource/23/3027423_image3_1.JPG,Type3,6
1846830,12,남도해양열차 에스트레인(S-train),부산광역시 동구 중앙대로 206,,6,5,129.0424332391,35.1152715223,A02,A0203,A02030400,,http://tong.visitkorea.or.kr/cms/resource/78/3070878_image2_1.JPG,20130926004133,20250522105718,48760,26,170,EX,EX07,EX070200,http://tong.visitkorea.or.kr/cms/resource/78/3070878_image3_1.JPG,Type3,6
2944336,12,남부산교회,부산광역시 부산진구 진남로 300 남부산교회,,6,7,129.0732462115,35.1523762699,A02,A0201,A02010900,,http://tong.visitkorea.or.kr/cms/resource/00/2947000_image2_1.jpg,20230118104029,20251110114042,47313,26,230,HS,HS03,HS030200,http://tong.visitkorea.or.kr/cms/resource/00/2947000_image3_1.jpg,Type1,6
2788830,38,남산시장,부산광역시 금정구 금강로 700,(남산동),6,2,129.0893221400,35.2698995092,A04,A0401,A04010200,,http://tong.visitkorea.or.kr/cms/resource/11/3562011_image2_1.jpg,20211208035056,20251105174100,46220,26,410,SH,SH06,SH060200,http://tong.visitkorea.or.kr/cms/resource/11/3562011_image3_1.jpg,Type1,6
1942299,12,남선창고터,부산광역시 동구 초량로13번길 53,(초량동),6,5,129.0395112298,35.1167962983,A02,A0201,A02010700,,http://tong.visitkorea.or.kr/cms/resource/79/3070879_image2_1.JPG,20140820003247,20250522112435,48816,26,170,HS,HS01,HS011100,http://tong.visitkorea.or.kr/cms/resource/79/3070879_image3_1.JPG,Type3,6
574250,39,남성관,부산광역시 부산진구 백양대로136번길 51,,6,7,129.0337549338,35.1622327711,A05,A0502,A05020400,,http://tong.visitkorea.or.kr/cms/resource/82/1982682_image2_1.jpg,20080613224215,20250626171058,47176,26,230,FD,FD02,FD020100,http://tong.visitkorea.or.kr/cms/resource/82/1982682_image3_1.jpg,Type3,6
1303784,38,남천 해변시장,부산광역시 수영구 광안해변로15번길 77,(남천동),6,12,129.1090851202,35.1392728438,A04,A0401,A04010200,,http://tong.visitkorea.or.kr/cms/resource/58/3071058_image2_1.JPG,20110610025524,20250522103550,48313,26,500,SH,SH06,SH060200,http://tong.visitkorea.or.kr/cms/resource/58/3071058_image3_1.JPG,Type3,6
2818714,39,남천녹차팥빙수,부산광역시 수영구 수영로394번길 28,,6,12,129.1086712269,35.1407282287,A05,A0502,A05020900,,,20220506145014,20250909150250,48311,26,500,FD,FD05,FD050100,,,6
2868507,39,남천다옴,부산광역시 수영구 수영로464번길 9 (남천동),,6,12,129.1109430695,35.1473775262,A05,A0502,A05020100,,http://tong.visitkorea.or.kr/cms/resource/99/2868499_image2_1.jpg,20221017170208,20250829092938,48314,26,500,FD,FD01,FD010100,http://tong.visitkorea.or.kr/cms/resource/99/2868499_image3_1.jpg,Type3,6
2872199,28,남파랑길(부산),부산광역시 남구 용호동,,6,4,129.1212572871,35.1026382801,A03,A0302,A03022700,,http://tong.visitkorea.or.kr/cms/resource/73/3575773_image2_1.jpg,20221020175605,20251128093000,48566,26,290,LS,LS01,LS011900,http://tong.visitkorea.or.kr/cms/resource/73/3575773_image3_1.jpg,Type1,6
132187,38,남포동 지하도상가,부산광역시 중구 구덕로 지하 44,(남포동5가),6,15,129.0306458464,35.0980149031,A04,A0401,A04010600,,http://tong.visitkorea.or.kr/cms/resource/25/3561825_image2_1.jpg,20031119090000,20251105105135,48953,26,110,SH,SH05,SH050200,http://tong.visitkorea.or.kr/cms/resource/25/3561825_image3_1.jpg,Type1,6
986063,38,남포동건어물도매시장,부산광역시 중구 용미길8번길 4-1,,6,15,129.0345233050,35.0973456050,A04,A0401,A04010200,,http://tong.visitkorea.or.kr/cms/resource/14/3561914_image2_1.jpg,20100326183229,20251105135354,48984,26,110,SH,SH06,SH060200,http://tong.visitkorea.or.kr/cms/resource/14/3561914_image3_1.jpg,Type1,6
1942298,38,남항시장,부산광역시 영도구 절영로49번길 73-5,(영선동2가),6,14,129.0422784164,35.0889216911,A04,A0401,A04010200,,http://tong.visitkorea.or.kr/cms/resource/45/3026245_image2_1.JPG,20140820003509,20250407154651,49053,26,200,SH,SH06,SH060200,http://tong.visitkorea.or.kr/cms/resource/45/3026245_image3_1.JPG,Type3,6
2853012,39,낭만송백,부산광역시 강서구 맥도강변길 283,1층,6,1,128.9310646493,35.1337646256,A05,A0502,A05020900,,http://tong.visitkorea.or.kr/cms/resource/02/2853002_image2_1.jpg,20220914105258,20250116091735,46723,26,440,FD,FD05,FD050100,http://tong.visitkorea.or.kr/cms/resource/02/2853002_image3_1.jpg,Type3,6
777057,12,내원정사(부산),부산광역시 서구 엄광산로40번길 80 (서대신동3가),,6,11,129.0117550433,35.1265891347,A02,A0201,A02010800,,http://tong.visitkorea.or.kr/cms/resource/55/3031655_image2_1.JPG,20090811230634,20250404173232,49200,26,140,HS,HS03,HS030100,http://tong.visitkorea.or.kr/cms/resource/55/3031655_image3_1.JPG,Type3,6
3470558,32,넘버25 호텔 기장 연화리점,부산광역시 기장군 기장읍 연화길 64,,6,3,129.2264338273,35.2192271784,B02,B0201,B02010100,,,20250123154604,20250319175344,46082,26,710,AC,AC01,AC010100,,,6
2892757,32,노떼 라 미아 호텔,부산광역시 동구 대영로 265,,6,5,129.0397363452,35.1118468560,B02,B0201,B02010900,,http://tong.visitkorea.or.kr/cms/resource/62/2892562_image2_1.jpg,20221101150949,20250917154758,48822,26,170,AC,AC04,AC040100,http://tong.visitkorea.or.kr/cms/resource/62/2892562_image3_1.jpg,Type3,6
2836431,39,노티스,부산광역시 중구 대교로 135 (중앙동5가),,6,15,129.0374090315,35.1022423326,A05,A0502,A05020900,,http://tong.visitkorea.or.kr/cms/resource/30/2836430_image2_1.jpg,20220812153742,20250528174532,48943,26,110,FD,FD05,FD050100,http://tong.visitkorea.or.kr/cms/resource/30/2836430_image3_1.jpg,Type3,6
2867934,12,녹산고향동산,부산광역시 강서구 범방4로 132,,6,1,128.8860013488,35.1543170520,A02,A0202,A02020700,,http://tong.visitkorea.or.kr/cms/resource/14/2867914_image2_1.JPG,20221017095233,20250619181859,46727,26,440,VE,VE03,VE030400,http://tong.visitkorea.or.kr/cms/resource/14/2867914_image3_1.JPG,Type3,6
2840883,39,녹산용가든,부산광역시 강서구 낙동남로682번길 94 (녹산동),,6,1,128.8935433150,35.1190933587,A05,A0502,A05020100,,http://tong.visitkorea.or.kr/cms/resource/60/2840860_image2_1.jpg,20220822162423,20250604174229,46736,26,440,FD,FD01,FD010100,http://tong.visitkorea.or.kr/cms/resource/60/2840860_image3_1.jpg,Type3,6
2763856,14,놀이마루,부산광역시 부산진구 전포대로209번길 26,(전포동),6,7,129.0628997796,35.1564089608,A02,A0203,A02030400,,http://tong.visitkorea.or.kr/cms/resource/77/3343377_image2_1.jpg,20211028000204,20240806151303,47293,26,230,VE,VE12,VE120300,http://tong.visitkorea.or.kr/cms/resource/77/3343377_image3_1.jpg,Type3,6
1918263,14,누리마루 APEC하우스,부산광역시 해운대구 동백로 116,,6,16,129.1513116443,35.1523943787,A02,A0206,A02060400,,http://tong.visitkorea.or.kr/cms/resource/20/3334420_image2_1.jpg,20140509230900,20251128134913,48100,26,350,VE,VE07,VE070400,http://tong.visitkorea.or.kr/cms/resource/20/3334420_image3_1.jpg,Type3,6
3532715,32,누스테이 부산,부산광역시 수영구 수영로 722-1 (광안동),에스앤(S&)빌딩 4층,6,12,129.1183890728,35.1682225520,B02,B0201,B02011200,,,20250908134838,20250921221819,48271,26,500,AC,AC03,AC030400,,,6
3027022,28,늘푸른숲,부산광역시 금정구 체육공원로 270 (선동),,6,2,129.1071456915,35.2661308180,A03,A0302,A03021700,,http://tong.visitkorea.or.kr/cms/resource/70/3026970_image2_1.JPG,20231027172402,20250626163430,46211,26,410,AC,AC05,AC050100,http://tong.visitkorea.or.kr/cms/resource/70/3026970_image3_1.JPG,Type3,6
2867762,39,늘해랑,부산광역시 부산진구 중앙대로928번길 12,,6,7,129.0716985784,35.1723017878,A05,A0502,A05020100,,http://tong.visitkorea.or.kr/cms/resource/48/2867748_image2_1.JPG,20221014155235,20251105173745,47222,26,230,FD,FD01,FD010100,http://tong.visitkorea.or.kr/cms/resource/48/2867748_image3_1.JPG,Type3,6
2784351,38,다대씨파크,부산광역시 사하구 다대동로 20 (다대동),,6,10,128.9719937791,35.0551547329,A04,A0401,A04010600,,http://tong.visitkorea.or.kr/cms/resource/60/2787660_image2_1.jpg,20211201193351,20250828091724,49522,26,380,SH,SH05,SH050200,http://tong.visitkorea.or.kr/cms/resource/60/2787660_image2_1.jpg,Type3,6
769761,12,다대포 꿈의 낙조분수,부산광역시 사하구 몰운대1길 14 (다대동),,6,10,128.9680471374,35.0463945293,A02,A0205,A02050300,,http://tong.visitkorea.or.kr/cms/resource/08/3506208_image2_1.jpg,20090723224818,20250714175656,49527,26,380,VE,VE01,VE010400,http://tong.visitkorea.or.kr/cms/resource/08/3506208_image3_1.jpg,Type1,6
2785275,39,다솥맛집,부산광역시 해운대구 송정광어골로 29 (송정동),,6,16,129.1979263154,35.1786034198,A05,A0502,A05020100,,http://tong.visitkorea.or.kr/cms/resource/03/2797503_image2_1.JPG,20211202224142,20250828093647,48073,26,350,FD,FD01,FD010100,http://tong.visitkorea.or.kr/cms/resource/03/2797503_image2_1.JPG,Type3,6
2786008,39,다온나루,부산광역시 강서구 범방3로46번길 21 (범방동),,6,1,128.8818019274,35.1464817420,A05,A0502,A05020900,,http://tong.visitkorea.or.kr/cms/resource/23/2792523_image2_1.jpg,20211206193732,20250708110619,46727,26,440,FD,FD05,FD050100,http://tong.visitkorea.or.kr/cms/resource/23/2792523_image2_1.jpg,Type3,6
850217,39,다원,부산광역시 부산진구 서면문화로 23-1,,6,7,129.0561530695,35.1591363085,A05,A0502,A05020100,,,20091030212445,20251223131258,47257,26,230,FD,FD01,FD010100,,,6
1889060,25,다이나믹한 부산의 매력을 만나다,,,6,,129.0307014297,35.0968289267,C01,C0115,C01150001,,http://tong.visitkorea.or.kr/cms/resource/22/1804822_image2_1.jpg,20140124022330,20250520104830,,26,110,C01,C0115,C01150001,http://tong.visitkorea.or.kr/cms/resource/22/1804822_image3_1.jpg,Type3,
3532630,32,단아,부산광역시 부산진구 전포대로132번길 7 (전포동),,6,7,129.0666302168,35.1488570979,B02,B0201,B02011200,,,20250908104815,20250921214808,47316,26,230,AC,AC03,AC030400,,,6
2875837,12,달맞이동산,부산광역시 해운대구 달맞이길 184 (중동),,6,16,129.1821532774,35.1571305311,A02,A0202,A02020700,,http://tong.visitkorea.or.kr/cms/resource/24/2875824_image2_1.JPG,20221026130731,20250704092614,48116,26,350,VE,VE03,VE030400,http://tong.visitkorea.or.kr/cms/resource/24/2875824_image3_1.JPG,Type3,6
1942233,12,대각사(부산),부산광역시 중구 광복중앙로 19 (신창동1가),,6,15,129.0307152012,35.1010840062,A02,A0201,A02010800,,http://tong.visitkorea.or.kr/cms/resource/39/3049439_image2_1.JPG,20140819224532,20250409174947,48948,26,110,HS,HS03,HS030100,http://tong.visitkorea.or.kr/cms/resource/39/3049439_image3_1.JPG,Type3,6
133997,39,대궐안집,부산광역시 사상구 광장로 68,,6,9,128.9840592735,35.1617263562,A05,A0502,A05020100,,,20041229090000,20250306150236,46972,26,530,FD,FD01,FD010100,,,6
2385685,25,대나무 울창한 아홉산 숲으로,,,6,3,129.2127159794,35.2046146711,C01,C0112,C01120001,,http://tong.visitkorea.or.kr/cms/resource/34/2371134_image2_1.jpg,20160530200719,20230809093543,,26,710,C01,C0112,C01120001,http://tong.visitkorea.or.kr/cms/resource/34/2371134_image3_1.jpg,Type3,6
2867692,39,대동냉면밀면,부산광역시 중구 흑교로45번길 31,1층,6,15,129.0217353553,35.1037002144,A05,A0502,A05020100,,http://tong.visitkorea.or.kr/cms/resource/89/2867689_image2_1.JPG,20221014153359,20250120104130,48966,26,110,FD,FD01,FD010100,http://tong.visitkorea.or.kr/cms/resource/89/2867689_image3_1.JPG,Type3,6
2796940,38,대변시장,부산광역시 기장군 기장읍 대변리 444-72,,6,3,129.2306472139,35.2241267082,A04,A0401,A04010200,,http://tong.visitkorea.or.kr/cms/resource/87/2800387_image2_1.jpg,20211215012318,20250902112950,46079,26,710,SH,SH06,SH060200,http://tong.visitkorea.or.kr/cms/resource/87/2800387_image3_1.jpg,Type3,6
2822838,39,대보름,부산광역시 기장군 기장해안로 98,오시리아스퀘어 디 101호,6,3,129.2126497835,35.1877387817,A05,A0502,A05020900,,http://tong.visitkorea.or.kr/cms/resource/98/2822898_image2_1.jpg,20220607114149,20250526110840,46084,26,710,FD,FD05,FD050100,http://tong.visitkorea.or.kr/cms/resource/98/2822898_image3_1.jpg,Type3,6
2807607,39,대복성,부산광역시 수영구 수미로13번길 11,,6,12,129.1123144249,35.1746578306,A05,A0502,A05020400,,,20220218144512,20251104102727,48217,26,500,FD,FD02,FD020100,,,6
2783380,12,대연수목전시원,부산광역시 남구 신선로447번길 24 (대연동),,6,4,129.0986919647,35.1251964498,A01,A0101,A01010700,,http://tong.visitkorea.or.kr/cms/resource/56/2795656_image2_1.jpg,20211130190518,20250325175147,48529,26,290,NA,NA04,NA040700,http://tong.visitkorea.or.kr/cms/resource/56/2795656_image2_1.jpg,Type3,6
2729157,28,대저캠핑장,부산광역시 강서구 체육공원로6번길 184,,6,1,128.9847746284,35.2074545784,A03,A0302,A03021700,,http://tong.visitkorea.or.kr/cms/resource/74/2729374_image2_1.jpg,20210802185355,20250106145532,46703,26,440,AC,AC05,AC050100,http://tong.visitkorea.or.kr/cms/resource/74/2729374_image2_1.jpg,Type3,6
2752168,39,대저할매국수,부산광역시 강서구 대저중앙로 337,,6,1,128.9837354496,35.2213502237,A05,A0502,A05020100,,,20211001012322,20251023143000,46701,26,440,FD,FD01,FD010100,,,6
2875849,12,대천공원,부산광역시 해운대구 장산로 331-18 (좌동),,6,16,129.1678566312,35.1813775511,A02,A0202,A02020700,,http://tong.visitkorea.or.kr/cms/resource/42/2875842_image2_1.JPG,20221026131307,20250704093231,48066,26,350,VE,VE03,VE030400,http://tong.visitkorea.or.kr/cms/resource/42/2875842_image3_1.JPG,Type3,6
127891,12,대천천,부산광역시 북구 화명동,,6,8,129.0192012320,35.2422290925,A01,A0101,A01010900,,http://tong.visitkorea.or.kr/cms/resource/60/3476760_image2_1.jpg,20030915090000,20250417093020,46541,26,320,NA,NA01,NA010400,http://tong.visitkorea.or.kr/cms/resource/60/3476760_image3_1.jpg,Type3,6
2019366,15,대한민국 국제해양레저위크(KIMA WEEK),부산광역시 사하구 다대동,,6,10,128.9729408629,35.0572211857,A02,A0207,A02070200,051-760-1130,http://tong.visitkorea.or.kr/cms/resource/21/2553821_image2_1.jpg,20150720223140,20250724162459,49522,26,380,EV,EV01,EV010600,http://tong.visitkorea.or.kr/cms/resource/21/2553821_image2_1.jpg,Type3,6
128564,12,대항 어촌체험 휴양마을,부산광역시 강서구 가덕해안로1207번길 9-2,,6,1,128.8276908389,35.0117208424,A02,A0203,A02030100,,http://tong.visitkorea.or.kr/cms/resource/26/2607126_image2_1.bmp,20050726090000,20250114141953,46771,26,440,EX,EX03,EX030400,http://tong.visitkorea.or.kr/cms/resource/26/2607126_image3_1.bmp,Type3,6
2596750,32,더 비에스 호텔,부산광역시 동구 중앙대로236번길 7-11 (초량동),,6,5,129.0426359082,35.1186044863,B02,B0201,B02010100,,http://tong.visitkorea.or.kr/cms/resource/55/2595455_image2_1.jpg,20190412191350,20251031093759,48732,26,170,AC,AC01,AC010100,http://tong.visitkorea.or.kr/cms/resource/55/2595455_image2_1.jpg,Type3,6
2747589,28,더무빙 카라반,부산광역시 기장군 장안읍 해맞이로 290,,6,3,129.2701216022,35.3226997305,A03,A0302,A03021700,,http://tong.visitkorea.or.kr/cms/resource/81/2748081_image2_1.jpg,20210923194751,20251120113657,46037,26,710,AC,AC05,AC050300,http://tong.visitkorea.or.kr/cms/resource/81/2748081_image2_1.jpg,Type3,6
2845041,39,더바베큐051,부산광역시 기장군 기장읍 기장해안로 62,,6,3,129.2111305513,35.1848168585,A05,A0502,A05020100,,http://tong.visitkorea.or.kr/cms/resource/33/2845033_image2_1.jpg,20220829145805,20250828140220,46084,26,710,FD,FD01,FD010100,http://tong.visitkorea.or.kr/cms/resource/33/2845033_image3_1.jpg,Type3,6
2838872,39,더스타뷔페,"부산광역시 부산진구 중앙대로666번길 50 (부전동, 더샵 센트럴스타)",,6,7,129.0619694214,35.1521316444,A05,A0502,A05020700,,http://tong.visitkorea.or.kr/cms/resource/63/2838863_image2_1.jpg,20220818141006,20250530140309,47300,26,230,FD,FD02,FD020500,http://tong.visitkorea.or.kr/cms/resource/63/2838863_image3_1.jpg,Type3,6
2699332,32,더웨이브,부산광역시 수영구 민락수변로 9,(민락동),6,12,129.1241833736,35.1550991290,B02,B0201,B02011100,,,20201217025944,20241126130502,48283,26,500,AC,AC06,AC060200,,,
2531399,32,더파크 게스트하우스(The Park Guesthouse),부산광역시 수영구 광남로 151,(광안동),6,12,129.1177811592,35.1548434836,B02,B0201,B02011100,,http://tong.visitkorea.or.kr/cms/resource/59/2557359_image2_1.jpg,20180112233514,20241222171924,48299,26,500,AC,AC06,AC060200,http://tong.visitkorea.or.kr/cms/resource/59/2557359_image3_1.jpg,Type3,6
2841064,39,더팜471,부산광역시 금정구 하마2길 28-17 (청룡동),,6,2,129.0768619006,35.2776734066,A05,A0502,A05020900,,http://tong.visitkorea.or.kr/cms/resource/58/2841058_image2_1.jpg,20220822173023,20250605103223,46200,26,410,FD,FD05,FD050100,http://tong.visitkorea.or.kr/cms/resource/58/2841058_image3_1.jpg,Type3,6
2754601,32,더펫텔프리미엄스위트,부산광역시 해운대구 해운대해변로197번길 12,,6,16,129.1531418525,35.1592408683,B02,B0201,B02010900,,http://tong.visitkorea.or.kr/cms/resource/16/2754616_image2_1.jpg,20211007224107,20251105161958,48093,26,350,AC,AC04,AC040100,http://tong.visitkorea.or.kr/cms/resource/16/2754616_image3_1.jpg,Type3,6
2781799,39,덕미,부산광역시 기장군 기장읍 동암해안길 77,,6,3,129.2278093383,35.1963992053,A05,A0502,A05020900,,http://tong.visitkorea.or.kr/cms/resource/28/2782128_image2_1.jpg,20211126213030,20250709135536,46083,26,710,FD,FD05,FD050100,http://tong.visitkorea.or.kr/cms/resource/28/2782128_image2_1.jpg,Type3,6
2852312,39,덕산명가 참소국밥,부산광역시 남구 유엔로 187 (대연동),,6,4,129.0968253177,35.1304208304,A05,A0502,A05020100,,http://tong.visitkorea.or.kr/cms/resource/08/2852308_image2_1.jpg,20220908161625,20250828172849,48506,26,290,FD,FD01,FD010100,http://tong.visitkorea.or.kr/cms/resource/08/2852308_image3_1.jpg,Type3,6
2785611,38,덕포시장,부산광역시 사상구 사상로285번길 8-5,"(덕포동,덕포시장상가)",6,9,128.9821175281,35.1708003040,A04,A0401,A04010200,,http://tong.visitkorea.or.kr/cms/resource/56/2790956_image2_1.JPG,20211203185857,20250828094620,46950,26,530,SH,SH06,SH060200,http://tong.visitkorea.or.kr/cms/resource/56/2790956_image3_1.JPG,Type3,6
2782699,38,데팡스가든센터,부산광역시 금정구 중앙대로 2315 (노포동),,6,2,129.0975791779,35.2908112060,A04,A0401,A04010600,,http://tong.visitkorea.or.kr/cms/resource/74/2795674_image2_1.jpg,20211129200914,20250709134757,46202,26,410,SH,SH05,SH050200,http://tong.visitkorea.or.kr/cms/resource/74/2795674_image3_1.jpg,Type3,6
3469447,32,덴바스타호텔 동래점,부산광역시 동래구 명륜로112번가길 28 (명륜동),,6,6,129.0829994784,35.2049039000,B02,B0201,B02010900,,,20250123091925,20250319175514,47808,26,260,AC,AC04,AC040100,,,6
130381,14,동래문화원,부산광역시 동래구 문화로 80 (명륜동),,6,6,129.0905625108,35.2121198984,A02,A0206,A02060700,,http://tong.visitkorea.or.kr/cms/resource/41/3476741_image2_1.jpg,20071106105501,20250808110727,47746,26,260,VE,VE09,VE090100,http://tong.visitkorea.or.kr/cms/resource/41/3476741_image3_1.jpg,Type3,6
2778476,39,동래밀면,부산광역시 동래구 명륜로 47 (수안동),,6,6,129.0841689993,35.1984074269,A05,A0502,A05020100,,http://tong.visitkorea.or.kr/cms/resource/65/2778665_image2_1.jpg,20211124193618,20250916090135,47818,26,260,FD,FD01,FD010100,http://tong.visitkorea.or.kr/cms/resource/65/2778665_image3_1.jpg,Type3,6
2822334,12,동래온천길(온천천 카페거리),부산광역시 동래구 온천천로 451,"도시철도 온천장역(부산광역시 동래구 중앙대로 1520), 도시철도 동래역(부산광역시 동래구 중앙대로 1324), 온천천 카페거리(부산광역시 동래구 온천천로 451)",6,6,129.1024592605,35.1916279693,A02,A0203,A02030600,,http://tong.visitkorea.or.kr/cms/resource/33/2822333_image2_1.png,20220531132806,20250114143147,47900,26,260,VE,VE04,VE040100,http://tong.visitkorea.or.kr/cms/resource/33/2822333_image3_1.png,Type1,6
2670518,39,동래원조산곰장어,부산광역시 동래구 명륜로98번길 42,,6,6,129.0857576472,35.2021625913,A05,A0502,A05020100,,http://tong.visitkorea.or.kr/cms/resource/93/2668993_image2_1.jpg,20200903005304,20250730130733,47813,26,260,FD,FD01,FD010100,http://tong.visitkorea.or.kr/cms/resource/93/2668993_image3_1.jpg,Type3,6
3017112,14,동래읍성 임진왜란 역사관,부산광역시 동래구 충렬대로 지하223 (수안동),,6,6,129.0839244809,35.2018764786,A02,A0206,A02060300,,http://tong.visitkorea.or.kr/cms/resource/82/3017082_image2_1.JPG,20231004101548,20250730130406,47814,26,260,VE,VE07,VE070300,http://tong.visitkorea.or.kr/cms/resource/82/3017082_image3_1.JPG,Type3,6
1607360,12,동래향교,부산광역시 동래구 동래로 103,,6,6,129.0841215255,35.2077202717,A02,A0201,A02010700,,http://tong.visitkorea.or.kr/cms/resource/25/3336525_image2_1.jpg,20120419230326,20250319192601,47748,26,260,HS,HS01,HS010900,http://tong.visitkorea.or.kr/cms/resource/25/3336525_image3_1.jpg,Type3,6
128810,12,동백공원,부산광역시 해운대구 동백로 99 (우동),,6,16,129.1523226328,35.1536609221,A02,A0202,A02020700,,http://tong.visitkorea.or.kr/cms/resource/62/3575962_image2_1.jpg,20060228090000,20251219095747,48100,26,350,VE,VE03,VE030100,http://tong.visitkorea.or.kr/cms/resource/62/3575962_image3_1.jpg,Type1,6
135827,39,동백섬횟집,부산광역시 해운대구 해운대해변로209번나길 17,,6,16,129.1546889075,35.1604296524,A05,A0502,A05020100,,,20070713090000,20250311153735,48093,26,350,FD,FD01,FD010100,,,6
130774,14,동삼동패총전시관,부산광역시 영도구 태종로 729,(동삼동),6,14,129.0796423170,35.0712160269,A02,A0206,A02060300,,http://tong.visitkorea.or.kr/cms/resource/85/3031985_image2_1.JPG,20060327090000,20250407113215,49125,26,200,VE,VE07,VE070300,http://tong.visitkorea.or.kr/cms/resource/85/3031985_image3_1.JPG,Type3,6
3023734,14,동서대학교 소향씨어터 신한카드홀,부산광역시 해운대구 센텀중앙로 55 (우동),,6,16,129.1276353562,35.1731360622,A02,A0206,A02060600,,http://tong.visitkorea.or.kr/cms/resource/09/3023709_image2_1.JPG,20231024145621,20250422131053,48058,26,350,VE,VE06,VE060100,http://tong.visitkorea.or.kr/cms/resource/09/3023709_image3_1.JPG,Type3,6
2870868,39,동원장수촌,"부산광역시 사하구 동매로 117 (하단동, 건우리안)",,6,10,128.9709870422,35.1018550433,A05,A0502,A05020100,,http://tong.visitkorea.or.kr/cms/resource/55/2870855_image2_1.jpg,20221019165126,20250829153829,49413,26,380,FD,FD01,FD010100,http://tong.visitkorea.or.kr/cms/resource/55/2870855_image3_1.jpg,Type3,6
2614716,12,두도,부산광역시 서구 암남동,,6,11,129.0148985467,35.0490923097,A01,A0101,A01011300,,http://tong.visitkorea.or.kr/cms/resource/28/3589728_image2_1.jpg,20190809012532,20251230152504,49277,26,140,NA,NA02,NA020500,http://tong.visitkorea.or.kr/cms/resource/28/3589728_image3_1.jpg,Type1,6
2891745,39,듀스포레,부산광역시 남구 황령대로319번가길 193 (대연동),,6,4,129.0897781585,35.1504934531,A05,A0502,A05020900,,http://tong.visitkorea.or.kr/cms/resource/40/2891740_image2_1.jpg,20221031160108,20251120091625,48427,26,290,FD,FD05,FD050100,http://tong.visitkorea.or.kr/cms/resource/40/2891740_image3_1.jpg,Type3,6
2869159,39,디원카페,부산광역시 기장군 일광읍 일광로 326,,6,3,129.2529272719,35.2724494870,A05,A0502,A05020900,,http://tong.visitkorea.or.kr/cms/resource/44/2869144_image2_1.jpg,20221018141618,20250620151653,46041,26,710,FD,FD05,FD050100,http://tong.visitkorea.or.kr/cms/resource/44/2869144_image3_1.jpg,Type3,6
2759629,39,디저트시네마,부산광역시 연제구 쌍미천로 32-1 (연산동),,6,13,129.0905190532,35.1763072423,A05,A0502,A05020900,,http://tong.visitkorea.or.kr/cms/resource/10/2759810_image2_1.jpg,20211020192201,20251105112455,47589,26,470,FD,FD05,FD050100,http://tong.visitkorea.or.kr/cms/resource/10/2759810_image3_1.jpg,Type3,6
2675011,12,땅뫼산,부산광역시 금정구 오륜대로 260-1,,6,2,129.1174425369,35.2472747896,A01,A0101,A01010400,,http://tong.visitkorea.or.kr/cms/resource/30/3552430_image2_1.jpg,20201007051531,20251023143000,46255,26,410,NA,NA01,NA010100,http://tong.visitkorea.or.kr/cms/resource/30/3552430_image3_1.jpg,Type1,6
2891789,39,라꽁띠,부산광역시 해운대구 청사포로 85,,6,16,129.1890108643,35.1626050452,A05,A0502,A05020200,,http://tong.visitkorea.or.kr/cms/resource/81/2891781_image2_1.jpg,20221031160931,20251024151709,48116,26,350,FD,FD02,FD020300,http://tong.visitkorea.or.kr/cms/resource/81/2891781_image3_1.jpg,Type3,6
142861,32,라메르호텔,부산광역시 동구 조방로34번길 9,,6,5,129.0623197090,35.1405246178,B02,B0201,B02010100,,http://tong.visitkorea.or.kr/cms/resource/71/3592171_image2_1.jpg,20131115003437,20260105154033,48739,26,170,AC,AC01,AC010100,http://tong.visitkorea.or.kr/cms/resource/71/3592171_image3_1.jpg,Type3,6
2708705,32,라비드아틀란호텔2,부산광역시 해운대구 구남로 37,,6,16,129.1615188489,35.1611685856,B02,B0201,B02010100,,http://tong.visitkorea.or.kr/cms/resource/53/2709453_image2_1.jpg,20210310024654,20250120170558,48095,26,350,AC,AC01,AC010100,http://tong.visitkorea.or.kr/cms/resource/53/2709453_image3_1.jpg,Type3,
2783646,39,러브얼스,부산광역시 수영구 광안로49번길 32-1 (광안동),,6,12,129.1186060430,35.1564683169,A05,A0502,A05020900,,http://tong.visitkorea.or.kr/cms/resource/15/2795715_image2_1.jpg,20211130214831,20250828090235,48296,26,500,FD,FD05,FD050100,http://tong.visitkorea.or.kr/cms/resource/15/2795715_image2_1.jpg,Type3,6
2782750,38,러브이즈기빙,부산광역시 수영구 광안로49번길 24 (광안동),1층 러브이즈기빙,6,12,129.1183532979,35.1560822443,A04,A0401,A04010600,,http://tong.visitkorea.or.kr/cms/resource/38/2794238_image2_1.jpg,20211129221450,20251031092833,48296,26,500,SH,SH05,SH050200,http://tong.visitkorea.or.kr/cms/resource/38/2794238_image3_1.jpg,Type3,6
3335951,28,레이저태그스포츠 광안점,부산광역시 수영구 광안해변로 269 (민락동),지하층 101호,6,12,129.1230695600,35.1558823541,A03,A0305,A03050100,,http://tong.visitkorea.or.kr/cms/resource/39/3335939_image2_1.png,20240722160552,20250306174327,48286,26,500,LS,LS04,LS040100,http://tong.visitkorea.or.kr/cms/resource/39/3335939_image3_1.png,Type3,6
2456224,12,렛츠런파크 부산경남,부산광역시 강서구 가락대로 929,(범방동),6,1,128.8819239173,35.1546447184,A02,A0204,A02040800,,http://tong.visitkorea.or.kr/cms/resource/39/3350939_image2_1.jpg,20161214223853,20250318220124,46745,26,440,EX,EX06,EX061000,http://tong.visitkorea.or.kr/cms/resource/39/3350939_image3_1.jpg,Type3,6
2840901,39,로다로지,부산광역시 강서구 명지국제12로19번길 20-10 (명지동),,6,1,128.9236910382,35.1062842348,A05,A0502,A05020900,,http://tong.visitkorea.or.kr/cms/resource/87/2840887_image2_1.jpg,20220822163028,20250605091412,46773,26,440,FD,FD05,FD050100,http://tong.visitkorea.or.kr/cms/resource/87/2840887_image3_1.jpg,Type3,6
2869129,39,로아누,부산광역시 기장군 일광읍 기장대로 868-34,,6,3,129.2322429307,35.2735239812,A05,A0502,A05020100,,http://tong.visitkorea.or.kr/cms/resource/15/2869115_image2_1.jpg,20221018140929,20250829093258,46044,26,710,FD,FD01,FD010100,http://tong.visitkorea.or.kr/cms/resource/15/2869115_image3_1.jpg,Type3,6
2832712,39,록산,부산광역시 강서구 화전산업대로 272-43 (녹산동),,6,1,128.8889633680,35.1113663626,A05,A0502,A05020900,,http://tong.visitkorea.or.kr/cms/resource/06/2832706_image2_1.jpg,20220804162915,20250527180725,46736,26,440,FD,FD05,FD050100,http://tong.visitkorea.or.kr/cms/resource/06/2832706_image3_1.jpg,Type3,6
2815627,12,롯데월드 어드벤처 부산,부산광역시 기장군 동부산관광로 42,,6,3,129.2129995240,35.1960684107,A02,A0202,A02020600,,http://tong.visitkorea.or.kr/cms/resource/21/2815721_image2_1.jpg,20220408140251,20251117192423,46083,26,710,VE,VE02,VE020100,http://tong.visitkorea.or.kr/cms/resource/21/2815721_image3_1.jpg,Type3,6
1993017,38,롯데프리미엄아울렛 동부산점,부산광역시 기장군 기장읍 기장해안로 147,,6,3,129.2127940917,35.1922299485,A04,A0401,A04010600,,http://tong.visitkorea.or.kr/cms/resource/51/3070551_image2_1.JPG,20150325013840,20250801150850,46084,26,710,SH,SH02,SH020200,http://tong.visitkorea.or.kr/cms/resource/51/3070551_image3_1.JPG,Type3,6
142998,32,롯데호텔 부산,부산광역시 부산진구 가야대로 772 (부전동),,6,7,129.0559892441,35.1573337296,B02,B0201,B02010100,,http://tong.visitkorea.or.kr/cms/resource/02/3019302_image2_1.jpg,20030602090000,20251023143000,47285,26,230,AC,AC01,AC010100,http://tong.visitkorea.or.kr/cms/resource/02/3019302_image3_1.jpg,Type3,6
133839,39,롯데호텔부산 무궁화,부산광역시 부산진구 가야대로 772,43층,6,7,129.0564308853,35.1568643460,A05,A0502,A05020100,,,20031001090000,20251104095755,47285,26,230,FD,FD01,FD010100,,,6
2891814,39,류센소 본점,부산광역시 해운대구 구남로8번길 62,1층,6,16,129.1562304075,35.1616267696,A05,A0502,A05020300,,http://tong.visitkorea.or.kr/cms/resource/03/2891803_image2_1.jpg,20221031161229,20250114094301,48094,26,350,FD,FD02,FD020200,http://tong.visitkorea.or.kr/cms/resource/03/2891803_image3_1.jpg,Type3,6
2782695,39,르쎄,부산광역시 동래구 온천천로 467-1,(안락동),6,6,129.1041674513,35.1914030262,A05,A0502,A05020900,,http://tong.visitkorea.or.kr/cms/resource/29/2795729_image2_1.png,20211129200604,20250106150150,47900,26,260,FD,FD05,FD050100,http://tong.visitkorea.or.kr/cms/resource/29/2795729_image2_1.png,Type3,6
2841417,39,리디앤폴(LIDI&PAUL),부산광역시 금정구 금샘로 219 (장전동),,6,2,129.0836872388,35.2437884436,A05,A0502,A05020900,,http://tong.visitkorea.or.kr/cms/resource/98/2841398_image2_1.jpg,20220823104550,20250605110318,46239,26,410,FD,FD05,FD050100,http://tong.visitkorea.or.kr/cms/resource/98/2841398_image3_1.jpg,Type3,6
2854887,39,리버사이드,부산광역시 기장군 일광로 582-44,,6,3,129.2596622276,35.2929695350,A05,A0502,A05020200,,,20220919091459,20251023143000,46040,26,710,FD,FD02,FD020300,,,6
142978,32,리베로호텔,부산광역시 해운대구 구남로29번길 21,,6,16,129.1612660580,35.1624489933,B02,B0201,B02010100,,http://tong.visitkorea.or.kr/cms/resource/37/3012137_image2_1.jpg,20060616090000,20250919112041,48095,26,350,AC,AC01,AC010100,http://tong.visitkorea.or.kr/cms/resource/37/3012137_image3_1.jpg,Type3,6
2868609,39,리오네,부산광역시 수영구 구락로 36 (수영동),,6,12,129.1200610561,35.1716333124,A05,A0502,A05020200,,http://tong.visitkorea.or.kr/cms/resource/71/2868571_image2_1.jpg,20221017171249,20250620141049,48220,26,500,FD,FD02,FD020300,http://tong.visitkorea.or.kr/cms/resource/71/2868571_image3_1.jpg,Type3,6
2845069,39,마레레스토랑,부산광역시 기장군 일광읍 일광로 350,,6,3,129.2545020936,35.2739382385,A05,A0502,A05020200,,http://tong.visitkorea.or.kr/cms/resource/60/2845060_image2_1.jpg,20220829150944,20250828140713,46041,26,710,FD,FD02,FD020300,http://tong.visitkorea.or.kr/cms/resource/60/2845060_image3_1.jpg,Type3,6
2845094,39,마리솔,부산광역시 기장군 일광읍 일광로 290,,6,3,129.2488304146,35.2721438894,A05,A0502,A05020900,,http://tong.visitkorea.or.kr/cms/resource/78/2845078_image2_1.jpg,20220829151624,20250609141626,46041,26,710,FD,FD05,FD050100,http://tong.visitkorea.or.kr/cms/resource/78/2845078_image3_1.jpg,Type3,6
2617724,12,마린시티,부산광역시 해운대구 우동,1411,6,16,129.1436566548,35.1560327184,A02,A0203,A02030100,,http://tong.visitkorea.or.kr/cms/resource/89/3575989_image2_1.jpg,20190906024515,20251128105741,48119,26,350,VE,VE04,VE040200,http://tong.visitkorea.or.kr/cms/resource/89/3575989_image3_1.jpg,Type1,6
3075356,32,마티에 오시리아,부산광역시 기장군 기장읍 동부산관광7로 17,,6,3,129.2145134896,35.1884970648,B02,B0201,B02010500,,http://tong.visitkorea.or.kr/cms/resource/44/3075344_image2_1.JPG,20231004142839,20251120105554,46084,26,710,AC,AC02,AC020100,http://tong.visitkorea.or.kr/cms/resource/44/3075344_image3_1.JPG,Type3,6
2869196,39,마파람해물찜해물탕 구서본점,부산광역시 금정구 금강로 418 (구서동),,6,2,129.0886117820,35.2447995324,A05,A0502,A05020100,,http://tong.visitkorea.or.kr/cms/resource/89/2869189_image2_1.jpg,20221018143015,20250709135121,46244,26,410,FD,FD01,FD010100,http://tong.visitkorea.or.kr/cms/resource/89/2869189_image3_1.jpg,Type3,6
2872442,39,마포면옥,부산광역시 기장군 월내2길 10-36 마포면옥,,6,3,129.2798400399,35.3284992619,A05,A0502,A05020100,,http://tong.visitkorea.or.kr/cms/resource/10/2872410_image2_1.JPG,20221021135842,20251106095036,46037,26,710,FD,FD01,FD010100,http://tong.visitkorea.or.kr/cms/resource/10/2872410_image3_1.JPG,Type3,6
304695,12,마하사(부산),부산광역시 연제구 봉수로 138,,6,13,129.0876863061,35.1639058017,A02,A0201,A02010800,,http://tong.visitkorea.or.kr/cms/resource/32/3031232_image2_1.JPG,20071129190853,20250407143316,47610,26,470,HS,HS03,HS030100,http://tong.visitkorea.or.kr/cms/resource/32/3031232_image3_1.JPG,Type3,6
3415203,39,만달리,부산광역시 기장군 기장읍 반송로 1392,,6,3,129.1946773104,35.2534449764,A05,A0502,A05020200,,http://tong.visitkorea.or.kr/cms/resource/00/3415200_image2_1.jpg,20241113194059,20251023143000,46052,26,710,FD,FD02,FD020300,http://tong.visitkorea.or.kr/cms/resource/00/3415200_image3_1.jpg,Type3,6
1013694,38,만물의거리,부산광역시 중구 국제시장2길 20-1,,6,15,129.0286987483,35.0996507962,A04,A0401,A04010200,,http://tong.visitkorea.or.kr/cms/resource/19/3561919_image2_1.jpg,20100504012112,20251105143045,48946,26,110,SH,SH06,SH060200,http://tong.visitkorea.or.kr/cms/resource/19/3561919_image3_1.jpg,Type1,6
2810909,39,만서리 이가네 막국수,부산광역시 금정구 식물원로 27,,6,2,129.0850570958,35.2244517473,A05,A0502,A05020100,,,20220316102251,20251023143000,46300,26,410,FD,FD01,FD010100,,,6
2867715,39,만석미역 본점,부산광역시 중구 충장대로5번길 32-1 (중앙동4가),,6,15,129.0374533120,35.1081305635,A05,A0502,A05020100,,http://tong.visitkorea.or.kr/cms/resource/02/2867702_image2_1.JPG,20221014154019,20250619180445,48937,26,110,FD,FD01,FD010100,http://tong.visitkorea.or.kr/cms/resource/02/2867702_image3_1.JPG,Type3,6
2853079,39,만선해물탕,부산광역시 기장군 구연로 18-8,,6,3,129.1810766062,35.3216704073,A05,A0502,A05020100,,http://tong.visitkorea.or.kr/cms/resource/67/2853067_image2_1.jpg,20220914111018,20250829142804,46023,26,710,FD,FD01,FD010100,http://tong.visitkorea.or.kr/cms/resource/67/2853067_image3_1.jpg,Type3,6
2872611,39,만호갈미샤브샤브,부산광역시 강서구 르노삼성대로 602 (명지동),,6,1,128.9286018554,35.1013709857,A05,A0502,A05020100,,http://tong.visitkorea.or.kr/cms/resource/03/2872603_image2_1.JPG,20221021144929,20250702175802,46773,26,440,FD,FD01,FD010100,http://tong.visitkorea.or.kr/cms/resource/03/2872603_image3_1.JPG,Type3,6
2891826,39,맘보식당,부산광역시 해운대구 송정광어골로 76 (송정동),,6,16,129.1960571370,35.1748593600,A05,A0502,A05020100,,http://tong.visitkorea.or.kr/cms/resource/20/2891820_image2_1.jpg,20221031161453,20250902103123,48073,26,350,FD,FD01,FD010100,http://tong.visitkorea.or.kr/cms/resource/20/2891820_image3_1.jpg,Type3,6
2891849,39,맛소문오리불고기,부산광역시 해운대구 좌동로 109-17 (좌동),,6,16,129.1767893923,35.1739368835,A05,A0502,A05020100,,http://tong.visitkorea.or.kr/cms/resource/38/2891838_image2_1.jpg,20221031161750,20250902103353,48079,26,350,FD,FD01,FD010100,http://tong.visitkorea.or.kr/cms/resource/38/2891838_image3_1.jpg,Type3,6
2393457,25,맛있는 부산의 남항시장 탐방,,,6,14,129.0368537062,35.0955680697,C01,C0117,C01170001,,,20160716003208,20230809085437,,26,200,C01,C0117,C01170001,,,6
250424,12,망산도·유주암,부산광역시 강서구 송정동,,6,1,128.8209252451,35.0967250919,A02,A0201,A02010700,,http://tong.visitkorea.or.kr/cms/resource/91/3031391_image2_1.JPG,20071029090000,20250407141703,51610,26,440,HS,HS01,HS011200,http://tong.visitkorea.or.kr/cms/resource/91/3031391_image3_1.JPG,Type3,6
2841499,39,메르데쿠르,부산광역시 기장군 기장읍 기장해안로 871-1,,6,3,129.2441569026,35.2331120647,A05,A0502,A05020900,,http://tong.visitkorea.or.kr/cms/resource/93/2841493_image2_1.jpg,20220823113158,20250605143418,46078,26,710,FD,FD05,FD050100,http://tong.visitkorea.or.kr/cms/resource/93/2841493_image3_1.jpg,Type3,6
2847910,39,메밀447,부산광역시 기장군 일광읍 화용길 53-33,,6,3,129.2287846943,35.2809008672,A05,A0502,A05020100,,http://tong.visitkorea.or.kr/cms/resource/99/2847899_image2_1.jpg,20220902100112,20250828144124,46047,26,710,FD,FD01,FD010100,http://tong.visitkorea.or.kr/cms/resource/99/2847899_image3_1.jpg,Type3,6
2847893,39,메이크씨,부산광역시 기장군 일광읍 일광로 754,,6,3,129.2593618262,35.3083844680,A05,A0502,A05020900,,http://tong.visitkorea.or.kr/cms/resource/82/2847882_image2_1.jpg,20220902095638,20250610103145,46039,26,710,FD,FD05,FD050100,http://tong.visitkorea.or.kr/cms/resource/82/2847882_image3_1.jpg,Type3,6
850466,39,명수정,부산광역시 금정구 구서로 23,,6,2,129.0885367382,35.2466271039,A05,A0502,A05020100,,,20091030213113,20250304174542,46242,26,410,FD,FD01,FD010100,,,6
2742601,38,명지시장,부산광역시 강서구 신포길 13-10 (명지동),,6,1,128.9317096042,35.1129197501,A04,A0401,A04010200,,,20210910010738,20251230134139,46717,26,440,SH,SH06,SH060200,,,6
2752976,39,명지첫집,부산광역시 강서구 명지국제6로232번길 18 (명지동),,6,1,128.9244745864,35.0958548619,A05,A0502,A05020100,,http://tong.visitkorea.or.kr/cms/resource/82/2753482_image2_1.jpg,20211005225728,20251105094445,46772,26,440,FD,FD01,FD010100,http://tong.visitkorea.or.kr/cms/resource/82/2753482_image2_1.jpg,Type3,6
2572851,32,모닝듀 게스트 하우스(모닝듀),부산광역시 동구 초량중로21번길 5-2,(초량동),6,5,129.0364337920,35.1141493149,B02,B0201,B02011100,,http://tong.visitkorea.or.kr/cms/resource/58/2571658_image2_1.jpg,20181204202936,20241127144650,48819,26,170,AC,AC06,AC060200,http://tong.visitkorea.or.kr/cms/resource/58/2571658_image2_1.jpg,Type3,
2832729,39,모모스커피 본점,부산광역시 금정구 오시게로 20 (부곡동),,6,2,129.0864960018,35.2192717995,A05,A0502,A05020900,,http://tong.visitkorea.or.kr/cms/resource/27/2832727_image2_1.jpg,20220804165728,20250527182343,46311,26,410,FD,FD05,FD050100,http://tong.visitkorea.or.kr/cms/resource/27/2832727_image3_1.jpg,Type3,6
820382,39,목장원,부산광역시 영도구 절영로 355,,6,14,129.0573775733,35.0716572340,A05,A0502,A05020100,,,20091015014923,20251030143424,49113,26,200,FD,FD01,FD010100,,,6
2852419,39,몽실종가돼지국밥,부산광역시 서구 까치고개로197번길 3 (아미동2가),,6,11,129.0173663871,35.1001616416,A05,A0502,A05020100,,http://tong.visitkorea.or.kr/cms/resource/18/2852418_image2_1.jpg,20220913115333,20250611175334,49241,26,140,FD,FD01,FD010100,http://tong.visitkorea.or.kr/cms/resource/18/2852418_image3_1.jpg,Type3,6
2862337,39,몽작,부산광역시 영도구 남항서로 36,,6,14,129.0361429493,35.0848414795,A05,A0502,A05020200,,,20220929182715,20260102180409,49050,26,200,FD,FD02,FD020300,,,6
304811,12,묘심사(부산),부산광역시 동구 망양로 671,(수정동),6,5,129.0395054026,35.1267618490,A02,A0201,A02010800,,http://tong.visitkorea.or.kr/cms/resource/32/3343332_image2_1.jpg,20071129233606,20250319190029,48714,26,170,HS,HS03,HS030100,http://tong.visitkorea.or.kr/cms/resource/32/3343332_image3_1.jpg,Type3,6
2776396,39,무진장횟집,부산광역시 기장군 기장읍 연화1길 137,,6,3,129.2261339112,35.2171162986,A05,A0502,A05020100,,http://tong.visitkorea.or.kr/cms/resource/86/2790886_image2_1.JPG,20211119191659,20250108095613,46082,26,710,FD,FD01,FD010100,http://tong.visitkorea.or.kr/cms/resource/86/2790886_image3_1.JPG,Type3,6
2381567,28,문탠로드,부산광역시 해운대구 달맞이길 120,,6,16,129.1756010591,35.1574970351,A03,A0302,A03022700,,http://tong.visitkorea.or.kr/cms/resource/35/3575935_image2_1.jpg,20160430001154,20251128102929,48098,26,350,LS,LS01,LS011900,http://tong.visitkorea.or.kr/cms/resource/35/3575935_image3_1.jpg,Type1,6
2891868,39,문토스트,부산광역시 해운대구 송정해변로 16 (송정동),,6,16,129.2043979105,35.1809477221,A05,A0502,A05020200,,http://tong.visitkorea.or.kr/cms/resource/57/2891857_image2_1.jpg,20221031162042,20250902103855,48072,26,350,FD,FD03,FD030200,http://tong.visitkorea.or.kr/cms/resource/57/2891857_image3_1.jpg,Type3,6
851907,39,문화쌈밥,부산광역시 남구 유엔평화로 72,,6,4,129.0931951234,35.1287570602,A05,A0502,A05020100,,,20091030221127,20240912111844,48533,26,290,FD,FD01,FD010100,,,6
132805,39,물꽁식당,부산광역시 중구 흑교로59번길 3,,6,15,129.0244017679,35.1045168387,A05,A0502,A05020100,,,20040227090000,20240913105355,48963,26,110,FD,FD01,FD010100,,,6
2732397,12,물빛색스튜디오,부산광역시 강서구 체육공원로6번길 139-28 (대저1동),,6,1,128.9797833440,35.2093737159,A02,A0203,A02030400,,http://tong.visitkorea.or.kr/cms/resource/64/3491264_image2_1.jpg,20210810015414,20250516100204,46703,26,440,EX,EX07,EX070200,http://tong.visitkorea.or.kr/cms/resource/64/3491264_image3_1.jpg,Type3,6
2872395,39,미동암소정,부산광역시 기장군 철마면 미동길 19,,6,3,129.1706423269,35.2883350627,A05,A0502,A05020100,,http://tong.visitkorea.or.kr/cms/resource/86/2872386_image2_1.JPG,20221021135427,20251106094416,46050,26,710,FD,FD01,FD010100,http://tong.visitkorea.or.kr/cms/resource/86/2872386_image3_1.JPG,Type3,6
309293,12,미륵사(부산),부산광역시 금정구 북문로 126,(금성동),6,2,129.0489255467,35.2740066340,A02,A0201,A02010800,,http://tong.visitkorea.or.kr/cms/resource/99/2687599_image2_1.jpg,20071130181145,20250325103121,46237,26,410,HS,HS03,HS030100,http://tong.visitkorea.or.kr/cms/resource/99/2687599_image3_1.jpg,Type3,6
2869595,39,미미루,부산광역시 동래구 온천장로 91-1 (온천동),,6,6,129.0829796339,35.2195328159,A05,A0502,A05020400,,http://tong.visitkorea.or.kr/cms/resource/80/2869580_image2_1.JPG,20221018162953,20250623175841,47709,26,260,FD,FD02,FD020100,http://tong.visitkorea.or.kr/cms/resource/80/2869580_image3_1.JPG,Type3,6
985921,12,미술의거리,부산광역시 중구 신창동4가,,6,15,129.0279265666,35.1006395595,A02,A0203,A02030600,,http://tong.visitkorea.or.kr/cms/resource/89/3552989_image2_1.jpg,20100326021758,20251023143000,48946,26,110,VE,VE04,VE040100,http://tong.visitkorea.or.kr/cms/resource/89/3552989_image3_1.jpg,Type1,6
2776391,39,미청식당,부산광역시 기장군 일광면 기장해안로 1303,,6,3,129.2331904364,35.2603115904,A05,A0502,A05020100,,,20211119191536,20251023143000,46044,26,710,FD,FD01,FD010100,,,6
2789488,28,미포정거장,부산광역시 해운대구 달맞이길62번길 13 (중동),,6,16,129.1728512790,35.1581969059,A03,A0302,A03022700,,http://tong.visitkorea.or.kr/cms/resource/26/2800426_image2_1.jpg,20211208224327,20250828102740,48098,26,350,LS,LS01,LS011900,http://tong.visitkorea.or.kr/cms/resource/26/2800426_image3_1.jpg,Type3,6
2784330,12,미포항,부산광역시 해운대구 중동,,6,16,129.1717291585,35.1580385696,A01,A0101,A01011400,,http://tong.visitkorea.or.kr/cms/resource/22/3336622_image2_1.jpg,20211201192117,20250311113015,48098,26,350,NA,NA02,NA020700,http://tong.visitkorea.or.kr/cms/resource/22/3336622_image3_1.jpg,Type3,6
3532667,32,민락스테이,부산광역시 수영구 민락본동로 28 (민락동),2층 202호,6,12,129.1288384100,35.1592487503,B02,B0201,B02011200,,,20250908125845,20250921220955,48289,26,500,AC,AC03,AC030400,,,6
127149,12,민주공원,부산광역시 중구 민주공원길 19,(영주동),6,15,129.0281096457,35.1093802515,A02,A0202,A02020700,,http://tong.visitkorea.or.kr/cms/resource/47/3498447_image2_1.jpg,20070906090000,20250730154352,48901,26,110,VE,VE03,VE030500,http://tong.visitkorea.or.kr/cms/resource/47/3498447_image3_1.jpg,Type1,6
2868655,39,바로해장,"부산광역시 수영구 광남로94번길 2 (광안동, 광일)",,6,12,129.1146787801,35.1501467300,A05,A0502,A05020100,,http://tong.visitkorea.or.kr/cms/resource/30/2868630_image2_1.jpg,20221017172021,20250620141928,48303,26,500,FD,FD01,FD010100,http://tong.visitkorea.or.kr/cms/resource/30/2868630_image3_1.jpg,Type3,6
2872574,39,박가네순두부,부산광역시 강서구 신호산단1로98번길 91 (신호동),,6,1,128.8762264158,35.0808278824,A05,A0502,A05020100,,http://tong.visitkorea.or.kr/cms/resource/60/2872560_image2_1.JPG,20221021143845,20250708105334,46760,26,440,FD,FD01,FD010100,http://tong.visitkorea.or.kr/cms/resource/60/2872560_image3_1.JPG,Type3,6
2823059,14,박태준기념관,부산광역시 기장군 임랑해안길 1 박태준기념관,,6,3,129.2612503134,35.3169141022,A02,A0206,A02060200,,http://tong.visitkorea.or.kr/cms/resource/56/2823056_image2_1.jpg,20220608110246,20251204153323,46038,26,710,VE,VE07,VE070200,http://tong.visitkorea.or.kr/cms/resource/56/2823056_image3_1.jpg,Type1,6
2756690,39,박해윤통영해물밥상,부산광역시 동래구 연안로 38,(안락동),6,6,129.1082532132,35.1911614625,A05,A0502,A05020100,,http://tong.visitkorea.or.kr/cms/resource/09/2756909_image2_1.jpg,20211013235438,20250116131744,47905,26,260,FD,FD01,FD010100,http://tong.visitkorea.or.kr/cms/resource/09/2756909_image3_1.jpg,Type3,6
2787408,39,반송187,부산광역시 해운대구 신반송로182번길 2-15 (반송동),,6,16,129.1608948106,35.2291387386,A05,A0502,A05020900,,http://tong.visitkorea.or.kr/cms/resource/53/2792153_image2_1.jpg,20211207200519,20250828101956,48011,26,350,FD,FD05,FD050100,http://tong.visitkorea.or.kr/cms/resource/53/2792153_image3_1.jpg,Type3,6
2875862,38,반송3동골목시장,부산광역시 해운대구 아랫반송로39번길 18-12 신발집,,6,16,129.1503819766,35.2240446703,A04,A0401,A04010200,,http://tong.visitkorea.or.kr/cms/resource/50/2875850_image2_1.JPG,20221026131833,20250704094052,48019,26,350,SH,SH06,SH060200,http://tong.visitkorea.or.kr/cms/resource/50/2875850_image3_1.JPG,Type3,6
2907087,12,반송공원,부산광역시 해운대구 반송순환로 100-53 (반송동),,6,16,117.9925662504,19.6944274800,A02,A0202,A02020700,,http://tong.visitkorea.or.kr/cms/resource/82/2907082_image2_1.JPG,20221114095720,20250828102001,48015,26,350,VE,VE03,VE030400,http://tong.visitkorea.or.kr/cms/resource/82/2907082_image3_1.JPG,Type3,6
130796,14,반여도서관,부산광역시 해운대구 재반로282번길 38,,6,16,129.1338451325,35.2020357183,A02,A0206,A02060900,,http://tong.visitkorea.or.kr/cms/resource/30/3081430_image2_1.JPG,20060418090000,20250414113443,48025,26,350,VE,VE09,VE090300,http://tong.visitkorea.or.kr/cms/resource/30/3081430_image3_1.JPG,Type3,6
2865941,39,밤나무집,부산광역시 기장군 철마면 개좌로 763-25,,6,3,129.1487003269,35.2690173764,A05,A0502,A05020100,,http://tong.visitkorea.or.kr/cms/resource/16/2865916_image2_1.jpg,20221012113502,20250829091345,46049,26,710,FD,FD01,FD010100,http://tong.visitkorea.or.kr/cms/resource/16/2865916_image3_1.jpg,Type3,6
2571959,32,방가방가게스트하우스(풍경집),부산광역시 사하구 감내1로224번길 7,(감천동),6,10,129.0097699096,35.0970840680,B02,B0201,B02011100,,http://tong.visitkorea.or.kr/cms/resource/96/2571096_image2_1.jpg,20181201001216,20251023143000,49365,26,380,AC,AC06,AC060200,http://tong.visitkorea.or.kr/cms/resource/96/2571096_image2_1.jpg,Type3,
2840921,39,방코,부산광역시 강서구 새진목길 51 (명지동),,6,1,128.9222825768,35.1154998440,A05,A0502,A05020200,,http://tong.visitkorea.or.kr/cms/resource/13/2840913_image2_1.jpg,20220822163918,20250605094651,46717,26,440,FD,FD03,FD030200,http://tong.visitkorea.or.kr/cms/resource/13/2840913_image3_1.jpg,Type3,6
2869113,39,배종관동래삼계탕,부산광역시 동래구 동래로116번길 39 (복천동),,6,6,129.0847770907,35.2052983330,A05,A0502,A05020100,,http://tong.visitkorea.or.kr/cms/resource/07/2869107_image2_1.JPG,20221018140526,20250620150549,47809,26,260,FD,FD01,FD010100,http://tong.visitkorea.or.kr/cms/resource/07/2869107_image3_1.JPG,Type3,6
2677748,12,백양산 웰빙숲,부산광역시 사상구 모라동,,6,9,129.0093258839,35.1849381103,A01,A0101,A01010400,,http://tong.visitkorea.or.kr/cms/resource/04/3575804_image2_1.jpg,20201021223142,20251128094618,46930,26,530,NA,NA01,NA010200,http://tong.visitkorea.or.kr/cms/resource/04/3575804_image3_1.jpg,Type1,6
2554111,14,범어사 성보박물관,부산광역시 금정구 범어사로 250,(청룡동),6,2,129.0681152667,35.2839753157,A02,A0206,A02060100,,http://tong.visitkorea.or.kr/cms/resource/18/3342818_image2_1.jpg,20180718022709,20250304172340,46200,26,410,VE,VE07,VE070100,http://tong.visitkorea.or.kr/cms/resource/18/3342818_image3_1.jpg,Type3,6
2708108,12,범일 이중섭거리,부산광역시 동구 범일동,,6,5,129.0521955945,35.1403327856,A02,A0203,A02030600,,http://tong.visitkorea.or.kr/cms/resource/71/3552571_image2_1.jpg,20210304233356,20251023143000,48702,26,170,VE,VE04,VE040100,http://tong.visitkorea.or.kr/cms/resource/71/3552571_image3_1.jpg,Type1,6
309338,12,법륜사(부산),부산광역시 동래구 동래로 160 (칠산동),,6,6,129.0879435276,35.2036235793,A02,A0201,A02010800,,http://tong.visitkorea.or.kr/cms/resource/97/3081197_image2_1.JPG,20071130234546,20250513165123,47810,26,260,HS,HS03,HS030100,http://tong.visitkorea.or.kr/cms/resource/97/3081197_image3_1.JPG,Type3,6
3533137,32,베를리너 하우스,부산광역시 부산진구 전포대로224번길 26 (전포동),2층,6,7,129.0669383150,35.1564645846,B02,B0201,B02011100,,,20250908215716,20250922124918,47303,26,230,AC,AC06,AC060200,,,6
2811461,32,베이몬드호텔,부산광역시 해운대구 해운대해변로209번가길 27,,6,16,129.1567804158,35.1595992286,B02,B0201,B02010100,,http://tong.visitkorea.or.kr/cms/resource/28/2808328_image2_1.png,20220310154145,20250122135930,48093,26,350,AC,AC01,AC010100,http://tong.visitkorea.or.kr/cms/resource/28/2808328_image2_1.png,Type3,6
3028593,32,베이하운드호텔,부산광역시 영도구 태종로65번길 11 (대교동1가),베이하운드호텔,6,14,129.0384647425,35.0931822552,B02,B0201,B02010900,,http://tong.visitkorea.or.kr/cms/resource/73/3028573_image2_1.JPG,20231031120854,20250801161329,49037,26,200,AC,AC04,AC040100,http://tong.visitkorea.or.kr/cms/resource/73/3028573_image3_1.JPG,Type3,6
130668,14,벡스코(BEXCO),부산광역시 해운대구 APEC로 55,,6,16,129.1363347095,35.1691116738,A02,A0206,A02060400,,http://tong.visitkorea.or.kr/cms/resource/55/3020355_image2_1.jpg,20051021090000,20251121143803,48060,26,350,VE,VE07,VE070400,http://tong.visitkorea.or.kr/cms/resource/55/3020355_image3_1.jpg,Type3,6
2840956,39,벨렘351,부산광역시 강서구 대저로299번길 6 (대저1동),,6,1,128.9845550922,35.2115096751,A05,A0502,A05020900,,http://tong.visitkorea.or.kr/cms/resource/33/2840933_image2_1.jpg,20220822164853,20250605095508,46702,26,440,FD,FD05,FD050100,http://tong.visitkorea.or.kr/cms/resource/33/2840933_image3_1.jpg,Type3,6
1607242,12,보광사(부산),부산광역시 동구 범상로1번길 35,,6,5,129.0468821528,35.1408826262,A02,A0201,A02010800,,http://tong.visitkorea.or.kr/cms/resource/04/3552504_image2_1.jpg,20120419204829,20251023143000,48702,26,170,HS,HS03,HS030100,http://tong.visitkorea.or.kr/cms/resource/04/3552504_image3_1.jpg,Type1,6
2789334,12,보람공원,부산광역시 강서구 녹산산단262로14번길 20,(송정동),6,1,128.8432429784,35.0881459047,A02,A0202,A02020700,,http://tong.visitkorea.or.kr/cms/resource/45/3337845_image2_1.jpg,20211208213726,20250318220118,46757,26,440,VE,VE03,VE030100,http://tong.visitkorea.or.kr/cms/resource/45/3337845_image3_1.jpg,Type3,6
2870885,39,보리에 브레드 팩토리,부산광역시 사하구 다송로72번길 50 (다대동),,6,10,128.9816844453,35.0609625943,A05,A0502,A05020900,,http://tong.visitkorea.or.kr/cms/resource/76/2870876_image2_1.jpg,20221019165617,20250829154440,49521,26,380,FD,FD05,FD050100,http://tong.visitkorea.or.kr/cms/resource/76/2870876_image3_1.jpg,Type3,6
2785270,39,복성반점,부산광역시 사하구 하신중앙로 289 (하단동),,6,10,128.9624793993,35.1036769053,A05,A0502,A05020400,,http://tong.visitkorea.or.kr/cms/resource/55/2790955_image2_1.JPG,20211202223831,20250828092951,49428,26,380,FD,FD02,FD020100,http://tong.visitkorea.or.kr/cms/resource/55/2790955_image2_1.JPG,Type3,6
2845123,39,본가딸부자전복죽집,부산광역시 기장군 기장읍 연화2길 14-1,,6,3,129.2260450183,35.2175468041,A05,A0502,A05020100,,http://tong.visitkorea.or.kr/cms/resource/06/2845106_image2_1.jpg,20220829152638,20250609143136,46082,26,710,FD,FD01,FD010100,http://tong.visitkorea.or.kr/cms/resource/06/2845106_image3_1.jpg,Type3,6
3470763,32,본호텔,부산광역시 북구 낙동대로 1746-8 (구포동),,6,8,128.9999843707,35.2090574567,B02,B0201,B02010100,,,20250124134457,20250319175938,46501,26,320,AC,AC01,AC010100,,,6
2763881,38,부곡상가시장,부산광역시 금정구 부곡로 107,"(부곡동,부곡상가맨션)",6,2,129.0914815074,35.2255211909,A04,A0401,A04010200,,http://tong.visitkorea.or.kr/cms/resource/95/3561995_image2_1.jpg,20211028001646,20251105172702,46302,26,410,SH,SH06,SH060200,http://tong.visitkorea.or.kr/cms/resource/95/3561995_image3_1.jpg,Type1,6
130216,14,부산 강서문화원,부산광역시 강서구 낙동북로 477 강서구청,별관 3층,6,1,128.9805054495,35.2113235102,A02,A0206,A02060700,,http://tong.visitkorea.or.kr/cms/resource/88/3336488_image2_1.jpg,20071106104713,20250318220411,46702,26,440,VE,VE09,VE090100,http://tong.visitkorea.or.kr/cms/resource/88/3336488_image3_1.jpg,Type3,6
1922538,25,부산 금정산에서 마음을 비우다,,,6,2,129.0568164127,35.2781007650,C01,C0114,C01140001,,http://tong.visitkorea.or.kr/cms/resource/50/1459550_image2_1.jpg,20140530231519,20230808152914,,26,410,C01,C0114,C01140001,http://tong.visitkorea.or.kr/cms/resource/50/1459550_image3_1.jpg,Type3,7
130798,14,부산 동구도서관,부산광역시 동구 성북로36번길 54,(범일동),6,5,129.0524428566,35.1380885970,A02,A0206,A02060900,,http://tong.visitkorea.or.kr/cms/resource/48/3343348_image2_1.jpg,20060418090000,20250319190524,48763,26,170,VE,VE09,VE090300,http://tong.visitkorea.or.kr/cms/resource/48/3343348_image3_1.jpg,Type3,6
1303697,38,부산 르네시떼,부산광역시 사상구 광장로 7,(괘법동),6,9,128.9776597721,35.1638537784,A04,A0401,A04010600,,http://tong.visitkorea.or.kr/cms/resource/72/3476772_image2_1.jpg,20110610012732,20250414140448,46970,26,530,SH,SH05,SH050200,http://tong.visitkorea.or.kr/cms/resource/72/3476772_image3_1.jpg,Type3,6
231945,12,부산 복천동 고분군,부산광역시 동래구 복천로 66,,6,6,129.0906820891,35.2068732659,A02,A0201,A02010700,,http://tong.visitkorea.or.kr/cms/resource/94/3083494_image2_1.JPG,20071016090000,20250509102810,47802,26,260,HS,HS01,HS010800,http://tong.visitkorea.or.kr/cms/resource/94/3083494_image3_1.JPG,Type3,6
3532971,15,부산 서구 의료관광축제,부산광역시 서구 송도해변로 36 (암남동),,6,11,129.0174754570,35.0727563766,A02,A0207,A02070200,051-240-4017,http://tong.visitkorea.or.kr/cms/resource/55/3532955_image2_1.jpg,20250908172625,20250909154409,49275,26,140,EV,EV01,EV010600,http://tong.visitkorea.or.kr/cms/resource/55/3532955_image3_1.jpg,Type3,6
1215432,32,부산 센트럴호텔,부산광역시 연제구 중앙대로 1122,(연산동),6,13,129.0815722951,35.1877669046,B02,B0201,B02010100,,http://tong.visitkorea.or.kr/cms/resource/01/2640501_image2_1.jpg,20110224215351,20250326152406,47520,26,470,AC,AC01,AC010100,http://tong.visitkorea.or.kr/cms/resource/01/2640501_image3_1.jpg,Type3,6
2504464,12,부산 송도해상케이블카,부산광역시 서구 송도해변로 171,,6,11,129.0234248332,35.0766810472,A02,A0203,A02030400,,http://tong.visitkorea.or.kr/cms/resource/11/3413711_image2_1.jpg,20170828204609,20251024113010,49269,26,140,EX,EX07,EX070200,http://tong.visitkorea.or.kr/cms/resource/11/3413711_image3_1.jpg,Type3,6
126122,12,부산 송도해수욕장,부산광역시 서구 송도해변로 100,,6,11,129.0164588470,35.0739256715,A01,A0101,A01011200,,http://tong.visitkorea.or.kr/cms/resource/86/2504686_image2_1.jpg,20031209090000,20250326144550,49269,26,140,NA,NA02,NA020900,http://tong.visitkorea.or.kr/cms/resource/86/2504686_image3_1.jpg,Type3,6
1922568,25,부산 앞바다를 한눈에 아우르다,,,6,14,129.0870866804,35.0504712626,C01,C0115,C01150001,,http://tong.visitkorea.or.kr/cms/resource/86/1572286_image2_1.jpg,20140530233129,20230809131031,,26,200,C01,C0115,C01150001,http://tong.visitkorea.or.kr/cms/resource/86/1572286_image3_1.jpg,Type3,
132524,38,부산 엄궁농산물도매시장,부산광역시 사상구 농산물시장로9번길 11 (엄궁동),,6,9,128.9643091143,35.1287185796,A04,A0401,A04010200,,http://tong.visitkorea.or.kr/cms/resource/02/3071002_image2_1.JPG,20031120090000,20251104140611,47032,26,530,SH,SH06,SH060200,http://tong.visitkorea.or.kr/cms/resource/02/3071002_image3_1.JPG,Type3,6
2946508,12,부산 영화의 거리,"부산광역시 해운대구 마린시티1로 91 (우동, 마린시티두산위브포세이돈)",,6,16,129.1444371716,35.1549495207,A02,A0203,A02030600,,http://tong.visitkorea.or.kr/cms/resource/43/2947043_image2_1.jpg,20230131110050,20251105153332,48119,26,350,VE,VE04,VE040100,http://tong.visitkorea.or.kr/cms/resource/43/2947043_image3_1.jpg,Type1,6
2456837,12,부산 영화의 전당,부산광역시 해운대구 수영강변대로 120,,6,16,129.1270576924,35.1707946470,A02,A0204,A02040800,,http://tong.visitkorea.or.kr/cms/resource/52/3035052_image2_1.jpg,20200919010756,20251023173241,48058,26,350,EX,EX06,EX061000,http://tong.visitkorea.or.kr/cms/resource/52/3035052_image3_1.jpg,Type3,6
3065360,28,부산 요트투어 요트야,부산광역시 해운대구 해운대해변로 84 (우동),,6,16,129.1415539265,35.1608543617,A03,A0303,A03030300,,http://tong.visitkorea.or.kr/cms/resource/37/3065337_image2_1.JPG,20231208174229,20250626164432,48090,26,350,LS,LS02,LS020300,http://tong.visitkorea.or.kr/cms/resource/37/3065337_image3_1.JPG,Type3,6
1960620,12,부산 자갈치 양곱창 골목,부산광역시 중구 구덕로 73,(남포동5가),6,15,129.0277461155,35.0973677005,A02,A0203,A02030600,,http://tong.visitkorea.or.kr/cms/resource/37/3049537_image2_1.JPG,20141028202648,20250407155226,48982,26,110,VE,VE04,VE040100,http://tong.visitkorea.or.kr/cms/resource/37/3049537_image3_1.JPG,Type3,6
132190,38,부산 자갈치시장,부산광역시 중구 자갈치해안로 52,(남포동4가),6,15,129.0306042201,35.0966511661,A04,A0401,A04010200,,http://tong.visitkorea.or.kr/cms/resource/13/2941313_image2_1.bmp,20040109090000,20250325162021,48983,26,110,SH,SH06,SH060200,http://tong.visitkorea.or.kr/cms/resource/13/2941313_image3_1.bmp,Type1,6
132499,38,부산 자유도매시장,부산광역시 동구 조방로 48,,6,5,129.0611336867,35.1410439821,A04,A0401,A04010200,,http://tong.visitkorea.or.kr/cms/resource/44/3561844_image2_1.jpg,20031117090000,20251105110718,48739,26,170,SH,SH06,SH060200,http://tong.visitkorea.or.kr/cms/resource/44/3561844_image3_1.jpg,Type1,6
126856,12,부산 중앙공원,부산광역시 서구 망양로193번길 187 (동대신동2가),,6,11,129.0279540280,35.1121438284,A02,A0202,A02020700,,http://tong.visitkorea.or.kr/cms/resource/87/2754987_image2_1.jpg,20031208090000,20251031094953,49214,26,140,VE,VE03,VE030500,http://tong.visitkorea.or.kr/cms/resource/87/2754987_image3_1.jpg,Type3,6
132572,38,부산 중앙시장,부산광역시 부산진구 중앙번영로20번길 34-3,(범천동),6,7,129.0611197346,35.1434103837,A04,A0401,A04010200,,http://tong.visitkorea.or.kr/cms/resource/23/3070923_image2_1.JPG,20031119090000,20250522095554,47364,26,230,SH,SH06,SH060200,http://tong.visitkorea.or.kr/cms/resource/23/3070923_image3_1.JPG,Type3,6
2660770,12,부산 치유의 숲,부산광역시 기장군 철마면 철마천로 101,,6,3,129.1298103057,35.2690086937,A02,A0202,A02020500,,http://tong.visitkorea.or.kr/cms/resource/30/2661730_image2_1.jpg,20200623195838,20250325164353,46049,26,710,EX,EX05,EX050600,http://tong.visitkorea.or.kr/cms/resource/30/2661730_image3_1.jpg,Type3,6
3452014,39,부산 카페 라운지,부산광역시 연제구 중앙대로1056번길 13 (연산동),2~4층,6,13,129.0796892677,35.1825730073,A05,A0502,A05020900,,http://tong.visitkorea.or.kr/cms/resource/97/3451897_image2_1.jpg,20241219113318,20250724142917,47596,26,470,FD,FD05,FD050100,http://tong.visitkorea.or.kr/cms/resource/97/3451897_image3_1.jpg,Type1,6
1399532,15,부산고등어축제,부산광역시 서구 송도해변로 100 (암남동),송도해수욕장,6,11,129.0180752934,35.0768587065,A02,A0207,A02070200,051-231-4085,http://tong.visitkorea.or.kr/cms/resource/36/3547136_image2_1.jpg,20111012022519,20251029144149,49269,26,140,EV,EV01,EV010300,http://tong.visitkorea.or.kr/cms/resource/36/3547136_image3_1.jpg,Type3,6
128164,12,부산광안대교,부산광역시 해운대구 수영강변대로 203,,6,16,129.1270084045,35.1449947568,A02,A0205,A02050100,,http://tong.visitkorea.or.kr/cms/resource/77/3368477_image2_1.jpg,20040604090000,20250311151258,48050,26,500,VE,VE01,VE010300,http://tong.visitkorea.or.kr/cms/resource/77/3368477_image3_1.jpg,Type1,6
130799,14,부산광역시 기장도서관,부산광역시 기장군 기장읍 차성동로126번길 13-5,,6,3,129.2172810028,35.2497097044,A02,A0206,A02060900,,http://tong.visitkorea.or.kr/cms/resource/87/3476687_image2_1.jpg,20060418090000,20250421105705,46063,26,710,VE,VE09,VE090300,http://tong.visitkorea.or.kr/cms/resource/87/3476687_image3_1.jpg,Type3,6
3080317,28,부산광역시 부산실내빙상장,부산광역시 북구 금곡대로46번길 50 (덕천동),,6,8,129.0057781894,35.2134792901,A03,A0302,A03021300,,http://tong.visitkorea.or.kr/cms/resource/12/3080312_image2_1.JPG,20240110181500,20250521164542,46547,26,320,LS,LS01,LS010900,http://tong.visitkorea.or.kr/cms/resource/12/3080312_image3_1.JPG,Type3,6
130793,14,부산광역시 영도도서관,부산광역시 영도구 함지로79번길 6,(동삼동),6,14,129.0660433825,35.0755014082,A02,A0206,A02060900,,http://tong.visitkorea.or.kr/cms/resource/44/3032044_image2_1.JPG,20060412090000,20250407131631,49114,26,200,VE,VE09,VE090300,http://tong.visitkorea.or.kr/cms/resource/44/3032044_image3_1.JPG,Type3,6
131146,28,부산광역시교육청학생인성교육원,부산광역시 금정구 북문로 178,(금성동),6,2,129.0456984184,35.2606108543,A03,A0302,A03020200,,http://tong.visitkorea.or.kr/cms/resource/61/2445261_image2_1.jpg,20030526090000,20250326155917,46237,26,410,VE,VE10,VE100200,http://tong.visitkorea.or.kr/cms/resource/61/2445261_image3_1.jpg,Type3,6
130749,14,부산광역시립 명장도서관,부산광역시 동래구 명안로46번길 35,(명장동),6,6,129.1065697598,35.2008714550,A02,A0206,A02060900,,http://tong.visitkorea.or.kr/cms/resource/28/3476728_image2_1.jpg,20060307090000,20250315133957,47778,26,260,VE,VE09,VE090300,http://tong.visitkorea.or.kr/cms/resource/28/3476728_image3_1.jpg,Type3,6
130752,14,부산광역시립 시민도서관,부산광역시 부산진구 월드컵대로 462 (초읍동),,6,7,129.0503001507,35.1828835404,A02,A0206,A02060900,,http://tong.visitkorea.or.kr/cms/resource/01/3336501_image2_1.jpg,20060307090000,20250306111111,47103,26,230,VE,VE09,VE090300,http://tong.visitkorea.or.kr/cms/resource/01/3336501_image3_1.jpg,Type3,6
130797,14,부산광역시립 연산도서관,부산광역시 연제구 고분로191번길 16 부산광역시립연산도서관,,6,13,129.1040120547,35.1861091721,A02,A0206,A02060900,,http://tong.visitkorea.or.kr/cms/resource/05/3343405_image2_1.jpg,20060418090000,20250307110051,47558,26,470,VE,VE09,VE090300,http://tong.visitkorea.or.kr/cms/resource/05/3343405_image3_1.jpg,Type3,6
130795,14,부산광역시립 중앙도서관,부산광역시 중구 망양로193번길 146,(보수동1가),6,15,129.0269458417,35.1099940500,A02,A0206,A02060900,,http://tong.visitkorea.or.kr/cms/resource/29/3049829_image2_1.JPG,20060414090000,20250407134238,48903,26,110,VE,VE09,VE090300,http://tong.visitkorea.or.kr/cms/resource/29/3049829_image3_1.JPG,Type3,6
3515311,15,부산국제AI영화제,부산광역시 해운대구 수영강변대로 120 (우동),,6,16,129.1270687971,35.1710029572,A02,A0208,A02081100,051-780-6115,http://tong.visitkorea.or.kr/cms/resource/10/3515310_image2_1.jpg,20250731132658,20250731132709,48058,26,350,EV,EV02,EV020800,http://tong.visitkorea.or.kr/cms/resource/10/3515310_image3_1.jpg,Type3,6
3006246,15,부산국제공연예술마켓,부산광역시 남구 유엔평화로76번길 1 (대연동),부산문화회관,6,4,129.0937450823,35.1285070990,A02,A0207,A02070200,051-745-7298,http://tong.visitkorea.or.kr/cms/resource/43/3537143_image2_1.jpg,20230901131059,20251104162330,48534,26,290,EV,EV01,EV010200,http://tong.visitkorea.or.kr/cms/resource/43/3537143_image3_1.jpg,Type3,6
2558735,15,부산국제공연예술제,부산광역시 금정구 장전온천천로 48 (장전동),부산광역시 금정구 온천천 및 부산대학로 일원,6,2,129.0893371356,35.2296540211,A02,A0207,A02070200,051-715-6984,http://tong.visitkorea.or.kr/cms/resource/24/3534524_image2_1.jpg,20180824194400,20250917142334,46291,26,410,EV,EV01,EV010200,http://tong.visitkorea.or.kr/cms/resource/24/3534524_image3_1.jpg,Type3,6
3345610,15,부산국제아동도서전,부산광역시 해운대구 APEC로 55 (우동),벡스코 제1전시장 3홀,6,16,129.1355209016,35.1687450332,A02,A0207,A02070200,02-733-8402,http://tong.visitkorea.or.kr/cms/resource/25/3536625_image2_1.jpg,20240809142251,20251205151905,48060,26,350,EV,EV01,EV010200,http://tong.visitkorea.or.kr/cms/resource/25/3536625_image3_1.jpg,Type3,6
2784363,14,부산근현대역사관 별관,부산광역시 중구 대청로 104,(대청동2가),6,15,129.0312012262,35.1026838356,A02,A0206,A02060100,,,20211201194130,20240829154055,48949,26,110,VE,VE07,VE070100,,,6
3083767,14,부산근현대역사관 본관,부산광역시 중구 대청로 112 (대청동1가),,6,15,129.0321900270,35.1027616225,A02,A0206,A02060100,,http://tong.visitkorea.or.kr/cms/resource/38/3428638_image2_1.jpg,20240118154755,20250729085721,48949,26,110,VE,VE07,VE070100,http://tong.visitkorea.or.kr/cms/resource/38/3428638_image3_1.jpg,Type1,6
2873292,15,부산글로벌웹툰페스티벌,부산광역시 해운대구 수영강변대로 140 (우동),,6,16,129.1256077644,35.1727527343,A02,A0207,A02070200,070-5080-2804,http://tong.visitkorea.or.kr/cms/resource/04/3531704_image2_1.png,20221024144645,20250923162546,48058,26,350,EV,EV01,EV010600,http://tong.visitkorea.or.kr/cms/resource/04/3531704_image3_1.png,Type3,6
3442423,12,부산기후변화체험교육관,부산광역시 북구 학사로 118 (화명동),,6,8,129.0081635592,35.2329549282,A02,A0204,A02040400,,http://tong.visitkorea.or.kr/cms/resource/07/3442507_image2_1.jpeg,20241211161040,20250724143538,46527,26,320,EX,EX06,EX060900,http://tong.visitkorea.or.kr/cms/resource/07/3442507_image3_1.jpeg,Type1,6
252562,12,부산대교,부산광역시 영도구 봉래나루로 79 (봉래동1가),,6,14,129.0388146742,35.0945765502,A02,A0205,A02050100,,http://tong.visitkorea.or.kr/cms/resource/75/3031875_image2_1.JPG,20071101090000,20251023143000,49033,26,200,VE,VE01,VE010300,http://tong.visitkorea.or.kr/cms/resource/75/3031875_image3_1.JPG,Type3,6
1607138,14,부산대학교 박물관,부산광역시 금정구 부산대학로63번길 2,,6,2,129.0798600805,35.2333923163,A02,A0206,A02060100,,http://tong.visitkorea.or.kr/cms/resource/13/3332613_image2_1.jpg,20120419192625,20250304170945,46241,26,410,VE,VE07,VE070100,http://tong.visitkorea.or.kr/cms/resource/13/3332613_image3_1.jpg,Type3,6
126147,12,부산동명불원,부산광역시 남구 동명로 57 (용당동),,6,4,129.1038166893,35.1189694636,A02,A0201,A02010800,,http://tong.visitkorea.or.kr/cms/resource/69/3070669_image2_1.JPG,20020404090000,20250521171220,48520,26,290,HS,HS03,HS030100,http://tong.visitkorea.or.kr/cms/resource/69/3070669_image3_1.JPG,Type3,6
133313,39,부산명물횟집,부산광역시 중구 자갈치해안로 55,1층,6,15,129.0311458269,35.0971289007,A05,A0502,A05020100,,,20021115090000,20250724143854,48984,26,110,FD,FD01,FD010100,,,6
129725,14,부산문화회관,부산광역시 남구 유엔평화로76번길 1 부산문화회관,,6,4,129.0937450823,35.1285070990,A02,A0206,A02060600,,http://tong.visitkorea.or.kr/cms/resource/68/3332668_image2_1.jpg,20071106102708,20250305142319,48534,26,290,VE,VE06,VE060100,http://tong.visitkorea.or.kr/cms/resource/68/3332668_image3_1.jpg,Type3,6
2787128,38,부산새벽시장,부산광역시 사상구 새벽로 141 (감전동),,6,9,128.9826012838,35.1537799975,A04,A0401,A04010200,,http://tong.visitkorea.or.kr/cms/resource/28/2790928_image2_1.JPG,20211207183839,20250828101036,46988,26,530,SH,SH06,SH060200,http://tong.visitkorea.or.kr/cms/resource/28/2790928_image3_1.JPG,Type3,6
2856938,15,부산수제맥주마스터스챌린지,부산광역시 해운대구 APEC로 55 (우동),,6,16,129.1355209016,35.1687450332,A02,A0207,A02070200,051-714-4758,http://tong.visitkorea.or.kr/cms/resource/53/3536453_image2_1.jpg,20220921131640,20250915141235,48060,26,350,EV,EV01,EV010600,http://tong.visitkorea.or.kr/cms/resource/53/3536453_image3_1.jpg,Type3,6
130166,14,부산시립미술관,부산광역시 해운대구 APEC로 58,(우동),6,16,129.1370458254,35.1666980687,A02,A0206,A02060500,,http://tong.visitkorea.or.kr/cms/resource/62/2712662_image2_1.jpg,20071106104508,20250404100704,48060,26,350,VE,VE07,VE070600,http://tong.visitkorea.or.kr/cms/resource/62/2712662_image3_1.jpg,Type3,6
2554068,12,부산영화체험박물관,부산광역시 중구 대청로126번길 12,(동광동3가),6,15,129.0336899238,35.1017589855,A02,A0204,A02040800,,http://tong.visitkorea.or.kr/cms/resource/19/3539019_image2_1.jpg,20180718004520,20251024140528,48950,26,110,EX,EX06,EX061000,http://tong.visitkorea.or.kr/cms/resource/19/3539019_image3_1.jpg,Type3,
2381553,12,부산영화촬영스튜디오,부산광역시 해운대구 해운대해변로 52,(우동),6,16,129.1380958485,35.1625180008,A02,A0204,A02040800,,http://tong.visitkorea.or.kr/cms/resource/73/3337973_image2_1.jpg,20160429231219,20250311112815,48090,26,350,EX,EX06,EX061000,http://tong.visitkorea.or.kr/cms/resource/73/3337973_image3_1.jpg,Type3,6
2790332,28,부산요트투어 3355마린,부산광역시 해운대구 해운대해변로 84,,6,16,129.1419844733,35.1598405944,A03,A0303,A03030300,,http://tong.visitkorea.or.kr/cms/resource/71/2790371_image2_1.jpg,20211209192408,20250626143445,48090,26,350,LS,LS02,LS020300,http://tong.visitkorea.or.kr/cms/resource/71/2790371_image3_1.jpg,Type3,6
3009050,28,부산요트투어 고고요트,부산광역시 해운대구 해운대해변로 84,1번 계류장,6,16,129.1415539265,35.1608543617,A03,A0303,A03030300,,http://tong.visitkorea.or.kr/cms/resource/19/3009019_image2_1.jpg,20230908135518,20250422112410,48090,26,350,LS,LS02,LS020300,http://tong.visitkorea.or.kr/cms/resource/19/3009019_image3_1.jpg,Type3,6
2610457,25,부산의 가을은 영화로 들썩인다,,,6,,129.0281738287,35.0983842612,C01,C0114,C01140001,,http://tong.visitkorea.or.kr/cms/resource/83/2364283_image2_1.jpg,20190710202510,20250520105707,,26,110,C01,C0114,C01140001,http://tong.visitkorea.or.kr/cms/resource/83/2364283_image3_1.jpg,Type3,6
2022923,25,"부산의 아름다운 낮과 밤을 느끼는 주경, 야경 여행",,,6,16,129.1822754969,35.1568472316,C01,C0114,C01140001,,http://tong.visitkorea.or.kr/cms/resource/50/1763850_image2_1.jpg,20150807194645,20230808163057,,26,350,C01,C0114,C01140001,http://tong.visitkorea.or.kr/cms/resource/50/1763850_image3_1.jpg,Type3,6
2360805,25,부산의 자연생태 체험 코스,,,6,,128.8419725161,36.1298034567,C01,C0112,C01120001,,http://tong.visitkorea.or.kr/cms/resource/49/1994249_image2_1.jpg,20160111200128,20250520105118,,27,720,C01,C0112,C01120001,http://tong.visitkorea.or.kr/cms/resource/49/1994249_image3_1.jpg,Type3,6
2764008,14,부산자원순환협력센터,부산광역시 강서구 생곡산단1로24번길 58,(생곡동),6,1,128.8823411310,35.1331637995,A02,A0206,A02060300,,http://tong.visitkorea.or.kr/cms/resource/61/3342761_image2_1.jpg,20211028005824,20250304161713,46729,26,440,VE,VE07,VE070300,http://tong.visitkorea.or.kr/cms/resource/61/3342761_image3_1.jpg,Type3,6
130737,14,부산자유회관(부산통일관),부산광역시 부산진구 초읍천로 113-10,,6,7,129.0455755619,35.1828751212,A02,A0206,A02060300,,http://tong.visitkorea.or.kr/cms/resource/42/3032342_image2_1.JPG,20060222090000,20250708091326,47100,26,230,VE,VE07,VE070300,http://tong.visitkorea.or.kr/cms/resource/42/3032342_image3_1.JPG,Type3,6
3080300,38,부산전자종합시장,부산광역시 부산진구 부전로 196 (부전동),,6,7,129.0624412844,35.1637636841,A04,A0401,A04010600,,http://tong.visitkorea.or.kr/cms/resource/95/3080295_image2_1.JPG,20240110180340,20251104111506,47250,26,230,SH,SH05,SH050200,http://tong.visitkorea.or.kr/cms/resource/95/3080295_image3_1.JPG,Type3,6
130834,14,부산점자도서관,부산광역시 사상구 덕상로72번길 9,,6,9,128.9898027697,35.1781301800,A02,A0206,A02060900,,http://tong.visitkorea.or.kr/cms/resource/53/3338053_image2_1.jpg,20060510090000,20251205092517,46938,26,530,VE,VE09,VE090300,http://tong.visitkorea.or.kr/cms/resource/53/3338053_image3_1.jpg,Type3,6
2853131,39,부산조개창고,부산광역시 기장군 정관읍 구연3로 17,,6,3,129.1815710140,35.3214426643,A05,A0502,A05020100,,http://tong.visitkorea.or.kr/cms/resource/21/2853121_image2_1.jpg,20220914112658,20250829143039,46023,26,710,FD,FD01,FD010100,http://tong.visitkorea.or.kr/cms/resource/21/2853121_image3_1.jpg,Type3,6
3016659,15,부산종합민속예술제,부산광역시 부산진구 시민공원로 73 (범전동),부산시민공원 다솜광장,6,7,129.0572361352,35.1654495102,A02,A0207,A02070200,051-714-1508,http://tong.visitkorea.or.kr/cms/resource/47/3359047_image2_1.jpg,20230927133829,20251023143000,47197,26,230,EV,EV01,EV010200,http://tong.visitkorea.or.kr/cms/resource/47/3359047_image3_1.jpg,Type3,6
3559571,15,부산중구반려동물축제,부산광역시 중구 용두산길 37-30 (광복동2가),,6,15,129.0323594995,35.1011951345,A02,A0207,A02070200,070-8893-2437,http://tong.visitkorea.or.kr/cms/resource/63/3559563_image2_1.jpg,20251031095519,20251031153923,48950,26,110,EV,EV01,EV010600,http://tong.visitkorea.or.kr/cms/resource/63/3559563_image3_1.jpg,Type3,6
3093625,12,부산진 별빛산책길,부산광역시 부산진구 범전동,212-191,6,7,129.0546280676,35.1640385095,A02,A0203,A02030600,,http://tong.visitkorea.or.kr/cms/resource/21/3093621_image2_1.PNG,20240201162039,20250306102808,47205,26,230,VE,VE04,VE040100,http://tong.visitkorea.or.kr/cms/resource/21/3093621_image3_1.PNG,Type3,6
132189,38,부산진시장,부산광역시 동구 진시장로 24,,6,5,129.0587979118,35.1361805951,A04,A0401,A04010200,,http://tong.visitkorea.or.kr/cms/resource/33/3561833_image2_1.jpg,20031117090000,20251105110024,48737,26,170,SH,SH06,SH060200,http://tong.visitkorea.or.kr/cms/resource/33/3561833_image3_1.jpg,Type1,6
1277679,12,부산타워,부산광역시 중구 용두산길 37-30 (광복동2가),,6,15,129.0323594995,35.1011951345,A02,A0205,A02050200,,http://tong.visitkorea.or.kr/cms/resource/40/3494840_image2_1.jpg,20110513184244,20251212173156,48950,26,110,HS,HS02,HS020100,http://tong.visitkorea.or.kr/cms/resource/40/3494840_image3_1.jpg,Type1,6
2726803,28,부산항힐링야영장,부산광역시 중구 이순신대로 72 (중앙동4가),,6,5,129.0440916874,35.1057837263,A03,A0302,A03021700,,http://tong.visitkorea.or.kr/cms/resource/57/2726957_image2_1.jpg,20210723185157,20250903143547,48940,26,110,AC,AC05,AC050100,http://tong.visitkorea.or.kr/cms/resource/57/2726957_image3_1.jpg,Type3,6
2861958,39,부센동,"부산광역시 수영구 수영로588번길 7 (광안동, 광안 협성엠파이어Ⅱ)",,6,12,129.1136786414,35.1583902331,A05,A0502,A05020300,,,20220929143646,20251104104434,48294,26,500,FD,FD02,FD020200,,,6
2861189,39,부우사안,부산광역시 해운대구 해운대해변로209번나길 16 동성장,,6,16,129.1545194851,35.1601741223,A05,A0502,A05020400,,,20220927171947,20250311112324,48093,26,350,FD,FD02,FD020100,,,6
1855868,39,부전돼지국밥,부산광역시 사상구 사상로 214,,6,9,128.9839369933,35.1642344065,A05,A0502,A05020100,,,20131105223601,20251023143000,46964,26,530,FD,FD01,FD010100,,,6
132188,38,부전마켓타운,부산광역시 부산진구 중앙대로755번길 21,(부전동),6,7,129.0614025211,35.1624610334,A04,A0401,A04010200,,http://tong.visitkorea.or.kr/cms/resource/04/3070904_image2_1.JPG,20031117090000,20250430104849,47254,26,230,SH,SH06,SH060200,http://tong.visitkorea.or.kr/cms/resource/04/3070904_image3_1.JPG,Type3,6
1878218,38,부평깡통시장,부산광역시 중구 부평1길 48,,6,15,129.0260517037,35.1015921962,A04,A0401,A04010200,,http://tong.visitkorea.or.kr/cms/resource/70/3561970_image2_1.jpg,20140102201413,20251105102507,48977,26,110,SH,SH06,SH060200,http://tong.visitkorea.or.kr/cms/resource/70/3561970_image3_1.jpg,Type1,6
132550,38,부평동한복거리,부산광역시 중구 부평2길 44,,6,15,129.0265905492,35.1014505558,A04,A0401,A04010600,,http://tong.visitkorea.or.kr/cms/resource/44/3476844_image2_1.jpg,20031117090000,20250430110153,48978,26,110,SH,SH05,SH050200,http://tong.visitkorea.or.kr/cms/resource/44/3476844_image3_1.jpg,Type3,6
1747913,14,북구문화예술회관 공연장,부산광역시 북구 금곡대로46번길 50,(덕천동),6,8,129.0057670798,35.2134515157,A02,A0206,A02060600,,http://tong.visitkorea.or.kr/cms/resource/87/3343387_image2_1.jpg,20121106004729,20250306135006,46547,26,320,VE,VE06,VE060100,http://tong.visitkorea.or.kr/cms/resource/87/3343387_image3_1.jpg,Type3,6
2643387,12,북맛골,부산광역시 금정구 장전동,,6,2,129.0825597462,35.2369919623,A02,A0203,A02030600,,http://tong.visitkorea.or.kr/cms/resource/01/3336601_image2_1.jpg,20200110232744,20250304171741,46325,26,410,VE,VE04,VE040100,http://tong.visitkorea.or.kr/cms/resource/01/3336601_image3_1.jpg,Type3,
2782747,38,분홍이네,"부산광역시 수영구 광안로45번길 2 (광안동, 광안비취빌리지)",,6,12,129.1173728455,35.1554211893,A04,A0401,A04010600,,http://tong.visitkorea.or.kr/cms/resource/94/2794294_image2_1.jpg,20211129221103,20251031092254,48296,26,500,SH,SH05,SH050200,http://tong.visitkorea.or.kr/cms/resource/94/2794294_image3_1.jpg,Type3,6
2867903,39,불끈낙지,부산광역시 부산진구 가야대로410번길 4 하이마트개금점,,6,7,129.0176038500,35.1516753219,A05,A0502,A05020100,,http://tong.visitkorea.or.kr/cms/resource/01/2867901_image2_1.JPG,20221014171127,20251105174450,47319,26,230,FD,FD01,FD010100,http://tong.visitkorea.or.kr/cms/resource/01/2867901_image3_1.JPG,Type3,6
3470765,32,브라운도트 호텔 사상르네시떼,부산광역시 사상구 새벽로223번길 83 (괘법동),,6,9,128.9795791131,35.1615179638,B02,B0201,B02010100,,,20250124135048,20250319180018,46971,26,530,AC,AC01,AC010100,,,6
3044610,32,브라운도트 호텔 서면역점 비즈니스,부산광역시 부산진구 가야대로756번길 16 (부전동),,6,7,129.0540422103,35.1566393270,B02,B0201,B02010100,,,20231118133612,20250317144118,47284,26,230,AC,AC01,AC010100,,,6
3083398,32,브라운도트호텔 서면범천점,부산광역시 부산진구 황령대로7번길 20-11 (범천동),,6,7,129.0606113054,35.1485125805,B02,B0201,B02010100,,http://tong.visitkorea.or.kr/cms/resource/19/3084219_image2_1.jpg,20231005161424,20251120111238,47353,26,230,AC,AC01,AC010100,http://tong.visitkorea.or.kr/cms/resource/19/3084219_image3_1.jpg,Type3,6
3083414,32,브라운도트호텔 송정점,부산광역시 해운대구 송정광어골로 30 (송정동),,6,16,129.1973402500,35.1787978313,B02,B0201,B02010100,,http://tong.visitkorea.or.kr/cms/resource/07/3083407_image2_1.jpg,20231031135109,20251120110452,48073,26,350,AC,AC01,AC010100,http://tong.visitkorea.or.kr/cms/resource/07/3083407_image3_1.jpg,Type3,6
3028497,32,브라운도트호텔 정관점,부산광역시 기장군 정관읍 산단1로 98-31,,6,3,129.1817794758,35.3161515953,B02,B0201,B02010100,,http://tong.visitkorea.or.kr/cms/resource/82/3028482_image2_1.JPG,20231031112558,20251120103913,46027,26,710,AC,AC01,AC010100,http://tong.visitkorea.or.kr/cms/resource/82/3028482_image3_1.JPG,Type3,6
2752996,39,브라운피크닉,부산광역시 기장군 철마면 개좌로 763-25,,6,3,129.1487058779,35.2691645819,A05,A0502,A05020900,,http://tong.visitkorea.or.kr/cms/resource/15/2753515_image2_1.jpg,20211005231449,20251124180757,46049,26,710,FD,FD05,FD050100,http://tong.visitkorea.or.kr/cms/resource/15/2753515_image2_1.jpg,Type3,6
2853145,39,브레이크인커피,부산광역시 기장군 병산로 117,,6,3,129.1778263576,35.3408376410,A05,A0502,A05020900,,http://tong.visitkorea.or.kr/cms/resource/40/2853140_image2_1.jpg,20220914113140,20250724152636,46004,26,710,FD,FD05,FD050100,http://tong.visitkorea.or.kr/cms/resource/40/2853140_image3_1.jpg,Type3,6
2696456,32,브로시스 호텔,부산광역시 중구 구덕로48번길 4,(남포동4가),6,15,129.0309291380,35.0986453934,B02,B0201,B02011100,,,20201210232700,20241126152330,48953,26,110,AC,AC06,AC060200,,,
2847969,39,브리타니,부산광역시 강서구 가덕해안로 663 (천성동),,6,1,128.8128719869,35.0375815671,A05,A0502,A05020900,,http://tong.visitkorea.or.kr/cms/resource/60/2847960_image2_1.jpg,20220902101720,20250610110839,46770,26,440,FD,FD05,FD050100,http://tong.visitkorea.or.kr/cms/resource/60/2847960_image3_1.jpg,Type3,6
3016434,32,블루스토리 호텔,부산광역시 해운대구 해운대해변로237번길 11 (우동),,6,16,129.1575108976,35.1599464255,B02,B0201,B02010100,,http://tong.visitkorea.or.kr/cms/resource/24/3016424_image2_1.jpg,20230927101043,20251120113034,48093,26,350,AC,AC01,AC010100,http://tong.visitkorea.or.kr/cms/resource/24/3016424_image3_1.jpg,Type3,6
2838935,39,비상(VSANT),부산광역시 사상구 강변대로 420-7 (엄궁동),,6,9,128.9621705766,35.1226858823,A05,A0502,A05020900,,http://tong.visitkorea.or.kr/cms/resource/29/2838929_image2_1.jpg,20220818143556,20250530144917,47033,26,530,FD,FD05,FD050100,http://tong.visitkorea.or.kr/cms/resource/29/2838929_image3_1.jpg,Type3,6
2868824,39,비스포레,부산광역시 수영구 민락수변로239번길 4 (민락동),,6,12,129.1287021896,35.1636843621,A05,A0502,A05020200,,http://tong.visitkorea.or.kr/cms/resource/40/2868740_image2_1.jpg,20221018094228,20250620144203,48275,26,500,FD,FD02,FD020300,http://tong.visitkorea.or.kr/cms/resource/40/2868740_image3_1.jpg,Type3,6
2595879,32,비치모텔,부산광역시 영도구 하리해안길 10-9 비치모텔,,6,14,129.0813283358,35.0692440569,B02,B0201,B02010900,,http://tong.visitkorea.or.kr/cms/resource/64/2686464_image2_1.jpg,20190409224117,20251230135332,49125,26,200,AC,AC04,AC040100,http://tong.visitkorea.or.kr/cms/resource/64/2686464_image3_1.jpg,Type3,6
2861291,39,사마정,"부산광역시 해운대구 마린시티3로 46 (우동, 우신골든메르시아)",,6,16,129.1453481989,35.1551411828,A05,A0502,A05020100,,http://tong.visitkorea.or.kr/cms/resource/90/2861290_image2_1.jpg,20220928094006,20250829152511,48119,26,350,FD,FD01,FD010100,http://tong.visitkorea.or.kr/cms/resource/90/2861290_image3_1.jpg,Type3,6
841730,39,사미헌,부산광역시 부산진구 서면문화로 19,,6,7,129.0566863597,35.1589974450,A05,A0502,A05020100,,http://tong.visitkorea.or.kr/cms/resource/78/3583678_image2_1.jpg,20091029052004,20251215175911,47257,26,230,FD,FD01,FD010100,http://tong.visitkorea.or.kr/cms/resource/78/3583678_image3_1.jpg,Type3,6
2787109,39,사비아,부산광역시 해운대구 달맞이길117번라길 100,(중동),6,16,129.1827141976,35.1623021845,A05,A0502,A05020200,,http://tong.visitkorea.or.kr/cms/resource/18/2798218_image2_1.JPG,20211207183241,20250116111349,48115,26,350,FD,FD02,FD020300,http://tong.visitkorea.or.kr/cms/resource/18/2798218_image3_1.JPG,Type3,6
2032436,15,사상강변축제,부산광역시 사상구 삼락동,29-52 삼락생태공원,6,9,128.9735266606,35.1689392430,A02,A0207,A02070200,010-7326-1991,http://tong.visitkorea.or.kr/cms/resource/40/3539740_image2_1.png,20151006191537,20250917151449,46911,26,530,EV,EV01,EV010200,http://tong.visitkorea.or.kr/cms/resource/40/3539740_image3_1.png,Type3,6
2785762,12,사상근린공원,부산광역시 사상구 가야대로 35,(감전동),6,9,128.9768740479,35.1521995132,A02,A0202,A02020700,,http://tong.visitkorea.or.kr/cms/resource/07/3370707_image2_1.jpg,20211203224827,20250306153619,46989,26,530,VE,VE03,VE030400,http://tong.visitkorea.or.kr/cms/resource/07/3370707_image3_1.jpg,Type1,6
130382,14,사상문화원,부산광역시 사상구 가야대로196번길 51,(학장동),6,9,128.9948587180,35.1476309123,A02,A0206,A02060700,,,20071106105503,20250306143854,47022,26,530,VE,VE09,VE090100,,,6
2785277,39,사천게장집,부산광역시 사상구 낙동대로1518번길 27 (삼락동),,6,9,128.9855943821,35.1935311540,A05,A0502,A05020100,,http://tong.visitkorea.or.kr/cms/resource/93/2790693_image2_1.JPG,20211202224236,20250828094134,46901,26,530,FD,FD01,FD010100,http://tong.visitkorea.or.kr/cms/resource/93/2790693_image3_1.JPG,Type3,6
2650232,12,산복도로,부산광역시 중구,(영주동),6,15,129.0309232942,35.1092330974,A02,A0203,A02030600,,http://tong.visitkorea.or.kr/cms/resource/16/3343716_image2_1.jpg,20200324023540,20240806160054,48917,26,110,VE,VE04,VE040100,http://tong.visitkorea.or.kr/cms/resource/16/3343716_image3_1.jpg,Type3,6
135004,39,산성청송가든,부산광역시 금정구 산성로 516,,6,2,129.0552285771,35.2448405765,A05,A0502,A05020100,,,20050525090000,20251216113322,46238,26,410,FD,FD01,FD010100,,,6
3080310,28,삼락강변체육공원인라인스케이트장,부산광역시 사상구 삼락동,29-14,6,9,128.9717797997,35.1612622933,A03,A0302,A03020400,,http://tong.visitkorea.or.kr/cms/resource/06/3080306_image2_1.JPG,20240110181045,20250807170001,46907,26,530,LS,LS01,LS010100,http://tong.visitkorea.or.kr/cms/resource/06/3080306_image3_1.JPG,Type3,6
2756707,28,삼락수상레포츠타운,부산광역시 사상구 삼락동 29-21,,6,9,128.9682186811,35.1728970354,A03,A0301,A03010200,,http://tong.visitkorea.or.kr/cms/resource/54/2756954_image2_1.jpg,20211014001022,20250110150614,46912,26,530,LS,LS02,LS021400,http://tong.visitkorea.or.kr/cms/resource/54/2756954_image2_1.jpg,Type3,6
2782626,12,삼익비치수변공원,부산광역시 수영구 남천동,148-103,6,12,129.1169286916,35.1462388759,A02,A0202,A02020700,,http://tong.visitkorea.or.kr/cms/resource/38/3575838_image2_1.jpg,20211129193619,20251128095142,48305,26,500,VE,VE03,VE030500,http://tong.visitkorea.or.kr/cms/resource/38/3575838_image3_1.jpg,Type1,6
2470024,12,삼진어묵 체험·역사과학관,부산광역시 영도구 절영로7번길 41-1 (봉래동2가),,6,14,129.0427254928,35.0928101531,A02,A0204,A02040800,,http://tong.visitkorea.or.kr/cms/resource/64/3399264_image2_1.jpg,20161228232531,20250519133557,49035,26,200,EX,EX06,EX061000,http://tong.visitkorea.or.kr/cms/resource/64/3399264_image3_1.jpg,Type3,6
851286,39,상국이네,부산광역시 해운대구 구남로41번길 40-1,,6,16,129.1629548127,35.1620074073,A05,A0502,A05020100,,,20091030215445,20250311152617,48095,26,350,FD,FD01,FD010100,,,6
3064931,12,색채마을,부산광역시 중구 망양로 327-1 (대청동4가),,6,15,129.0294707029,35.1070333171,A02,A0203,A02030100,,http://tong.visitkorea.or.kr/cms/resource/23/3064923_image2_1.JPG,20231208175601,20250414102243,48904,26,110,EX,EX03,EX030100,http://tong.visitkorea.or.kr/cms/resource/23/3064923_image3_1.JPG,Type3,6
3533138,32,샌드스테이,"부산광역시 수영구 광안해변로279번길 29 (민락동, 유정)",,6,12,129.1253526663,35.1569128366,B02,B0201,B02011100,,,20250908220303,20251023143000,48287,26,500,AC,AC06,AC060200,,,6
2860819,39,샤브막심 송정본점,부산광역시 해운대구 송정구덕포길 104,,6,16,129.1974932227,35.1712292375,A05,A0502,A05020100,,http://tong.visitkorea.or.kr/cms/resource/16/2860816_image2_1.jpg,20220927121205,20251105143502,48073,26,350,FD,FD01,FD010100,http://tong.visitkorea.or.kr/cms/resource/16/2860816_image3_1.jpg,Type3,6
2860823,39,샤브야 본점,부산광역시 해운대구 달맞이길 193 부광가든,,6,16,129.1823171232,35.1581804168,A05,A0502,A05020100,,http://tong.visitkorea.or.kr/cms/resource/22/2860822_image2_1.jpg,20220927121720,20250114161803,48115,26,350,FD,FD01,FD010100,http://tong.visitkorea.or.kr/cms/resource/22/2860822_image3_1.jpg,Type3,6
2867598,39,서대시장족발,부산광역시 서구 대영로 43-2,,6,11,129.0163189960,35.1097049981,A05,A0502,A05020100,,http://tong.visitkorea.or.kr/cms/resource/90/2867590_image2_1.JPG,20221014145547,20251105173039,49234,26,140,FD,FD01,FD010100,http://tong.visitkorea.or.kr/cms/resource/90/2867590_image3_1.JPG,Type3,6
2763981,38,서동미로시장,부산광역시 금정구 서동로141번길 16 (서동),,6,2,129.1024697033,35.2159085830,A04,A0401,A04010200,,http://tong.visitkorea.or.kr/cms/resource/76/3561476_image2_1.jpg,20211028004905,20251127112026,46320,26,410,SH,SH06,SH060200,http://tong.visitkorea.or.kr/cms/resource/76/3561476_image3_1.jpg,Type1,6
2778503,39,서울깍두기,부산광역시 금정구 장전온천천로 75,,6,2,129.0887065771,35.2317537744,A05,A0502,A05020100,,,20211124195137,20251023143000,46290,26,410,FD,FD01,FD010100,,,6
2783308,28,서프마린,부산광역시 수영구 광안해변로 125 (남천동),우진빌딩 지하 1층,6,12,129.1145761217,35.1461166232,A03,A0303,A03030100,,http://tong.visitkorea.or.kr/cms/resource/87/3500487_image2_1.jpg,20211130182742,20250624204153,48304,26,500,LS,LS02,LS020100,http://tong.visitkorea.or.kr/cms/resource/87/3500487_image3_1.jpg,Type3,6
128053,12,선암사(부산),부산광역시 부산진구 백양산로 138,,6,7,129.0275328529,35.1768587956,A02,A0201,A02010800,,http://tong.visitkorea.or.kr/cms/resource/36/3552636_image2_1.jpg,20040302090000,20251023143000,47148,26,230,HS,HS03,HS030100,http://tong.visitkorea.or.kr/cms/resource/36/3552636_image3_1.jpg,Type1,6
2872553,39,선창갈미조개,부산광역시 강서구 르노삼성대로 602 (명지동),,6,1,128.9286018554,35.1013709857,A05,A0502,A05020100,,http://tong.visitkorea.or.kr/cms/resource/45/2872545_image2_1.JPG,20221021143333,20250708104638,46773,26,440,FD,FD01,FD010100,http://tong.visitkorea.or.kr/cms/resource/45/2872545_image3_1.JPG,Type3,6
403961,39,선창횟집,부산광역시 해운대구 달맞이길62번길 67,,6,16,129.1738428948,35.1568915149,A05,A0502,A05020100,,,20080120072516,20250311154507,48098,26,350,FD,FD01,FD010100,,,6
319563,12,성암사(부산),부산광역시 남구 진남로210번길 58-15,(문현동),6,4,129.0800957995,35.1456799238,A02,A0201,A02010800,,http://tong.visitkorea.or.kr/cms/resource/32/3070632_image2_1.JPG,20071207192935,20250522100243,48422,26,290,HS,HS03,HS030100,http://tong.visitkorea.or.kr/cms/resource/32/3070632_image3_1.JPG,Type3,6
403957,39,성일집,부산광역시 중구 대교로 103,,6,15,129.0375007674,35.0994287600,A05,A0502,A05020100,,,20080120072506,20240913104516,48943,26,110,FD,FD01,FD010100,,,6
3373600,39,세븐아일랜드,부산광역시 강서구 가덕해안로 560 (천성동),,6,1,128.8072472729,35.0451417294,A05,A0502,A05020900,,http://tong.visitkorea.or.kr/cms/resource/21/3373621_image2_1.jpg,20240925134655,20250318220121,46770,26,440,FD,FD05,FD050100,http://tong.visitkorea.or.kr/cms/resource/21/3373621_image2_1.jpg,Type3,6
1019616,28,센텀시티 아이스링크,부산광역시 해운대구 센텀남대로 35,,6,16,129.1295519730,35.1688560217,A03,A0302,A03021300,,http://tong.visitkorea.or.kr/cms/resource/63/3544863_image2_1.JPEG,20100512222740,20251023143000,48058,26,350,LS,LS01,LS010900,http://tong.visitkorea.or.kr/cms/resource/63/3544863_image3_1.JPEG,Type3,6
2952019,39,소공간,부산광역시 해운대구 해운대해변로298번길 47,,6,16,129.1674016555,35.1617297426,A05,A0502,A05020100,,http://tong.visitkorea.or.kr/cms/resource/16/2952016_image2_1.jpg,20230310150443,20250120102725,48099,26,350,FD,FD01,FD010100,http://tong.visitkorea.or.kr/cms/resource/16/2952016_image3_1.jpg,Type3,6
2758469,12,소두방공원,부산광역시 기장군 정관읍 방곡리,,6,3,129.1843288936,35.3291390743,A02,A0202,A02020700,,http://tong.visitkorea.or.kr/cms/resource/82/3336582_image2_1.jpg,20211019012117,20250305104024,46019,26,710,VE,VE03,VE030100,http://tong.visitkorea.or.kr/cms/resource/82/3336582_image3_1.jpg,Type3,6
1607335,12,소림사(부산),부산광역시 동구 초량상로65번길 7 (초량동),,6,5,129.0373336157,35.1177378193,A02,A0201,A02010800,,http://tong.visitkorea.or.kr/cms/resource/09/3561509_image2_1.jpg,20120419224920,20251127134813,48812,26,170,HS,HS03,HS030100,http://tong.visitkorea.or.kr/cms/resource/09/3561509_image3_1.jpg,Type1,6
2784320,39,소문난원조조방낙지본점,부산광역시 동래구 명륜로94번길 37 (명륜동),,6,6,129.0839355318,35.2040345702,A05,A0502,A05020100,,http://tong.visitkorea.or.kr/cms/resource/25/2787525_image2_1.jpg,20211201191108,20250828090748,47808,26,260,FD,FD01,FD010100,http://tong.visitkorea.or.kr/cms/resource/25/2787525_image3_1.jpg,Type3,6
1805861,39,속시원한 대구탕,부산광역시 해운대구 달맞이길 229,,6,16,129.1841196663,35.1610190212,A05,A0502,A05020100,,http://tong.visitkorea.or.kr/cms/resource/88/3049888_image2_1.JPG,20130419030912,20250416103058,48115,26,350,FD,FD01,FD010100,http://tong.visitkorea.or.kr/cms/resource/88/3049888_image3_1.JPG,Type3,6
2793181,39,속씨원한대구탕미포본점,부산광역시 해운대구 달맞이길62번길 28 (중동),,6,16,129.1706181201,35.1589051184,A05,A0502,A05020100,,http://tong.visitkorea.or.kr/cms/resource/23/2794823_image2_1.jpg,20211213230705,20250902102847,48098,26,350,FD,FD01,FD010100,http://tong.visitkorea.or.kr/cms/resource/23/2794823_image2_1.jpg,Type3,6
2860829,39,솔내음한정식,부산광역시 해운대구 달맞이길117번길 17-11 (중동),,6,16,129.1750177459,35.1586246757,A05,A0502,A05020100,,http://tong.visitkorea.or.kr/cms/resource/26/2860826_image2_1.jpg,20220927122256,20250617095913,48117,26,350,FD,FD01,FD010100,http://tong.visitkorea.or.kr/cms/resource/26/2860826_image3_1.jpg,Type3,6
2557807,28,송도 구름산책로,부산광역시 서구 암남동 129-4,,6,11,129.0224999494,35.0753645109,A03,A0302,A03022700,,http://tong.visitkorea.or.kr/cms/resource/65/2687365_image2_1.jpg,20180817000130,20250522162544,49269,26,140,LS,LS01,LS011900,http://tong.visitkorea.or.kr/cms/resource/65/2687365_image3_1.jpg,Type3,6
129093,12,송도마을,부산광역시 서구 충무대로 47 (암남동),,6,11,129.0178502571,35.0789056952,A02,A0203,A02030100,,http://tong.visitkorea.or.kr/cms/resource/87/3476787_image2_1.jpg,20060629090000,20250922143002,49268,26,140,VE,VE04,VE040200,http://tong.visitkorea.or.kr/cms/resource/87/3476787_image3_1.jpg,Type3,6
2614725,12,송도반도 (부산 국가지질공원),부산광역시 서구 암남동,,6,11,129.0195115760,35.0659655069,A01,A0101,A01010500,,http://tong.visitkorea.or.kr/cms/resource/24/2614724_image2_1.bmp,20190809014427,20251219092914,49274,26,140,NA,NA03,NA030500,http://tong.visitkorea.or.kr/cms/resource/24/2614724_image2_1.bmp,Type3,6
2994364,12,송도스카이파크,부산광역시 서구 암남공원로 181 (암남동),,6,11,129.0204310648,35.0613910358,A02,A0205,A02050600,,http://tong.visitkorea.or.kr/cms/resource/85/3589785_image2_1.jpg,20230718145348,20251230165220,49276,26,140,VE,VE01,VE010200,http://tong.visitkorea.or.kr/cms/resource/85/3589785_image3_1.jpg,Type1,6
2784356,28,송도해안볼레길,부산광역시 서구 암남동 산123-18,,6,11,129.0189477017,35.0672236899,A03,A0302,A03022700,,http://tong.visitkorea.or.kr/cms/resource/04/2787704_image2_1.jpg,20211201193547,20250829132428,,26,140,LS,LS01,LS011900,http://tong.visitkorea.or.kr/cms/resource/04/2787704_image2_1.jpg,Type3,6
2868850,39,송원일식,부산광역시 수영구 남천동로9번길 41 인재빌딩,,6,12,129.1108264879,35.1446611618,A05,A0502,A05020300,,http://tong.visitkorea.or.kr/cms/resource/37/2868837_image2_1.jpg,20221018094750,20250116112130,48307,26,500,FD,FD02,FD020200,http://tong.visitkorea.or.kr/cms/resource/37/2868837_image3_1.jpg,Type3,6
3532572,32,송정담다펜션,부산광역시 해운대구 송정중앙로6번길 126 (송정동),"3,4,5층",6,16,129.1981457361,35.1787728490,B02,B0201,B02010700,,,20250908095959,20251023143000,48073,26,350,AC,AC03,AC030100,,,6
2860833,39,송정물총칼국수,부산광역시 해운대구 송정중앙로6번길 184 명신횟집,,6,16,129.1966570430,35.1763758683,A05,A0502,A05020100,,http://tong.visitkorea.or.kr/cms/resource/31/2860831_image2_1.jpg,20220927122827,20250114105143,48073,26,350,FD,FD01,FD010100,http://tong.visitkorea.or.kr/cms/resource/31/2860831_image3_1.jpg,Type3,6
2784112,28,송정서핑학교,부산광역시 해운대구 송정해변로 34-8 (송정동),,6,16,129.2024952959,35.1810226785,A03,A0303,A03030100,,http://tong.visitkorea.or.kr/cms/resource/72/2787972_image2_1.jpg,20211201013435,20250828090442,48072,26,350,LS,LS02,LS020100,http://tong.visitkorea.or.kr/cms/resource/72/2787972_image2_1.jpg,Type3,6
1117817,38,송정전통재래시장,부산광역시 기장군 철마면 두송길 7-31,,6,3,129.1116442329,35.3047987868,A04,A0401,A04010100,,http://tong.visitkorea.or.kr/cms/resource/24/3070624_image2_1.JPG,20101027235506,20250425094625,46002,26,710,SH,SH06,SH060100,http://tong.visitkorea.or.kr/cms/resource/24/3070624_image3_1.JPG,Type3,6
2785965,39,송정집,부산광역시 해운대구 송정광어골로 59 (송정동),,6,16,129.1963681835,35.1762119923,A05,A0502,A05020100,,http://tong.visitkorea.or.kr/cms/resource/49/2800449_image2_1.JPG,20211206191807,20250828095557,48073,26,350,FD,FD01,FD010100,http://tong.visitkorea.or.kr/cms/resource/49/2800449_image2_1.JPG,Type3,6
2808104,39,송정해녀집,부산광역시 기장군 공수해안길 57-2,,6,3,129.2133497693,35.1860500946,A05,A0502,A05020100,,,20220223105454,20251023143000,46084,26,710,FD,FD01,FD010100,,,6
3442923,39,솥이랑 서면점,부산광역시 부산진구 중앙대로 672 (부전동),삼정타워 6층 602호,6,7,129.0596334885,35.1530453881,A05,A0502,A05020100,,http://tong.visitkorea.or.kr/cms/resource/54/3442954_image2_1.jpg,20241212111931,20250718090000,47296,26,230,FD,FD01,FD010100,http://tong.visitkorea.or.kr/cms/resource/54/3442954_image3_1.jpg,Type1,6
1942253,12,수리조선소길,부산광역시 영도구 대평로 42,(대평동2가),6,14,129.0334901970,35.0923794753,A02,A0203,A02030600,,http://tong.visitkorea.or.kr/cms/resource/19/3031919_image2_1.JPG,20140819234533,20250409102900,49039,26,200,VE,VE04,VE040100,http://tong.visitkorea.or.kr/cms/resource/19/3031919_image3_1.JPG,Type3,6
1805853,39,수민이네,부산광역시 해운대구 청사포로58번길 118,,6,16,129.1909968571,35.1606275259,A05,A0502,A05020100,,,20130419024335,20250311143418,48116,26,350,FD,FD01,FD010100,,,6
2668102,39,수변최고돼지국밥 민락본점,부산광역시 수영구 광안해변로370번길 9-32,,6,12,129.1343130018,35.1567852389,A05,A0502,A05020100,,,20200820005119,20250307102708,48280,26,500,FD,FD01,FD010100,,,6
2838489,39,수복돼지국밥,부산광역시 연제구 고분로 41-1 (연산동),,6,13,129.0869385453,35.1859366536,A05,A0502,A05020100,,http://tong.visitkorea.or.kr/cms/resource/79/2838479_image2_1.jpg,20220818101342,20250530133002,47550,26,470,FD,FD01,FD010100,http://tong.visitkorea.or.kr/cms/resource/79/2838479_image3_1.jpg,Type3,6
2852696,39,수안커피컴퍼니 커피하우스,부산광역시 동래구 충렬대로256번길 32 (수안동),,6,6,129.0867104050,35.1998517568,A05,A0502,A05020900,,http://tong.visitkorea.or.kr/cms/resource/89/2852689_image2_1.jpg,20220913173327,20250612100458,47877,26,260,FD,FD05,FD050100,http://tong.visitkorea.or.kr/cms/resource/89/2852689_image3_1.jpg,Type3,6
2869572,39,수영 돼지국밥,부산광역시 수영구 무학로 6 (광안동),,6,12,129.1144673681,35.1617870895,A05,A0502,A05020100,,http://tong.visitkorea.or.kr/cms/resource/56/2869556_image2_1.JPG,20221018162500,20250623173529,48291,26,500,FD,FD01,FD010100,http://tong.visitkorea.or.kr/cms/resource/56/2869556_image3_1.JPG,Type3,6
2869279,38,수영팔도시장,부산광역시 수영구 수영동,190,6,12,129.1174085470,35.1702389751,A04,A0401,A04010200,,http://tong.visitkorea.or.kr/cms/resource/57/2869257_image2_1.JPG,20221018145413,20250623135639,48228,26,500,SH,SH06,SH060200,http://tong.visitkorea.or.kr/cms/resource/57/2869257_image3_1.JPG,Type3,6
2785269,39,수월경화,부산광역시 해운대구 송정중앙로6번길 188,(송정동) 4층,6,16,129.1966014983,35.1761508920,A05,A0502,A05020900,,http://tong.visitkorea.or.kr/cms/resource/03/2785303_image2_1.jpg,20211202223554,20250116131214,48073,26,350,FD,FD05,FD050100,http://tong.visitkorea.or.kr/cms/resource/03/2785303_image3_1.jpg,Type3,6
2860839,39,스노잉클라우드,부산광역시 해운대구 달맞이길117번가길 120-30 (중동),,6,16,129.1816866465,35.1573082804,A05,A0502,A05020900,,http://tong.visitkorea.or.kr/cms/resource/37/2860837_image2_1.jpg,20220927123418,20250617100934,48117,26,350,FD,FD05,FD050100,http://tong.visitkorea.or.kr/cms/resource/37/2860837_image3_1.jpg,Type3,6
2670566,39,스시몬,부산광역시 동래구 삼성대길 40,,6,6,129.0819690166,35.2047566751,A05,A0502,A05020300,,http://tong.visitkorea.or.kr/cms/resource/91/2668991_image2_1.jpg,20200903184413,20250731145005,47738,26,260,FD,FD02,FD020200,http://tong.visitkorea.or.kr/cms/resource/91/2668991_image3_1.jpg,Type3,6
2870354,39,스완양분식,부산광역시 동구 중앙대로236번길 7-5 (초량동),,6,5,129.0423831660,35.1181073148,A05,A0502,A05020200,,http://tong.visitkorea.or.kr/cms/resource/26/2870326_image2_1.JPG,20221019135055,20250624174640,48732,26,170,FD,FD02,FD020300,http://tong.visitkorea.or.kr/cms/resource/26/2870326_image3_1.JPG,Type3,6
2865975,39,스페이스앤무드,부산광역시 부산진구 새싹로 22-1 (부전동),,6,7,129.0577306889,35.1599112511,A05,A0502,A05020900,,http://tong.visitkorea.or.kr/cms/resource/50/2865950_image2_1.jpg,20221012114314,20250619112203,47253,26,230,FD,FD05,FD050100,http://tong.visitkorea.or.kr/cms/resource/50/2865950_image3_1.jpg,Type3,6
128108,12,스포원파크,부산광역시 금정구 체육공원로399번길 324,,6,2,129.1070700628,35.2891615670,A02,A0202,A02020700,,http://tong.visitkorea.or.kr/cms/resource/25/3409925_image2_1.jpg,20040409090000,20250324160916,46207,26,410,VE,VE03,VE030500,http://tong.visitkorea.or.kr/cms/resource/25/3409925_image3_1.jpg,Type1,6
1082315,12,스포원파크재난안전체험관,부산광역시 금정구 체육공원로399번길 324,,6,2,129.1051090492,35.2918223435,A02,A0203,A02030400,,http://tong.visitkorea.or.kr/cms/resource/12/2504712_image2_1.jpg,20100827231524,20250326112650,46207,26,410,EX,EX07,EX070200,http://tong.visitkorea.or.kr/cms/resource/12/2504712_image3_1.jpg,Type3,6
2674974,12,승학산,부산광역시 사하구 하단동,,6,10,128.9851266839,35.1310381466,A01,A0101,A01010400,,http://tong.visitkorea.or.kr/cms/resource/46/3029246_image2_1.jpg,20201007045450,20250509170424,49306,26,380,NA,NA01,NA010100,http://tong.visitkorea.or.kr/cms/resource/46/3029246_image3_1.jpg,Type1,6
2736088,32,시그니엘 부산,부산광역시 해운대구 달맞이길 30,,6,16,129.1684043635,35.1611020536,B02,B0201,B02010100,,http://tong.visitkorea.or.kr/cms/resource/74/2736074_image2_1.png,20210823203152,20251023143000,48099,26,350,AC,AC01,AC010100,http://tong.visitkorea.or.kr/cms/resource/74/2736074_image3_1.png,Type3,6
2872534,39,시즌 조개구이,부산광역시 강서구 신호산단4로64번길 8 (신호동),,6,1,128.8796759994,35.0850996898,A05,A0502,A05020100,,http://tong.visitkorea.or.kr/cms/resource/20/2872520_image2_1.JPG,20221021142810,20250708104311,46759,26,440,FD,FD01,FD010100,http://tong.visitkorea.or.kr/cms/resource/20/2872520_image3_1.JPG,Type3,6
3474149,32,시타딘커넥트호텔 하리 부산,부산광역시 영도구 동삼오션로 58 (동삼동),,6,14,129.0825282207,35.0696412558,B02,B0201,B02010100,,,20250210005115,20250319180256,49128,26,200,AC,AC01,AC010100,,,6
2869183,39,신가네 호떡 김밥 떡볶이,부산광역시 동래구 충렬대로249번길 61 (복천동),,6,6,129.0867797268,35.2041012820,A05,A0502,A05020100,,http://tong.visitkorea.or.kr/cms/resource/69/2869169_image2_1.JPG,20221018142310,20250620152258,47810,26,260,FD,FD03,FD030400,http://tong.visitkorea.or.kr/cms/resource/69/2869169_image3_1.JPG,Type3,6
2836405,39,신기숲,부산광역시 영도구 와치로 65 산새소리유치원,,6,14,129.0603019046,35.0868889171,A05,A0502,A05020900,,http://tong.visitkorea.or.kr/cms/resource/98/2836398_image2_1.jpg,20220812151441,20251105141832,49086,26,200,FD,FD05,FD050100,http://tong.visitkorea.or.kr/cms/resource/98/2836398_image3_1.jpg,Type3,6
132576,38,신동아 수산물시장,부산광역시 중구 자갈치로 42,(남포동5가),6,15,129.0290793478,35.0968511160,A04,A0401,A04010200,,http://tong.visitkorea.or.kr/cms/resource/63/3561863_image2_1.jpg,20031119090000,20251105112333,48983,26,110,SH,SH06,SH060200,http://tong.visitkorea.or.kr/cms/resource/63/3561863_image3_1.jpg,Type1,6
2869439,39,신라농원,부산광역시 북구 기찰로 7 (덕천동),,6,8,129.0059921082,35.2117128258,A05,A0502,A05020100,,http://tong.visitkorea.or.kr/cms/resource/30/2869430_image2_1.jpg,20221018153147,20250829094030,46547,26,320,FD,FD01,FD010100,http://tong.visitkorea.or.kr/cms/resource/30/2869430_image3_1.jpg,Type3,6
2714406,32,신라스테이 서부산,부산광역시 강서구 명지국제7로 38,,6,1,128.9052901222,35.0967044145,B02,B0201,B02010100,,http://tong.visitkorea.or.kr/cms/resource/10/2714410_image2_1.jpg,20210423182648,20250923182333,46726,26,440,AC,AC01,AC010100,http://tong.visitkorea.or.kr/cms/resource/10/2714410_image3_1.jpg,Type3,6
2832671,39,신발원,부산광역시 동구 대영로243번길 62 (초량동),,6,5,129.0387363501,35.1148492791,A05,A0502,A05020400,,http://tong.visitkorea.or.kr/cms/resource/67/2832667_image2_1.jpg,20220804155519,20250828104302,48818,26,170,FD,FD02,FD020100,http://tong.visitkorea.or.kr/cms/resource/67/2832667_image3_1.jpg,Type3,6
767084,38,신세계백화점 센텀시티점,부산광역시 해운대구 센텀남대로 35,,6,16,129.1297408475,35.1687865886,A04,A0401,A04010300,,http://tong.visitkorea.or.kr/cms/resource/17/3026417_image2_1.JPG,20090716202114,20250123112250,48058,26,350,SH,SH01,SH010100,http://tong.visitkorea.or.kr/cms/resource/17/3026417_image3_1.JPG,Type3,6
2532877,38,신세계사이먼 부산 프리미엄 아울렛,부산광역시 기장군 정관로 1133 부산프리미엄아울렛,,6,3,129.2349940728,35.3238517233,A04,A0401,A04010600,,http://tong.visitkorea.or.kr/cms/resource/90/3542590_image2_1.jpg,20180119023438,20251117160112,46029,26,710,SH,SH02,SH020200,http://tong.visitkorea.or.kr/cms/resource/90/3542590_image3_1.jpg,Type3,6
851832,39,신센,부산광역시 수영구 남천동로108번길 49,,6,12,129.1135956300,35.1468804084,A05,A0502,A05020300,,http://tong.visitkorea.or.kr/cms/resource/65/1867165_image2_1.jpg,20091030220937,20250307104718,48304,26,500,FD,FD02,FD020200,http://tong.visitkorea.or.kr/cms/resource/65/1867165_image3_1.jpg,Type3,6
2838382,39,신창국밥 본점,부산광역시 서구 보수대로 53 (토성동1가),,6,11,129.0225825782,35.1009644253,A05,A0502,A05020100,,http://tong.visitkorea.or.kr/cms/resource/72/2838372_image2_1.jpg,20220817173741,20250828104304,49224,26,140,FD,FD01,FD010100,http://tong.visitkorea.or.kr/cms/resource/72/2838372_image3_1.jpg,Type3,6
2867542,38,신평종합시장,부산광역시 사하구 신평동,111-604,6,10,128.9753647093,35.0919423443,A04,A0401,A04010200,,http://tong.visitkorea.or.kr/cms/resource/24/2867524_image2_1.JPG,20221014143849,20250619173337,49393,26,380,SH,SH06,SH060200,http://tong.visitkorea.or.kr/cms/resource/24/2867524_image3_1.JPG,Type3,6
2622969,32,싱글싱글,부산광역시 동구 초량중로 18-1,(초량동),6,5,129.0368393230,35.1137465906,B02,B0201,B02011100,,,20191005010118,20241126163948,48820,26,170,AC,AC06,AC060200,,,
2860851,39,싱싱뽈락회 해운대본점,부산광역시 해운대구 해운대해변로209번나길 64 (우동),,6,16,129.1571359371,35.1597103343,A05,A0502,A05020100,,http://tong.visitkorea.or.kr/cms/resource/50/2860850_image2_1.jpg,20220927124836,20250626152903,48093,26,350,FD,FD01,FD010100,http://tong.visitkorea.or.kr/cms/resource/50/2860850_image3_1.jpg,Type3,6
2759609,39,쌍둥이돼지국밥 본점,부산광역시 남구 유엔평화로 35-1 (대연동),,6,4,129.0923340030,35.1318094808,A05,A0502,A05020100,,http://tong.visitkorea.or.kr/cms/resource/76/2759676_image2_1.jpg,20211020190005,20250916090438,48505,26,290,FD,FD01,FD010100,http://tong.visitkorea.or.kr/cms/resource/76/2759676_image2_1.jpg,Type3,6
229912,12,씨라이프부산아쿠아리움,부산광역시 해운대구 해운대해변로 266,(중동),6,16,129.1610328343,35.1591965750,A02,A0202,A02020600,,http://tong.visitkorea.or.kr/cms/resource/09/3020609_image2_1.jpg,20070716090000,20250430111836,48100,26,350,VE,VE02,VE020400,http://tong.visitkorea.or.kr/cms/resource/09/3020609_image3_1.jpg,Type3,6
3465024,32,아난티 앳 부산 빌라쥬,부산광역시 기장군 기장읍 기장해안로 267-7,,6,3,129.2228402426,35.1994015538,B02,B0201,B02010100,,,20250108164310,20250409085610,46083,26,710,AC,AC01,AC010100,,,6
2503780,32,아난티 앳 부산 코브,부산광역시 기장군 기장읍 기장해안로 268-32,,6,3,129.2283259162,35.1979934802,B02,B0201,B02010100,,http://tong.visitkorea.or.kr/cms/resource/21/3512521_image2_1.jpg,20170823190635,20251124101911,46083,26,710,AC,AC01,AC010100,http://tong.visitkorea.or.kr/cms/resource/21/3512521_image3_1.jpg,Type3,6
2845149,39,아데초이,부산광역시 기장군 일광읍 문오성길 162-1,,6,3,129.2582291988,35.2864924566,A05,A0502,A05020900,,http://tong.visitkorea.or.kr/cms/resource/47/2845147_image2_1.jpg,20220829153719,20250828142025,46041,26,710,FD,FD05,FD050100,http://tong.visitkorea.or.kr/cms/resource/47/2845147_image3_1.jpg,Type3,6
1826034,39,아델라7,부산광역시 해운대구 좌동로 111,,6,16,129.1768644000,35.1734230535,A05,A0502,A05020900,,,20130709010215,20250731133910,48079,26,350,FD,FD05,FD050100,,,6
2853163,39,아라진,부산광역시 기장군 문오성길 281,"1, 2층",6,3,129.2585068518,35.2901198330,A05,A0502,A05020100,,http://tong.visitkorea.or.kr/cms/resource/52/2853152_image2_1.jpg,20220914113612,20250305101032,46040,26,710,FD,FD01,FD010100,http://tong.visitkorea.or.kr/cms/resource/52/2853152_image3_1.jpg,Type3,6
1013709,38,아리랑거리,부산광역시 중구 광복로35번길 11 (신창동3가),,6,15,129.0287931674,35.1002812830,A04,A0401,A04010200,,http://tong.visitkorea.or.kr/cms/resource/26/3561926_image2_1.jpg,20100504012600,20251105144151,48946,26,110,SH,SH06,SH060200,http://tong.visitkorea.or.kr/cms/resource/26/3561926_image3_1.jpg,Type1,6
688610,39,아미산,부산광역시 해운대구 해운대해변로 154,,6,16,129.1485450604,35.1581353515,A05,A0502,A05020400,,,20090205232754,20250311134900,48092,26,350,FD,FD02,FD020100,,,6
3464876,32,아스티호텔 부산,부산광역시 동구 중앙대로214번길 7-8 (초량동),,6,5,129.0418304807,35.1165019291,B02,B0201,B02010100,,,20250108153417,20250409085310,48733,26,170,AC,AC01,AC010100,,,6
576732,28,아시아드 컨트리클럽,부산광역시 기장군 일광면 차양길 26,,6,3,129.2401863043,35.2872281487,A03,A0302,A03020700,,http://tong.visitkorea.or.kr/cms/resource/78/2444978_image2_1.jpg,20080618195806,20250325155149,46041,26,710,LS,LS01,LS010400,http://tong.visitkorea.or.kr/cms/resource/78/2444978_image3_1.jpg,Type3,6
2865384,39,아시오,부산광역시 부산진구 초읍동,165-10,6,7,129.0492419275,35.1822280386,A05,A0502,A05020900,,http://tong.visitkorea.or.kr/cms/resource/71/2865371_image2_1.jpg,20221011165741,20250829152835,47103,26,230,FD,FD05,FD050100,http://tong.visitkorea.or.kr/cms/resource/71/2865371_image3_1.jpg,Type3,6
1013461,38,아이하시 (수제젓가락공예),부산광역시 중구 국제시장2길 33,(신창동4가),6,15,129.0283125960,35.1024004807,A04,A0401,A04010700,,http://tong.visitkorea.or.kr/cms/resource/87/1015987_image2_1.jpg,20100503233634,20250626093000,48945,26,110,SH,SH05,SH050100,http://tong.visitkorea.or.kr/cms/resource/87/1015987_image3_1.jpg,Type3,6
3081825,39,아트모이지,부산광역시 수영구 광안해변로294번길 26 (민락동),,6,12,129.1261720835,35.1553158082,A05,A0502,A05020900,,http://tong.visitkorea.or.kr/cms/resource/70/3082370_image2_1.jpg,20240116094331,20250306173740,48283,26,500,FD,FD05,FD050100,http://tong.visitkorea.or.kr/cms/resource/70/3082370_image3_1.jpg,Type3,6
2385686,12,아홉산숲,부산광역시 기장군 철마면 미동길 37-1,,6,3,129.1715589466,35.2871407693,A01,A0101,A01010400,,http://tong.visitkorea.or.kr/cms/resource/91/3309791_image2_1.jpg,20160530204253,20250305102252,46050,26,710,NA,NA01,NA010200,http://tong.visitkorea.or.kr/cms/resource/91/3309791_image3_1.jpg,Type1,6
2661452,12,안데르센 동화마을,부산광역시 기장군 장안읍 장안로 211,,6,3,129.2399148578,35.3601199691,A02,A0203,A02030100,,http://tong.visitkorea.or.kr/cms/resource/61/2795861_image2_1.jpg,20200630002853,20250319185442,46028,26,710,VE,VE04,VE040200,http://tong.visitkorea.or.kr/cms/resource/61/2795861_image3_1.jpg,Type3,6
337415,12,안적사(부산),부산광역시 기장군 기장읍 내리길 461-16,,6,3,129.1698888820,35.2142766822,A02,A0201,A02010800,,http://tong.visitkorea.or.kr/cms/resource/81/3561181_image2_1.jpg,20071217230239,20251104144016,46076,26,710,HS,HS03,HS030100,http://tong.visitkorea.or.kr/cms/resource/81/3561181_image3_1.jpg,Type1,6
3412613,39,암남길 벗과벗,부산광역시 서구 송도해변로 27 (암남동),,6,11,129.0172310642,35.0716453854,A05,A0502,A05020900,,http://tong.visitkorea.or.kr/cms/resource/63/3412563_image2_1.jpg,20241112140545,20250311173552,49275,26,140,FD,FD05,FD050100,http://tong.visitkorea.or.kr/cms/resource/63/3412563_image3_1.jpg,Type3,6
2781598,39,앙로고택,부산광역시 강서구 식만로 122 (식만동),,6,1,128.9066203876,35.2052506098,A05,A0502,A05020900,,http://tong.visitkorea.or.kr/cms/resource/37/2781837_image2_1.jpg,20211126195123,20250708110410,46707,26,440,FD,FD05,FD050100,http://tong.visitkorea.or.kr/cms/resource/37/2781837_image2_1.jpg,Type3,6
2773623,39,야스마루,부산광역시 부산진구 중앙대로756번길 24 (부전동),1층,6,7,129.0619942225,35.1593225066,A05,A0502,A05020300,,http://tong.visitkorea.or.kr/cms/resource/14/2773614_image2_1.jpg,20211112020851,20251120092557,47246,26,230,FD,FD02,FD020200,http://tong.visitkorea.or.kr/cms/resource/14/2773614_image3_1.jpg,Type3,6
337435,12,약수암(부산),부산광역시 사상구 백양대로804번길 42-57 약수암,,6,9,128.9965271813,35.1782275148,A02,A0201,A02010800,,http://tong.visitkorea.or.kr/cms/resource/80/3342880_image2_1.jpg,20071218005223,20250306142840,46938,26,530,HS,HS03,HS030100,http://tong.visitkorea.or.kr/cms/resource/80/3342880_image3_1.jpg,Type3,6
2867167,39,양산국밥,부산광역시 해운대구 좌동로10번길 75,,6,16,129.1727315789,35.1678735982,A05,A0502,A05020100,,http://tong.visitkorea.or.kr/cms/resource/60/2867160_image2_1.JPG,20221014111517,20251105172754,48102,26,350,FD,FD01,FD010100,http://tong.visitkorea.or.kr/cms/resource/60/2867160_image3_1.JPG,Type3,6
2786742,39,양산왕돼지국밥,부산광역시 해운대구 재반로 70 (재송동),,6,16,129.1263962484,35.1850013767,A05,A0502,A05020100,,http://tong.visitkorea.or.kr/cms/resource/14/2797514_image2_1.JPG,20211207001012,20250828100505,48053,26,350,FD,FD01,FD010100,http://tong.visitkorea.or.kr/cms/resource/14/2797514_image3_1.JPG,Type3,6
2867517,39,양정기사식당,부산광역시 부산진구 중앙대로970번길 38,,6,7,129.0753259678,35.1749487805,A05,A0502,A05020100,,http://tong.visitkorea.or.kr/cms/resource/11/2867511_image2_1.JPG,20221014142938,20250113150140,47216,26,230,FD,FD01,FD010100,http://tong.visitkorea.or.kr/cms/resource/11/2867511_image3_1.JPG,Type3,6
2753006,39,어느멋진날,부산광역시 기장군 일광읍 기장해안로 1286,,6,3,129.2343181572,35.2588256667,A05,A0502,A05020100,,http://tong.visitkorea.or.kr/cms/resource/18/2753518_image2_1.jpg,20211005231919,20250902113815,46044,26,710,FD,FD01,FD010100,http://tong.visitkorea.or.kr/cms/resource/18/2753518_image3_1.jpg,Type3,6
2832717,39,어라우즈로스터리,부산광역시 강서구 르노삼성대로 630 (명지동),,6,1,128.9291850713,35.1038096127,A05,A0502,A05020900,,http://tong.visitkorea.or.kr/cms/resource/15/2832715_image2_1.jpg,20220804163724,20250708110830,46773,26,440,FD,FD05,FD050100,http://tong.visitkorea.or.kr/cms/resource/15/2832715_image3_1.jpg,Type3,6
2777936,39,어밤부,부산광역시 해운대구 송정광어골로 87 (송정동),,6,16,129.1967043326,35.1737594951,A05,A0502,A05020700,,http://tong.visitkorea.or.kr/cms/resource/34/2794834_image2_1.jpg,20211123185409,20250827164904,48073,26,350,FD,FD02,FD020400,http://tong.visitkorea.or.kr/cms/resource/34/2794834_image2_1.jpg,Type3,6
2844638,39,어보,부산광역시 기장군 일광읍 일광로 582-22,,6,3,129.2600871700,35.2937000169,A05,A0502,A05020100,,http://tong.visitkorea.or.kr/cms/resource/32/2844632_image2_1.jpg,20220826152503,20250828112258,46040,26,710,FD,FD01,FD010100,http://tong.visitkorea.or.kr/cms/resource/32/2844632_image3_1.jpg,Type3,6
2875727,39,엄마손대구탕,부산광역시 해운대구 송정중앙로6번길 20 (송정동),,6,16,129.2011009220,35.1828696674,A05,A0502,A05020100,,http://tong.visitkorea.or.kr/cms/resource/15/2875715_image2_1.JPG,20221026123852,20250902102541,48073,26,350,FD,FD01,FD010100,http://tong.visitkorea.or.kr/cms/resource/15/2875715_image3_1.JPG,Type3,6
2838432,39,엄용백 돼지국밥,부산광역시 수영구 수영로680번길 39,,6,12,129.1172781118,35.1662727497,A05,A0502,A05020100,,http://tong.visitkorea.or.kr/cms/resource/22/2838422_image2_1.jpg,20220818095215,20250116111621,48266,26,500,FD,FD01,FD010100,http://tong.visitkorea.or.kr/cms/resource/22/2838422_image3_1.jpg,Type3,6
2836412,39,에테르,부산광역시 영도구 절영로 234,,6,14,129.0465200301,35.0772952921,A05,A0502,A05020900,,http://tong.visitkorea.or.kr/cms/resource/08/2836408_image2_1.jpg,20220812152204,20251023143000,49081,26,200,FD,FD05,FD050100,http://tong.visitkorea.or.kr/cms/resource/08/2836408_image3_1.jpg,Type3,6
2925797,32,엘시티 레지던스,"부산광역시 해운대구 달맞이길 30 (중동, 엘시티)",,6,16,129.1683126815,35.1619491796,B02,B0201,B02011300,,http://tong.visitkorea.or.kr/cms/resource/57/2928957_image2_1.jpg,20221130160022,20251120113021,48099,26,350,AC,AC02,AC020200,http://tong.visitkorea.or.kr/cms/resource/57/2928957_image3_1.jpg,Type3,6
2868912,39,엘올리브,부산광역시 수영구 좌수영로 129-1 (망미동),,6,12,129.1180638945,35.1757494815,A05,A0502,A05020200,,http://tong.visitkorea.or.kr/cms/resource/03/2868903_image2_1.jpg,20221018100051,20250620145759,48214,26,500,FD,FD02,FD020300,http://tong.visitkorea.or.kr/cms/resource/03/2868903_image3_1.jpg,Type3,6
2872353,39,엠아이알오,부산광역시 기장군 일광읍 문오성길 56,,6,3,129.2593180968,35.2827317870,A05,A0502,A05020900,,http://tong.visitkorea.or.kr/cms/resource/45/2872345_image2_1.JPG,20221021134335,20250702092116,46041,26,710,FD,FD05,FD050100,http://tong.visitkorea.or.kr/cms/resource/45/2872345_image3_1.JPG,Type3,6
2869896,39,엣지993,부산광역시 해운대구 달맞이길62번길 78 (중동),,6,16,129.1751650147,35.1564554770,A05,A0502,A05020900,,http://tong.visitkorea.or.kr/cms/resource/82/2869882_image2_1.jpg,20221019094226,20250829094605,48098,26,350,FD,FD05,FD050100,http://tong.visitkorea.or.kr/cms/resource/82/2869882_image3_1.jpg,Type3,6
2788444,38,연동시장,부산광역시 연제구 연동로8번길 22 (연산동),,6,13,129.0925518647,35.1888808717,A04,A0401,A04010200,,http://tong.visitkorea.or.kr/cms/resource/25/3561525_image2_1.jpg,20211208024301,20251127140434,47552,26,470,SH,SH06,SH060200,http://tong.visitkorea.or.kr/cms/resource/25/3561525_image3_1.jpg,Type1,6
2867674,39,연산낙지해물탕,부산광역시 연제구 과정로 121 (연산동),,6,13,129.1069341252,35.1823596461,A05,A0502,A05020100,,http://tong.visitkorea.or.kr/cms/resource/70/2867670_image2_1.JPG,20221014151928,20250619175810,47587,26,470,FD,FD01,FD010100,http://tong.visitkorea.or.kr/cms/resource/70/2867670_image3_1.JPG,Type3,6
2838755,39,연어바치,부산광역시 남구 용소로21번길 71,1층 연어바치,6,4,129.1041384067,35.1363897422,A05,A0502,A05020100,,,20220818132322,20251023143000,48511,26,290,FD,FD01,FD010100,,,6
2605959,25,"열정, 젊음, 시원함이 있는 밤바다 여행",,,6,,129.1520865350,35.1539192222,C01,C0114,C01140001,,http://tong.visitkorea.or.kr/cms/resource/83/2606083_image2_1.jpg,20190612023016,20250520105652,,26,350,C01,C0114,C01140001,http://tong.visitkorea.or.kr/cms/resource/83/2606083_image3_1.jpg,Type3,6
2867626,39,영남냉면밀면,부산광역시 서구 보수대로201번길 7,,6,11,129.0203018886,35.1131685724,A05,A0502,A05020100,,http://tong.visitkorea.or.kr/cms/resource/07/2867607_image2_1.JPG,20221014150138,20251105173354,49216,26,140,FD,FD01,FD010100,http://tong.visitkorea.or.kr/cms/resource/07/2867607_image3_1.JPG,Type3,6
2875744,39,영남돼지,부산광역시 해운대구 해운대해변로209번가길 13 (우동),,6,16,129.1554444083,35.1600435987,A05,A0502,A05020100,,http://tong.visitkorea.or.kr/cms/resource/36/2875736_image2_1.JPG,20221026124342,20250827164425,48093,26,350,FD,FD01,FD010100,http://tong.visitkorea.or.kr/cms/resource/36/2875736_image3_1.JPG,Type3,6
2860755,39,영남식육식당,부산광역시 해운대구 대천로106번길 26-10 (좌동),,6,16,129.1750867729,35.1735868911,A05,A0502,A05020100,,http://tong.visitkorea.or.kr/cms/resource/43/2860743_image2_1.jpg,20220927113952,20250616181844,48079,26,350,FD,FD01,FD010100,http://tong.visitkorea.or.kr/cms/resource/43/2860743_image3_1.jpg,Type3,6
2606221,12,영도 흰여울해안터널,부산광역시 영도구 영선동4가 1044-6,,6,14,129.0453201165,35.0779590845,A02,A0205,A02050500,,,20190613010435,20250325111856,,26,200,VE,VE01,VE010600,,,6
131943,28,영도관광실탄사격장,부산광역시 영도구 절영로 319,,6,14,129.0541194729,35.0735291869,A03,A0302,A03021600,,,20070423090000,20241014135916,49113,26,200,LS,LS01,LS011200,,,6
1942553,25,영도다리를 건너다,,,6,14,129.0368537062,35.0955680697,C01,C0115,C01150001,,,20140821015212,20230809163549,,26,200,C01,C0115,C01150001,,,4
1080734,15,영도다리축제,부산광역시 영도구 해양로301번길 45 (동삼동),아미르공원,6,14,129.0802726164,35.0786013237,A02,A0207,A02070200,051-403-1862<br>051-419-4062,http://tong.visitkorea.or.kr/cms/resource/90/3561790_image2_1.jpg,20100826003822,20251106102515,49111,26,200,EV,EV01,EV010600,http://tong.visitkorea.or.kr/cms/resource/90/3561790_image3_1.jpg,Type3,6
1942316,38,영도봉래시장,부산광역시 영도구 태종로113번길 39,(봉래동3가),6,14,129.0439559432,35.0927462941,A04,A0401,A04010200,,http://tong.visitkorea.or.kr/cms/resource/73/3026273_image2_1.JPG,20140820004525,20250408131324,49035,26,200,SH,SH06,SH060200,http://tong.visitkorea.or.kr/cms/resource/73/3026273_image3_1.JPG,Type3,6
1889025,25,영도의 바다를 만나다,,,6,,128.9458947113,35.1044292944,C01,C0115,C01150001,,http://tong.visitkorea.or.kr/cms/resource/87/1071387_image2_1.jpg,20140124013403,20250520104815,,26,380,C01,C0115,C01150001,http://tong.visitkorea.or.kr/cms/resource/87/1071387_image3_1.jpg,Type3,6
2869405,39,영동밀면&돼지국밥,부산광역시 동구 중앙대로209번길 12 (초량동),,6,5,129.0393473684,35.1163102386,A05,A0502,A05020100,,http://tong.visitkorea.or.kr/cms/resource/88/2869388_image2_1.jpg,20221018152344,20250829093822,48816,26,170,FD,FD01,FD010100,http://tong.visitkorea.or.kr/cms/resource/88/2869388_image3_1.jpg,Type3,6
337532,12,영주암(부산),부산광역시 수영구 망미배산로76번나길 15,(망미동),6,12,129.0986683346,35.1766545764,A02,A0201,A02010800,,http://tong.visitkorea.or.kr/cms/resource/17/3032417_image2_1.JPG,20071219003042,20250407144325,48200,26,500,HS,HS03,HS030100,http://tong.visitkorea.or.kr/cms/resource/17/3032417_image3_1.JPG,Type3,6
2721157,12,영주하늘눈전망대,부산광역시 중구 영주동 91-7,(영주동),6,15,129.0307259427,35.1146102693,A02,A0205,A02050600,,,20210615194543,20240828110436,48905,26,110,VE,VE01,VE010200,,,6
2785266,39,영진돼지국밥,부산광역시 사하구 하신번영로157번길 39 (신평동),,6,10,128.9578911000,35.0966720498,A05,A0502,A05020100,,http://tong.visitkorea.or.kr/cms/resource/72/2790972_image2_1.JPG,20211202222834,20250828092244,49431,26,380,FD,FD01,FD010100,http://tong.visitkorea.or.kr/cms/resource/72/2790972_image3_1.JPG,Type3,6
2381544,25,영화 마니아를 위한 로맨틱 여행,,,6,,129.1405651222,35.1609293352,C01,C0114,C01140001,,http://tong.visitkorea.or.kr/cms/resource/45/2368445_image2_1.jpg,20160429220012,20250520105436,,26,350,C01,C0114,C01140001,http://tong.visitkorea.or.kr/cms/resource/45/2368445_image3_1.jpg,Type3,6
2036051,25,"영화보다 더 영화 같은 여행, 부산",,,6,4,129.1191457482,35.1249662980,C01,C0114,C01140001,,http://tong.visitkorea.or.kr/cms/resource/92/1877592_image2_1.jpg,20151028194110,20230809144543,,26,290,C01,C0114,C01140001,http://tong.visitkorea.or.kr/cms/resource/92/1877592_image3_1.jpg,Type3,
3454074,12,영화의전당 라이브러리 자료실,부산광역시 해운대구 수영강변대로 120 (우동),,6,16,129.1270687971,35.1710029572,A02,A0203,A02030400,,http://tong.visitkorea.or.kr/cms/resource/99/3453999_image2_1.jpg,20241220100049,20241220100102,48058,26,350,VE,VE12,VE120300,http://tong.visitkorea.or.kr/cms/resource/99/3453999_image3_1.jpg,Type1,6
1310148,39,예이제 한정식,부산광역시 해운대구 해운대해변로298번길 29,,6,16,129.1668989422,35.1609798175,A05,A0502,A05020100,,,20110616013654,20250626094632,48099,26,350,FD,FD01,FD010100,,,6
2699563,32,옐로우라이트하우스,부산광역시 수영구 광안해변로370번길 9-32,(민락동),6,12,129.1343130018,35.1567852389,B02,B0201,B02011100,,,20201218014724,20241127115115,48280,26,500,AC,AC06,AC060200,,,
2836424,39,오구카페,부산광역시 영도구 남항서로 52 (남항동3가),,6,14,129.0348569290,35.0856219234,A05,A0502,A05020900,,http://tong.visitkorea.or.kr/cms/resource/16/2836416_image2_1.jpg,20220812153011,20250528173622,49050,26,200,FD,FD05,FD050100,http://tong.visitkorea.or.kr/cms/resource/16/2836416_image3_1.jpg,Type3,6
2840998,39,오리한상 명지본점,부산광역시 강서구 명지국제9로 66 (명지동),,6,1,128.9247467287,35.0979213018,A05,A0502,A05020100,,http://tong.visitkorea.or.kr/cms/resource/84/2840984_image2_1.jpg,20220822170216,20250605100751,46773,26,440,FD,FD01,FD010100,http://tong.visitkorea.or.kr/cms/resource/84/2840984_image3_1.jpg,Type3,6
2512488,39,오막집,부산광역시 해운대구 해운대해변로209번나길 28,,6,16,129.1550666621,35.1600824760,A05,A0502,A05020100,,,20171025183241,20250311151917,48093,26,350,FD,FD01,FD010100,,,6
2860782,39,오반장,부산광역시 해운대구 구남로24번길 20 (우동),,6,16,129.1592634811,35.1614851749,A05,A0502,A05020100,,http://tong.visitkorea.or.kr/cms/resource/67/2860767_image2_1.jpg,20220927114449,20250616182435,48094,26,350,FD,FD01,FD010100,http://tong.visitkorea.or.kr/cms/resource/67/2860767_image3_1.jpg,Type3,6
850847,39,오사카,부산광역시 사하구 낙동대로324번길 2,,6,10,128.9820222326,35.1004109631,A05,A0502,A05020300,,,20091030214258,20250306163534,49344,26,380,FD,FD02,FD020200,,,6
2838973,39,오소리순대,부산광역시 연제구 월드컵대로 162 (연산동),,6,13,129.0789086531,35.1872308043,A05,A0502,A05020100,,http://tong.visitkorea.or.kr/cms/resource/58/2838958_image2_1.jpg,20220818144926,20250530145744,47524,26,470,FD,FD01,FD010100,http://tong.visitkorea.or.kr/cms/resource/58/2838958_image3_1.jpg,Type3,6
2706774,32,오이아호텔,부산광역시 사하구 다대동로 45 (다대동),,6,10,128.9727742061,35.0573878305,B02,B0201,B02010100,,http://tong.visitkorea.or.kr/cms/resource/32/2709432_image2_1.jpg,20210223005942,20250924101818,49523,26,380,AC,AC01,AC010100,http://tong.visitkorea.or.kr/cms/resource/32/2709432_image3_1.jpg,Type3,6
2844259,39,오프오,부산광역시 기장군 기장읍 기장해안로 860,,6,3,129.2439041795,35.2318955293,A05,A0502,A05020900,,http://tong.visitkorea.or.kr/cms/resource/55/2844255_image2_1.jpg,20220825154146,20250828111910,46078,26,710,FD,FD05,FD050100,http://tong.visitkorea.or.kr/cms/resource/55/2844255_image3_1.jpg,Type3,6
128134,12,옥련선원,부산광역시 수영구 광남로257번길 58,,6,12,129.1266024351,35.1613790260,A02,A0201,A02010800,,http://tong.visitkorea.or.kr/cms/resource/58/3589758_image2_1.jpg,20040510090000,20251230155532,48275,26,500,HS,HS03,HS030100,http://tong.visitkorea.or.kr/cms/resource/58/3589758_image3_1.jpg,Type1,6
2776276,12,옥정사,부산광역시 기장군 일광면 달음길 101,,6,3,129.2225232855,35.3112806782,A02,A0201,A02010800,,http://tong.visitkorea.or.kr/cms/resource/02/3561302_image2_1.jpg,20211119182301,20251104171822,46047,26,710,HS,HS03,HS030100,http://tong.visitkorea.or.kr/cms/resource/02/3561302_image3_1.jpg,Type1,6
2659244,39,옥탑방,부산광역시 기장군 기장읍 기장해안로 266 5층,,6,3,129.2242568180,35.1982517091,A05,A0502,A05020900,,http://tong.visitkorea.or.kr/cms/resource/48/2659248_image2_1.jpg,20200610201124,20250102175456,46083,26,710,FD,FD05,FD050100,http://tong.visitkorea.or.kr/cms/resource/48/2659248_image2_1.jpg,Type3,6
3555363,15,옥토버페스타 인 광안리,부산광역시 수영구 민락로6번길 29 (민락동),,6,12,129.1239638996,35.1568628164,A02,A0207,A02070200,051-610-4511,http://tong.visitkorea.or.kr/cms/resource/52/3555352_image2_1.png,20251024112209,20251024160911,48286,26,500,EV,EV01,EV010200,http://tong.visitkorea.or.kr/cms/resource/52/3555352_image3_1.png,Type3,6
2855623,39,온든해,부산광역시 강서구 공항로239번길 29,,6,1,128.9419360073,35.1307346091,A05,A0502,A05020900,,http://tong.visitkorea.or.kr/cms/resource/84/3587884_image2_1.jpg,20220919173950,20251223142225,46723,26,440,FD,FD05,FD050100,http://tong.visitkorea.or.kr/cms/resource/84/3587884_image3_1.jpg,Type3,6
2037446,25,온천욕 뒤 곰장어와 파전으로 몸보신,,,6,6,129.0814741955,35.2200382869,C01,C0117,C01170001,,http://tong.visitkorea.or.kr/cms/resource/00/1023900_image2_1.jpg,20151103033302,20230811140935,,26,260,C01,C0117,C01170001,http://tong.visitkorea.or.kr/cms/resource/00/1023900_image3_1.jpg,Type3,6
3434800,15,온천천 빛 축제,부산광역시 동래구 중앙대로 1324 (온천동),부산 온천천 (도시철도 동래역 4번출구 하부 ~ 큰나무 쉼터 일원),6,6,129.0785081817,35.2056537329,A02,A0207,A02070200,051-550-6642,http://tong.visitkorea.or.kr/cms/resource/72/3574272_image2_1.jpg,20241203175228,20251126140452,47734,26,260,EV,EV01,EV010200,http://tong.visitkorea.or.kr/cms/resource/72/3574272_image3_1.jpg,Type3,6
850880,39,외식1번가,부산광역시 해운대구 해운대로 425,,6,16,129.1416454336,35.1663954099,A05,A0502,A05020100,,,20091030214352,20250311152123,48064,26,350,FD,FD01,FD010100,,,6
2605602,12,외양포 포진지,부산광역시 강서구 대항동,,6,1,128.8251995524,35.0056381443,A02,A0201,A02010200,,http://tong.visitkorea.or.kr/cms/resource/03/3342803_image2_1.jpg,20190610202833,20250304161152,46771,26,440,HS,HS01,HS010200,http://tong.visitkorea.or.kr/cms/resource/03/3342803_image3_1.jpg,Type3,6
2868940,39,요이쿠마 본점,부산광역시 수영구 광안해변로307번길 20,1층,6,12,129.1266219702,35.1580099594,A05,A0502,A05020300,,http://tong.visitkorea.or.kr/cms/resource/37/2868937_image2_1.jpg,20221018101010,20250120144123,48290,26,500,FD,FD02,FD020200,http://tong.visitkorea.or.kr/cms/resource/37/2868937_image3_1.jpg,Type3,6
2825115,28,요트탈래,부산광역시 해운대구 동백로 52,,6,16,129.1520975710,35.1566216976,A03,A0303,A03030300,,http://tong.visitkorea.or.kr/cms/resource/05/3583005_image2_1.jpg,20220623145028,20251212134004,48100,26,350,LS,LS02,LS020300,http://tong.visitkorea.or.kr/cms/resource/05/3583005_image3_1.jpg,Type3,6
850891,39,용궁해물야채쟁반짜장,부산광역시 기장군 기장읍 기장해안로 208,,6,3,129.2207489054,35.1940437818,A05,A0502,A05020400,,,20091030214410,20250305113559,46083,26,710,FD,FD02,FD020100,,,6
1957694,12,용두산 자갈치 관광특구,부산광역시 중구 자갈치해안로 52,(남포동4가),6,15,129.0306014426,35.0966650543,A02,A0202,A02020200,,http://tong.visitkorea.or.kr/cms/resource/46/3049246_image2_1.JPG,20141021022307,20250403152847,48983,26,110,VE,VE05,VE050100,http://tong.visitkorea.or.kr/cms/resource/46/3049246_image3_1.JPG,Type3,6
1942557,25,용두산을 올라 부산포를 보다,,,6,15,129.0333816865,35.0992231522,C01,C0114,C01140001,,,20140821022353,20230811134434,,26,110,C01,C0114,C01140001,,,4
2784325,39,용암할매횟집,부산광역시 기장군 기장읍 기장해안로 615,,6,3,129.2309055339,35.2238017494,A05,A0502,A05020100,,http://tong.visitkorea.or.kr/cms/resource/98/2787498_image2_1.jpg,20211201191537,20250828091046,46079,26,710,FD,FD01,FD010100,http://tong.visitkorea.or.kr/cms/resource/98/2787498_image2_1.jpg,Type3,6
131087,28,용호동일대 바다낚시,부산광역시 남구 용호동,산196-4,6,4,129.1153208463,35.1335291572,A03,A0303,A03030600,,http://tong.visitkorea.or.kr/cms/resource/86/3496786_image2_1.jpg,20020709090000,20250618144436,48566,26,290,LS,LS02,LS020600,http://tong.visitkorea.or.kr/cms/resource/86/3496786_image3_1.jpg,Type1,6
2822240,12,용호별빛공원,부산광역시 남구 분포로 66-40,,6,4,129.1201732372,35.1322571676,A02,A0202,A02020700,,http://tong.visitkorea.or.kr/cms/resource/33/2822233_image2_1.jpg,20220530132302,20250512144511,48576,26,290,VE,VE03,VE030500,http://tong.visitkorea.or.kr/cms/resource/33/2822233_image3_1.jpg,Type1,6
2872583,39,우남정,부산광역시 기장군 철마면 곰내길 115,,6,3,129.1561242760,35.2836519843,A05,A0502,A05020100,,http://tong.visitkorea.or.kr/cms/resource/73/2872573_image2_1.JPG,20221021144112,20250702170542,46049,26,710,FD,FD01,FD010100,http://tong.visitkorea.or.kr/cms/resource/73/2872573_image3_1.JPG,Type3,6
2870841,39,우디브룩,부산광역시 사상구 학감대로 2 (학장동),,6,9,128.9980004677,35.1345574344,A05,A0502,A05020900,,http://tong.visitkorea.or.kr/cms/resource/19/2870819_image2_1.jpg,20221019164156,20250627094427,47055,26,530,FD,FD05,FD050100,http://tong.visitkorea.or.kr/cms/resource/19/2870819_image3_1.jpg,Type3,6
1889309,25,우리나라 최대 규모의 산성을 걸어보자,,,6,6,129.0956929088,35.2016128368,C01,C0113,C01130001,,http://tong.visitkorea.or.kr/cms/resource/05/1571805_image2_1.jpg,20140124233644,20230809141448,,26,260,C01,C0113,C01130001,http://tong.visitkorea.or.kr/cms/resource/05/1571805_image3_1.jpg,Type3,
2869936,39,우봉,"부산광역시 해운대구 마린시티1로 155 (우동, 해운대현대하이페리온)",,6,16,129.1483062168,35.1572465574,A05,A0502,A05020100,,http://tong.visitkorea.or.kr/cms/resource/20/2869920_image2_1.jpg,20221019095440,20250829095044,48092,26,350,FD,FD01,FD010100,http://tong.visitkorea.or.kr/cms/resource/20/2869920_image3_1.jpg,Type3,6
2869323,39,우성삼계탕,부산광역시 수영구 광서로10번길 68 (광안동),,6,12,129.1141255813,35.1672309176,A05,A0502,A05020100,,http://tong.visitkorea.or.kr/cms/resource/95/2869295_image2_1.JPG,20221018150331,20250623141843,48243,26,500,FD,FD01,FD010100,http://tong.visitkorea.or.kr/cms/resource/95/2869295_image3_1.JPG,Type3,6
2853185,39,우송가든,부산광역시 기장군 철마로 697 우송,,6,3,129.1671432951,35.2643376886,A05,A0502,A05020100,,http://tong.visitkorea.or.kr/cms/resource/73/2853173_image2_1.jpg,20220914114140,20250114090314,46050,26,710,FD,FD01,FD010100,http://tong.visitkorea.or.kr/cms/resource/73/2853173_image3_1.jpg,Type3,6
346661,12,운수사(부산),부산광역시 사상구 모라로219번길 173,(모라동),6,9,129.0134338969,35.1835827820,A02,A0201,A02010800,,http://tong.visitkorea.or.kr/cms/resource/72/3342872_image2_1.jpg,20071221012558,20251024164620,46933,26,530,HS,HS03,HS030100,http://tong.visitkorea.or.kr/cms/resource/72/3342872_image3_1.jpg,Type3,6
2721176,25,울산의 초록빛과 부산의 푸른빛에 둘려쌓여 자유를 만끽하다!,부산광역시 해운대구 청사포로 167,(중동),6,16,129.1954075101,35.1633523032,C01,C0114,C01140001,,http://tong.visitkorea.or.kr/cms/resource/56/2716256_image2_1.jpg,20210615224622,20230808140929,48116,26,350,C01,C0114,C01140001,http://tong.visitkorea.or.kr/cms/resource/56/2716256_image3_1.jpg,Type3,6
3443614,39,원시학,부산광역시 해운대구 우동1로20번가길 31 (우동),,6,16,129.1583939802,35.1662790660,A05,A0502,A05020900,,http://tong.visitkorea.or.kr/cms/resource/89/3443589_image2_1.jpeg,20241212163853,20250730132740,48087,26,350,FD,FD05,FD050100,http://tong.visitkorea.or.kr/cms/resource/89/3443589_image3_1.jpeg,Type1,6
850932,39,원조 범일동 매떡,부산광역시 부산진구 골드테마길 52-2,,6,7,129.0602642345,35.1440852924,A05,A0502,A05020100,,,20091030214612,20251023143000,47361,26,230,FD,FD01,FD010100,,,6
2867662,39,원조18번완당,부산광역시 서구 구덕로238번길 6 (부용동1가),,6,11,129.0204854066,35.1058055113,A05,A0502,A05020700,,http://tong.visitkorea.or.kr/cms/resource/35/2867635_image2_1.JPG,20221014151326,20250619174919,49223,26,140,FD,FD02,FD020500,http://tong.visitkorea.or.kr/cms/resource/35/2867635_image3_1.JPG,Type3,6
2875761,39,원조석대추어탕,부산광역시 해운대구 반송로571번길 5,,6,16,129.1251370789,35.2194058333,A05,A0502,A05020100,,http://tong.visitkorea.or.kr/cms/resource/54/2875754_image2_1.JPG,20221026124742,20250704090716,48002,26,350,FD,FD01,FD010100,http://tong.visitkorea.or.kr/cms/resource/54/2875754_image3_1.JPG,Type3,6
134718,39,원조소문난산곰장어,부산광역시 동래구 금강공원로26번길 34,,6,6,129.0815158420,35.2206409979,A05,A0502,A05020100,,,20041130090000,20250306100902,47709,26,260,FD,FD01,FD010100,,,6
2841018,39,월남면반,부산광역시 강서구 명지국제6로302번길 19-3 (명지동),,6,1,128.9257409618,35.1025013632,A05,A0502,A05020700,,http://tong.visitkorea.or.kr/cms/resource/07/2841007_image2_1.jpg,20220822171033,20250605101618,46773,26,440,FD,FD02,FD020400,http://tong.visitkorea.or.kr/cms/resource/07/2841007_image3_1.jpg,Type3,6
347229,12,월명사(부산),부산광역시 기장군 일광면 참샘길 124,,6,3,129.2167499529,35.2692436170,A02,A0201,A02010800,,http://tong.visitkorea.or.kr/cms/resource/89/3561189_image2_1.jpg,20071222014353,20251104144348,46048,26,710,HS,HS03,HS030100,http://tong.visitkorea.or.kr/cms/resource/89/3561189_image3_1.jpg,Type1,6
2872610,39,월화횟집,부산광역시 기장군 일광읍 문오성길 501-3,,6,3,129.2594398781,35.2982606042,A05,A0502,A05020100,,http://tong.visitkorea.or.kr/cms/resource/95/2872595_image2_1.JPG,20221021144840,20250702172452,46040,26,710,FD,FD01,FD010100,http://tong.visitkorea.or.kr/cms/resource/95/2872595_image3_1.JPG,Type3,6
2852185,39,웨스턴챔버,부산광역시 기장군 정관읍 병산로 221-19,,6,3,129.1855838580,35.3464982613,A05,A0502,A05020900,,http://tong.visitkorea.or.kr/cms/resource/74/2852174_image2_1.jpg,20220908151235,20250611132225,46003,26,710,FD,FD05,FD050100,http://tong.visitkorea.or.kr/cms/resource/74/2852174_image3_1.jpg,Type3,6
2574073,32,윙민박,부산광역시 해운대구 송정중앙로6번길 36,(송정동),6,16,129.2005509870,35.1822391732,B02,B0201,B02011100,,http://tong.visitkorea.or.kr/cms/resource/06/2573206_image2_1.jpg,20181206003337,20251023143000,48073,26,350,AC,AC06,AC060200,http://tong.visitkorea.or.kr/cms/resource/06/2573206_image3_1.jpg,Type3,
3001170,15,유라리 건맥축제,부산광역시 중구 용미길9번길 6-45 (남포동1가),,6,15,129.0359065412,35.0964901712,A02,A0207,A02070200,051-714-4674,http://tong.visitkorea.or.kr/cms/resource/08/3550808_image2_1.jpg,20230825172319,20251023143000,48984,26,110,EV,EV01,EV010600,http://tong.visitkorea.or.kr/cms/resource/08/3550808_image3_1.jpg,Type3,6
2852200,39,유정1995 기장 본점,부산광역시 기장군 병산로 303-1,,6,3,129.1869974481,35.3528253562,A05,A0502,A05020900,,http://tong.visitkorea.or.kr/cms/resource/93/3072393_image2_1.jpg,20220908152433,20250415110424,46003,26,710,FD,FD05,FD050100,http://tong.visitkorea.or.kr/cms/resource/93/3072393_image3_1.jpg,Type3,6
2758498,12,은진사,부산광역시 기장군 장안읍 고무로 271-47,,6,3,129.2765262292,35.3360483529,A02,A0201,A02010800,,http://tong.visitkorea.or.kr/cms/resource/36/3342836_image2_1.jpg,20211019013016,20250305105313,46035,26,710,HS,HS03,HS030100,http://tong.visitkorea.or.kr/cms/resource/36/3342836_image3_1.jpg,Type3,6
2870394,39,은하갈비,부산광역시 동구 초량중로 86,,6,5,129.0396278173,35.1193265729,A05,A0502,A05020100,,http://tong.visitkorea.or.kr/cms/resource/79/2870379_image2_1.JPG,20221019135637,20251106092030,48815,26,170,FD,FD01,FD010100,http://tong.visitkorea.or.kr/cms/resource/79/2870379_image3_1.JPG,Type3,6
1748028,14,을숙도문화회관,부산광역시 사하구 낙동남로1233번길 25,(하단동),6,10,128.9447641030,35.1099925394,A02,A0206,A02060600,,http://tong.visitkorea.or.kr/cms/resource/99/3029299_image2_1.JPG,20121106014704,20250522104549,49300,26,380,VE,VE06,VE060100,http://tong.visitkorea.or.kr/cms/resource/99/3029299_image3_1.JPG,Type3,6
2726193,39,이가네떡볶이,부산광역시 중구 부평1길 48,,6,15,129.0260517037,35.1015921962,A05,A0502,A05020100,,http://tong.visitkorea.or.kr/cms/resource/61/3582861_image2_1.jpg,20210716184015,20251212105628,48977,26,110,FD,FD03,FD030400,http://tong.visitkorea.or.kr/cms/resource/61/3582861_image3_1.jpg,Type3,6
2875783,39,이레옥,부산광역시 해운대구 마린시티3로 51 (우동),,6,16,129.1457342977,35.1543607218,A05,A0502,A05020100,,http://tong.visitkorea.or.kr/cms/resource/67/2875767_image2_1.JPG,20221026125208,20250827164625,48118,26,350,FD,FD01,FD010100,http://tong.visitkorea.or.kr/cms/resource/67/2875767_image3_1.JPG,Type3,6
1942314,14,이바구공작소,부산광역시 동구 망양로486번길 14-13,(초량동),6,5,129.0338450468,35.1171267121,A02,A0206,A02060300,,http://tong.visitkorea.or.kr/cms/resource/29/2735629_image2_1.jpg,20140820004917,20250319191550,48810,26,170,VE,VE07,VE070300,http://tong.visitkorea.or.kr/cms/resource/29/2735629_image3_1.jpg,Type3,6
1942566,25,이바구길을 걷다,,,6,5,129.0391501616,35.1163630064,C01,C0115,C01150001,,,20140821022724,20230809170959,,26,170,C01,C0115,C01150001,,,
2607423,32,이바구캠프,부산광역시 동구 망양로525번길 22,(초량동),6,5,129.0285565614,35.1192013827,B02,B0201,B02011100,,,20190620201838,20251023143000,48717,26,170,AC,AC06,AC060200,,,
1428723,32,이비스 앰배서더 부산 시티센터,부산광역시 부산진구 중앙대로 777,,6,7,129.0618719415,35.1618722189,B02,B0201,B02010100,,http://tong.visitkorea.or.kr/cms/resource/99/3509899_image2_1.png,20111107184210,20250721102855,47251,26,230,AC,AC01,AC010100,http://tong.visitkorea.or.kr/cms/resource/99/3509899_image3_1.png,Type3,6
3533169,32,이스턴룸,부산광역시 해운대구 달맞이길117번라길 100 (중동),,6,16,129.1827197529,35.1622938525,B02,B0201,B02011200,,,20250908232941,20250922205450,48115,26,350,AC,AC03,AC030400,,,6
2838418,39,이엘 16.52 (EL16.52),부산광역시 서구 암남공원로 177 (암남동),,6,11,129.0194644343,35.0631547097,A05,A0502,A05020900,,http://tong.visitkorea.or.kr/cms/resource/04/2838404_image2_1.jpg,20220818094613,20250828104758,49276,26,140,FD,FD05,FD050100,http://tong.visitkorea.or.kr/cms/resource/04/2838404_image3_1.jpg,Type3,6
2836450,39,이재모피자 본점,"부산광역시 중구 광복중앙로 31 (신창동1가, 중앙아파트)",,6,15,129.0306068486,35.1021394414,A05,A0502,A05020200,,http://tong.visitkorea.or.kr/cms/resource/38/2836438_image2_1.jpg,20220812162416,20250822142537,48948,26,110,FD,FD03,FD030200,http://tong.visitkorea.or.kr/cms/resource/38/2836438_image3_1.jpg,Type3,6
2841029,39,이지요 더파크,부산광역시 강서구 신호산단1로72번길 54 (신호동),,6,1,128.8719628713,35.0817943628,A05,A0502,A05020900,,http://tong.visitkorea.or.kr/cms/resource/24/2841024_image2_1.jpg,20220822171513,20250708111017,46760,26,440,FD,FD05,FD050100,http://tong.visitkorea.or.kr/cms/resource/24/2841024_image3_1.jpg,Type3,6
2852402,39,이티135,부산광역시 사하구 다대로 95 (신평동),,6,10,128.9782671739,35.0941421514,A05,A0502,A05020900,,http://tong.visitkorea.or.kr/cms/resource/00/2852400_image2_1.jpg,20220913113110,20250611172815,49393,26,380,FD,FD05,FD050100,http://tong.visitkorea.or.kr/cms/resource/00/2852400_image3_1.jpg,Type3,6
2832723,39,이프리오,부산광역시 강서구 범방4로 32 이프리오,,6,1,128.8857738308,35.1454874813,A05,A0502,A05020900,,http://tong.visitkorea.or.kr/cms/resource/22/2832722_image2_1.jpg,20220804164549,20250826145040,46727,26,440,FD,FD05,FD050100,http://tong.visitkorea.or.kr/cms/resource/22/2832722_image3_1.jpg,Type3,6
2845027,39,이화장횟집,부산광역시 기장군 기장해안로 560-5 이화장여관,,6,3,129.2269447707,35.2236905771,A05,A0502,A05020100,,http://tong.visitkorea.or.kr/cms/resource/18/2845018_image2_1.jpg,20220829145152,20250828133957,46079,26,710,FD,FD01,FD010100,http://tong.visitkorea.or.kr/cms/resource/18/2845018_image3_1.jpg,Type3,6
2847877,39,일광 카페 숲,부산광역시 기장군 일광읍 학리등대로 45,,6,3,129.2441089449,35.2598118501,A05,A0502,A05020900,,http://tong.visitkorea.or.kr/cms/resource/70/2847870_image2_1.jpg,20220902095159,20250828143102,46045,26,710,FD,FD05,FD050100,http://tong.visitkorea.or.kr/cms/resource/70/2847870_image3_1.jpg,Type3,6
2844677,39,일광당,부산광역시 기장군 일광읍 일광로 125-1,,6,3,129.2352761915,35.2666137010,A05,A0502,A05020100,,http://tong.visitkorea.or.kr/cms/resource/74/2844674_image2_1.jpg,20220829094113,20250828131602,46043,26,710,FD,FD03,FD030400,http://tong.visitkorea.or.kr/cms/resource/74/2844674_image3_1.jpg,Type3,6
2872634,39,일광수산횟집,부산광역시 기장군 일광읍 학리등대로 74,,6,3,129.2453172303,35.2577315502,A05,A0502,A05020100,,http://tong.visitkorea.or.kr/cms/resource/23/2872623_image2_1.JPG,20221021145553,20250703091512,46045,26,710,FD,FD01,FD010100,http://tong.visitkorea.or.kr/cms/resource/23/2872623_image3_1.JPG,Type3,6
2848952,39,일광정,부산광역시 기장군 일광읍 일광로 645,,6,3,129.2580316277,35.2996881955,A05,A0502,A05020100,,http://tong.visitkorea.or.kr/cms/resource/63/2848663_image2_1.jpg,20220905102507,20250828165507,46040,26,710,FD,FD01,FD010100,http://tong.visitkorea.or.kr/cms/resource/63/2848663_image3_1.jpg,Type3,6
1805656,39,일번지자갈치산곰장어,부산광역시 해운대구 구남로41번길 12,,6,16,129.1620465848,35.1610408317,A05,A0502,A05020100,,,20130418225640,20250311135053,48095,26,350,FD,FD01,FD010100,,,6
2608181,39,일송면옥,부산광역시 금정구 부곡로141번길 6,,6,2,129.0918341648,35.2287458356,A05,A0502,A05020100,,http://tong.visitkorea.or.kr/cms/resource/89/2608289_image2_1.JPG,20190628025915,20250523112615,46272,26,410,FD,FD01,FD010100,http://tong.visitkorea.or.kr/cms/resource/89/2608289_image2_1.JPG,Type3,6
851955,39,일품한우,부산광역시 해운대구 해운대로570번길 49,,6,16,129.1594329447,35.1602575377,A05,A0502,A05020100,,,20091030221248,20250311153027,48094,26,350,FD,FD01,FD010100,,,6
3533143,32,읽다부산,부산광역시 부산진구 전포대로209번길 43 (전포동),5층,6,7,129.0628664782,35.1553201932,B02,B0201,B02011100,,,20250908221632,20250922125451,47294,26,230,AC,AC06,AC060200,,,6
2741535,28,임랑카라반파크,부산광역시 기장군 일광면 일광로 763,,6,3,129.2593979022,35.3095065653,A03,A0302,A03021700,,,20210908194025,20250305111351,46039,26,710,AC,AC05,AC050300,,,6
3064821,12,자갈치 크루즈,부산광역시 중구 자갈치해안로 60 (남포동4가),,6,15,129.0317124553,35.0967261783,A02,A0202,A02020800,,http://tong.visitkorea.or.kr/cms/resource/18/3064818_image2_1.JPG,20231208165057,20250411092607,48984,26,110,EX,EX07,EX070100,http://tong.visitkorea.or.kr/cms/resource/18/3064818_image3_1.JPG,Type3,6
2872517,39,자갈치왕짬뽕,부산광역시 강서구 공항로447번길 6 (대저2동),,6,1,128.9517374613,35.1480245190,A05,A0502,A05020400,,http://tong.visitkorea.or.kr/cms/resource/10/2872510_image2_1.JPG,20221021142158,20250708102854,46723,26,440,FD,FD02,FD020100,http://tong.visitkorea.or.kr/cms/resource/10/2872510_image3_1.JPG,Type3,6
2788406,39,자매국밥,부산광역시 수영구 민락본동로27번길 56,,6,12,129.1257164849,35.1583376838,A05,A0502,A05020100,,,20211208022407,20251104101059,48288,26,500,FD,FD01,FD010100,,,6
2844687,39,장군멸치회촌,부산광역시 기장군 기장읍 기장해안로 607,,6,3,129.2306388629,35.2248044098,A05,A0502,A05020100,,http://tong.visitkorea.or.kr/cms/resource/84/2844684_image2_1.jpg,20220829094636,20250828130549,46079,26,710,FD,FD01,FD010100,http://tong.visitkorea.or.kr/cms/resource/84/2844684_image3_1.jpg,Type3,6
1945293,14,장기려기념 더 나눔센터,부산광역시 동구 영초윗길 48,(초량동),6,5,129.0327117725,35.1185793062,A02,A0206,A02060200,,http://tong.visitkorea.or.kr/cms/resource/67/3070867_image2_1.JPG,20140829184402,20251124175957,48808,26,170,VE,VE07,VE070200,http://tong.visitkorea.or.kr/cms/resource/67/3070867_image3_1.JPG,Type3,6
2872496,39,장룡수산 본점,부산광역시 강서구 낙동남로 749 (녹산동),,6,1,128.8965596542,35.1214875904,A05,A0502,A05020100,,http://tong.visitkorea.or.kr/cms/resource/90/2872490_image2_1.JPG,20221021141646,20250708103151,46728,26,440,FD,FD01,FD010100,http://tong.visitkorea.or.kr/cms/resource/90/2872490_image3_1.JPG,Type3,6
2788451,38,장림골목시장,부산광역시 사하구 장림번영로 22 (장림동),,6,10,128.9677684454,35.0809712112,A04,A0401,A04010200,,http://tong.visitkorea.or.kr/cms/resource/20/3561520_image2_1.jpg,20211208024518,20251127140121,49476,26,380,SH,SH06,SH060200,http://tong.visitkorea.or.kr/cms/resource/20/3561520_image3_1.jpg,Type1,6
2614727,12,장산 (부산 국가지질공원),부산광역시 해운대구 장산로 331-18,,6,16,129.1681899430,35.1811053657,A01,A0101,A01010400,,http://tong.visitkorea.or.kr/cms/resource/66/2661666_image2_1.jpg,20190809014903,20250326094820,48066,26,350,NA,NA01,NA010100,http://tong.visitkorea.or.kr/cms/resource/66/2661666_image3_1.jpg,Type3,6
851073,39,장성향,부산광역시 동구 대영로243번길 29,,6,5,129.0377225842,35.1135771812,A05,A0502,A05020400,,,20091030214932,20251023143000,48820,26,170,FD,FD02,FD020100,,,6
2785970,39,장씨해녀집,부산광역시 기장군 기장읍 연화1길 169,,6,3,129.2274337734,35.2180162214,A05,A0502,A05020100,,http://tong.visitkorea.or.kr/cms/resource/62/2800462_image2_1.jpg,20211206191958,20250828100128,46082,26,710,FD,FD01,FD010100,http://tong.visitkorea.or.kr/cms/resource/62/2800462_image2_1.jpg,Type3,6
2758489,12,장안사계곡,부산광역시 기장군 장안읍 장안로 482,,6,3,129.2328150778,35.3744348966,A01,A0101,A01010900,,http://tong.visitkorea.or.kr/cms/resource/46/3342846_image2_1.jpg,20211019012722,20250305105823,46028,26,710,NA,NA01,NA010400,http://tong.visitkorea.or.kr/cms/resource/46/3342846_image3_1.jpg,Type3,6
2734243,28,장안캠프,부산광역시 기장군 장안읍 장안로 18,,6,3,129.2524031670,35.3418805818,A03,A0302,A03021700,,http://tong.visitkorea.or.kr/cms/resource/55/2735855_image2_1.JPG,20210818012725,20250325134425,46032,26,710,AC,AC05,AC050100,http://tong.visitkorea.or.kr/cms/resource/55/2735855_image2_1.JPG,Type3,6
2668119,39,재기돼지국밥,부산광역시 영도구 절영로49번길 25,,6,14,129.0399036022,35.0896660083,A05,A0502,A05020100,,,20200820010823,20240913105722,49054,26,200,FD,FD01,FD010100,,,6
2759593,39,전산가든,부산광역시 기장군 일광면 학리길 16,,6,3,129.2429341024,35.2578176071,A05,A0502,A05020100,,http://tong.visitkorea.or.kr/cms/resource/56/2759656_image2_1.jpg,20211020184759,20250103145754,46045,26,710,FD,FD01,FD010100,http://tong.visitkorea.or.kr/cms/resource/56/2759656_image2_1.jpg,Type3,6
2944033,12,전포 삼거리,부산광역시 부산진구 진남로 320 (전포동),,6,7,129.0719407360,35.1536149962,A02,A0203,A02030600,,http://tong.visitkorea.or.kr/cms/resource/22/2947122_image2_1.jpg,20230116184630,20251029163849,47313,26,230,VE,VE04,VE040100,http://tong.visitkorea.or.kr/cms/resource/22/2947122_image3_1.jpg,Type1,6
2994179,12,전포공구길,부산광역시 부산진구 서전로37번길 20,,6,7,129.0642801508,35.1587281711,A02,A0203,A02030600,,http://tong.visitkorea.or.kr/cms/resource/78/2994078_image2_1.JPG,20230717183602,20250407171523,47247,26,230,VE,VE04,VE040100,http://tong.visitkorea.or.kr/cms/resource/78/2994078_image3_1.JPG,Type3,6
3018117,15,전포커피축제,부산광역시 부산진구 전포동,전포대로209번길 일원,6,7,129.0635525258,35.1554701890,A02,A0207,A02070200,051-605-4522,http://tong.visitkorea.or.kr/cms/resource/54/3549654_image2_1.png,20231005151813,20251023143000,47294,26,230,EV,EV01,EV010600,http://tong.visitkorea.or.kr/cms/resource/54/3549654_image3_1.png,Type3,6
252561,12,절영해안산책로,부산광역시 영도구 해안산책길 52,,6,14,129.0411870536,35.0812475294,A01,A0101,A01010500,,,20071101090000,20251216142039,49080,26,200,NA,NA05,NA050100,,,3
2556598,14,정관박물관,부산광역시 기장군 정관읍 정관중앙로 122,,6,3,129.1849372349,35.3269448875,A02,A0206,A02060100,,http://tong.visitkorea.or.kr/cms/resource/91/3541891_image2_1.jpg,20180807020507,20250922100952,46019,26,710,VE,VE07,VE070100,http://tong.visitkorea.or.kr/cms/resource/91/3541891_image3_1.jpg,Type3,6
2776286,38,정관신도시시장,부산광역시 기장군 정관읍 정관6로 5-20,,6,3,129.1753910217,35.3205232079,A04,A0401,A04010100,,http://tong.visitkorea.or.kr/cms/resource/98/3561498_image2_1.jpg,20211119183630,20251127133229,46017,26,710,SH,SH06,SH060100,http://tong.visitkorea.or.kr/cms/resource/98/3561498_image3_1.jpg,Type1,6
851104,39,정림전통한정식,부산광역시 동래구 충렬대로237번길 31-3,,6,6,129.0851937831,35.2030402602,A05,A0502,A05020100,,http://tong.visitkorea.or.kr/cms/resource/60/3048860_image2_1.JPG,20091030215016,20250409101412,47814,26,260,FD,FD01,FD010100,http://tong.visitkorea.or.kr/cms/resource/60/3048860_image3_1.JPG,Type3,6
3083428,32,제이비디자인호텔,부산광역시 해운대구 구남로12번길 31 (우동),,6,16,129.1580746892,35.1617295697,B02,B0201,B02010900,,http://tong.visitkorea.or.kr/cms/resource/18/3083418_image2_1.jpg,20231030115405,20251120105150,48094,26,350,AC,AC04,AC040100,http://tong.visitkorea.or.kr/cms/resource/18/3083418_image3_1.jpg,Type3,6
2741526,28,제이스글램핑,부산광역시 기장군 일광읍 이천8길 132-20,,6,3,129.2338482308,35.2777040982,A03,A0302,A03021700,,http://tong.visitkorea.or.kr/cms/resource/98/2741698_image2_1.jpg,20210908193011,20251120113430,46041,26,710,AC,AC05,AC050400,http://tong.visitkorea.or.kr/cms/resource/98/2741698_image2_1.jpg,Type3,6
2873468,39,제주복국,부산광역시 영도구 절영로 481,,6,14,129.0688904785,35.0710436259,A05,A0502,A05020100,,http://tong.visitkorea.or.kr/cms/resource/63/2873463_image2_1.jpg,20221024152800,20250902101330,49118,26,200,FD,FD01,FD010100,http://tong.visitkorea.or.kr/cms/resource/63/2873463_image3_1.jpg,Type3,6
2844698,39,제주항통갈치,부산광역시 기장군 공수2길 3-2,,6,3,129.2116665805,35.1861028359,A05,A0502,A05020100,,http://tong.visitkorea.or.kr/cms/resource/96/2844696_image2_1.jpg,20220829095140,20251023143000,46084,26,710,FD,FD01,FD010100,http://tong.visitkorea.or.kr/cms/resource/96/2844696_image3_1.jpg,Type3,6
1013721,38,조명의거리,부산광역시 중구 국제시장2길 5,(창선동2가),6,15,129.0283348915,35.0996591215,A04,A0401,A04010200,,http://tong.visitkorea.or.kr/cms/resource/33/3561933_image2_1.jpg,20100504013457,20251105144937,48945,26,110,SH,SH06,SH060200,http://tong.visitkorea.or.kr/cms/resource/33/3561933_image3_1.jpg,Type1,6
850558,39,조방본가낙지,부산광역시 부산진구 골드테마길 2-13,,6,7,129.0602976198,35.1420660746,A05,A0502,A05020100,,,20091030213515,20251023143000,47365,26,230,FD,FD01,FD010100,,,6
2853231,39,조방제일한우,부산광역시 동구 조방로42번길 12 (범일동),,6,5,129.0620308373,35.1408051364,A05,A0502,A05020100,,http://tong.visitkorea.or.kr/cms/resource/27/2853227_image2_1.jpg,20220914125648,20250829143517,48739,26,170,FD,FD01,FD010100,http://tong.visitkorea.or.kr/cms/resource/27/2853227_image3_1.jpg,Type3,6
130642,14,조현화랑,부산광역시 해운대구 달맞이길65번길 171,,6,16,129.1795840631,35.1568860663,A02,A0206,A02060500,,http://tong.visitkorea.or.kr/cms/resource/85/3568585_image2_1.jpg,20050630090000,20251118144404,48117,26,350,VE,VE07,VE070600,http://tong.visitkorea.or.kr/cms/resource/85/3568585_image3_1.jpg,Type3,6
2875886,38,좌동재래시장,부산광역시 해운대구 좌동로91번길 20 (좌동),,6,16,129.1744979476,35.1731091558,A04,A0401,A04010200,,http://tong.visitkorea.or.kr/cms/resource/68/2875868_image2_1.JPG,20221026132322,20250704094816,48079,26,350,SH,SH06,SH060200,http://tong.visitkorea.or.kr/cms/resource/68/2875868_image3_1.JPG,Type3,6
1304515,38,좌천동 가구거리,부산광역시 동구 중앙대로460번나길 24 (좌천동),,6,5,129.0564925856,35.1351167823,A04,A0401,A04010600,,http://tong.visitkorea.or.kr/cms/resource/13/3552613_image2_1.jpg,20110611010139,20251023143000,48727,26,170,SH,SH05,SH050200,http://tong.visitkorea.or.kr/cms/resource/13/3552613_image3_1.jpg,Type1,6
2838820,39,주문진 막국수,부산광역시 동래구 사직로58번길 8 (사직동),,6,6,129.0595628726,35.1960405705,A05,A0502,A05020100,,http://tong.visitkorea.or.kr/cms/resource/00/2838800_image2_1.jpg,20220818134737,20250530133932,47865,26,260,FD,FD01,FD010100,http://tong.visitkorea.or.kr/cms/resource/00/2838800_image3_1.jpg,Type3,6
3510987,12,주식회사감천아울,"부산광역시 사하구 옥천로75번안길 10 (감천동, 제일아파트)",지하층,6,10,129.0087950933,35.0934316812,A02,A0203,A02030400,,,20250722144947,20250901144022,49366,26,380,EX,EX07,EX070200,,,6
3511057,12,주식회사뷰티홀릭,"부산광역시 수영구 광안로7번길 17 (광안동, 세종 엠스테이3차)",제1층 107호,6,12,129.1138175312,35.1579180661,A02,A0202,A02020500,,,20250722152732,20251103101500,48297,26,500,EX,EX05,EX050600,,,6
3511011,38,주식회사아래모래,부산광역시 사하구 감내2로 100 (감천동),,6,10,129.0081228329,35.0969979358,A04,A0401,A04011200,,,20250722150746,20250901142900,49364,26,380,SH,SH07,SH070100,,,6
3511018,12,주식회사어반힐링,부산광역시 사하구 낙동대로 534 (하단동),,6,10,128.9651983858,35.1118315978,A02,A0203,A02030400,,,20250722151452,20250901142737,49324,26,380,EX,EX07,EX070200,,,6
3511071,12,주식회사피알아이피,부산광역시 수영구 수영로 409 (남천동),4층,6,12,129.1083545281,35.1429140892,A02,A0203,A02030400,,,20250722153720,20250901142215,48316,26,500,EX,EX07,EX070200,,,6
129597,12,죽도공원,부산광역시 해운대구 송정해변로 1-23,,6,16,129.2061338980,35.1799561988,A02,A0202,A02020700,,http://tong.visitkorea.or.kr/cms/resource/88/3019388_image2_1.JPG,20070713090000,20250520164017,48072,26,350,VE,VE03,VE030100,http://tong.visitkorea.or.kr/cms/resource/88/3019388_image3_1.JPG,Type3,6
2608459,39,죽도횟집,부산광역시 기장군 기장읍 연화1길 215,,6,3,129.2268671131,35.2195993671,A05,A0502,A05020100,,http://tong.visitkorea.or.kr/cms/resource/93/2608593_image2_1.JPG,20190629003257,20250729152345,46082,26,710,FD,FD01,FD010100,http://tong.visitkorea.or.kr/cms/resource/93/2608593_image3_1.JPG,Type3,6
3351515,15,중구민의 날 페스타,부산광역시 중구 충장대로 26 (중앙동4가),,6,15,129.0394309881,35.1055392233,A02,A0207,A02070200,051-600-4102,http://tong.visitkorea.or.kr/cms/resource/60/3532060_image2_1.JPG,20240821112214,20250905094101,48940,26,110,EV,EV01,EV010200,http://tong.visitkorea.or.kr/cms/resource/60/3532060_image3_1.JPG,Type3,6
3017435,12,중리노을전망대,부산광역시 영도구 동삼동,632-3,6,14,129.0643270354,35.0692381886,A02,A0205,A02050600,,http://tong.visitkorea.or.kr/cms/resource/53/3455153_image2_1.jpg,20231004134030,20250507174001,49118,26,200,VE,VE01,VE010200,http://tong.visitkorea.or.kr/cms/resource/53/3455153_image3_1.jpg,Type1,6
2509838,32,지엔비호텔(GNB호텔),부산광역시 중구 흑교로 19 (부평동3가),,6,15,129.0248379298,35.1012588776,B02,B0201,B02010100,,http://tong.visitkorea.or.kr/cms/resource/83/2808383_image2_1.png,20171011201640,20250626104408,48976,26,110,AC,AC01,AC010100,http://tong.visitkorea.or.kr/cms/resource/83/2808383_image2_1.png,Type3,6
2749611,28,지오클럽,부산광역시 기장군 일광면 기장해안로 1272,,6,3,129.2353514279,35.2578452406,A03,A0302,A03021700,,http://tong.visitkorea.or.kr/cms/resource/83/3516183_image2_1.jpeg,20210927192322,20250801165421,46044,26,710,AC,AC05,AC050100,http://tong.visitkorea.or.kr/cms/resource/83/3516183_image3_1.jpeg,Type3,6
2037531,25,지하철 타고 돌아보는 부산 시간여행,,,6,,129.0762330134,35.2190105271,C01,C0114,C01140001,,http://tong.visitkorea.or.kr/cms/resource/24/1877624_image2_1.jpg,20151103202133,20250520104946,,26,260,C01,C0114,C01140001,http://tong.visitkorea.or.kr/cms/resource/24/1877624_image3_1.jpg,Type3,6
2844643,39,진품물회,부산광역시 기장군 기장읍 연화1길 65,,6,3,129.2236758504,35.2150026005,A05,A0502,A05020100,,http://tong.visitkorea.or.kr/cms/resource/41/2844641_image2_1.jpg,20220826152921,20250828112524,46082,26,710,FD,FD01,FD010100,http://tong.visitkorea.or.kr/cms/resource/41/2844641_image3_1.jpg,Type3,6
2822910,14,창비부산,부산광역시 동구 중앙대로209번길 16,2층,6,5,129.0391696039,35.1163768939,A02,A0206,A02061000,,http://tong.visitkorea.or.kr/cms/resource/67/2822867_image2_1.jpg,20220607144036,20250422101614,48816,26,170,VE,VE12,VE120100,http://tong.visitkorea.or.kr/cms/resource/67/2822867_image3_1.jpg,Type3,6
2872258,39,채플린,부산광역시 기장군 기장읍 기장해안로 880,,6,3,129.2446679494,35.2337953308,A05,A0502,A05020900,,http://tong.visitkorea.or.kr/cms/resource/57/2872257_image2_1.JPG,20221021130051,20250701172653,46078,26,710,FD,FD05,FD050100,http://tong.visitkorea.or.kr/cms/resource/57/2872257_image3_1.JPG,Type3,6
2782714,14,책방봄봄,부산광역시 해운대구 좌동로 9 (중동),,6,16,129.1684791847,35.1673652425,A02,A0206,A02061000,,http://tong.visitkorea.or.kr/cms/resource/54/2795954_image2_1.png,20211129202320,20250827165551,48082,26,350,VE,VE12,VE120100,http://tong.visitkorea.or.kr/cms/resource/54/2795954_image3_1.png,Type3,6
2782757,14,책방오월,부산광역시 수영구 수영로607번길 28 (광안동),,6,12,129.1121398296,35.1604483075,A02,A0206,A02061000,,http://tong.visitkorea.or.kr/cms/resource/97/2795997_image2_1.jpg,20211129221739,20250827165858,48254,26,500,VE,VE12,VE120100,http://tong.visitkorea.or.kr/cms/resource/97/2795997_image3_1.jpg,Type3,6
2721158,12,천마산하늘전망대,부산광역시 서구 해돋이로183번길 17-4,,6,11,129.0173415667,35.0936484810,A02,A0205,A02050600,,,20210615195015,20250306173240,49259,26,140,VE,VE01,VE010200,,,6
2782794,38,천연제작소,부산광역시 동래구 석사로 26 (사직동),,6,6,129.0626958480,35.1991375040,A04,A0401,A04010600,,http://tong.visitkorea.or.kr/cms/resource/08/2796008_image2_1.jpg,20211129224033,20250827170126,47858,26,260,SH,SH05,SH050200,http://tong.visitkorea.or.kr/cms/resource/08/2796008_image3_1.jpg,Type3,6
2852238,39,철마대가한우직판장,부산광역시 기장군 철마면 난들길 8,,6,3,129.1626601676,35.2709896369,A05,A0502,A05020100,,http://tong.visitkorea.or.kr/cms/resource/30/2852230_image2_1.jpg,20220908154055,20250828165950,46050,26,710,FD,FD01,FD010100,http://tong.visitkorea.or.kr/cms/resource/30/2852230_image3_1.jpg,Type3,6
2875311,39,철마원조추어탕,부산광역시 기장군 철마면 개좌로 763,,6,3,129.1496613718,35.2683841323,A05,A0502,A05020100,,http://tong.visitkorea.or.kr/cms/resource/96/2875296_image2_1.JPG,20221026095205,20250902102324,46049,26,710,FD,FD01,FD010100,http://tong.visitkorea.or.kr/cms/resource/96/2875296_image3_1.JPG,Type3,6
2852250,39,철마한우수목원,부산광역시 기장군 철마면 곰내길 308,,6,3,129.1693117210,35.2943538074,A05,A0502,A05020100,,http://tong.visitkorea.or.kr/cms/resource/42/2852242_image2_1.jpg,20220908154759,20250611170046,46050,26,710,FD,FD01,FD010100,http://tong.visitkorea.or.kr/cms/resource/42/2852242_image3_1.jpg,Type3,6
482123,12,청량사(부산),부산광역시 강서구 제도로 29,,6,1,128.9190855715,35.1177578650,A02,A0201,A02010800,,http://tong.visitkorea.or.kr/cms/resource/85/3041185_image2_1.JPG,20080222231916,20250407151818,46717,26,440,HS,HS03,HS030100,http://tong.visitkorea.or.kr/cms/resource/85/3041185_image3_1.JPG,Type3,6
2855624,38,청마가옥,부산광역시 영도구 오동꽃길 43,,6,14,129.0521218937,35.0929880838,A04,A0401,A04010700,,http://tong.visitkorea.or.kr/cms/resource/45/2781045_image2_1.jpg,20220919174453,20250522173028,49028,26,200,SH,SH05,SH050100,http://tong.visitkorea.or.kr/cms/resource/45/2781045_image3_1.jpg,Type3,6
3027700,12,청사포 기찻길,부산광역시 해운대구 달맞이길62번길 13 (중동),,6,16,129.1728512790,35.1581969059,A02,A0203,A02030400,,http://tong.visitkorea.or.kr/cms/resource/53/3027653_image2_1.JPG,20231030104651,20250404151648,48098,26,350,EX,EX07,EX070200,http://tong.visitkorea.or.kr/cms/resource/53/3027653_image3_1.JPG,Type3,6
2670611,39,청와정,부산광역시 부산진구 동평로44번길 55,,6,7,129.0361630060,35.1641103825,A05,A0502,A05020100,,http://tong.visitkorea.or.kr/cms/resource/97/2670697_image2_1.jpg,20200903224253,20250729112351,47177,26,230,FD,FD01,FD010100,http://tong.visitkorea.or.kr/cms/resource/97/2670697_image2_1.jpg,Type3,6
3533147,32,청킹멘션부산,부산광역시 부산진구 서전로58번길 15-3 (전포동),,6,7,129.0663189033,35.1572450414,B02,B0201,B02011100,,,20250908222710,20250922185238,47303,26,230,AC,AC06,AC060200,,,6
2736392,12,청학수변공원,부산광역시 영도구 청학동 217-43,,6,14,129.0611626448,35.0977293865,A02,A0202,A02020700,,http://tong.visitkorea.or.kr/cms/resource/30/3080230_image2_1.JPG,20210825192049,20250422095512,,26,200,VE,VE03,VE030500,http://tong.visitkorea.or.kr/cms/resource/30/3080230_image3_1.JPG,Type3,6
2790483,38,청학시장,부산광역시 영도구 태종로316번길 1 (청학동),,6,14,129.0603710770,35.0966433823,A04,A0401,A04010200,,http://tong.visitkorea.or.kr/cms/resource/96/2790996_image2_1.JPG,20211209195358,20250828102744,49023,26,200,SH,SH06,SH060200,http://tong.visitkorea.or.kr/cms/resource/96/2790996_image3_1.JPG,Type3,6
2838849,39,초량1941,부산광역시 동구 망양로 533-5 (초량동),,6,5,129.0298925398,35.1198180048,A05,A0502,A05020900,,http://tong.visitkorea.or.kr/cms/resource/47/2838847_image2_1.jpg,20220818135702,20250530135106,48717,26,170,FD,FD05,FD050100,http://tong.visitkorea.or.kr/cms/resource/47/2838847_image3_1.jpg,Type3,6
2870751,39,초량845,부산광역시 동구 망양로533번길 8 (초량동),,6,5,129.0297258951,35.1195208123,A05,A0502,A05020900,,http://tong.visitkorea.or.kr/cms/resource/46/2870746_image2_1.jpg,20221019162334,20250625174637,48717,26,170,FD,FD05,FD050100,http://tong.visitkorea.or.kr/cms/resource/46/2870746_image3_1.jpg,Type3,6
1942239,12,초량교회,부산광역시 동구 초량상로 53,(초량동),6,5,129.0369614421,35.1171434347,A02,A0201,A02010900,,http://tong.visitkorea.or.kr/cms/resource/14/3343314_image2_1.jpg,20140819231408,20250319190228,48812,26,170,HS,HS03,HS030200,http://tong.visitkorea.or.kr/cms/resource/14/3343314_image3_1.jpg,Type3,6
2785956,39,초량밀면,부산광역시 동구 중앙대로 225 (초량동),,6,5,129.0406944453,35.1173462584,A05,A0502,A05020100,,http://tong.visitkorea.or.kr/cms/resource/24/2800524_image2_1.jpg,20211206191232,20250828094855,48815,26,170,FD,FD01,FD010100,http://tong.visitkorea.or.kr/cms/resource/24/2800524_image2_1.jpg,Type3,6
2869135,38,초량시장,부산광역시 동구 초량로13번길 8,,6,5,129.0400611298,35.1186849857,A04,A0401,A04010200,,http://tong.visitkorea.or.kr/cms/resource/25/2869125_image2_1.JPG,20221018141150,20250620151133,48815,26,170,SH,SH06,SH060200,http://tong.visitkorea.or.kr/cms/resource/25/2869125_image3_1.JPG,Type3,6
2870703,39,초량온당,부산광역시 동구 초량중로 135 (수정동),,6,5,129.0415747569,35.1234594789,A05,A0502,A05020900,,http://tong.visitkorea.or.kr/cms/resource/96/2870696_image2_1.jpg,20221019161156,20250625173943,48794,26,170,FD,FD03,FD030100,http://tong.visitkorea.or.kr/cms/resource/96/2870696_image3_1.jpg,Type3,6
2852263,39,초오록,부산광역시 기장군 화용길 103-17,,6,3,129.2215574939,35.2827394161,A05,A0502,A05020900,,http://tong.visitkorea.or.kr/cms/resource/56/2852256_image2_1.jpg,20220908155430,20250120172830,46048,26,710,FD,FD05,FD050100,http://tong.visitkorea.or.kr/cms/resource/56/2852256_image3_1.jpg,Type3,6
1280921,39,초원농원,부산광역시 사상구 낙동대로 1498 주식회사 국제식품,,6,9,128.9829474247,35.1922756903,A05,A0502,A05020100,,,20110517190516,20250306153159,46903,26,530,FD,FD01,FD010100,,,6
2734175,28,초원숲속캠핑장,부산광역시 기장군 정관읍 병산1길 18,,6,3,129.1880920151,35.3449845893,A03,A0302,A03021700,,http://tong.visitkorea.or.kr/cms/resource/79/2799379_image2_1.png,20210818001256,20250901154724,46003,26,710,AC,AC05,AC050100,http://tong.visitkorea.or.kr/cms/resource/79/2799379_image2_1.png,Type3,6
2865403,39,초함,부산광역시 부산진구 성지로 101 (초읍동),,6,7,129.0523750701,35.1792367648,A05,A0502,A05020100,,http://tong.visitkorea.or.kr/cms/resource/88/2865388_image2_1.jpg,20221011170317,20250619111207,47125,26,230,FD,FD01,FD010100,http://tong.visitkorea.or.kr/cms/resource/88/2865388_image3_1.jpg,Type3,6
2744582,38,충무동 새벽시장,부산광역시 서구 해안새벽시장길 68 (남부민동),,6,11,129.0250186863,35.0932847737,A04,A0401,A04010200,,http://tong.visitkorea.or.kr/cms/resource/30/2744930_image2_1.jpg,20210915003448,20251031094110,49254,26,140,SH,SH06,SH060200,http://tong.visitkorea.or.kr/cms/resource/30/2744930_image2_1.jpg,Type3,6
2656194,12,친환경 스카이웨이 전망대(이바구길),부산광역시 동구 초량동,,6,5,129.0306535435,35.1213095185,A02,A0205,A02050600,,http://tong.visitkorea.or.kr/cms/resource/06/2720806_image2_1.jpg,20200514193538,20250319185847,48717,26,170,VE,VE01,VE010200,http://tong.visitkorea.or.kr/cms/resource/06/2720806_image3_1.jpg,Type3,6
2794743,39,칠성식당 본점,부산광역시 남구 지게골로 7,(문현동),6,4,129.0683387579,35.1358252547,A05,A0502,A05020100,,http://tong.visitkorea.or.kr/cms/resource/11/2794811_image2_1.jpg,20211214040115,20250103145516,48456,26,290,FD,FD01,FD010100,http://tong.visitkorea.or.kr/cms/resource/11/2794811_image2_1.jpg,Type3,6
2848949,39,칠암만장,부산광역시 기장군 일광읍 일광로 648,,6,3,129.2582316020,35.2999631688,A05,A0502,A05020100,,http://tong.visitkorea.or.kr/cms/resource/92/2848692_image2_1.jpg,20220905103310,20250610113114,46040,26,710,FD,FD01,FD010100,http://tong.visitkorea.or.kr/cms/resource/92/2848692_image3_1.jpg,Type3,6
2822840,39,칠암사계,부산광역시 기장군 칠암1길 7-10,,6,3,129.2589676506,35.2999215202,A05,A0502,A05020900,,http://tong.visitkorea.or.kr/cms/resource/00/2822900_image2_1.jpg,20220607134505,20250519093518,46040,26,710,FD,FD05,FD050100,http://tong.visitkorea.or.kr/cms/resource/00/2822900_image3_1.jpg,Type3,6
2775556,39,칠암일번지횟집,부산광역시 기장군 일광면 문오성길 547,,6,3,129.2592953908,35.3002520455,A05,A0502,A05020100,,,20211118004358,20251023143000,46040,26,710,FD,FD01,FD010100,,,6
2702333,15,카운트다운 부산,부산광역시 수영구 광안해변로 219 (광안동),광안리 해수욕장,6,12,129.1185477876,35.1538130576,A02,A0207,A02070200,051-850-9000,http://tong.visitkorea.or.kr/cms/resource/64/3579164_image2_1.png,20211230010308,20251222174448,48303,26,500,EV,EV01,EV010600,http://tong.visitkorea.or.kr/cms/resource/64/3579164_image3_1.png,Type3,6
250562,39,카파도키아,부산광역시 금정구 금단로 123-9,,6,2,129.0922249352,35.2601173263,A05,A0502,A05020700,,,20071019090000,20251223112603,46215,26,410,FD,FD02,FD020400,,,6
2642681,39,카페 385,부산광역시 영도구 태종로 539,,6,14,129.0763172491,35.0843256105,A05,A0502,A05020900,,http://tong.visitkorea.or.kr/cms/resource/90/3423190_image2_1.png,20200103231312,20250324171804,49012,26,200,FD,FD05,FD050100,http://tong.visitkorea.or.kr/cms/resource/90/3423190_image3_1.png,Type3,6
2853060,39,카페 도토리 로스터스,부산광역시 기장군 장안읍 상장안1길 29-4,,6,3,129.2434503873,35.3699411554,A05,A0502,A05020900,,http://tong.visitkorea.or.kr/cms/resource/42/2853042_image2_1.jpg,20220914110434,20250612102623,46028,26,710,FD,FD05,FD050100,http://tong.visitkorea.or.kr/cms/resource/42/2853042_image3_1.jpg,Type3,6
2852408,39,카페 만디,부산광역시 사하구 오작로 104-7 (괴정동),,6,10,129.0047758093,35.1003836071,A05,A0502,A05020900,,http://tong.visitkorea.or.kr/cms/resource/06/2852406_image2_1.jpg,20220913113722,20251120203444,49360,26,380,FD,FD05,FD050100,http://tong.visitkorea.or.kr/cms/resource/06/2852406_image3_1.jpg,Type3,6
2875345,39,카페공지,부산광역시 기장군 기장읍 기장해안로 509,,6,3,129.2251589263,35.2196576619,A05,A0502,A05020900,,http://tong.visitkorea.or.kr/cms/resource/38/2875338_image2_1.JPG,20221026095717,20250703111935,46082,26,710,FD,FD05,FD050100,http://tong.visitkorea.or.kr/cms/resource/38/2875338_image3_1.JPG,Type3,6
2807808,39,카페썬번,부산광역시 동래구 명안로17번길 80,,6,6,129.1002870237,35.1990465422,A05,A0502,A05020900,,,20220221135520,20251029164611,47787,26,260,FD,FD05,FD050100,,,6
2952936,39,카페제노아,부산광역시 중구 중구로29번길 17 (부평동1가),,6,15,129.0270044311,35.1004034583,A05,A0502,A05020900,,http://tong.visitkorea.or.kr/cms/resource/22/2952922_image2_1.jpg,20230327113243,20250121134407,48978,26,110,FD,FD05,FD050100,http://tong.visitkorea.or.kr/cms/resource/22/2952922_image3_1.jpg,Type3,6
2622984,32,캔버스,부산광역시 해운대구 해운대해변로197번길 13,(우동),6,16,129.1526891145,35.1592353048,B02,B0201,B02011100,,,20191005012100,20241127144557,48093,26,350,AC,AC06,AC060200,,,
2663616,32,캔버스 블랙,부산광역시 해운대구 해운대해변로197번길 14,(우동),6,16,129.1530057486,35.1594102909,B02,B0201,B02011100,,,20200715191913,20241127144627,48093,26,350,AC,AC06,AC060200,,,
3452166,12,커넥트현대,부산광역시 동구 범일로 125 (범일동),,6,5,129.0586005649,35.1413411243,A02,A0203,A02030400,,http://tong.visitkorea.or.kr/cms/resource/06/3451506_image2_1.jpg,20241219130605,20241219130622,48735,26,170,VE,VE12,VE120300,http://tong.visitkorea.or.kr/cms/resource/06/3451506_image3_1.jpg,Type1,6
2832636,39,코랄라니,부산광역시 기장군 기장읍 기장해안로 32,,6,3,129.2089308044,35.1825920662,A05,A0502,A05020900,,http://tong.visitkorea.or.kr/cms/resource/33/2832633_image2_1.jpg,20220804150627,20250527171154,46084,26,710,FD,FD05,FD050100,http://tong.visitkorea.or.kr/cms/resource/33/2832633_image3_1.jpg,Type3,6
142852,32,코모도 호텔 부산,부산광역시 중구 중구로 151 (영주동),,6,15,129.0353034800,35.1088165580,B02,B0201,B02010100,,http://tong.visitkorea.or.kr/cms/resource/49/2722649_image2_1.JPG,20051130090000,20251120111244,48912,26,110,AC,AC01,AC010100,http://tong.visitkorea.or.kr/cms/resource/49/2722649_image2_1.JPG,Type3,6
2852620,39,코모도테이블,부산광역시 동래구 온천천로453번길 23-2 (안락동),,6,6,129.1030314079,35.1925334341,A05,A0502,A05020900,,http://tong.visitkorea.or.kr/cms/resource/13/2852613_image2_1.jpg,20220913171310,20250612094241,47900,26,260,FD,FD05,FD050100,http://tong.visitkorea.or.kr/cms/resource/13/2852613_image3_1.jpg,Type3,6
2039866,32,코오롱 씨클라우드 호텔,부산광역시 해운대구 해운대해변로 287 (중동),,6,16,129.1622688032,35.1604686777,B02,B0201,B02010100,,http://tong.visitkorea.or.kr/cms/resource/09/3544809_image2_1.jpg,20151110003148,20251023143000,48095,26,350,AC,AC01,AC010100,http://tong.visitkorea.or.kr/cms/resource/09/3544809_image3_1.jpg,Type3,6
3044634,32,크라운 하버 호텔 부산,부산광역시 중구 중앙대로 114 (중앙동4가),,6,15,129.0368450457,35.1076056112,B02,B0201,B02010100,,http://tong.visitkorea.or.kr/cms/resource/30/3054130_image2_1.jpg,20231118123510,20251120110120,48938,26,110,AC,AC01,AC010100,http://tong.visitkorea.or.kr/cms/resource/30/3054130_image3_1.jpg,Type1,6
3437916,15,크리스마스 빌리지 부산 2025,부산광역시 해운대구 수영강변대로 120 (우동),,6,16,129.1270687971,35.1710029572,A02,A0208,A02081300,070-4680-1718,http://tong.visitkorea.or.kr/cms/resource/78/3569778_image2_1.jpg,20241205171935,20251216182152,48058,26,350,EV,EV03,EV030400,http://tong.visitkorea.or.kr/cms/resource/78/3569778_image3_1.jpg,Type3,6
843489,39,클라우드32,부산광역시 해운대구 마린시티3로 52,32층,6,16,129.1449565859,35.1543912594,A05,A0502,A05020200,,http://tong.visitkorea.or.kr/cms/resource/35/3585635_image2_1.jpg,20091029061112,20251217153731,48119,26,350,FD,FD02,FD020300,http://tong.visitkorea.or.kr/cms/resource/35/3585635_image3_1.jpg,Type1,6
2785267,39,클래식캠퍼,부산광역시 사상구 대동로 224 (학장동),,6,9,128.9851956764,35.1473946491,A05,A0502,A05020900,,http://tong.visitkorea.or.kr/cms/resource/90/2785290_image2_1.jpg,20211202223355,20250828092457,47020,26,530,FD,FD05,FD050100,http://tong.visitkorea.or.kr/cms/resource/90/2785290_image2_1.jpg,Type3,6
2870780,39,클레이디뷔페 돌잔치,부산광역시 동구 조방로 14 (범일동),,6,5,129.0634807673,35.1387665027,A05,A0502,A05020100,,http://tong.visitkorea.or.kr/cms/resource/67/2870767_image2_1.jpg,20221019162823,20250627091138,48741,26,170,FD,FD01,FD010100,http://tong.visitkorea.or.kr/cms/resource/67/2870767_image3_1.jpg,Type3,6
2496023,12,키자니아 부산,부산광역시 해운대구 센텀4로 15 센텀시티 몰,,6,16,129.1283187187,35.1699003261,A02,A0203,A02030400,,http://tong.visitkorea.or.kr/cms/resource/33/3526933_image2_1.jpg,20170614224709,20250828174317,48058,26,350,EX,EX07,EX070200,http://tong.visitkorea.or.kr/cms/resource/33/3526933_image3_1.jpg,Type3,6
2859188,39,키친동백,부산광역시 해운대구 달맞이길117번가길 85 (중동),,6,16,129.1787924398,35.1578276130,A05,A0502,A05020200,,http://tong.visitkorea.or.kr/cms/resource/85/2859185_image2_1.jpg,20220923152825,20250616173903,48117,26,350,FD,FD02,FD020300,http://tong.visitkorea.or.kr/cms/resource/85/2859185_image3_1.jpg,Type3,6
2858974,39,타이가텐푸라,부산광역시 해운대구 우동1로38번가길 15 (우동),,6,16,129.1584217967,35.1648042324,A05,A0502,A05020300,,http://tong.visitkorea.or.kr/cms/resource/63/2858963_image2_1.jpg,20220923143236,20250829151826,48087,26,350,FD,FD02,FD020200,http://tong.visitkorea.or.kr/cms/resource/63/2858963_image3_1.jpg,Type3,6
2869532,39,타이빈,부산광역시 동래구 금강로73번길 12 (온천동),,6,6,129.0773274366,35.2162997405,A05,A0502,A05020700,,http://tong.visitkorea.or.kr/cms/resource/18/2869518_image2_1.JPG,20221018161523,20250623145154,47706,26,260,FD,FD02,FD020400,http://tong.visitkorea.or.kr/cms/resource/18/2869518_image3_1.JPG,Type3,6
2868448,39,타타에스프레소바,부산광역시 수영구 무학로33번길 57,1층,6,12,129.1179253383,35.1640674534,A05,A0502,A05020900,,http://tong.visitkorea.or.kr/cms/resource/48/2868348_image2_1.jpg,20221017160336,20250116130814,48268,26,500,FD,FD05,FD050100,http://tong.visitkorea.or.kr/cms/resource/48/2868348_image3_1.jpg,Type3,6
2775543,39,탐복,부산광역시 기장군 일광면 문오성길 31,,6,3,129.2577487848,35.2829039614,A05,A0502,A05020100,,,20211118003845,20251229143651,46041,26,710,FD,FD01,FD010100,,,6
2852602,39,태백관,부산광역시 동래구 충렬대로285번길 31 (칠산동),,6,6,129.0908960978,35.2018349452,A05,A0502,A05020400,,http://tong.visitkorea.or.kr/cms/resource/93/2852593_image2_1.jpg,20220913170820,20250828173532,47812,26,260,FD,FD02,FD020100,http://tong.visitkorea.or.kr/cms/resource/93/2852593_image3_1.jpg,Type3,6
127752,12,태종대온천찜질방,부산광역시 영도구 태종로 808,,6,14,129.0787786847,35.0645889744,A02,A0202,A02020300,,http://tong.visitkorea.or.kr/cms/resource/85/3547085_image2_1.jpg,20031210090000,20251023143000,49126,26,200,EX,EX05,EX050100,http://tong.visitkorea.or.kr/cms/resource/85/3547085_image3_1.jpg,Type1,6
1608751,12,태종사,부산광역시 영도구 전망로 119,,6,14,129.0897751849,35.0560095813,A02,A0201,A02010800,,http://tong.visitkorea.or.kr/cms/resource/87/3552687_image2_1.jpg,20120421003749,20251023143000,49127,26,200,HS,HS03,HS030100,http://tong.visitkorea.or.kr/cms/resource/87/3552687_image3_1.jpg,Type1,6
2869186,39,토로,부산광역시 영도구 태종로750번길 46 (동삼동),,6,14,129.0782008306,35.0692134470,A05,A0502,A05020200,,http://tong.visitkorea.or.kr/cms/resource/78/2869178_image2_1.jpg,20221018142455,20250620153137,49124,26,200,FD,FD02,FD020300,http://tong.visitkorea.or.kr/cms/resource/78/2869178_image3_1.jpg,Type3,6
403929,39,토비코,부산광역시 금정구 금정로 45,,6,2,129.0857930213,35.2288679330,A05,A0502,A05020100,,,20080120072359,20250304173307,46293,26,410,FD,FD01,FD010100,,,6
1162526,32,토요코인호텔 부산서면,부산광역시 부산진구 서전로 39 (전포동),,6,7,129.0640801887,35.1580060259,B02,B0201,B02010100,,http://tong.visitkorea.or.kr/cms/resource/49/3476749_image2_1.jpg,20110105224636,20251120104828,47247,26,230,AC,AC01,AC010100,http://tong.visitkorea.or.kr/cms/resource/49/3476749_image3_1.jpg,Type3,6
2841442,39,톤쇼우,부산광역시 금정구 금강로 247-10 (장전동),,6,2,129.0842986624,35.2304871678,A05,A0502,A05020300,,http://tong.visitkorea.or.kr/cms/resource/30/2841430_image2_1.jpg,20220823105123,20250605111729,46288,26,410,FD,FD02,FD020200,http://tong.visitkorea.or.kr/cms/resource/30/2841430_image3_1.jpg,Type3,6
2838889,39,툇마루,부산광역시 북구 금곡대로285번길 81 (화명동),,6,8,129.0090301147,35.2342436895,A05,A0502,A05020100,,http://tong.visitkorea.or.kr/cms/resource/78/2838878_image2_1.jpg,20220818141654,20250530142314,46527,26,320,FD,FD01,FD010100,http://tong.visitkorea.or.kr/cms/resource/78/2838878_image3_1.jpg,Type3,6
3532722,32,트래블라이트,부산광역시 부산진구 서면로68번길 52 (부전동),7층,6,7,129.0582835611,35.1546812913,B02,B0201,B02011100,,,20250908135948,20251023143000,47286,26,230,AC,AC06,AC060200,,,6
2848939,39,튼튼장어 무한리필,부산광역시 기장군 기장해안로 1301,,6,3,129.2331682209,35.2601393874,A05,A0502,A05020100,,http://tong.visitkorea.or.kr/cms/resource/59/2848759_image2_1.jpg,20220905110752,20250116113904,46044,26,710,FD,FD01,FD010100,http://tong.visitkorea.or.kr/cms/resource/59/2848759_image3_1.jpg,Type3,6
2853081,39,파나카F,부산광역시 동래구 금정마을로 54,,6,6,129.0627927041,35.2121971536,A05,A0502,A05020900,,http://tong.visitkorea.or.kr/cms/resource/78/2853078_image2_1.jpg,20220914111145,20250120132727,47718,26,260,FD,FD05,FD050100,http://tong.visitkorea.or.kr/cms/resource/78/2853078_image3_1.jpg,Type3,6
142853,32,파라다이스 호텔 부산,부산광역시 해운대구 해운대해변로 296,,6,16,129.1641214339,35.1599409935,B02,B0201,B02010100,,http://tong.visitkorea.or.kr/cms/resource/55/3510355_image2_1.jpg,20031223090000,20250721162401,48099,26,350,AC,AC01,AC010100,http://tong.visitkorea.or.kr/cms/resource/55/3510355_image3_1.jpg,Type3,6
133314,39,팔미초밥,부산광역시 연제구 월드컵대로119번길 8,,6,13,129.0818167950,35.1849700007,A05,A0502,A05020300,,,20041230090000,20250307141556,47596,26,470,FD,FD02,FD020200,,,6
2844738,39,팜카페,부산광역시 기장군 기장읍 석산1길 41,,6,3,129.2106078643,35.2033453296,A05,A0502,A05020900,,http://tong.visitkorea.or.kr/cms/resource/32/2844732_image2_1.jpg,20220829101002,20250609132037,46081,26,710,FD,FD05,FD050100,http://tong.visitkorea.or.kr/cms/resource/32/2844732_image3_1.jpg,Type3,6
2613988,32,팝콘 호스텔 해운대점,부산광역시 해운대구 해운대해변로 321,(중동)11층,6,16,129.1653073710,35.1625407241,B02,B0201,B02011100,,,20190802190541,20251023143000,48096,26,350,AC,AC06,AC060200,,,
3370514,15,페스티벌 시월,부산광역시 해운대구 APEC로 55 (우동),벡스코 등 부산광역시 전역,6,16,129.1355209016,35.1687450332,A02,A0207,A02070200,051-711-0054,http://tong.visitkorea.or.kr/cms/resource/68/3533968_image2_1.jpg,20240920150004,20250910105730,48060,26,350,EV,EV01,EV010200,http://tong.visitkorea.or.kr/cms/resource/68/3533968_image3_1.jpg,Type3,6
2731553,32,펠릭스바이STX,부산광역시 해운대구 해운대로 620 해운대 라뮤에뜨,,6,16,129.1584801742,35.1630016570,B02,B0201,B02011300,,http://tong.visitkorea.or.kr/cms/resource/69/2816269_image2_1.jpg,20210805224346,20250121160455,48094,26,350,AC,AC02,AC020200,http://tong.visitkorea.or.kr/cms/resource/69/2816269_image2_1.jpg,Type3,6
128055,12,평화공원,부산광역시 남구 신선로447번길 10,,6,4,129.0995779953,35.1253214518,A02,A0202,A02020700,,http://tong.visitkorea.or.kr/cms/resource/63/3370163_image2_1.jpg,20040302090000,20250305145508,48529,26,290,VE,VE03,VE030100,http://tong.visitkorea.or.kr/cms/resource/63/3370163_image3_1.jpg,Type1,6
2756678,39,포레스트3002,부산광역시 강서구 낙동남로682번길 262 (녹산동),,6,1,128.8935322897,35.1159575984,A05,A0502,A05020900,,http://tong.visitkorea.or.kr/cms/resource/96/2756896_image2_1.jpg,20211013235120,20251104171929,46736,26,440,FD,FD05,FD050100,http://tong.visitkorea.or.kr/cms/resource/96/2756896_image3_1.jpg,Type3,6
2844748,39,포에버얌 부산기장점,부산광역시 기장군 일광읍 문오성길 43,,6,3,129.2583070724,35.2827845407,A05,A0502,A05020700,,http://tong.visitkorea.or.kr/cms/resource/40/2844740_image2_1.jpg,20220829101528,20250828132443,46041,26,710,FD,FD02,FD020400,http://tong.visitkorea.or.kr/cms/resource/40/2844740_image3_1.jpg,Type3,6
2869249,39,푸디1354,부산광역시 강서구 가락대로 1354 (봉림동),,6,1,128.9029434656,35.1856110779,A05,A0502,A05020100,,http://tong.visitkorea.or.kr/cms/resource/06/2869206_image2_1.jpg,20221018144733,20250623133925,46708,26,440,FD,FD01,FD010100,http://tong.visitkorea.or.kr/cms/resource/06/2869206_image3_1.jpg,Type3,6
2616371,39,풍년오리박사,부산광역시 금정구 청룡로 40 (청룡동),,6,2,129.0882165219,35.2756710635,A05,A0502,A05020100,,http://tong.visitkorea.or.kr/cms/resource/16/2616416_image2_1.jpg,20190823233430,20250526105305,46201,26,410,FD,FD01,FD010100,http://tong.visitkorea.or.kr/cms/resource/16/2616416_image2_1.jpg,Type3,6
2832642,39,풍원장시골밥상집,부산광역시 기장군 기장읍 기장해안로 250,,6,3,129.2232402619,35.1974490024,A05,A0502,A05020100,,http://tong.visitkorea.or.kr/cms/resource/39/2832639_image2_1.jpg,20220804151957,20250527172035,46083,26,710,FD,FD01,FD010100,http://tong.visitkorea.or.kr/cms/resource/39/2832639_image3_1.jpg,Type3,6
2891887,39,프루터리포레스트,부산광역시 해운대구 달맞이길 491,,6,16,129.1928600605,35.1796365432,A05,A0502,A05020900,,http://tong.visitkorea.or.kr/cms/resource/83/2891883_image2_1.jpg,20221031162311,20251024152407,48068,26,350,FD,FD05,FD050100,http://tong.visitkorea.or.kr/cms/resource/83/2891883_image3_1.jpg,Type3,6
2999905,12,플루니티,부산광역시 영도구 번영길 8,,6,14,129.0452947259,35.0923685831,A02,A0203,A02030400,,,20230822180038,20250109092450,49059,26,200,EX,EX07,EX070200,,,6
2832649,39,피크스퀘어,부산광역시 기장군 기장해안로 864,,6,3,129.2439402696,35.2325510123,A05,A0502,A05020900,,http://tong.visitkorea.or.kr/cms/resource/46/2832646_image2_1.jpg,20220804152913,20250527172713,46078,26,710,FD,FD05,FD050100,http://tong.visitkorea.or.kr/cms/resource/46/2832646_image3_1.jpg,Type3,6
2875819,39,하가원 해운대점,부산광역시 해운대구 좌동로91번길 28 (좌동),,6,16,129.1742979566,35.1734396708,A05,A0502,A05020100,,http://tong.visitkorea.or.kr/cms/resource/17/2875817_image2_1.JPG,20221026130040,20250704092015,48079,26,350,FD,FD01,FD010100,http://tong.visitkorea.or.kr/cms/resource/17/2875817_image3_1.JPG,Type3,6
2785276,39,하기연진주냉면,부산광역시 사하구 괴정로 34 (하단동),,6,10,128.9678872863,35.1027993255,A05,A0502,A05020100,,http://tong.visitkorea.or.kr/cms/resource/01/2798101_image2_1.JPG,20211202223942,20250828093920,49413,26,380,FD,FD01,FD010100,http://tong.visitkorea.or.kr/cms/resource/01/2798101_image3_1.JPG,Type3,6
2787137,39,하녹,부산광역시 기장군 기장읍 내리길 146-5,,6,3,129.1996889809,35.2174185508,A05,A0502,A05020900,,http://tong.visitkorea.or.kr/cms/resource/79/2791979_image2_1.jpg,20211207184100,20250828101959,46076,26,710,FD,FD05,FD050100,http://tong.visitkorea.or.kr/cms/resource/79/2791979_image3_1.jpg,Type3,6
2852277,39,하늘아래 첫 집,부산광역시 기장군 정관읍 병산2로 54-23,,6,3,129.1938108439,35.3492314413,A05,A0502,A05020100,,http://tong.visitkorea.or.kr/cms/resource/69/2852269_image2_1.jpg,20220908160002,20250828170308,46003,26,710,FD,FD01,FD010100,http://tong.visitkorea.or.kr/cms/resource/69/2852269_image3_1.jpg,Type3,6
2848930,39,하바나,부산광역시 기장군 일광읍 일광로 792,,6,3,129.2610810343,35.3114897076,A05,A0502,A05020900,,http://tong.visitkorea.or.kr/cms/resource/93/2848793_image2_1.jpg,20220905112244,20250610111925,46039,26,710,FD,FD05,FD050100,http://tong.visitkorea.or.kr/cms/resource/93/2848793_image3_1.jpg,Type3,6
2804372,32,하운드호텔 부산역점,부산광역시 동구 중앙대로236번길 9 하운드호텔,(초량동),6,5,129.0427025928,35.1177518053,B02,B0201,B02010100,,http://tong.visitkorea.or.kr/cms/resource/82/2804082_image2_1.jpg,20221231002325,20250122113640,48732,26,170,AC,AC01,AC010100,http://tong.visitkorea.or.kr/cms/resource/82/2804082_image3_1.jpg,Type3,6
2858955,39,하진이네,부산광역시 해운대구 청사포로 151 (중동),,6,16,129.1940076674,35.1620496446,A05,A0502,A05020100,,http://tong.visitkorea.or.kr/cms/resource/44/2858944_image2_1.jpg,20220923142703,20250829152055,48116,26,350,FD,FD01,FD010100,http://tong.visitkorea.or.kr/cms/resource/44/2858944_image3_1.jpg,Type3,6
2775565,12,학리항(학리방파제),부산광역시 기장군 일광면 학리 251-13,,6,3,129.2477530679,35.2599730111,A01,A0101,A01011400,,http://tong.visitkorea.or.kr/cms/resource/27/3334627_image2_1.jpg,20211118004931,20250305103704,46045,26,710,NA,NA02,NA020700,http://tong.visitkorea.or.kr/cms/resource/27/3334627_image3_1.jpg,Type3,6
2550799,14,한국기독교선교박물관,부산광역시 동래구 충렬대로202번가길 24 (수안동),,6,6,129.0828690343,35.2012570842,A02,A0206,A02060100,,http://tong.visitkorea.or.kr/cms/resource/81/3081181_image2_1.JPG,20180614233446,20250418101247,47817,26,260,VE,VE07,VE070100,http://tong.visitkorea.or.kr/cms/resource/81/3081181_image3_1.JPG,Type3,6
2788392,14,한국신발관,부산광역시 부산진구 백양대로 227,(개금동),6,7,129.0258252014,35.1573442832,A02,A0206,A02060300,,http://tong.visitkorea.or.kr/cms/resource/31/3587431_image2_1.jpg,20211208021954,20251222180218,47259,26,230,VE,VE07,VE070300,http://tong.visitkorea.or.kr/cms/resource/31/3587431_image3_1.jpg,Type3,6
2841052,39,한그루양과점,부산광역시 강서구 명지국제6로1번길 37 (명지동),,6,1,128.8997906361,35.0953933502,A05,A0502,A05020900,,http://tong.visitkorea.or.kr/cms/resource/43/2841043_image2_1.jpg,20220822172427,20250605102427,46726,26,440,FD,FD05,FD050100,http://tong.visitkorea.or.kr/cms/resource/43/2841043_image3_1.jpg,Type3,6
2867734,39,한우뭉치,부산광역시 중구 보수대로 106 (보수동3가),,6,15,129.0215936568,35.1053166975,A05,A0502,A05020100,,http://tong.visitkorea.or.kr/cms/resource/29/2867729_image2_1.JPG,20221014154520,20250619180936,48965,26,110,FD,FD01,FD010100,http://tong.visitkorea.or.kr/cms/resource/29/2867729_image3_1.JPG,Type3,6
686419,39,할매가야밀면,부산광역시 중구 광복로 56-14,,6,15,129.0312346584,35.0989509211,A05,A0502,A05020100,,,20090130191141,20240912140447,48953,26,110,FD,FD01,FD010100,,,6
851989,39,할매복국,부산광역시 해운대구 달맞이길62번길 1,,6,16,129.1715207639,35.1609243536,A05,A0502,A05020100,,,20091030221338,20250408130307,48098,26,350,FD,FD01,FD010100,,,6
2905141,39,할매집,부산광역시 해운대구 중동2로10번길 7,해운대온천센터 1층,6,16,129.1649018354,35.1630962099,A05,A0502,A05020100,,http://tong.visitkorea.or.kr/cms/resource/35/2905135_image2_1.jpg,20221110162650,20250120112932,48096,26,350,FD,FD01,FD010100,http://tong.visitkorea.or.kr/cms/resource/35/2905135_image3_1.jpg,Type3,6
1805095,39,할매팥빙수단팥죽,부산광역시 남구 용호로90번길 24,,6,4,129.1111159093,35.1243106672,A05,A0502,A05020900,,http://tong.visitkorea.or.kr/cms/resource/93/1804793_image2_1.jpg,20130417025042,20250319185129,48523,26,290,FD,FD05,FD050100,http://tong.visitkorea.or.kr/cms/resource/93/1804793_image3_1.jpg,Type3,6
131452,28,함지골청소년수련관,부산광역시 영도구 절영로 321,(동삼동),6,14,129.0541777748,35.0744874138,A03,A0302,A03020200,,,20040227090000,20250327090423,49113,26,200,VE,VE10,VE100200,,,6
2869618,39,합천국밥집,부산광역시 남구 용호로 235,,6,4,129.1112856947,35.1112815729,A05,A0502,A05020100,,http://tong.visitkorea.or.kr/cms/resource/03/2869603_image2_1.JPG,20221018163614,20251105175542,48593,26,290,FD,FD01,FD010100,http://tong.visitkorea.or.kr/cms/resource/03/2869603_image3_1.JPG,Type3,6
2775559,12,해광사,부산광역시 기장군 기장읍 기장해안로 340,,6,3,129.2257620400,35.2055759171,A02,A0201,A02010800,,http://tong.visitkorea.or.kr/cms/resource/91/3561291_image2_1.jpg,20211118004653,20251104164657,46082,26,710,HS,HS03,HS030100,http://tong.visitkorea.or.kr/cms/resource/91/3561291_image3_1.jpg,Type1,6
2872271,39,해녀천지할매집,부산광역시 기장군 기장읍 연화1길 210,,6,3,129.2273615202,35.2193827342,A05,A0502,A05020100,,http://tong.visitkorea.or.kr/cms/resource/67/2872267_image2_1.JPG,20221021131139,20250701175728,46079,26,710,FD,FD01,FD010100,http://tong.visitkorea.or.kr/cms/resource/67/2872267_image3_1.JPG,Type3,6
2875364,39,해녀할매집,부산광역시 기장군 기장읍 연화2길 30-1,,6,3,129.2268504654,35.2189494395,A05,A0502,A05020100,,http://tong.visitkorea.or.kr/cms/resource/53/2875353_image2_1.JPG,20221026100218,20250703113403,46082,26,710,FD,FD01,FD010100,http://tong.visitkorea.or.kr/cms/resource/53/2875353_image3_1.JPG,Type3,6
3017347,12,해돋이전망대,부산광역시 영도구 해돋이3길 410-1 (청학동),,6,14,129.0559688873,35.0891108108,A02,A0205,A02050600,,,20231004113904,20251230172635,49032,26,200,VE,VE01,VE010200,,,6
2775495,12,해동성취사,부산광역시 기장군 장안읍 고무로 207-4,,6,3,129.2752373809,35.3386258180,A02,A0201,A02010800,,http://tong.visitkorea.or.kr/cms/resource/73/3561273_image2_1.jpg,20211118000027,20251104163758,46035,26,710,HS,HS03,HS030100,http://tong.visitkorea.or.kr/cms/resource/73/3561273_image3_1.jpg,Type1,6
1805792,39,해동횟집,부산광역시 기장군 기장읍 기장해안로 603,,6,3,129.2302916643,35.2250432656,A05,A0502,A05020100,,,20130419014122,20250326111735,46079,26,710,FD,FD01,FD010100,,,6
2786766,39,해목,부산광역시 해운대구 구남로24번길 8 (우동),,6,16,129.1596828783,35.1618601408,A05,A0502,A05020300,,http://tong.visitkorea.or.kr/cms/resource/45/2797545_image2_1.JPG,20211207002322,20250828101047,48094,26,350,FD,FD02,FD020200,http://tong.visitkorea.or.kr/cms/resource/45/2797545_image2_1.JPG,Type3,6
2853156,39,해물왕창칼국수,부산광역시 사상구 사상로 316,,6,9,128.9837923295,35.1727362290,A05,A0502,A05020100,,http://tong.visitkorea.or.kr/cms/resource/43/2853143_image2_1.jpg,20220914113344,20250115155817,46949,26,530,FD,FD01,FD010100,http://tong.visitkorea.or.kr/cms/resource/43/2853143_image3_1.jpg,Type3,6
3451794,14,해성아트베이,부산광역시 남구 분포로 101 (용호동),용호만유람선터미널,6,4,129.1153458655,35.1327486901,A02,A0206,A02060300,,http://tong.visitkorea.or.kr/cms/resource/71/3459571_image2_1.jpg,20241219105513,20251023143000,48516,26,290,VE,VE07,VE070300,http://tong.visitkorea.or.kr/cms/resource/71/3459571_image3_1.jpg,Type1,6
2865435,39,해신킹크랩,부산광역시 부산진구 전포대로275번길 65 (전포동),,6,7,129.0638883992,35.1630776762,A05,A0502,A05020100,,http://tong.visitkorea.or.kr/cms/resource/17/2865417_image2_1.jpg,20221011170837,20250829153146,47241,26,230,FD,FD01,FD010100,http://tong.visitkorea.or.kr/cms/resource/17/2865417_image3_1.jpg,Type3,6
2708164,28,해안누리길 몰운대길,부산광역시 사하구 다대로 734,(다대동),6,10,128.9614309528,35.0498384676,A03,A0302,A03022700,,http://tong.visitkorea.or.kr/cms/resource/00/2646400_image2_1.jpg,20210305193427,20250801133106,49505,26,380,LS,LS01,LS011900,http://tong.visitkorea.or.kr/cms/resource/00/2646400_image3_1.jpg,Type3,6
2019594,14,해양환경공단 해양환경교육원(부산),부산광역시 영도구 해양로301번길 23,,6,14,129.0779422192,35.0802260985,A02,A0206,A02060300,,http://tong.visitkorea.or.kr/cms/resource/40/3336540_image2_1.jpg,20150721012333,20240723164538,49111,26,200,VE,VE07,VE070300,http://tong.visitkorea.or.kr/cms/resource/40/3336540_image3_1.jpg,Type3,6
2786779,39,해운대 가야밀면,부산광역시 해운대구 좌동순환로 27 (좌동),,6,16,129.1663598827,35.1688900329,A05,A0502,A05020100,,http://tong.visitkorea.or.kr/cms/resource/66/2797566_image2_1.JPG,20211207002608,20251210090909,48084,26,350,FD,FD01,FD010100,http://tong.visitkorea.or.kr/cms/resource/66/2797566_image2_1.JPG,Type3,6
127004,12,해운대 관광특구,부산광역시 해운대구,"우동, 중동, 송정동, 재송동 센텀시티 지역",6,16,129.1598690678,35.1584383046,A02,A0202,A02020200,,http://tong.visitkorea.or.kr/cms/resource/68/3026468_image2_1.JPG,20031215090000,20250407112716,"612-020,1",26,350,VE,VE05,VE050100,http://tong.visitkorea.or.kr/cms/resource/68/3026468_image3_1.JPG,Type3,
2822343,12,해운대 그린레일웨이 (미포~송정 구간),부산광역시 해운대구 청사포로 116 (중동),,6,16,129.1914273569,35.1612857933,A01,A0101,A01010500,,http://tong.visitkorea.or.kr/cms/resource/37/2822337_image2_1.png,20220531134949,20250814152348,48116,26,350,NA,NA05,NA050100,http://tong.visitkorea.or.kr/cms/resource/37/2822337_image3_1.png,Type1,6
987810,12,해운대 동백섬,부산광역시 해운대구 동백로 67,(우동) 일대,6,16,129.1521809693,35.1539914380,A01,A0101,A01011300,,http://tong.visitkorea.or.kr/cms/resource/47/3350847_image2_1.jpg,20100329182646,20250311125658,48100,26,350,NA,NA02,NA020500,http://tong.visitkorea.or.kr/cms/resource/47/3350847_image3_1.jpg,Type3,6
1304431,38,해운대 로데오거리,부산광역시 해운대구 좌동순환로 473,(중동),6,16,129.1696430809,35.1634129289,A04,A0401,A04011200,,http://tong.visitkorea.or.kr/cms/resource/95/3032195_image2_1.JPG,20110610235639,20250407152606,48097,26,350,SH,SH07,SH070100,http://tong.visitkorea.or.kr/cms/resource/95/3032195_image3_1.JPG,Type3,6
2048902,15,해운대 빛축제,부산광역시 해운대구 해운대해변로 280 (중동),해운대 해수욕장,6,16,129.1626049105,35.1595354549,A02,A0207,A02070200,051-749-4062,http://tong.visitkorea.or.kr/cms/resource/12/3576412_image2_1.jpg,20151211222001,20251231135120,48099,26,350,EV,EV01,EV010200,http://tong.visitkorea.or.kr/cms/resource/12/3576412_image3_1.jpg,Type3,6
2705418,32,해운대 영무파라드호텔,부산광역시 해운대구 해운대해변로298번길 25 (중동),,6,16,129.1665100882,35.1609381479,B02,B0201,B02011300,,http://tong.visitkorea.or.kr/cms/resource/20/2705420_image2_1.jpg,20210204182119,20251027172925,48099,26,350,AC,AC02,AC020200,http://tong.visitkorea.or.kr/cms/resource/20/2705420_image3_1.jpg,Type3,6
2760773,39,해운대기와집대구탕,부산광역시 해운대구 달맞이길50번길 4 (중동),2~3층,6,16,129.1700125548,35.1611742976,A05,A0502,A05020100,,http://tong.visitkorea.or.kr/cms/resource/66/2761266_image2_1.jpg,20211021225045,20251105113448,48097,26,350,FD,FD01,FD010100,http://tong.visitkorea.or.kr/cms/resource/66/2761266_image3_1.jpg,Type3,6
1889286,25,해운대를 지나 문탠로드를 걷다,,,6,16,129.1522560183,35.1519749981,C01,C0115,C01150001,,http://tong.visitkorea.or.kr/cms/resource/87/200287_image2_1.jpg,20140124232021,20230809110132,,26,350,C01,C0115,C01150001,http://tong.visitkorea.or.kr/cms/resource/87/200287_image3_1.jpg,Type3,
2705325,12,해운대리버크루즈,부산광역시 해운대구 수영강변대로 85,(우동),6,16,129.1273244146,35.1679171964,A02,A0202,A02020800,,http://tong.visitkorea.or.kr/cms/resource/26/3041326_image2_1.JPG,20210204010831,20250428160105,48058,26,350,EX,EX07,EX070100,http://tong.visitkorea.or.kr/cms/resource/26/3041326_image3_1.JPG,Type3,6
1748157,14,해운대문화회관,부산광역시 해운대구 양운로 97 해운대문화회관,,6,16,129.1740313744,35.1711815853,A02,A0206,A02060600,,http://tong.visitkorea.or.kr/cms/resource/27/3026627_image2_1.JPG,20121106015237,20250407153914,48102,26,350,VE,VE06,VE060100,http://tong.visitkorea.or.kr/cms/resource/27/3026627_image3_1.JPG,Type3,6
2663379,32,해운대센텀호텔,부산광역시 해운대구 센텀3로 20 (우동),,6,16,129.1328433813,35.1678506389,B02,B0201,B02010100,,http://tong.visitkorea.or.kr/cms/resource/14/2719514_image2_1.jpg,20200714001656,20250829100926,48060,26,350,AC,AC01,AC010100,http://tong.visitkorea.or.kr/cms/resource/14/2719514_image2_1.jpg,Type3,6
126108,12,해운대온천센터,부산광역시 해운대구 중동2로 16,(중동),6,16,129.1645768542,35.1634406103,A02,A0202,A02020300,,http://tong.visitkorea.or.kr/cms/resource/17/3026517_image2_1.JPG,20031022090000,20250415095848,48096,26,350,EX,EX05,EX050100,http://tong.visitkorea.or.kr/cms/resource/17/3026517_image3_1.JPG,Type3,6
2858936,39,해운대하얀오징어집,부산광역시 해운대구 달맞이길50번길 4,,6,16,129.1700125548,35.1611742976,A05,A0502,A05020100,,http://tong.visitkorea.or.kr/cms/resource/34/2858934_image2_1.jpg,20220923142055,20250116113047,48097,26,350,FD,FD01,FD010100,http://tong.visitkorea.or.kr/cms/resource/34/2858934_image3_1.jpg,Type3,6
2852289,39,해운대해물칼국수,부산광역시 기장군 장안읍 해맞이로 270,,6,3,129.2677218291,35.3220608686,A05,A0502,A05020100,,http://tong.visitkorea.or.kr/cms/resource/85/2852285_image2_1.jpg,20220908160529,20250611171652,46037,26,710,FD,FD01,FD010100,http://tong.visitkorea.or.kr/cms/resource/85/2852285_image3_1.jpg,Type3,6
2804685,25,"해파랑길(부산,울산 구간)",,,6,4,0,0,C01,C0114,C01140001,,http://tong.visitkorea.or.kr/cms/resource/46/2653346_image2_1.jpg,20220117180046,20231017171538,,26,290,C01,C0114,C01140001,http://tong.visitkorea.or.kr/cms/resource/46/2653346_image3_1.jpg,Type3,
2759611,39,해풍가마솥,부산광역시 기장군 기장읍 연화1길 67,,6,3,129.2236480700,35.2152025780,A05,A0502,A05020100,,http://tong.visitkorea.or.kr/cms/resource/64/2759664_image2_1.jpg,20211020190204,20250626134421,46082,26,710,FD,FD01,FD010100,http://tong.visitkorea.or.kr/cms/resource/64/2759664_image2_1.jpg,Type3,6
3533150,32,행운인생,부산광역시 남구 고동골로 40 (문현동),2층,6,4,129.0712911502,35.1405414480,B02,B0201,B02011100,,,20250908223510,20250922192817,48416,26,290,AC,AC06,AC060200,,,6
2841524,39,향유정 속초이모네찜,부산광역시 기장군 기장읍 대변로 105,,6,3,129.2241254387,35.2284788768,A05,A0502,A05020100,,http://tong.visitkorea.or.kr/cms/resource/09/2841509_image2_1.jpg,20220823114156,20250828111627,46079,26,710,FD,FD01,FD010100,http://tong.visitkorea.or.kr/cms/resource/09/2841509_image3_1.jpg,Type3,6
2832655,39,헤이든,부산광역시 기장군 일광읍 문오성길 22,,6,3,129.2567155544,35.2824206625,A05,A0502,A05020900,,http://tong.visitkorea.or.kr/cms/resource/54/2832654_image2_1.jpg,20220804153735,20250527174719,46041,26,710,FD,FD05,FD050100,http://tong.visitkorea.or.kr/cms/resource/54/2832654_image3_1.jpg,Type3,6
2560161,15,헬로메이커,부산광역시 기장군 기장읍 동부산관광6로 59,,6,3,129.2127298662,35.2046368910,A02,A0207,A02070200,1422-23,http://tong.visitkorea.or.kr/cms/resource/93/3525493_image2_1.png,20180910223555,20250904105503,46081,26,710,EV,EV01,EV010200,http://tong.visitkorea.or.kr/cms/resource/93/3525493_image3_1.png,Type3,6
2852301,39,형제가든,부산광역시 기장군 철마면 석길길 16-6,,6,3,129.1649012311,35.2857713545,A05,A0502,A05020100,,http://tong.visitkorea.or.kr/cms/resource/97/2852297_image2_1.jpg,20220908161054,20250828172649,46050,26,710,FD,FD01,FD010100,http://tong.visitkorea.or.kr/cms/resource/97/2852297_image3_1.jpg,Type3,6
3532608,32,호두스테이,부산광역시 수영구 수영로594번길 7 (광안동),201호,6,12,129.1138897159,35.1590373868,B02,B0201,B02011200,,,20250908103203,20250921213820,48294,26,500,AC,AC03,AC030400,,,6
3469691,32,호텔 더반,부산광역시 사상구 사상로224번길 10 (괘법동),,6,9,128.9839230827,35.1650732013,B02,B0201,B02010900,,,20250123103424,20250319185515,46964,26,530,AC,AC04,AC040100,,,6
3469763,32,호텔 야오,부산광역시 사하구 낙동남로1389번길 18 (하단동),,6,10,128.9638541757,35.1075098346,B02,B0201,B02010900,,,20250123104840,20250319190331,49312,26,380,AC,AC04,AC040100,,,6
2701011,32,호텔 프렌치코드,부산광역시 금정구 중앙대로1805번길 16 (구서동),,6,2,129.0923197882,35.2449384744,B02,B0201,B02010100,,http://tong.visitkorea.or.kr/cms/resource/32/2698332_image2_1.jpg,20201224003513,20251120111707,46274,26,410,AC,AC01,AC010100,http://tong.visitkorea.or.kr/cms/resource/32/2698332_image3_1.jpg,Type3,6
2378912,32,호텔포레 더 스파,부산광역시 동구 중앙대로296번길 6,(초량동),6,5,129.0446439572,35.1226151856,B02,B0201,B02010100,,http://tong.visitkorea.or.kr/cms/resource/39/3095139_image2_1.jpg,20160419222322,20250319185639,48730,26,170,AC,AC01,AC010100,http://tong.visitkorea.or.kr/cms/resource/39/3095139_image3_1.jpg,Type3,6
2708667,32,호텔포레 프리미어 남포,부산광역시 중구 구덕로 54-1,(남포동5가),6,15,129.0297348037,35.0984231743,B02,B0201,B02010100,,http://tong.visitkorea.or.kr/cms/resource/00/2708500_image2_1.jpg,20210310011132,20250121095937,48953,26,110,AC,AC01,AC010100,http://tong.visitkorea.or.kr/cms/resource/00/2708500_image3_1.jpg,Type3,
128886,12,홍법사(부산),부산광역시 금정구 두구로33번길 202 (두구동),,6,2,129.1110109760,35.3040405268,A02,A0201,A02010800,,http://tong.visitkorea.or.kr/cms/resource/87/3561487_image2_1.jpg,20060330090000,20251127132325,46206,26,410,HS,HS03,HS030100,http://tong.visitkorea.or.kr/cms/resource/87/3561487_image3_1.jpg,Type1,6
2869343,39,홍순덕 전포양곱창,부산광역시 수영구 과정로16번길 23,,6,12,129.1099591046,35.1735190256,A05,A0502,A05020100,,http://tong.visitkorea.or.kr/cms/resource/29/2869329_image2_1.JPG,20221018150840,20251105175141,48219,26,500,FD,FD01,FD010100,http://tong.visitkorea.or.kr/cms/resource/29/2869329_image3_1.JPG,Type3,6
2756696,12,화명수목원,부산광역시 북구 산성로 299,(화명동),6,8,129.0426767218,35.2510535364,A01,A0101,A01010700,,http://tong.visitkorea.or.kr/cms/resource/41/3497041_image2_1.jpg,20211013235952,20250702091241,46515,26,320,NA,NA04,NA040700,http://tong.visitkorea.or.kr/cms/resource/41/3497041_image3_1.jpg,Type1,6
2734674,28,화명오토캠핑장,부산광역시 북구 낙동강자전거길 1425 (덕천동),,6,8,128.9995730939,35.2164177357,A03,A0302,A03021700,,http://tong.visitkorea.or.kr/cms/resource/80/2735780_image2_1.JPG,20210818180717,20251023143000,46500,26,320,AC,AC05,AC050200,http://tong.visitkorea.or.kr/cms/resource/80/2735780_image2_1.JPG,Type3,6
2869875,39,화복반점,부산광역시 영도구 일산봉로39번길 14 (청학동),,6,14,129.0647515407,35.0860390940,A05,A0502,A05020400,,http://tong.visitkorea.or.kr/cms/resource/70/2869870_image2_1.jpg,20221019093823,20250829094256,49086,26,200,FD,FD02,FD020100,http://tong.visitkorea.or.kr/cms/resource/70/2869870_image3_1.jpg,Type3,6
2848924,39,황금새우기장본점,부산광역시 기장군 일광로 328,,6,3,129.2532994662,35.2722884009,A05,A0502,A05020100,,http://tong.visitkorea.or.kr/cms/resource/20/2848820_image2_1.jpg,20220905112815,20250120105622,46041,26,710,FD,FD01,FD010100,http://tong.visitkorea.or.kr/cms/resource/20/2848820_image3_1.jpg,Type3,6
128290,12,황령산,부산광역시 남구 황령산로 391-39,(대연동),6,4,129.0827285679,35.1579341561,A01,A0101,A01010400,,http://tong.visitkorea.or.kr/cms/resource/50/2732750_image2_1.jpg,20050225090000,20250319185334,48424,26,290,NA,NA01,NA010100,http://tong.visitkorea.or.kr/cms/resource/50/2732750_image3_1.jpg,Type3,6
2733472,12,황령산 전망대,부산광역시 남구 황령산로 391-39,(대연동),6,4,129.0827285679,35.1579341561,A02,A0205,A02050600,,,20210812234244,20250814171424,48424,26,290,VE,VE01,VE010200,,,6
2853031,39,황토마루,부산광역시 기장군 정관읍 병산1길 74-18,,6,3,129.1928416577,35.3429543502,A05,A0502,A05020100,,http://tong.visitkorea.or.kr/cms/resource/21/2853021_image2_1.jpg,20220914105905,20250612101641,46003,26,710,FD,FD01,FD010100,http://tong.visitkorea.or.kr/cms/resource/21/2853021_image3_1.jpg,Type3,6
2661475,12,회동수원지,부산광역시 금정구 개좌로 147,,6,2,129.1166487680,35.2252550204,A01,A0101,A01011800,,http://tong.visitkorea.or.kr/cms/resource/72/2661472_image2_1.jpg,20200630015432,20250325140052,46329,26,410,NA,NA02,NA020300,http://tong.visitkorea.or.kr/cms/resource/72/2661472_image2_1.jpg,Type3,6
2663187,28,회동수원지 둘레길,부산광역시 금정구 오륜동,,6,2,129.1121285941,35.2660392535,A03,A0302,A03022700,,http://tong.visitkorea.or.kr/cms/resource/53/3552453_image2_1.jpg,20200710234752,20251023143000,46255,26,410,LS,LS01,LS011900,http://tong.visitkorea.or.kr/cms/resource/53/3552453_image3_1.jpg,Type1,6
2859132,39,흑송 우동소바 송정본점,부산광역시 해운대구 송정광어골로 73 (송정동),,6,16,129.1965348672,35.1750510142,A05,A0502,A05020300,,http://tong.visitkorea.or.kr/cms/resource/00/2859100_image2_1.jpg,20220923151120,20250616165655,48073,26,350,FD,FD02,FD020200,http://tong.visitkorea.or.kr/cms/resource/00/2859100_image3_1.jpg,Type3,6
2865236,39,희와제과,"부산광역시 부산진구 전포대로246번길 6 (전포동, 동양팰리스)",,6,7,129.0658105816,35.1584310105,A05,A0502,A05020900,,http://tong.visitkorea.or.kr/cms/resource/31/2865231_image2_1.jpg,20221011141935,20250619105217,47301,26,230,FD,FD05,FD050100,http://tong.visitkorea.or.kr/cms/resource/31/2865231_image3_1.jpg,Type3,6
3474164,32,힐스테이호텔,부산광역시 북구 만덕고개길 83 (만덕동),힐스테이호텔,6,8,129.0482717602,35.2116802763,B02,B0201,B02010100,,,20250210101335,20250319190750,46608,26,320,AC,AC01,AC010100,,,6
133525,39,18번완당집,부산광역시 중구 비프광장로 31,,6,15,129.0284682315,35.0989841994,A05,A0502,A05020100,,,20030820090000,20251222151606,48953,26,110,FD,FD01,FD010100,,,6
2870666,39,1950 태성당,부산광역시 동구 중앙대로296번길 3-5,1층,6,5,129.0446772693,35.1233151080,A05,A0502,A05020900,,http://tong.visitkorea.or.kr/cms/resource/58/2870658_image2_1.jpg,20221019155750,20250829095658,48730,26,170,FD,FD05,FD050100,http://tong.visitkorea.or.kr/cms/resource/58/2870658_image3_1.jpg,Type3,6
3356047,15,2025 별바다부산 나이트마켓,부산광역시 북구 생태공원길 270 (화명동),,6,8,129.0078550672,35.2397152762,A02,A0208,A02081300,051-710-6948,http://tong.visitkorea.or.kr/cms/resource/89/3524089_image2_1.png,20240829134034,20250820141355,46500,26,320,EV,EV03,EV030400,http://tong.visitkorea.or.kr/cms/resource/89/3524089_image3_1.png,Type3,6
3528964,15,2025 부산세일페스타 부대앞으로,부산광역시 금정구 장전로12번길 55 (장전동),,6,2,129.0881150065,35.2301428332,A02,A0208,A02081300,051-714-1497,http://tong.visitkorea.or.kr/cms/resource/62/3528962_image2_1.png,20250828180317,20250828180332,46291,26,410,EV,EV03,EV030400,http://tong.visitkorea.or.kr/cms/resource/62/3528962_image3_1.png,Type3,6
3524130,15,2025 서부산 슈퍼어싱 페스티벌,부산광역시 사하구 몰운대1길 14 (다대동),,6,10,128.9680471374,35.0463945293,A02,A0208,A02081300,070-4129-1082,http://tong.visitkorea.or.kr/cms/resource/23/3524123_image2_1.jpg,20250820142641,20250821150632,49527,26,380,EV,EV03,EV030400,http://tong.visitkorea.or.kr/cms/resource/23/3524123_image3_1.jpg,Type3,6
2868776,15,2025 영호남 전통시장 박람회,부산광역시 부산진구 시민공원로 73 (범전동),,6,7,129.0567056306,35.1652745207,A02,A0208,A02080600,051-635-5331,http://tong.visitkorea.or.kr/cms/resource/71/3553771_image2_1.jpg,20221017175934,20251023143000,47197,26,230,EV,EV03,EV030200,http://tong.visitkorea.or.kr/cms/resource/71/3553771_image3_1.jpg,Type3,6
126814,12,25의용단,부산광역시 수영구 연수로379번길 42,(수영동),6,12,129.1138921398,35.1719498296,A02,A0201,A02010700,,,20021107090000,20250307094648,48229,26,500,HS,HS01,HS010800,,,6
2853243,39,303일상,부산광역시 동래구 차밭골로 36-4 (온천동),,6,6,129.0777662684,35.2170080024,A05,A0502,A05020300,,http://tong.visitkorea.or.kr/cms/resource/41/2853241_image2_1.jpg,20220914130217,20250612103806,47706,26,260,FD,FD02,FD020200,http://tong.visitkorea.or.kr/cms/resource/41/2853241_image3_1.jpg,Type3,6
2870800,39,303화덕 동래온천장점,부산광역시 동래구 차밭골로 37 (온천동),,6,6,129.0774746236,35.2171413152,A05,A0502,A05020200,,http://tong.visitkorea.or.kr/cms/resource/92/2870792_image2_1.jpg,20221019163305,20250627091945,47706,26,260,FD,FD02,FD020300,http://tong.visitkorea.or.kr/cms/resource/92/2870792_image3_1.jpg,Type3,6
2608470,39,77돌곱창,부산광역시 사상구 괘감로 98,,6,9,128.9851204151,35.1572213251,A05,A0502,A05020100,,http://tong.visitkorea.or.kr/cms/resource/11/2608611_image2_1.JPG,20190629004207,20250526101744,46981,26,530,FD,FD01,FD010100,http://tong.visitkorea.or.kr/cms/resource/11/2608611_image2_1.JPG,Type3,6
2570213,32,AJ하우스(AJ House),부산광역시 영도구 태종로 40,"(대교동1가,브릿지타워) 1001호",6,14,129.0365232086,35.0945070713,B02,B0201,B02011100,,http://tong.visitkorea.or.kr/cms/resource/64/2568064_image2_1.jpg,20181127195821,20250915113754,49042,26,200,AC,AC06,AC060200,http://tong.visitkorea.or.kr/cms/resource/64/2568064_image2_1.jpg,Type3,
2696504,32,JSTAY,부산광역시 수영구 남천바다로 31-1,(광안동),6,12,129.1140538711,35.1488052015,B02,B0201,B02011100,,,20201210234142,20241127135242,48303,26,500,AC,AC06,AC060200,,,
2569922,32,La Casa del Sol (라까사델솔 게스트하우스),부산광역시 서구 부용로 14-36,(서대신동1가),6,11,129.0167912233,35.1080051969,B02,B0201,B02011100,,http://tong.visitkorea.or.kr/cms/resource/61/2567961_image2_1.jpg,20181127014544,20241126103700,49233,26,140,AC,AC06,AC060200,http://tong.visitkorea.or.kr/cms/resource/61/2567961_image2_1.jpg,Type3,
2624014,32,The Park Guest House,부산광역시 수영구 광남로 151,(광안동) 4층,6,12,129.1177867137,35.1548712584,B02,B0201,B02011100,,,20191011182721,20250915133447,48299,26,500,AC,AC06,AC060200,,,
2945389,12,UN조각공원,부산광역시 남구 대연동,93,6,4,129.0976280442,35.1297375886,A02,A0202,A02020700,,,20230127102211,20250107174238,48529,26,290,VE,VE03,VE030500,,,6
2563357,39,[백년가게]옥미아구찜,부산광역시 수영구 망미번영로55번길 35,,6,12,129.1088369750,35.1737300923,A05,A0502,A05020100,,,20181016192520,20250307092435,48219,26,500,FD,FD01,FD010100,,,6
1878262,28,[부산 갈맷길] 2코스 2구간,부산광역시 해운대구 우동,,6,16,129.1325241300,35.1618263079,A03,A0302,A03022700,,http://tong.visitkorea.or.kr/cms/resource/12/3575912_image2_1.jpg,20140102201121,20251128102052,48089,26,350,LS,LS01,LS011900,http://tong.visitkorea.or.kr/cms/resource/12/3575912_image3_1.jpg,Type1,6
2704645,28,[해파랑길] 2코스,부산광역시 해운대구 달맞이길62번길 33-1,(중동),6,16,129.1706820162,35.1584551702,A03,A0302,A03022700,,http://tong.visitkorea.or.kr/cms/resource/80/2642780_image2_1.jpg,20210127003604,20250711100433,48098,26,350,LS,LS01,LS011900,http://tong.visitkorea.or.kr/cms/resource/80/2642780_image3_1.jpg,Type3,6
