grid_x,grid_y,lat,lon
1377,872,34.882587,128.7682
1378,872,34.882427,128.77377
1379,872,34.882267,128.77934
1380,872,34.88211,128.78491
1381,872,34.88195,128.79047
1382,872,34.88179,128.79604
1383,872,34.88163,128.8016
1384,872,34.88147,128.80716
1385,872,34.881306,128.81273
1386,872,34.881145,128.8183
1387,872,34.880985,128.82387
1388,872,34.88082,128.82942
1389,872,34.88066,128.83499
1377,873,34.887173,128.7684
1378,873,34.887012,128.77397
1379,873,34.886856,128.77953
1380,873,34.886696,128.7851
1381,873,34.886536,128.79066
1382,873,34.886375,128.79623
1383,873,34.886215,128.8018
1384,873,34.886055,128.80736
1385,873,34.885895,128.81293
1386,873,34.88573,128.8185
1387,873,34.88557,128.82405
1388,873,34.885406,128.82962
1389,873,34.885246,128.83519
1390,873,34.885082,128.84076
1391,873,34.884922,128.84631
1392,873,34.884758,128.85188
1393,873,34.884594,128.85745
1394,873,34.88443,128.86302
1395,873,34.884266,128.86858
1396,873,34.8841,128.87415
1397,873,34.883938,128.87971
1398,873,34.88377,128.88528
1399,873,34.883606,128.89084
1400,873,34.88344,128.89641
1401,873,34.883274,128.90198
1402,873,34.883106,128.90753
1403,873,34.88294,128.9131
1404,873,34.882774,128.91867
1405,873,34.882607,128.92424
1406,873,34.88244,128.9298
1407,873,34.88227,128.93536
1408,873,34.882103,128.94093
1409,873,34.88193,128.94649
1410,873,34.881763,128.95206
1411,873,34.881596,128.95763
1412,873,34.881424,128.96318
1413,873,34.881256,128.96875
1414,873,34.881084,128.97432
1415,873,34.880913,128.97989
1416,873,34.88074,128.98544
1417,873,34.880573,128.99101
1377,874,34.891758,128.7686
1378,874,34.8916,128.77415
1379,874,34.89144,128.77972
1380,874,34.89128,128.7853
1381,874,34.89112,128.79086
1382,874,34.89096,128.79643
1383,874,34.8908,128.80199
1384,874,34.89064,128.80756
1385,874,34.89048,128.81313
1386,874,34.89032,128.8187
1387,874,34.890156,128.82425
1388,874,34.889996,128.82982
1389,874,34.88983,128.83539
1390,874,34.889668,128.84096
1391,874,34.889507,128.84651
1392,874,34.889343,128.85208
1393,874,34.88918,128.85765
1394,874,34.889015,128.86322
1395,874,34.88885,128.86877
1396,874,34.888687,128.87434
1397,874,34.888523,128.87991
1398,874,34.888355,128.88548
1399,874,34.88819,128.89104
1400,874,34.888027,128.8966
1401,874,34.88786,128.90218
1402,874,34.88769,128.90775
1403,874,34.887527,128.9133
1404,874,34.88736,128.91887
1405,874,34.88719,128.92444
1406,874,34.887024,128.93001
1407,874,34.886856,128.93556
1408,874,34.88669,128.94113
1409,874,34.88652,128.9467
1410,874,34.88635,128.95227
1411,874,34.88618,128.95782
1412,874,34.88601,128.9634
1413,874,34.88584,128.96896
1414,874,34.88567,128.97452
1415,874,34.885498,128.98009
1416,874,34.88533,128.98566
1417,874,34.88516,128.99123
1418,874,34.884987,128.99678
1419,874,34.884815,129.00235
1420,874,34.884644,129.00792
1421,874,34.884468,129.01347
1422,874,34.884296,129.01904
1423,874,34.884125,129.02461
1424,874,34.88395,129.03017
1425,874,34.883778,129.03574
1426,874,34.883602,129.0413
1427,874,34.883427,129.04688
1428,874,34.88325,129.05243
1429,874,34.883076,129.058
1430,874,34.8829,129.06357
1431,874,34.882725,129.06912
1432,874,34.88255,129.07469
1433,874,34.882374,129.08026
1434,874,34.8822,129.08582
1435,874,34.88202,129.09138
1436,874,34.881844,129.09695
1437,874,34.881664,129.10251
1438,874,34.88149,129.10808
1439,874,34.88131,129.11365
1440,874,34.88113,129.1192
1441,874,34.88095,129.12477
1442,874,34.88077,129.13034
1443,874,34.880592,129.1359
1377,875,34.896347,128.76878
1378,875,34.896187,128.77435
1379,875,34.896027,128.77992
1380,875,34.895866,128.78549
1381,875,34.895706,128.79105
1382,875,34.89555,128.79662
1383,875,34.895386,128.80219
1384,875,34.895226,128.80775
1385,875,34.895065,128.81332
1386,875,34.894905,128.81888
1387,875,34.89474,128.82445
1388,875,34.89458,128.83002
1389,875,34.894417,128.83559
1390,875,34.894257,128.84116
1391,875,34.894093,128.84671
1392,875,34.89393,128.85228
1393,875,34.893764,128.85785
1394,875,34.8936,128.86342
1395,875,34.893436,128.86899
1396,875,34.893272,128.87454
1397,875,34.89311,128.88011
1398,875,34.892944,128.88568
1399,875,34.892776,128.89125
1400,875,34.892612,128.8968
1401,875,34.892445,128.90237
1402,875,34.89228,128.90794
1403,875,34.892113,128.91351
1404,875,34.891945,128.91907
1405,875,34.891777,128.92464
1406,875,34.89161,128.9302
1407,875,34.89144,128.93578
1408,875,34.891273,128.94133
1409,875,34.891106,128.9469
1410,875,34.890934,128.95247
1411,875,34.890766,128.95804
1412,875,34.890594,128.9636
1413,875,34.890427,128.96916
1414,875,34.890255,128.97473
1415,875,34.890087,128.9803
1416,875,34.889915,128.98586
1417,875,34.889744,128.99142
1418,875,34.889572,128.997
1419,875,34.8894,129.00256
1420,875,34.88923,129.00812
1421,875,34.889053,129.01369
1422,875,34.88888,129.01926
1423,875,34.88871,129.02483
1424,875,34.888535,129.03038
1425,875,34.888363,129.03595
1426,875,34.888187,129.04152
1427,875,34.888012,129.04707
1428,875,34.887836,129.05264
1429,875,34.887665,129.05821
1430,875,34.88749,129.06378
1431,875,34.88731,129.06934
1432,875,34.887135,129.0749
1433,875,34.88696,129.08047
1434,875,34.886784,129.08603
1435,875,34.886604,129.0916
1436,875,34.88643,129.09717
1437,875,34.88625,129.10274
1438,875,34.886074,129.10829
1439,875,34.885895,129.11386
1440,875,34.885715,129.11943
1441,875,34.885536,129.12498
1442,875,34.885357,129.13055
1443,875,34.885178,129.13612
1444,875,34.885,129.14168
1445,875,34.88482,129.14725
1446,875,34.884636,129.15282
1447,875,34.884457,129.15837
1448,875,34.884277,129.16394
1449,875,34.884094,129.16951
1450,875,34.88391,129.17506
1451,875,34.88373,129.18063
1452,875,34.88355,129.1862
1453,875,34.883366,129.19176
1454,875,34.883183,129.19733
1455,875,34.883,129.2029
1456,875,34.882816,129.20845
1457,875,34.88263,129.21402
1458,875,34.882446,129.21959
1459,875,34.882263,129.22514
1460,875,34.882076,129.23071
1461,875,34.881893,129.23628
1462,875,34.881706,129.24184
1463,875,34.88152,129.2474
1464,875,34.881332,129.25298
1465,875,34.88115,129.25853
1466,875,34.880962,129.2641
1467,875,34.88077,129.26967
1468,875,34.880585,129.27522
1377,876,34.900932,128.76898
1378,876,34.900772,128.77455
1379,876,34.90061,128.78012
1380,876,34.900455,128.78568
1381,876,34.900295,128.79124
1382,876,34.900135,128.79681
1383,876,34.899975,128.80238
1384,876,34.899815,128.80795
1385,876,34.89965,128.8135
1386,876,34.89949,128.81908
1387,876,34.89933,128.82465
1388,876,34.899166,128.83022
1389,876,34.899006,128.83578
1390,876,34.89884,128.84135
1391,876,34.898678,128.84691
1392,876,34.898514,128.85248
1393,876,34.898354,128.85805
1394,876,34.89819,128.86362
1395,876,34.89802,128.86919
1396,876,34.897858,128.87474
1397,876,34.897694,128.88031
1398,876,34.89753,128.88588
1399,876,34.89736,128.89145
1400,876,34.897198,128.89702
1401,876,34.89703,128.90257
1402,876,34.896866,128.90814
1403,876,34.896698,128.91371
1404,876,34.89653,128.91928
1405,876,34.896362,128.92485
1406,876,34.896194,128.9304
1407,876,34.896027,128.93597
1408,876,34.89586,128.94154
1409,876,34.89569,128.94711
1410,876,34.895523,128.95267
1411,876,34.89535,128.95824
1412,876,34.895184,128.9638
1413,876,34.89501,128.96938
1414,876,34.89484,128.97495
1415,876,34.894672,128.9805
1416,876,34.8945,128.98607
1417,876,34.89433,128.99164
1418,876,34.894157,128.99721
1419,876,34.893986,129.00276
1420,876,34.893814,129.00833
1421,876,34.893642,129.0139
1422,876,34.893467,129.01947
1423,876,34.893295,129.02502
1424,876,34.89312,129.0306
1425,876,34.89295,129.03616
1426,876,34.892773,129.04173
1427,876,34.892597,129.04729
1428,876,34.892426,129.05286
1429,876,34.89225,129.05843
1430,876,34.892075,129.064
1431,876,34.8919,129.06955
1432,876,34.89172,129.07512
1433,876,34.891544,129.08069
1434,876,34.89137,129.08626
1435,876,34.89119,129.09181
1436,876,34.891014,129.09738
1437,876,34.890835,129.10295
1438,876,34.89066,129.1085
1439,876,34.89048,129.11407
1440,876,34.8903,129.11964
1441,876,34.89012,129.12521
1442,876,34.889942,129.13077
1443,876,34.889763,129.13634
1444,876,34.889584,129.1419
1445,876,34.889404,129.14746
1446,876,34.88922,129.15303
1447,876,34.88904,129.1586
1448,876,34.888863,129.16417
1449,876,34.88868,129.16972
1450,876,34.888496,129.1753
1451,876,34.888317,129.18086
1452,876,34.888134,129.18642
1453,876,34.88795,129.19199
1454,876,34.887768,129.19756
1455,876,34.887585,129.20311
1456,876,34.8874,129.20868
1457,876,34.887215,129.21425
1458,876,34.88703,129.2198
1459,876,34.88685,129.22537
1460,876,34.88666,129.23094
1461,876,34.88648,129.2365
1462,876,34.88629,129.24207
1463,876,34.886105,129.24763
1464,876,34.885918,129.25319
1465,876,34.88573,129.25876
1466,876,34.885544,129.26433
1467,876,34.885357,129.26988
1468,876,34.88517,129.27545
1469,876,34.884983,129.28102
1470,876,34.884796,129.28658
1471,876,34.884605,129.29214
1472,876,34.88442,129.29771
1473,876,34.884228,129.30327
1377,877,34.905518,128.76917
1378,877,34.905357,128.77473
1379,877,34.9052,128.7803
1380,877,34.90504,128.78587
1381,877,34.90488,128.79144
1382,877,34.90472,128.79701
1383,877,34.90456,128.80258
1384,877,34.9044,128.80814
1385,877,34.90424,128.8137
1386,877,34.904076,128.81927
1387,877,34.903915,128.82484
1388,877,34.90375,128.83041
1389,877,34.90359,128.83598
1390,877,34.903427,128.84155
1391,877,34.903263,128.8471
1392,877,34.903103,128.85268
1393,877,34.90294,128.85825
1394,877,34.902775,128.86382
1395,877,34.90261,128.86938
1396,877,34.902447,128.87495
1397,877,34.90228,128.88051
1398,877,34.902115,128.88608
1399,877,34.90195,128.89165
1400,877,34.901783,128.89722
1401,877,34.90162,128.90279
1402,877,34.90145,128.90834
1403,877,34.901283,128.91391
1404,877,34.901115,128.91948
1405,877,34.900948,128.92505
1406,877,34.90078,128.93062
1407,877,34.90061,128.93617
1408,877,34.900444,128.94174
1409,877,34.900276,128.94731
1410,877,34.90011,128.95288
1411,877,34.899937,128.95845
1412,877,34.89977,128.964
1413,877,34.899597,128.96957
1414,877,34.89943,128.97514
1415,877,34.899258,128.98071
1416,877,34.899086,128.98628
1417,877,34.898914,128.99184
1418,877,34.898743,128.9974
1419,877,34.89857,129.00298
1420,877,34.8984,129.00854
1421,877,34.898228,129.01411
1422,877,34.898052,129.01967
1423,877,34.89788,129.02524
1424,877,34.897705,129.0308
1425,877,34.897533,129.03638
1426,877,34.897358,129.04193
1427,877,34.897182,129.0475
1428,877,34.89701,129.05307
1429,877,34.896835,129.05864
1430,877,34.89666,129.06421
1431,877,34.896484,129.06976
1432,877,34.89631,129.07533
1433,877,34.89613,129.0809
1434,877,34.895954,129.08647
1435,877,34.89578,129.09203
1436,877,34.8956,129.0976
1437,877,34.89542,129.10316
1438,877,34.895245,129.10873
1439,877,34.895065,129.11429
1440,877,34.894886,129.11986
1441,877,34.894707,129.12543
1442,877,34.894527,129.131
1443,877,34.89435,129.13655
1444,877,34.89417,129.14212
1445,877,34.89399,129.14769
1446,877,34.89381,129.15324
1447,877,34.893627,129.15881
1448,877,34.893448,129.16438
1449,877,34.893265,129.16995
1450,877,34.89308,129.1755
1451,877,34.892902,129.18108
1452,877,34.89272,129.18665
1453,877,34.892536,129.19221
1454,877,34.892353,129.19777
1455,877,34.89217,129.20334
1456,877,34.891987,129.20891
1457,877,34.8918,129.21446
1458,877,34.891617,129.22003
1459,877,34.891434,129.2256
1460,877,34.891247,129.23117
1461,877,34.891064,129.23672
1462,877,34.890877,129.2423
1463,877,34.89069,129.24786
1464,877,34.890503,129.25342
1465,877,34.890316,129.25899
1466,877,34.89013,129.26456
1467,877,34.889942,129.27011
1468,877,34.889755,129.27568
1469,877,34.88957,129.28125
1470,877,34.88938,129.2868
1471,877,34.88919,129.29237
1472,877,34.889004,129.29794
1473,877,34.888813,129.3035
1377,878,34.910103,128.76936
1378,878,34.909946,128.77493
1379,878,34.909786,128.7805
1380,878,34.909626,128.78607
1381,878,34.909466,128.79164
1382,878,34.909306,128.79721
1383,878,34.909145,128.80276
1384,878,34.908985,128.80833
1385,878,34.908825,128.8139
1386,878,34.908665,128.81947
1387,878,34.9085,128.82504
1388,878,34.90834,128.83061
1389,878,34.908176,128.83618
1390,878,34.908012,128.84174
1391,878,34.907852,128.8473
1392,878,34.90769,128.85287
1393,878,34.907524,128.85844
1394,878,34.90736,128.86401
1395,878,34.907196,128.86958
1396,878,34.907032,128.87515
1397,878,34.906868,128.8807
1398,878,34.9067,128.88628
1399,878,34.906536,128.89185
1400,878,34.90637,128.89742
1401,878,34.906204,128.90298
1402,878,34.906036,128.90855
1403,878,34.90587,128.91412
1404,878,34.905704,128.91968
1405,878,34.905537,128.92525
1406,878,34.90537,128.93082
1407,878,34.9052,128.93639
1408,878,34.90503,128.94196
1409,878,34.90486,128.94753
1410,878,34.904694,128.95308
1411,878,34.904522,128.95865
1412,878,34.904354,128.96422
1413,878,34.904182,128.96979
1414,878,34.904015,128.97536
1415,878,34.903843,128.98091
1416,878,34.90367,128.98648
1417,878,34.9035,128.99205
1418,878,34.903328,128.99762
1419,878,34.903156,129.00319
1420,878,34.902985,129.00876
1421,878,34.902813,129.01431
1422,878,34.902637,129.01988
1423,878,34.902466,129.02545
1424,878,34.902294,129.03102
1425,878,34.90212,129.03659
1426,878,34.901943,129.04214
1427,878,34.90177,129.04771
1428,878,34.901596,129.05328
1429,878,34.90142,129.05885
1430,878,34.901245,129.06442
1431,878,34.90107,129.06998
1432,878,34.900894,129.07555
1433,878,34.900715,129.08112
1434,878,34.90054,129.08669
1435,878,34.900364,129.09224
1436,878,34.900185,129.09781
1437,878,34.90001,129.10338
1438,878,34.89983,129.10895
1439,878,34.89965,129.11452
1440,878,34.89947,129.12007
1441,878,34.899292,129.12564
1442,878,34.899113,129.13121
1443,878,34.898933,129.13678
1444,878,34.898754,129.14233
1445,878,34.898575,129.1479
1446,878,34.898396,129.15347
1447,878,34.898212,129.15904
1448,878,34.898033,129.1646
1449,878,34.89785,129.17017
1450,878,34.897667,129.17574
1451,878,34.897488,129.1813
1452,878,34.897305,129.18686
1453,878,34.89712,129.19243
1454,878,34.89694,129.198
1455,878,34.896755,129.20357
1456,878,34.896572,129.20912
1457,878,34.896385,129.21469
1458,878,34.896202,129.22026
1459,878,34.89602,129.22583
1460,878,34.895832,129.23138
1461,878,34.89565,129.23695
1462,878,34.895462,129.24252
1463,878,34.895275,129.24808
1464,878,34.89509,129.25365
1465,878,34.8949,129.25922
1466,878,34.894714,129.26479
1467,878,34.894527,129.27034
1468,878,34.89434,129.27591
1469,878,34.894154,129.28148
1470,878,34.893967,129.28703
1471,878,34.893776,129.2926
1472,878,34.89359,129.29817
1377,879,34.914692,128.76956
1378,879,34.91453,128.77513
1379,879,34.91437,128.7807
1380,879,34.914215,128.78625
1381,879,34.914055,128.79182
1382,879,34.913895,128.7974
1383,879,34.913734,128.80296
1384,879,34.91357,128.80853
1385,879,34.91341,128.8141
1386,879,34.91325,128.81967
1387,879,34.913086,128.82524
1388,879,34.912926,128.83081
1389,879,34.91276,128.83638
1390,879,34.9126,128.84193
1391,879,34.912437,128.8475
1392,879,34.912273,128.85307
1393,879,34.91211,128.85864
1394,879,34.911945,128.86421
1395,879,34.91178,128.86978
1396,879,34.911617,128.87535
1397,879,34.911453,128.88092
1398,879,34.91129,128.88647
1399,879,34.91112,128.89204
1400,879,34.910957,128.89761
1401,879,34.91079,128.90318
1402,879,34.91062,128.90875
1403,879,34.910458,128.91432
1404,879,34.91029,128.91989
1405,879,34.910122,128.92546
1406,879,34.909954,128.93102
1407,879,34.909786,128.93658
1408,879,34.90962,128.94215
1409,879,34.909447,128.94772
1410,879,34.90928,128.9533
1411,879,34.90911,128.95886
1412,879,34.90894,128.96443
1413,879,34.90877,128.96999
1414,879,34.9086,128.97556
1415,879,34.90843,128.98112
1416,879,34.908257,128.9867
1417,879,34.908085,128.99226
1418,879,34.907913,128.99783
1419,879,34.90774,129.00339
1420,879,34.90757,129.00896
1421,879,34.9074,129.01453
1422,879,34.907227,129.0201
1423,879,34.90705,129.02567
1424,879,34.90688,129.03123
1425,879,34.906704,129.03679
1426,879,34.906532,129.04236
1427,879,34.906357,129.04793
1428,879,34.90618,129.0535
1429,879,34.906006,129.05907
1430,879,34.90583,129.06462
1431,879,34.905655,129.07019
1432,879,34.90548,129.07576
1433,879,34.905304,129.08133
1434,879,34.905125,129.0869
1435,879,34.90495,129.09247
1436,879,34.90477,129.09802
1437,879,34.904594,129.10359
1438,879,34.904415,129.10916
1439,879,34.904236,129.11473
1440,879,34.904057,129.1203
1441,879,34.90388,129.12585
1442,879,34.9037,129.13142
1443,879,34.90352,129.137
1444,879,34.90334,129.14256
1445,879,34.90316,129.14812
1446,879,34.90298,129.15369
1447,879,34.902798,129.15926
1448,879,34.90262,129.16483
1449,879,34.902435,129.1704
1450,879,34.902256,129.17595
1451,879,34.902073,129.18152
1452,879,34.90189,129.18709
1453,879,34.901707,129.19266
1454,879,34.901524,129.19821
1455,879,34.90134,129.20378
1456,879,34.901157,129.20935
1457,879,34.90097,129.21492
1458,879,34.900787,129.22047
1459,879,34.900604,129.22604
1460,879,34.900417,129.23161
1461,879,34.900234,129.23718
1462,879,34.900047,129.24274
1463,879,34.89986,129.2483
1464,879,34.899673,129.25388
1465,879,34.899487,129.25945
1466,879,34.8993,129.265
1467,879,34.899113,129.27057
1468,879,34.898926,129.27614
1469,879,34.89874,129.28171
1470,879,34.898552,129.28726
1471,879,34.89836,129.29283
1472,879,34.898174,129.2984
1377,880,34.919277,128.76974
1378,880,34.919117,128.77531
1379,880,34.91896,128.78088
1380,880,34.9188,128.78645
1381,880,34.91864,128.79202
1382,880,34.91848,128.79759
1383,880,34.91832,128.80316
1384,880,34.91816,128.80873
1385,880,34.918,128.8143
1386,880,34.917835,128.81987
1387,880,34.917675,128.82544
1388,880,34.91751,128.83101
1389,880,34.91735,128.83656
1390,880,34.917187,128.84213
1391,880,34.917023,128.8477
1392,880,34.916862,128.85327
1393,880,34.9167,128.85884
1394,880,34.916534,128.86441
1395,880,34.91637,128.86998
1396,880,34.916203,128.87555
1397,880,34.91604,128.88112
1398,880,34.915874,128.88669
1399,880,34.915707,128.89226
1400,880,34.915543,128.89781
1401,880,34.915375,128.90338
1402,880,34.91521,128.90895
1403,880,34.915043,128.91452
1404,880,34.914875,128.92009
1405,880,34.914707,128.92566
1406,880,34.91454,128.93123
1407,880,34.91437,128.9368
1408,880,34.914204,128.94237
1409,880,34.914036,128.94792
1410,880,34.913864,128.95349
1411,880,34.913696,128.95906
1412,880,34.913525,128.96463
1413,880,34.913357,128.9702
1414,880,34.913185,128.97577
1415,880,34.913013,128.98134
1416,880,34.912846,128.98691
1417,880,34.912674,128.99246
1418,880,34.912502,128.99803
1419,880,34.91233,129.0036
1420,880,34.912155,129.00917
1421,880,34.911983,129.01474
1422,880,34.91181,129.02031
1423,880,34.911636,129.02588
1424,880,34.911465,129.03143
1425,880,34.91129,129.037
1426,880,34.911118,129.04257
1427,880,34.910942,129.04814
1428,880,34.910767,129.05371
1429,880,34.91059,129.05928
1430,880,34.910416,129.06483
1431,880,34.91024,129.0704
1432,880,34.910065,129.07597
1433,880,34.90989,129.08154
1434,880,34.90971,129.08711
1435,880,34.909534,129.09268
1436,880,34.909355,129.09824
1437,880,34.90918,129.1038
1438,880,34.909,129.10938
1439,880,34.90882,129.11494
1440,880,34.908646,129.12051
1441,880,34.908466,129.12608
1442,880,34.908287,129.13164
1443,880,34.908108,129.1372
1444,880,34.907925,129.14278
1445,880,34.907745,129.14835
1446,880,34.907566,129.15392
1447,880,34.907383,129.15947
1448,880,34.907204,129.16504
1449,880,34.90702,129.17061
1450,880,34.90684,129.17618
1451,880,34.90666,129.18175
1452,880,34.906475,129.1873
1453,880,34.906292,129.19287
1454,880,34.90611,129.19844
1455,880,34.905926,129.20401
1456,880,34.905743,129.20958
1457,880,34.90556,129.21513
1458,880,34.905373,129.2207
1459,880,34.90519,129.22627
1460,880,34.905003,129.23184
1461,880,34.90482,129.2374
1462,880,34.904633,129.24297
1463,880,34.904446,129.24854
1464,880,34.90426,129.2541
1465,880,34.90407,129.25967
1466,880,34.903885,129.26523
1467,880,34.903698,129.2708
1468,880,34.90351,129.27637
1469,880,34.903324,129.28194
1470,880,34.903137,129.28749
1471,880,34.902946,129.29306
1472,880,34.90276,129.29863
1377,881,34.923862,128.76994
1378,881,34.923706,128.77551
1379,881,34.923546,128.78108
1380,881,34.923386,128.78665
1381,881,34.923225,128.79222
1382,881,34.923065,128.79779
1383,881,34.922905,128.80336
1384,881,34.922745,128.80893
1385,881,34.922585,128.8145
1386,881,34.922424,128.82007
1387,881,34.92226,128.82564
1388,881,34.9221,128.83119
1389,881,34.921936,128.83676
1390,881,34.921772,128.84233
1391,881,34.92161,128.8479
1392,881,34.921448,128.85347
1393,881,34.921284,128.85904
1394,881,34.92112,128.86461
1395,881,34.920956,128.87018
1396,881,34.92079,128.87575
1397,881,34.920624,128.88132
1398,881,34.92046,128.88689
1399,881,34.920296,128.89246
1400,881,34.920128,128.89803
1401,881,34.919964,128.9036
1402,881,34.919796,128.90915
1403,881,34.91963,128.91472
1404,881,34.91946,128.92029
1405,881,34.919292,128.92586
1406,881,34.919125,128.93143
1407,881,34.918957,128.937
1408,881,34.91879,128.94257
1409,881,34.91862,128.94814
1410,881,34.918453,128.9537
1411,881,34.91828,128.95927
1412,881,34.918114,128.96484
1413,881,34.917942,128.9704
1414,881,34.91777,128.97597
1415,881,34.917603,128.98154
1416,881,34.91743,128.9871
1417,881,34.91726,128.99268
1418,881,34.917088,128.99825
1419,881,34.916916,129.00381
1420,881,34.916744,129.00938
1421,881,34.91657,129.01495
1422,881,34.916397,129.02051
1423,881,34.916225,129.02608
1424,881,34.91605,129.03165
1425,881,34.91588,129.03722
1426,881,34.915703,129.04279
1427,881,34.915527,129.04836
1428,881,34.91535,129.05392
1429,881,34.915176,129.0595
1430,881,34.915,129.06505
1431,881,34.914825,129.07062
1432,881,34.91465,129.07619
1433,881,34.914474,129.08176
1434,881,34.914295,129.08733
1435,881,34.91412,129.0929
1436,881,34.913944,129.09846
1437,881,34.913765,129.10402
1438,881,34.913586,129.10959
1439,881,34.91341,129.11516
1440,881,34.91323,129.12073
1441,881,34.91305,129.1263
1442,881,34.912872,129.13187
1443,881,34.912693,129.13742
1444,881,34.91251,129.14299
1445,881,34.91233,129.14856
1446,881,34.91215,129.15413
1447,881,34.91197,129.1597
1448,881,34.91179,129.16527
1449,881,34.911606,129.17082
1450,881,34.911427,129.17639
1451,881,34.911243,129.18196
1452,881,34.91106,129.18753
1453,881,34.910877,129.1931
1454,881,34.910694,129.19867
1455,881,34.91051,129.20422
1456,881,34.910328,129.2098
1457,881,34.910145,129.21536
1458,881,34.909958,129.22093
1459,881,34.909775,129.2265
1460,881,34.909588,129.23206
1461,881,34.909405,129.23763
1462,881,34.909218,129.2432
1463,881,34.90903,129.24876
1464,881,34.908844,129.25433
1465,881,34.908657,129.25989
1466,881,34.90847,129.26546
1467,881,34.908283,129.27103
1468,881,34.908096,129.2766
1469,881,34.90791,129.28217
1470,881,34.907722,129.28772
1471,881,34.90753,129.29329
1472,881,34.907345,129.29886
1377,882,34.92845,128.77014
1378,882,34.92829,128.77571
1379,882,34.92813,128.78128
1380,882,34.927975,128.78685
1381,882,34.927814,128.79242
1382,882,34.927654,128.79799
1383,882,34.927494,128.80356
1384,882,34.92733,128.80911
1385,882,34.92717,128.81468
1386,882,34.92701,128.82025
1387,882,34.926846,128.82582
1388,882,34.926685,128.83139
1389,882,34.92652,128.83696
1390,882,34.92636,128.84253
1391,882,34.926197,128.8481
1392,882,34.926033,128.85367
1393,882,34.92587,128.85924
1394,882,34.925705,128.8648
1395,882,34.92554,128.87038
1396,882,34.925377,128.87595
1397,882,34.925213,128.88152
1398,882,34.925045,128.88708
1399,882,34.92488,128.89265
1400,882,34.924713,128.89822
1401,882,34.92455,128.9038
1402,882,34.92438,128.90936
1403,882,34.924213,128.91493
1404,882,34.92405,128.9205
1405,882,34.92388,128.92607
1406,882,34.923714,128.93164
1407,882,34.923546,128.9372
1408,882,34.923374,128.94276
1409,882,34.923206,128.94833
1410,882,34.92304,128.9539
1411,882,34.922867,128.95947
1412,882,34.9227,128.96504
1413,882,34.922527,128.97061
1414,882,34.92236,128.97618
1415,882,34.922188,128.98175
1416,882,34.922016,128.98732
1417,882,34.921844,128.99289
1418,882,34.921673,128.99846
1419,882,34.9215,129.00401
1420,882,34.92133,129.00958
1421,882,34.921158,129.01515
1422,882,34.920982,129.02072
1423,882,34.92081,129.02629
1424,882,34.920635,129.03186
1425,882,34.920464,129.03743
1426,882,34.920288,129.043
1427,882,34.920113,129.04857
1428,882,34.919937,129.05414
1429,882,34.919765,129.05971
1430,882,34.91959,129.06526
1431,882,34.91941,129.07083
1432,882,34.919235,129.0764
1433,882,34.91906,129.08197
1434,882,34.918884,129.08754
1435,882,34.918705,129.09311
1436,882,34.91853,129.09868
1437,882,34.91835,129.10425
1438,882,34.91817,129.1098
1439,882,34.917995,129.11537
1440,882,34.917816,129.12094
1441,882,34.917637,129.12651
1442,882,34.917458,129.13208
1443,882,34.91728,129.13765
1444,882,34.9171,129.14322
1445,882,34.916916,129.14879
1446,882,34.916737,129.15434
1447,882,34.916557,129.15991
1448,882,34.916374,129.16548
1449,882,34.91619,129.17105
1450,882,34.91601,129.17662
1451,882,34.91583,129.18219
1452,882,34.915646,129.18774
1453,882,34.915462,129.19331
1454,882,34.91528,129.19888
1455,882,34.915096,129.20445
1456,882,34.914913,129.21002
1457,882,34.91473,129.21559
1458,882,34.914543,129.22116
1459,882,34.91436,129.22672
1460,882,34.914173,129.23228
1461,882,34.91399,129.23785
1462,882,34.913803,129.24342
1463,882,34.913616,129.249
1464,882,34.91343,129.25455
1465,882,34.913246,129.26012
1466,882,34.91306,129.26569
1467,882,34.91287,129.27126
1468,882,34.91268,129.27682
1469,882,34.912495,129.2824
1470,882,34.912308,129.28795
1471,882,34.912117,129.29352
1472,882,34.91193,129.29909
1377,883,34.933037,128.77032
1378,883,34.93288,128.7759
1379,883,34.93272,128.78146
1380,883,34.93256,128.78703
1381,883,34.9324,128.7926
1382,883,34.93224,128.79817
1383,883,34.93208,128.80374
1384,883,34.93192,128.80931
1385,883,34.93176,128.81488
1386,883,34.931595,128.82045
1387,883,34.931435,128.82602
1388,883,34.93127,128.83159
1389,883,34.93111,128.83716
1390,883,34.930946,128.84273
1391,883,34.930782,128.8483
1392,883,34.93062,128.85387
1393,883,34.930458,128.85944
1394,883,34.930294,128.865
1395,883,34.930126,128.87057
1396,883,34.929962,128.87614
1397,883,34.9298,128.88171
1398,883,34.929634,128.88728
1399,883,34.929466,128.89285
1400,883,34.929302,128.89842
1401,883,34.929134,128.90399
1402,883,34.92897,128.90956
1403,883,34.928802,128.91513
1404,883,34.928635,128.9207
1405,883,34.928467,128.92627
1406,883,34.9283,128.93184
1407,883,34.92813,128.93741
1408,883,34.927963,128.94298
1409,883,34.92779,128.94855
1410,883,34.927624,128.95412
1411,883,34.927456,128.95969
1412,883,34.927284,128.96526
1413,883,34.927116,128.97083
1414,883,34.926945,128.97638
1415,883,34.926773,128.98195
1416,883,34.9266,128.98752
1417,883,34.92643,128.99309
1418,883,34.926258,128.99866
1419,883,34.926086,129.00423
1420,883,34.925915,129.0098
1421,883,34.925743,129.01537
1422,883,34.92557,129.02094
1423,883,34.925396,129.0265
1424,883,34.925224,129.03207
1425,883,34.92505,129.03764
1426,883,34.924873,129.04321
1427,883,34.9247,129.04878
1428,883,34.924526,129.05435
1429,883,34.92435,129.0599
1430,883,34.924175,129.06548
1431,883,34.924,129.07104
1432,883,34.92382,129.07661
1433,883,34.923645,129.08218
1434,883,34.92347,129.08775
1435,883,34.92329,129.09332
1436,883,34.923115,129.09889
1437,883,34.922935,129.10446
1438,883,34.92276,129.11003
1439,883,34.92258,129.1156
1440,883,34.9224,129.12115
1441,883,34.922222,129.12672
1442,883,34.922043,129.1323
1443,883,34.921864,129.13786
1444,883,34.921684,129.14343
1445,883,34.921505,129.149
1446,883,34.92132,129.15457
1447,883,34.921143,129.16014
1448,883,34.92096,129.16571
1449,883,34.92078,129.17126
1450,883,34.920597,129.17683
1451,883,34.920414,129.1824
1452,883,34.92023,129.18797
1453,883,34.920048,129.19354
1454,883,34.919865,129.19911
1455,883,34.91968,129.20468
1456,883,34.9195,129.21024
1457,883,34.919315,129.2158
1458,883,34.91913,129.22137
1459,883,34.918945,129.22694
1460,883,34.91876,129.23251
1461,883,34.918575,129.23808
1462,883,34.91839,129.24365
1463,883,34.9182,129.2492
1464,883,34.91802,129.25478
1465,883,34.91783,129.26035
1466,883,34.917645,129.26591
1467,883,34.917454,129.27148
1468,883,34.917267,129.27705
1469,883,34.91708,129.28262
1470,883,34.916893,129.28818
1471,883,34.916702,129.29375
1472,883,34.916515,129.29932
1377,884,34.937626,128.77052
1378,884,34.937466,128.7761
1379,884,34.937305,128.78166
1380,884,34.937145,128.78723
1381,884,34.936985,128.7928
1382,884,34.936825,128.79837
1383,884,34.936665,128.80394
1384,884,34.936504,128.80951
1385,884,34.936344,128.81508
1386,884,34.936184,128.82065
1387,884,34.93602,128.82622
1388,884,34.93586,128.83179
1389,884,34.935696,128.83736
1390,884,34.93553,128.84293
1391,884,34.93537,128.8485
1392,884,34.935207,128.85406
1393,884,34.935043,128.85963
1394,884,34.93488,128.8652
1395,884,34.934715,128.87077
1396,884,34.93455,128.87634
1397,884,34.934383,128.88191
1398,884,34.93422,128.88748
1399,884,34.934055,128.89305
1400,884,34.933887,128.89862
1401,884,34.933723,128.90419
1402,884,34.933556,128.90976
1403,884,34.933388,128.91533
1404,884,34.93322,128.9209
1405,884,34.933052,128.92647
1406,884,34.932884,128.93204
1407,884,34.932716,128.9376
1408,884,34.93255,128.94318
1409,884,34.93238,128.94875
1410,884,34.93221,128.95432
1411,884,34.93204,128.95988
1412,884,34.93187,128.96545
1413,884,34.9317,128.97102
1414,884,34.93153,128.9766
1415,884,34.93136,128.98216
1416,884,34.93119,128.98773
1417,884,34.93102,128.9933
1418,884,34.930847,128.99887
1419,884,34.930676,129.00444
1420,884,34.9305,129.01001
1421,884,34.93033,129.01558
1422,884,34.930157,129.02115
1423,884,34.92998,129.02672
1424,884,34.92981,129.03229
1425,884,34.929634,129.03786
1426,884,34.929462,129.04343
1427,884,34.929287,129.049
1428,884,34.92911,129.05455
1429,884,34.928936,129.06012
1430,884,34.92876,129.06569
1431,884,34.928585,129.07126
1432,884,34.92841,129.07683
1433,884,34.92823,129.0824
1434,884,34.928055,129.08797
1435,884,34.92788,129.09354
1436,884,34.9277,129.0991
1437,884,34.92752,129.10468
1438,884,34.927345,129.11024
1439,884,34.927166,129.11581
1440,884,34.926987,129.12138
1441,884,34.926807,129.12695
1442,884,34.92663,129.1325
1443,884,34.92645,129.13808
1444,884,34.92627,129.14365
1445,884,34.92609,129.14922
1446,884,34.925907,129.15479
1447,884,34.925728,129.16035
1448,884,34.925545,129.16592
1449,884,34.925365,129.1715
1450,884,34.925182,129.17706
1451,884,34.925,129.18263
1452,884,34.924816,129.1882
1453,884,34.924633,129.19376
1454,884,34.92445,129.19933
1455,884,34.924267,129.2049
1456,884,34.924084,129.21046
1457,884,34.9239,129.21603
1458,884,34.923717,129.2216
1459,884,34.92353,129.22717
1460,884,34.923347,129.23274
1461,884,34.92316,129.23831
1462,884,34.922974,129.24387
1463,884,34.922787,129.24944
1464,884,34.922604,129.255
1465,884,34.922417,129.26057
1466,884,34.92223,129.26614
1467,884,34.922043,129.27171
1468,884,34.921852,129.27728
1469,884,34.921665,129.28285
1470,884,34.92148,129.2884
1471,884,34.921288,129.29398
1472,884,34.9211,129.29955
1376,885,34.94237,128.76514
1377,885,34.94221,128.77072
1378,885,34.94205,128.77629
1379,885,34.941895,128.78186
1380,885,34.941734,128.78743
1381,885,34.941574,128.793
1382,885,34.941414,128.79857
1383,885,34.941254,128.80414
1384,885,34.941093,128.80971
1385,885,34.94093,128.81528
1386,885,34.94077,128.82085
1387,885,34.94061,128.82642
1388,885,34.940445,128.83199
1389,885,34.940285,128.83755
1390,885,34.94012,128.84312
1391,885,34.939957,128.8487
1392,885,34.939793,128.85426
1393,885,34.93963,128.85983
1394,885,34.939465,128.8654
1395,885,34.9393,128.87097
1396,885,34.939137,128.87654
1397,885,34.938972,128.88211
1398,885,34.938805,128.88768
1399,885,34.93864,128.89325
1400,885,34.938473,128.89883
1401,885,34.93831,128.9044
1402,885,34.93814,128.90997
1403,885,34.937973,128.91554
1404,885,34.93781,128.92111
1405,885,34.93764,128.92668
1406,885,34.937473,128.93225
1407,885,34.937305,128.93782
1408,885,34.937134,128.94339
1409,885,34.936966,128.94896
1410,885,34.9368,128.95453
1411,885,34.936626,128.9601
1412,885,34.93646,128.96567
1413,885,34.936287,128.97124
1414,885,34.93612,128.9768
1415,885,34.935947,128.98238
1416,885,34.935776,128.98795
1417,885,34.935604,128.99352
1418,885,34.935432,128.99908
1419,885,34.93526,129.00465
1420,885,34.93509,129.01022
1421,885,34.934914,129.0158
1422,885,34.934742,129.02136
1423,885,34.93457,129.02693
1424,885,34.934395,129.0325
1425,885,34.93422,129.03806
1426,885,34.934048,129.04362
1427,885,34.933872,129.0492
1428,885,34.933697,129.05476
1429,885,34.93352,129.06033
1430,885,34.933346,129.0659
1431,885,34.93317,129.07147
1432,885,34.932995,129.07704
1433,885,34.93282,129.08261
1434,885,34.93264,129.08818
1435,885,34.932465,129.09375
1436,885,34.932285,129.09932
1437,885,34.93211,129.10489
1438,885,34.93193,129.11046
1439,885,34.93175,129.11603
1440,885,34.931572,129.1216
1441,885,34.931393,129.12717
1442,885,34.931213,129.13274
1443,885,34.931034,129.1383
1444,885,34.930855,129.14388
1445,885,34.930676,129.14944
1446,885,34.930492,129.15501
1447,885,34.930313,129.16057
1448,885,34.930134,129.16614
1449,885,34.92995,129.1717
1450,885,34.929768,129.17728
1451,885,34.929585,129.18285
1452,885,34.929405,129.18842
1453,885,34.929222,129.19398
1454,885,34.92904,129.19955
1455,885,34.928852,129.20512
1456,885,34.92867,129.2107
1457,885,34.928486,129.21626
1458,885,34.928303,129.22183
1459,885,34.928116,129.2274
1460,885,34.927933,129.23296
1461,885,34.927746,129.23853
1462,885,34.92756,129.2441
1463,885,34.927376,129.24966
1464,885,34.92719,129.25523
1465,885,34.927002,129.2608
1466,885,34.926815,129.26637
1467,885,34.92663,129.27194
1468,885,34.926437,129.27751
1469,885,34.92625,129.28307
1470,885,34.926064,129.28864
1471,885,34.925873,129.2942
1472,885,34.925686,129.29977
1376,886,34.946957,128.76534
1377,886,34.9468,128.7709
1378,886,34.94664,128.77647
1379,886,34.94648,128.78204
1380,886,34.94632,128.78761
1381,886,34.94616,128.7932
1382,886,34.946,128.79877
1383,886,34.94584,128.80434
1384,886,34.94568,128.8099
1385,886,34.94552,128.81548
1386,886,34.945354,128.82104
1387,886,34.945194,128.82661
1388,886,34.945034,128.83218
1389,886,34.94487,128.83775
1390,886,34.944706,128.84332
1391,886,34.944542,128.84889
1392,886,34.94438,128.85446
1393,886,34.944218,128.86003
1394,886,34.944054,128.8656
1395,886,34.94389,128.87117
1396,886,34.94372,128.87675
1397,886,34.943558,128.88232
1398,886,34.943394,128.8879
1399,886,34.943226,128.89346
1400,886,34.94306,128.89903
1401,886,34.942894,128.9046
1402,886,34.94273,128.91017
1403,886,34.942562,128.91574
1404,886,34.942394,128.92131
1405,886,34.942226,128.92688
1406,886,34.94206,128.93245
1407,886,34.94189,128.93802
1408,886,34.941723,128.94359
1409,886,34.94155,128.94916
1410,886,34.941383,128.95473
1411,886,34.941216,128.9603
1412,886,34.941044,128.96587
1413,886,34.940876,128.97144
1414,886,34.940704,128.977
1415,886,34.940533,128.98257
1416,886,34.94036,128.98814
1417,886,34.94019,128.99371
1418,886,34.940018,128.99928
1419,886,34.939846,129.00485
1420,886,34.939674,129.01042
1421,886,34.939503,129.01599
1422,886,34.939327,129.02156
1423,886,34.939156,129.02713
1424,886,34.93898,129.0327
1425,886,34.93881,129.03827
1426,886,34.938633,129.04384
1427,886,34.938457,129.04941
1428,886,34.938282,129.05498
1429,886,34.938107,129.06055
1430,886,34.93793,129.06612
1431,886,34.937756,129.07169
1432,886,34.93758,129.07726
1433,886,34.937405,129.08282
1434,886,34.93723,129.0884
1435,886,34.93705,129.09396
1436,886,34.936874,129.09953
1437,886,34.936695,129.1051
1438,886,34.936516,129.11067
1439,886,34.936337,129.11624
1440,886,34.93616,129.12181
1441,886,34.93598,129.12738
1442,886,34.935802,129.13295
1443,886,34.935623,129.13852
1444,886,34.93544,129.14409
1445,886,34.93526,129.14966
1446,886,34.93508,129.15523
1447,886,34.9349,129.1608
1448,886,34.93472,129.16637
1449,886,34.934536,129.17194
1450,886,34.934353,129.1775
1451,886,34.934174,129.18307
1452,886,34.93399,129.18864
1453,886,34.933807,129.19421
1454,886,34.933624,129.19978
1455,886,34.93344,129.20534
1456,886,34.933254,129.2109
1457,886,34.93307,129.21648
1458,886,34.932888,129.22205
1459,886,34.9327,129.22762
1460,886,34.932518,129.23318
1461,886,34.93233,129.23875
1462,886,34.932144,129.24432
1463,886,34.93196,129.2499
1464,886,34.931774,129.25546
1465,886,34.931587,129.26103
1466,886,34.9314,129.2666
1467,886,34.931213,129.27217
1468,886,34.931026,129.27774
1469,886,34.930836,129.2833
1470,886,34.93065,129.28886
1471,886,34.930458,129.29443
1472,886,34.93027,129.3
1376,887,34.951546,128.76553
1377,887,34.951385,128.7711
1378,887,34.951225,128.77667
1379,887,34.95107,128.78224
1380,887,34.95091,128.78781
1381,887,34.95075,128.79338
1382,887,34.95059,128.79895
1383,887,34.950428,128.80452
1384,887,34.950264,128.8101
1385,887,34.950104,128.81567
1386,887,34.949944,128.82124
1387,887,34.94978,128.82681
1388,887,34.94962,128.83238
1389,887,34.949455,128.83795
1390,887,34.949295,128.84352
1391,887,34.94913,128.84909
1392,887,34.948967,128.85466
1393,887,34.948803,128.86023
1394,887,34.94864,128.8658
1395,887,34.948475,128.87138
1396,887,34.94831,128.87695
1397,887,34.948147,128.88252
1398,887,34.94798,128.88809
1399,887,34.947815,128.89366
1400,887,34.947647,128.89923
1401,887,34.947483,128.9048
1402,887,34.947315,128.91037
1403,887,34.947147,128.91594
1404,887,34.94698,128.92151
1405,887,34.94681,128.92708
1406,887,34.946644,128.93265
1407,887,34.946476,128.93822
1408,887,34.94631,128.94379
1409,887,34.94614,128.94937
1410,887,34.94597,128.95494
1411,887,34.9458,128.96051
1412,887,34.94563,128.96608
1413,887,34.94546,128.97165
1414,887,34.94529,128.97722
1415,887,34.945118,128.98279
1416,887,34.94495,128.98836
1417,887,34.94478,128.99393
1418,887,34.944607,128.9995
1419,887,34.94443,129.00507
1420,887,34.94426,129.01064
1421,887,34.944088,129.0162
1422,887,34.943916,129.02177
1423,887,34.94374,129.02734
1424,887,34.94357,129.03291
1425,887,34.943394,129.03848
1426,887,34.94322,129.04405
1427,887,34.943047,129.04962
1428,887,34.94287,129.05519
1429,887,34.942696,129.06076
1430,887,34.94252,129.06633
1431,887,34.942345,129.0719
1432,887,34.942165,129.07747
1433,887,34.94199,129.08304
1434,887,34.941814,129.08861
1435,887,34.941635,129.09418
1436,887,34.94146,129.09975
1437,887,34.94128,129.10532
1438,887,34.9411,129.11089
1439,887,34.940926,129.11646
1440,887,34.940746,129.12202
1441,887,34.940567,129.1276
1442,887,34.940388,129.13316
1443,887,34.94021,129.13873
1444,887,34.94003,129.1443
1445,887,34.939846,129.14987
1446,887,34.939667,129.15544
1447,887,34.939484,129.16101
1448,887,34.939304,129.16658
1449,887,34.93912,129.17215
1450,887,34.938942,129.17772
1451,887,34.93876,129.18329
1452,887,34.938576,129.18886
1453,887,34.938393,129.19443
1454,887,34.93821,129.2
1455,887,34.938026,129.20557
1456,887,34.937843,129.21114
1457,887,34.937656,129.2167
1458,887,34.937473,129.22227
1459,887,34.937286,129.22784
1460,887,34.937103,129.23341
1461,887,34.936916,129.23898
1462,887,34.936733,129.24455
1463,887,34.936546,129.25012
1464,887,34.93636,129.25569
1465,887,34.936172,129.26126
1466,887,34.935986,129.26683
1467,887,34.9358,129.2724
1468,887,34.93561,129.27795
1469,887,34.93542,129.28352
1470,887,34.935234,129.2891
1471,887,34.935047,129.29466
1472,887,34.934856,129.30023
1376,888,34.95613,128.76572
1377,888,34.95597,128.77129
1378,888,34.955814,128.77687
1379,888,34.955654,128.78244
1380,888,34.955494,128.78801
1381,888,34.955334,128.79358
1382,888,34.955173,128.79915
1383,888,34.955013,128.80472
1384,888,34.954853,128.81029
1385,888,34.954693,128.81587
1386,888,34.95453,128.82144
1387,888,34.95437,128.82701
1388,888,34.954205,128.83258
1389,888,34.954044,128.83815
1390,888,34.95388,128.84372
1391,888,34.953716,128.84929
1392,888,34.953552,128.85486
1393,888,34.953392,128.86043
1394,888,34.953224,128.86601
1395,888,34.95306,128.87158
1396,888,34.952896,128.87715
1397,888,34.952732,128.88272
1398,888,34.952568,128.88829
1399,888,34.9524,128.89386
1400,888,34.952236,128.89943
1401,888,34.95207,128.905
1402,888,34.9519,128.91057
1403,888,34.951736,128.91614
1404,888,34.95157,128.92172
1405,888,34.9514,128.92729
1406,888,34.951233,128.93286
1407,888,34.951065,128.93843
1408,888,34.950893,128.944
1409,888,34.950726,128.94957
1410,888,34.950558,128.95514
1411,888,34.950386,128.96071
1412,888,34.95022,128.96628
1413,888,34.950047,128.97185
1414,888,34.949875,128.97742
1415,888,34.949707,128.98299
1416,888,34.949535,128.98857
1417,888,34.949364,128.99414
1418,888,34.949192,128.99971
1419,888,34.94902,129.00528
1420,888,34.94885,129.01085
1421,888,34.948673,129.01642
1422,888,34.9485,129.02199
1423,888,34.948326,129.02756
1424,888,34.948154,129.03313
1425,888,34.94798,129.0387
1426,888,34.947807,129.04427
1427,888,34.94763,129.04984
1428,888,34.947456,129.0554
1429,888,34.94728,129.06097
1430,888,34.947105,129.06654
1431,888,34.94693,129.07211
1432,888,34.946754,129.07768
1433,888,34.946575,129.08325
1434,888,34.9464,129.08882
1435,888,34.946224,129.09439
1436,888,34.946045,129.09998
1437,888,34.945866,129.10555
1438,888,34.94569,129.11111
1439,888,34.94551,129.11668
1440,888,34.94533,129.12225
1441,888,34.945152,129.12782
1442,888,34.944973,129.13339
1443,888,34.944794,129.13896
1444,888,34.944614,129.14453
1445,888,34.94443,129.1501
1446,888,34.944252,129.15567
1447,888,34.944073,129.16124
1448,888,34.94389,129.16681
1449,888,34.943707,129.17238
1450,888,34.943527,129.17795
1451,888,34.943344,129.18352
1452,888,34.94316,129.18909
1453,888,34.942978,129.19466
1454,888,34.942795,129.20023
1455,888,34.94261,129.2058
1456,888,34.94243,129.21136
1457,888,34.94224,129.21693
1458,888,34.94206,129.2225
1459,888,34.941875,129.22807
1460,888,34.94169,129.23364
1461,888,34.941505,129.23921
1462,888,34.94132,129.24478
1463,888,34.94113,129.25035
1464,888,34.940945,129.25592
1465,888,34.940758,129.26149
1466,888,34.94057,129.26706
1467,888,34.940384,129.27261
1468,888,34.940197,129.27818
1469,888,34.940006,129.28375
1470,888,34.93982,129.28932
1471,888,34.939632,129.29489
1472,888,34.93944,129.30046
1376,889,34.96072,128.76591
1377,889,34.96056,128.77148
1378,889,34.9604,128.77705
1379,889,34.960243,128.78262
1380,889,34.960083,128.78821
1381,889,34.959923,128.79378
1382,889,34.959763,128.79935
1383,889,34.959602,128.80492
1384,889,34.95944,128.81049
1385,889,34.95928,128.81606
1386,889,34.959118,128.82164
1387,889,34.958954,128.82721
1388,889,34.958794,128.83278
1389,889,34.95863,128.83835
1390,889,34.95847,128.84392
1391,889,34.958305,128.84949
1392,889,34.95814,128.85506
1393,889,34.957977,128.86064
1394,889,34.957813,128.86621
1395,889,34.95765,128.87178
1396,889,34.957485,128.87735
1397,889,34.957317,128.88292
1398,889,34.957153,128.88849
1399,889,34.95699,128.89406
1400,889,34.95682,128.89963
1401,889,34.956654,128.90521
1402,889,34.95649,128.91078
1403,889,34.95632,128.91635
1404,889,34.956154,128.92192
1405,889,34.955986,128.92749
1406,889,34.95582,128.93306
1407,889,34.95565,128.93863
1408,889,34.955482,128.9442
1409,889,34.95531,128.94977
1410,889,34.955143,128.95535
1411,889,34.954975,128.96092
1412,889,34.954803,128.96649
1413,889,34.954636,128.97206
1414,889,34.954464,128.97763
1415,889,34.954292,128.9832
1416,889,34.95412,128.98877
1417,889,34.95395,128.99434
1418,889,34.953777,128.99991
1419,889,34.953606,129.00548
1420,889,34.953434,129.01106
1421,889,34.953262,129.01663
1422,889,34.953087,129.0222
1423,889,34.952915,129.02777
1424,889,34.95274,129.03334
1425,889,34.952568,129.03891
1426,889,34.952393,129.04448
1427,889,34.952217,129.05005
1428,889,34.95204,129.05562
1429,889,34.951866,129.06119
1430,889,34.95169,129.06676
1431,889,34.951515,129.07233
1432,889,34.95134,129.0779
1433,889,34.951164,129.08347
1434,889,34.950985,129.08905
1435,889,34.95081,129.09462
1436,889,34.95063,129.10019
1437,889,34.950455,129.10576
1438,889,34.950275,129.11133
1439,889,34.950096,129.1169
1440,889,34.949917,129.12247
1441,889,34.949738,129.12804
1442,889,34.94956,129.1336
1443,889,34.94938,129.13918
1444,889,34.9492,129.14474
1445,889,34.94902,129.15031
1446,889,34.948837,129.15588
1447,889,34.948658,129.16145
1448,889,34.948475,129.16702
1449,889,34.948296,129.17259
1450,889,34.948112,129.17816
1451,889,34.94793,129.18373
1452,889,34.947746,129.1893
1453,889,34.947563,129.19487
1454,889,34.94738,129.20044
1455,889,34.947197,129.20601
1456,889,34.947014,129.21158
1457,889,34.94683,129.21715
1458,889,34.946644,129.22272
1459,889,34.94646,129.22829
1460,889,34.946274,129.23386
1461,889,34.94609,129.23943
1462,889,34.945904,129.245
1463,889,34.945717,129.25056
1464,889,34.94553,129.25613
1465,889,34.945343,129.2617
1466,889,34.945156,129.26727
1467,889,34.94497,129.27284
1468,889,34.944782,129.27841
1469,889,34.944595,129.28398
1470,889,34.944405,129.28955
1471,889,34.944218,129.29512
1472,889,34.944027,129.30069
1376,890,34.965305,128.76611
1377,890,34.965145,128.77168
1378,890,34.96499,128.77725
1379,890,34.96483,128.78282
1380,890,34.96467,128.78839
1381,890,34.964508,128.79396
1382,890,34.964348,128.79955
1383,890,34.964188,128.80511
1384,890,34.964027,128.81068
1385,890,34.963867,128.81625
1386,890,34.963703,128.82182
1387,890,34.963543,128.82741
1388,890,34.96338,128.83298
1389,890,34.96322,128.83855
1390,890,34.963055,128.84412
1391,890,34.96289,128.84969
1392,890,34.962727,128.85526
1393,890,34.962563,128.86084
1394,890,34.9624,128.86641
1395,890,34.962234,128.87198
1396,890,34.96207,128.87755
1397,890,34.961906,128.88312
1398,890,34.96174,128.88869
1399,890,34.961575,128.89427
1400,890,34.961407,128.89984
1401,890,34.961243,128.90541
1402,890,34.961075,128.91098
1403,890,34.960907,128.91655
1404,890,34.96074,128.92212
1405,890,34.960575,128.92769
1406,890,34.960403,128.93327
1407,890,34.960236,128.93884
1408,890,34.960068,128.94441
1409,890,34.9599,128.94998
1410,890,34.959732,128.95555
1411,890,34.95956,128.96112
1412,890,34.959393,128.96669
1413,890,34.95922,128.97226
1414,890,34.95905,128.97784
1415,890,34.958878,128.98341
1416,890,34.95871,128.98898
1417,890,34.958538,128.99455
1418,890,34.958366,129.00012
1419,890,34.95819,129.00569
1420,890,34.95802,129.01126
1421,890,34.957848,129.01683
1422,890,34.957676,129.0224
1423,890,34.9575,129.02798
1424,890,34.95733,129.03355
1425,890,34.957153,129.03912
1426,890,34.956978,129.0447
1427,890,34.956802,129.05026
1428,890,34.95663,129.05583
1429,890,34.956455,129.0614
1430,890,34.95628,129.06697
1431,890,34.9561,129.07254
1432,890,34.955925,129.07811
1433,890,34.95575,129.0837
1434,890,34.955574,129.08926
1435,890,34.955395,129.09483
1436,890,34.95522,129.1004
1437,890,34.95504,129.10597
1438,890,34.95486,129.11154
1439,890,34.95468,129.11711
1440,890,34.954506,129.12268
1441,890,34.954327,129.12825
1442,890,34.954147,129.13382
1443,890,34.953964,129.13939
1444,890,34.953785,129.14496
1445,890,34.953606,129.15053
1446,890,34.953426,129.15611
1447,890,34.953243,129.16168
1448,890,34.953064,129.16725
1449,890,34.95288,129.17282
1450,890,34.952698,129.17839
1451,890,34.952515,129.18396
1452,890,34.952335,129.18953
1453,890,34.952152,129.1951
1454,890,34.95197,129.20067
1455,890,34.951782,129.20624
1456,890,34.9516,129.2118
1457,890,34.951416,129.21738
1458,890,34.951233,129.22295
1459,890,34.951046,129.22852
1460,890,34.950863,129.23409
1461,890,34.950676,129.23965
1462,890,34.95049,129.24522
1463,890,34.950302,129.2508
1464,890,34.950115,129.25636
1465,890,34.949932,129.26193
1466,890,34.94974,129.2675
1467,890,34.949554,129.27307
1468,890,34.949368,129.27864
1469,890,34.94918,129.28421
1470,890,34.94899,129.28978
1471,890,34.948803,129.29535
1472,890,34.948612,129.30092
1376,891,34.969894,128.7663
1377,891,34.969734,128.77187
1378,891,34.969574,128.77745
1379,891,34.969418,128.78302
1380,891,34.969257,128.78859
1381,891,34.969097,128.79416
1382,891,34.968937,128.79973
1383,891,34.968777,128.80531
1384,891,34.968613,128.81088
1385,891,34.968452,128.81645
1386,891,34.968292,128.82202
1387,891,34.96813,128.82759
1388,891,34.967968,128.83318
1389,891,34.967804,128.83875
1390,891,34.96764,128.84431
1391,891,34.96748,128.84988
1392,891,34.967316,128.85545
1393,891,34.96715,128.86104
1394,891,34.966988,128.86661
1395,891,34.966824,128.87218
1396,891,34.96666,128.87775
1397,891,34.96649,128.88332
1398,891,34.966328,128.8889
1399,891,34.96616,128.89447
1400,891,34.965996,128.90004
1401,891,34.965828,128.90561
1402,891,34.965664,128.91118
1403,891,34.965496,128.91675
1404,891,34.96533,128.92233
1405,891,34.96516,128.9279
1406,891,34.964993,128.93347
1407,891,34.964825,128.93904
1408,891,34.964657,128.94461
1409,891,34.964485,128.95018
1410,891,34.964317,128.95576
1411,891,34.964146,128.96133
1412,891,34.963978,128.9669
1413,891,34.963806,128.97247
1414,891,34.96364,128.97804
1415,891,34.963467,128.98361
1416,891,34.963295,128.98918
1417,891,34.963123,128.99477
1418,891,34.96295,129.00034
1419,891,34.96278,129.0059
1420,891,34.96261,129.01147
1421,891,34.962433,129.01704
1422,891,34.96226,129.02261
1423,891,34.962086,129.02818
1424,891,34.961914,129.03377
1425,891,34.96174,129.03934
1426,891,34.961567,129.0449
1427,891,34.96139,129.05048
1428,891,34.961216,129.05605
1429,891,34.96104,129.06161
1430,891,34.960865,129.06718
1431,891,34.96069,129.07275
1432,891,34.960514,129.07834
1433,891,34.960335,129.08391
1434,891,34.96016,129.08948
1435,891,34.95998,129.09505
1436,891,34.959805,129.10062
1437,891,34.959625,129.10619
1438,891,34.95945,129.11176
1439,891,34.95927,129.11732
1440,891,34.95909,129.1229
1441,891,34.95891,129.12846
1442,891,34.958733,129.13405
1443,891,34.958553,129.13962
1444,891,34.958374,129.14519
1445,891,34.95819,129.15076
1446,891,34.95801,129.15633
1447,891,34.95783,129.1619
1448,891,34.95765,129.16747
1449,891,34.957466,129.17303
1450,891,34.957283,129.1786
1451,891,34.957104,129.18417
1452,891,34.95692,129.18974
1453,891,34.956738,129.19531
1454,891,34.956554,129.2009
1455,891,34.95637,129.20647
1456,891,34.956184,129.21204
1457,891,34.956,129.2176
1458,891,34.95582,129.22318
1459,891,34.95563,129.22874
1460,891,34.95545,129.23431
1461,891,34.95526,129.23988
1462,891,34.955074,129.24545
1463,891,34.95489,129.25102
1464,891,34.954704,129.25659
1465,891,34.954517,129.26216
1466,891,34.95433,129.26773
1467,891,34.95414,129.2733
1468,891,34.953953,129.27887
1469,891,34.953766,129.28444
1470,891,34.95358,129.29001
1471,891,34.95339,129.29558
1472,891,34.9532,129.30115
1376,892,34.97448,128.7665
1377,892,34.974323,128.77206
1378,892,34.974163,128.77763
1379,892,34.974003,128.78322
1380,892,34.973843,128.78879
1381,892,34.973682,128.79436
1382,892,34.973522,128.79993
1383,892,34.973362,128.8055
1384,892,34.9732,128.81108
1385,892,34.97304,128.81665
1386,892,34.972878,128.82222
1387,892,34.972717,128.82779
1388,892,34.972553,128.83337
1389,892,34.972393,128.83894
1390,892,34.97223,128.84451
1391,892,34.972065,128.85008
1392,892,34.9719,128.85565
1393,892,34.971737,128.86124
1394,892,34.971573,128.8668
1395,892,34.97141,128.87238
1396,892,34.971245,128.87794
1397,892,34.97108,128.88353
1398,892,34.970913,128.8891
1399,892,34.97075,128.89467
1400,892,34.97058,128.90024
1401,892,34.970417,128.9058
1402,892,34.97025,128.91139
1403,892,34.97008,128.91696
1404,892,34.969913,128.92253
1405,892,34.969746,128.9281
1406,892,34.969578,128.93367
1407,892,34.96941,128.93924
1408,892,34.969242,128.94482
1409,892,34.969074,128.9504
1410,892,34.968903,128.95596
1411,892,34.968735,128.96153
1412,892,34.968563,128.9671
1413,892,34.968395,128.97269
1414,892,34.968224,128.97826
1415,892,34.968052,128.98383
1416,892,34.96788,128.9894
1417,892,34.96771,128.99496
1418,892,34.967537,129.00053
1419,892,34.967365,129.00612
1420,892,34.967194,129.01169
1421,892,34.967022,129.01726
1422,892,34.966846,129.02283
1423,892,34.966675,129.0284
1424,892,34.9665,129.03397
1425,892,34.966328,129.03955
1426,892,34.966152,129.04512
1427,892,34.965977,129.05069
1428,892,34.9658,129.05626
1429,892,34.965626,129.06183
1430,892,34.96545,129.0674
1431,892,34.965275,129.07297
1432,892,34.9651,129.07855
1433,892,34.964924,129.08412
1434,892,34.964745,129.08969
1435,892,34.96457,129.09526
1436,892,34.96439,129.10083
1437,892,34.964214,129.1064
1438,892,34.964035,129.11197
1439,892,34.963856,129.11754
1440,892,34.963676,129.12312
1441,892,34.963497,129.1287
1442,892,34.963318,129.13426
1443,892,34.96314,129.13983
1444,892,34.96296,129.1454
1445,892,34.96278,129.15097
1446,892,34.962597,129.15654
1447,892,34.962418,129.16211
1448,892,34.962234,129.1677
1449,892,34.96205,129.17326
1450,892,34.961872,129.17883
1451,892,34.96169,129.1844
1452,892,34.961506,129.18997
1453,892,34.961323,129.19554
1454,892,34.96114,129.20111
1455,892,34.960957,129.20668
1456,892,34.960773,129.21225
1457,892,34.960587,129.21782
1458,892,34.960403,129.22339
1459,892,34.960217,129.22897
1460,892,34.960033,129.23454
1461,892,34.959846,129.24011
1462,892,34.959663,129.24568
1463,892,34.959476,129.25125
1464,892,34.95929,129.25682
1465,892,34.959103,129.26239
1466,892,34.958916,129.26796
1467,892,34.95873,129.27353
1468,892,34.958538,129.2791
1469,892,34.95835,129.28467
1470,892,34.958164,129.29024
1471,892,34.957973,129.2958
1472,892,34.957787,129.30139
1376,893,34.97907,128.76668
1377,893,34.97891,128.77226
1378,893,34.97875,128.77783
1379,893,34.978592,128.7834
1380,893,34.97843,128.78897
1381,893,34.97827,128.79456
1382,893,34.97811,128.80013
1383,893,34.97795,128.8057
1384,893,34.977787,128.81128
1385,893,34.977627,128.81685
1386,893,34.977467,128.82242
1387,893,34.977303,128.82799
1388,893,34.977142,128.83357
1389,893,34.97698,128.83914
1390,893,34.976814,128.84471
1391,893,34.976654,128.85028
1392,893,34.97649,128.85587
1393,893,34.976326,128.86143
1394,893,34.976162,128.867
1395,893,34.975998,128.87257
1396,893,34.97583,128.87814
1397,893,34.975666,128.88373
1398,893,34.975502,128.8893
1399,893,34.975334,128.89487
1400,893,34.97517,128.90044
1401,893,34.975002,128.90602
1402,893,34.974834,128.91159
1403,893,34.97467,128.91716
1404,893,34.974503,128.92273
1405,893,34.974335,128.9283
1406,893,34.974167,128.93388
1407,893,34.974,128.93945
1408,893,34.973827,128.94502
1409,893,34.97366,128.95059
1410,893,34.97349,128.95618
1411,893,34.97332,128.96175
1412,893,34.973152,128.96732
1413,893,34.97298,128.97289
1414,893,34.97281,128.97845
1415,893,34.97264,128.98404
1416,893,34.97247,128.98961
1417,893,34.972298,128.99518
1418,893,34.972126,129.00075
1419,893,34.971954,129.00632
1420,893,34.97178,129.01189
1421,893,34.971607,129.01747
1422,893,34.971436,129.02304
1423,893,34.97126,129.02861
1424,893,34.97109,129.03418
1425,893,34.970913,129.03975
1426,893,34.970737,129.04533
1427,893,34.970566,129.0509
1428,893,34.97039,129.05647
1429,893,34.970215,129.06204
1430,893,34.97004,129.06761
1431,893,34.969864,129.07318
1432,893,34.969685,129.07877
1433,893,34.96951,129.08434
1434,893,34.969334,129.0899
1435,893,34.969154,129.09547
1436,893,34.96898,129.10104
1437,893,34.9688,129.10661
1438,893,34.96862,129.1122
1439,893,34.96844,129.11777
1440,893,34.968266,129.12334
1441,893,34.968086,129.1289
1442,893,34.967903,129.13448
1443,893,34.967724,129.14005
1444,893,34.967545,129.14561
1445,893,34.967365,129.1512
1446,893,34.967182,129.15677
1447,893,34.967003,129.16234
1448,893,34.96682,129.16791
1449,893,34.96664,129.17348
1450,893,34.966457,129.17905
1451,893,34.966274,129.18462
1452,893,34.96609,129.19019
1453,893,34.965908,129.19577
1454,893,34.965725,129.20134
1455,893,34.96554,129.20691
1456,893,34.96536,129.21248
1457,893,34.965176,129.21805
1458,893,34.96499,129.22362
1459,893,34.964806,129.22919
1460,893,34.96462,129.23476
1461,893,34.964436,129.24034
1462,893,34.96425,129.24591
1463,893,34.96406,129.25148
1464,893,34.963875,129.25705
1465,893,34.963688,129.26262
1466,893,34.9635,129.26819
1467,893,34.963314,129.27376
1468,893,34.963127,129.27933
1469,893,34.962936,129.2849
1470,893,34.96275,129.29047
1471,893,34.96256,129.29604
1472,893,34.96237,129.30162
1376,894,34.983654,128.76688
1377,894,34.983498,128.77245
1378,894,34.983337,128.77803
1379,894,34.983177,128.7836
1380,894,34.983017,128.78917
1381,894,34.982857,128.79475
1382,894,34.982697,128.80032
1383,894,34.982536,128.8059
1384,894,34.982376,128.81146
1385,894,34.982216,128.81705
1386,894,34.98205,128.82262
1387,894,34.98189,128.82819
1388,894,34.981728,128.83376
1389,894,34.981567,128.83934
1390,894,34.981403,128.84491
1391,894,34.98124,128.85048
1392,894,34.981075,128.85606
1393,894,34.98091,128.86163
1394,894,34.980747,128.8672
1395,894,34.980583,128.87277
1396,894,34.98042,128.87836
1397,894,34.980255,128.88393
1398,894,34.980087,128.8895
1399,894,34.979923,128.89507
1400,894,34.979755,128.90065
1401,894,34.97959,128.90622
1402,894,34.979424,128.91179
1403,894,34.979256,128.91736
1404,894,34.979088,128.92294
1405,894,34.97892,128.92851
1406,894,34.978752,128.93408
1407,894,34.978584,128.93965
1408,894,34.978416,128.94524
1409,894,34.97825,128.9508
1410,894,34.978077,128.95638
1411,894,34.97791,128.96194
1412,894,34.977737,128.96751
1413,894,34.97757,128.9731
1414,894,34.977398,128.97867
1415,894,34.977226,128.98424
1416,894,34.977055,128.9898
1417,894,34.976883,128.99539
1418,894,34.97671,129.00096
1419,894,34.97654,129.00653
1420,894,34.976368,129.0121
1421,894,34.976196,129.01767
1422,894,34.97602,129.02325
1423,894,34.97585,129.02882
1424,894,34.975674,129.0344
1425,894,34.9755,129.03996
1426,894,34.975327,129.04553
1427,894,34.97515,129.05112
1428,894,34.974976,129.05669
1429,894,34.9748,129.06226
1430,894,34.974625,129.06783
1431,894,34.97445,129.0734
1432,894,34.974274,129.07898
1433,894,34.974094,129.08455
1434,894,34.97392,129.09012
1435,894,34.97374,129.09569
1436,894,34.973564,129.10126
1437,894,34.973385,129.10684
1438,894,34.97321,129.11241
1439,894,34.97303,129.11798
1440,894,34.97285,129.12355
1441,894,34.97267,129.12912
1442,894,34.972492,129.13469
1443,894,34.972313,129.14027
1444,894,34.97213,129.14584
1445,894,34.97195,129.15141
1446,894,34.97177,129.15698
1447,894,34.97159,129.16255
1448,894,34.97141,129.16812
1449,894,34.971226,129.1737
1450,894,34.971043,129.17928
1451,894,34.970863,129.18484
1452,894,34.97068,129.19041
1453,894,34.970497,129.19598
1454,894,34.970314,129.20155
1455,894,34.970127,129.20712
1456,894,34.969944,129.2127
1457,894,34.96976,129.21828
1458,894,34.969574,129.22385
1459,894,34.96939,129.22942
1460,894,34.969204,129.23499
1461,894,34.96902,129.24055
1462,894,34.968834,129.24612
1463,894,34.968647,129.25171
1464,894,34.96846,129.25728
1465,894,34.968273,129.26285
1466,894,34.968086,129.26842
1467,894,34.9679,129.27399
1468,894,34.967712,129.27956
1469,894,34.967525,129.28513
1470,894,34.967335,129.2907
1471,894,34.967148,129.29628
1472,894,34.966957,129.30185
1376,895,34.988243,128.76707
1377,895,34.988083,128.77264
1378,895,34.987926,128.77821
1379,895,34.987766,128.7838
1380,895,34.987606,128.78937
1381,895,34.987446,128.79494
1382,895,34.987286,128.80052
1383,895,34.987125,128.80609
1384,895,34.986965,128.81166
1385,895,34.9868,128.81723
1386,895,34.98664,128.82281
1387,895,34.986477,128.82838
1388,895,34.986317,128.83395
1389,895,34.986153,128.83954
1390,895,34.985992,128.84511
1391,895,34.98583,128.85068
1392,895,34.985664,128.85626
1393,895,34.9855,128.86183
1394,895,34.985336,128.8674
1395,895,34.985172,128.87297
1396,895,34.985004,128.87856
1397,895,34.98484,128.88412
1398,895,34.984676,128.8897
1399,895,34.98451,128.89528
1400,895,34.984344,128.90085
1401,895,34.984177,128.90642
1402,895,34.98401,128.91199
1403,895,34.983845,128.91757
1404,895,34.983677,128.92314
1405,895,34.98351,128.92871
1406,895,34.98334,128.93428
1407,895,34.983173,128.93987
1408,895,34.983,128.94543
1409,895,34.982834,128.951
1410,895,34.982666,128.95659
1411,895,34.982494,128.96216
1412,895,34.982327,128.96773
1413,895,34.982155,128.9733
1414,895,34.981983,128.97888
1415,895,34.981815,128.98445
1416,895,34.981644,128.99002
1417,895,34.981472,128.99559
1418,895,34.9813,129.00117
1419,895,34.981125,129.00674
1420,895,34.980953,129.01231
1421,895,34.98078,129.01788
1422,895,34.98061,129.02345
1423,895,34.980434,129.02904
1424,895,34.980263,129.0346
1425,895,34.980087,129.04018
1426,895,34.97991,129.04575
1427,895,34.979736,129.05133
1428,895,34.97956,129.0569
1429,895,34.979385,129.06247
1430,895,34.97921,129.06804
1431,895,34.979034,129.07361
1432,895,34.97886,129.0792
1433,895,34.978683,129.08476
1434,895,34.978504,129.09033
1435,895,34.97833,129.0959
1436,895,34.97815,129.10149
1437,895,34.977974,129.10706
1438,895,34.977795,129.11263
1439,895,34.977615,129.1182
1440,895,34.977436,129.12376
1441,895,34.977257,129.12935
1442,895,34.977077,129.13492
1443,895,34.9769,129.14049
1444,895,34.97672,129.14606
1445,895,34.976536,129.15163
1446,895,34.976357,129.15721
1447,895,34.976177,129.16278
1448,895,34.975994,129.16835
1449,895,34.97581,129.17392
1450,895,34.97563,129.17949
1451,895,34.97545,129.18506
1452,895,34.975266,129.19064
1453,895,34.975082,129.19621
1454,895,34.9749,129.20178
1455,895,34.974716,129.20735
1456,895,34.97453,129.21292
1457,895,34.974346,129.21849
1458,895,34.974163,129.22408
1459,895,34.973976,129.22964
1460,895,34.973793,129.23521
1461,895,34.973606,129.24078
1462,895,34.97342,129.24635
1463,895,34.973236,129.25192
1464,895,34.97305,129.2575
1465,895,34.972862,129.26308
1466,895,34.972675,129.26865
1467,895,34.972485,129.27422
1468,895,34.972298,129.27979
1469,895,34.97211,129.28535
1470,895,34.97192,129.29092
1471,895,34.971733,129.29651
1472,895,34.971542,129.30208
1376,896,34.99283,128.76726
1377,896,34.992672,128.77284
1378,896,34.99251,128.77841
1379,896,34.99235,128.78398
1380,896,34.99219,128.78957
1381,896,34.99203,128.79514
1382,896,34.99187,128.8007
1383,896,34.99171,128.80629
1384,896,34.99155,128.81186
1385,896,34.99139,128.81743
1386,896,34.991226,128.82301
1387,896,34.991066,128.82858
1388,896,34.990902,128.83415
1389,896,34.99074,128.83974
1390,896,34.990578,128.8453
1391,896,34.990414,128.85088
1392,896,34.99025,128.85646
1393,896,34.990086,128.86203
1394,896,34.98992,128.8676
1395,896,34.989758,128.87318
1396,896,34.989594,128.87875
1397,896,34.98943,128.88432
1398,896,34.98926,128.8899
1399,896,34.989098,128.89548
1400,896,34.98893,128.90105
1401,896,34.988766,128.90662
1402,896,34.988598,128.9122
1403,896,34.98843,128.91777
1404,896,34.988262,128.92334
1405,896,34.988094,128.92892
1406,896,34.987926,128.9345
1407,896,34.98776,128.94006
1408,896,34.98759,128.94563
1409,896,34.987423,128.95122
1410,896,34.98725,128.95679
1411,896,34.987083,128.96236
1412,896,34.98691,128.96794
1413,896,34.986744,128.97351
1414,896,34.986572,128.97908
1415,896,34.9864,128.98465
1416,896,34.98623,128.99023
1417,896,34.986057,128.9958
1418,896,34.985886,129.00137
1419,896,34.985714,129.00694
1420,896,34.985542,129.01253
1421,896,34.985367,129.0181
1422,896,34.985195,129.02367
1423,896,34.985023,129.02925
1424,896,34.984848,129.03482
1425,896,34.984673,129.04039
1426,896,34.9845,129.04596
1427,896,34.984325,129.05154
1428,896,34.98415,129.05711
1429,896,34.983974,129.06268
1430,896,34.9838,129.06825
1431,896,34.983624,129.07384
1432,896,34.983444,129.0794
1433,896,34.98327,129.08498
1434,896,34.983093,129.09055
1435,896,34.982914,129.09612
1436,896,34.98274,129.1017
1437,896,34.98256,129.10727
1438,896,34.98238,129.11284
1439,896,34.9822,129.11841
1440,896,34.982025,129.124
1441,896,34.981846,129.12956
1442,896,34.981667,129.13513
1443,896,34.981483,129.1407
1444,896,34.981304,129.14629
1445,896,34.981125,129.15186
1446,896,34.98094,129.15742
1447,896,34.980762,129.163
1448,896,34.98058,129.16856
1449,896,34.9804,129.17415
1450,896,34.980217,129.17972
1451,896,34.980034,129.18529
1452,896,34.97985,129.19086
1453,896,34.979668,129.19643
1454,896,34.979485,129.20201
1455,896,34.9793,129.20758
1456,896,34.97912,129.21315
1457,896,34.97893,129.21872
1458,896,34.97875,129.22429
1459,896,34.978565,129.22987
1460,896,34.97838,129.23544
1461,896,34.97819,129.24101
1462,896,34.97801,129.24658
1463,896,34.97782,129.25215
1464,896,34.977634,129.25772
1465,896,34.977448,129.2633
1466,896,34.97726,129.26888
1467,896,34.977074,129.27444
1468,896,34.976883,129.28001
1469,896,34.976696,129.28558
1470,896,34.97651,129.29115
1471,896,34.97632,129.29674
1472,896,34.97613,129.3023
1376,897,34.997417,128.76746
1377,897,34.997257,128.77303
1378,897,34.9971,128.77861
1379,897,34.99694,128.78418
1380,897,34.99678,128.78975
1381,897,34.99662,128.79533
1382,897,34.99646,128.8009
1383,897,34.9963,128.80649
1384,897,34.99614,128.81206
1385,897,34.995975,128.81763
1386,897,34.995815,128.82321
1387,897,34.995655,128.82878
1388,897,34.99549,128.83435
1389,897,34.995327,128.83994
1390,897,34.995167,128.8455
1391,897,34.995003,128.85107
1392,897,34.99484,128.85666
1393,897,34.994675,128.86223
1394,897,34.99451,128.8678
1395,897,34.994347,128.87338
1396,897,34.994183,128.87895
1397,897,34.994015,128.88452
1398,897,34.99385,128.8901
1399,897,34.993683,128.89568
1400,897,34.99352,128.90125
1401,897,34.99335,128.90683
1402,897,34.993183,128.9124
1403,897,34.99302,128.91797
1404,897,34.99285,128.92355
1405,897,34.992683,128.92912
1406,897,34.992516,128.9347
1407,897,34.992348,128.94028
1408,897,34.992176,128.94585
1409,897,34.99201,128.95142
1410,897,34.99184,128.95699
1411,897,34.99167,128.96257
1412,897,34.9915,128.96814
1413,897,34.99133,128.97371
1414,897,34.991158,128.9793
1415,897,34.990986,128.98486
1416,897,34.990818,128.99043
1417,897,34.990646,128.99602
1418,897,34.990475,129.00159
1419,897,34.9903,129.00716
1420,897,34.990128,129.01273
1421,897,34.989956,129.01831
1422,897,34.98978,129.02388
1423,897,34.98961,129.02945
1424,897,34.989433,129.03503
1425,897,34.98926,129.0406
1426,897,34.989086,129.04617
1427,897,34.98891,129.05174
1428,897,34.988735,129.05733
1429,897,34.98856,129.0629
1430,897,34.988384,129.06847
1431,897,34.98821,129.07405
1432,897,34.988033,129.07962
1433,897,34.987858,129.08519
1434,897,34.98768,129.09076
1435,897,34.987503,129.09634
1436,897,34.987324,129.10191
1437,897,34.987144,129.10748
1438,897,34.98697,129.11305
1439,897,34.98679,129.11864
1440,897,34.98661,129.1242
1441,897,34.98643,129.12978
1442,897,34.98625,129.13535
1443,897,34.986073,129.14093
1444,897,34.985893,129.1465
1445,897,34.98571,129.15207
1446,897,34.98553,129.15764
1447,897,34.985348,129.16322
1448,897,34.98517,129.1688
1449,897,34.984985,129.17436
1450,897,34.984802,129.17993
1451,897,34.98462,129.18552
1452,897,34.98444,129.19109
1453,897,34.984257,129.19666
1454,897,34.984074,129.20222
1455,897,34.983887,129.2078
1456,897,34.983704,129.21338
1457,897,34.98352,129.21895
1458,897,34.983334,129.22452
1459,897,34.98315,129.23009
1460,897,34.982964,129.23566
1461,897,34.98278,129.24124
1462,897,34.982594,129.24681
1463,897,34.982407,129.25238
1464,897,34.98222,129.25795
1465,897,34.982033,129.26353
1466,897,34.981846,129.2691
1467,897,34.98166,129.27467
1468,897,34.981472,129.28024
1469,897,34.98128,129.28581
1470,897,34.981094,129.29138
1471,897,34.980904,129.29697
1472,897,34.980717,129.30254
1376,898,35.002007,128.76765
1377,898,35.001846,128.77322
1378,898,35.001686,128.7788
1379,898,35.00153,128.78438
1380,898,35.00137,128.78995
1381,898,35.00121,128.79553
1382,898,35.00105,128.8011
1383,898,35.00089,128.80667
1384,898,35.000725,128.81226
1385,898,35.000565,128.81783
1386,898,35.000404,128.8234
1387,898,35.00024,128.82898
1388,898,35.00008,128.83455
1389,898,34.999916,128.84013
1390,898,34.999752,128.8457
1391,898,34.999588,128.85127
1392,898,34.999428,128.85686
1393,898,34.999264,128.86243
1394,898,34.999096,128.868
1395,898,34.99893,128.87358
1396,898,34.998768,128.87915
1397,898,34.998604,128.88474
1398,898,34.998436,128.8903
1399,898,34.998272,128.89587
1400,898,34.998104,128.90146
1401,898,34.99794,128.90703
1402,898,34.997772,128.9126
1403,898,34.997604,128.91818
1404,898,34.997437,128.92375
1405,898,34.99727,128.92932
1406,898,34.9971,128.9349
1407,898,34.996933,128.94048
1408,898,34.996765,128.94604
1409,898,34.996597,128.95163
1410,898,34.996426,128.9572
1411,898,34.996258,128.96277
1412,898,34.996086,128.96835
1413,898,34.995914,128.97392
1414,898,34.995747,128.97949
1415,898,34.995575,128.98508
1416,898,34.995403,128.99065
1417,898,34.99523,128.99622
1418,898,34.99506,129.0018
1419,898,34.99489,129.00737
1420,898,34.994717,129.01294
1421,898,34.99454,129.01852
1422,898,34.99437,129.0241
1423,898,34.994194,129.02966
1424,898,34.994022,129.03523
1425,898,34.993847,129.04082
1426,898,34.99367,129.04639
1427,898,34.9935,129.05196
1428,898,34.993324,129.05754
1429,898,34.99315,129.06311
1430,898,34.992973,129.06868
1431,898,34.992798,129.07426
1432,898,34.99262,129.07983
1433,898,34.992443,129.0854
1434,898,34.992268,129.09097
1435,898,34.99209,129.09656
1436,898,34.99191,129.10213
1437,898,34.991734,129.1077
1438,898,34.991554,129.11328
1439,898,34.991375,129.11885
1440,898,34.991196,129.12442
1441,898,34.991016,129.12999
1442,898,34.990837,129.13557
1443,898,34.990658,129.14114
1444,898,34.99048,129.14671
1445,898,34.9903,129.15228
1446,898,34.990116,129.15787
1447,898,34.989937,129.16344
1448,898,34.989754,129.169
1449,898,34.98957,129.17459
1450,898,34.98939,129.18016
1451,898,34.98921,129.18573
1452,898,34.989025,129.1913
1453,898,34.988842,129.19688
1454,898,34.98866,129.20245
1455,898,34.988476,129.20802
1456,898,34.98829,129.2136
1457,898,34.988106,129.21918
1458,898,34.987923,129.22475
1459,898,34.987736,129.23032
1460,898,34.987553,129.23589
1461,898,34.987366,129.24146
1462,898,34.98718,129.24704
1463,898,34.98699,129.25261
1464,898,34.986805,129.25818
1465,898,34.986618,129.26375
1466,898,34.98643,129.26933
1467,898,34.986244,129.2749
1468,898,34.986057,129.28047
1469,898,34.98587,129.28604
1470,898,34.98568,129.29161
1471,898,34.985493,129.2972
1472,898,34.985302,129.30276
1376,899,35.00659,128.76784
1377,899,35.006435,128.77342
1378,899,35.006275,128.77899
1379,899,35.006115,128.78456
1380,899,35.005955,128.79015
1381,899,35.005795,128.79572
1382,899,35.005634,128.8013
1383,899,35.005474,128.80687
1384,899,35.005314,128.81245
1385,899,35.005154,128.81802
1386,899,35.00499,128.8236
1387,899,35.00483,128.82918
1388,899,35.004665,128.83475
1389,899,35.004505,128.84033
1390,899,35.00434,128.8459
1391,899,35.004177,128.85147
1392,899,35.004013,128.85706
1393,899,35.00385,128.86263
1394,899,35.003685,128.86821
1395,899,35.00352,128.87378
1396,899,35.003357,128.87935
1397,899,35.00319,128.88493
1398,899,35.003025,128.8905
1399,899,35.00286,128.89607
1400,899,35.002693,128.90166
1401,899,35.002525,128.90723
1402,899,35.00236,128.91281
1403,899,35.002193,128.91838
1404,899,35.002026,128.92395
1405,899,35.001858,128.92953
1406,899,35.00169,128.9351
1407,899,35.001522,128.94067
1408,899,35.00135,128.94626
1409,899,35.001183,128.95183
1410,899,35.001015,128.95741
1411,899,35.000843,128.96298
1412,899,35.000675,128.96855
1413,899,35.000504,128.97414
1414,899,35.00033,128.9797
1415,899,35.00016,128.98528
1416,899,34.999992,128.99086
1417,899,34.99982,128.99643
1418,899,34.99965,129.002
1419,899,34.999474,129.00758
1420,899,34.999302,129.01315
1421,899,34.99913,129.01872
1422,899,34.998955,129.0243
1423,899,34.998783,129.02988
1424,899,34.998608,129.03545
1425,899,34.998436,129.04103
1426,899,34.99826,129.0466
1427,899,34.998085,129.05217
1428,899,34.99791,129.05775
1429,899,34.997734,129.06332
1430,899,34.99756,129.0689
1431,899,34.997383,129.07448
1432,899,34.997208,129.08005
1433,899,34.99703,129.08562
1434,899,34.996853,129.0912
1435,899,34.996677,129.09677
1436,899,34.9965,129.10234
1437,899,34.99632,129.10791
1438,899,34.996143,129.1135
1439,899,34.995964,129.11906
1440,899,34.995785,129.12463
1441,899,34.995605,129.13022
1442,899,34.995426,129.13579
1443,899,34.995247,129.14136
1444,899,34.995064,129.14694
1445,899,34.994884,129.15251
1446,899,34.994705,129.15808
1447,899,34.994522,129.16365
1448,899,34.99434,129.16924
1449,899,34.99416,129.1748
1450,899,34.993977,129.18037
1451,899,34.993793,129.18596
1452,899,34.99361,129.19153
1453,899,34.993427,129.1971
1454,899,34.993244,129.20267
1455,899,34.99306,129.20825
1456,899,34.992878,129.21382
1457,899,34.99269,129.21939
1458,899,34.992508,129.22496
1459,899,34.992325,129.23055
1460,899,34.992138,129.23611
1461,899,34.99195,129.24168
1462,899,34.991768,129.24727
1463,899,34.99158,129.25284
1464,899,34.991394,129.2584
1465,899,34.991207,129.26398
1466,899,34.99102,129.26956
1467,899,34.990833,129.27513
1468,899,34.990643,129.2807
1469,899,34.990456,129.28627
1470,899,34.99027,129.29185
1471,899,34.990078,129.29742
1472,899,34.989887,129.303
1376,900,35.01118,128.76804
1377,900,35.01102,128.7736
1378,900,35.010864,128.77919
1379,900,35.010704,128.78476
1380,900,35.010544,128.79034
1381,900,35.010384,128.79591
1382,900,35.010223,128.8015
1383,900,35.010063,128.80707
1384,900,35.009903,128.81264
1385,900,35.00974,128.81822
1386,900,35.00958,128.82379
1387,900,35.009415,128.82938
1388,900,35.009254,128.83495
1389,900,35.00909,128.84053
1390,900,35.008926,128.8461
1391,900,35.008766,128.85167
1392,900,35.008602,128.85725
1393,900,35.00844,128.86282
1394,900,35.008274,128.86841
1395,900,35.00811,128.87398
1396,900,35.007942,128.87955
1397,900,35.00778,128.88513
1398,900,35.007614,128.8907
1399,900,35.007446,128.89629
1400,900,35.007282,128.90186
1401,900,35.007114,128.90742
1402,900,35.006947,128.91301
1403,900,35.00678,128.91858
1404,900,35.00661,128.92416
1405,900,35.006443,128.92973
1406,900,35.006275,128.9353
1407,900,35.006107,128.94089
1408,900,35.00594,128.94646
1409,900,35.00577,128.95204
1410,900,35.0056,128.95761
1411,900,35.005432,128.96318
1412,900,35.00526,128.96877
1413,900,35.005093,128.97433
1414,900,35.00492,128.97992
1415,900,35.00475,128.98549
1416,900,35.004578,128.99106
1417,900,35.004406,128.99664
1418,900,35.004234,129.00221
1419,900,35.004063,129.00778
1420,900,35.00389,129.01337
1421,900,35.003716,129.01894
1422,900,35.003544,129.0245
1423,900,35.00337,129.03009
1424,900,35.003197,129.03566
1425,900,35.00302,129.04124
1426,900,35.002846,129.04681
1427,900,35.002674,129.05238
1428,900,35.0025,129.05797
1429,900,35.002323,129.06354
1430,900,35.002148,129.0691
1431,900,35.00197,129.07469
1432,900,35.001793,129.08026
1433,900,35.001617,129.08583
1434,900,35.00144,129.09142
1435,900,35.001263,129.09698
1436,900,35.001083,129.10255
1437,900,35.000908,129.10814
1438,900,35.00073,129.11371
1439,900,35.00055,129.11928
1440,900,35.00037,129.12486
1441,900,35.00019,129.13043
1442,900,35.00001,129.136
1443,900,34.999832,129.14159
1444,900,34.999653,129.14716
1445,900,34.99947,129.15273
1446,900,34.99929,129.15831
1447,900,34.999107,129.16388
1448,900,34.998928,129.16945
1449,900,34.998745,129.17503
1450,900,34.99856,129.1806
1451,900,34.998383,129.18617
1452,900,34.9982,129.19174
1453,900,34.998016,129.19733
1454,900,34.997833,129.2029
1455,900,34.997646,129.20847
1456,900,34.997463,129.21405
1457,900,34.99728,129.21962
1458,900,34.997093,129.22519
1459,900,34.99691,129.23077
1460,900,34.996723,129.23634
1461,900,34.99654,129.24191
1462,900,34.996353,129.24748
1463,900,34.996166,129.25307
1464,900,34.99598,129.25864
1465,900,34.995792,129.2642
1466,900,34.995605,129.26978
1467,900,34.99542,129.27536
1468,900,34.99523,129.28093
1469,900,34.99504,129.2865
1470,900,34.994854,129.29208
1471,900,34.994663,129.29765
1472,900,34.994476,129.30322
1376,901,35.01577,128.76823
1377,901,35.01561,128.7738
1378,901,35.01545,128.77937
1379,901,35.015293,128.78496
1380,901,35.015133,128.79053
1381,901,35.014973,128.79611
1382,901,35.014812,128.80168
1383,901,35.01465,128.80727
1384,901,35.01449,128.81284
1385,901,35.014328,128.81842
1386,901,35.014168,128.82399
1387,901,35.014004,128.82957
1388,901,35.01384,128.83514
1389,901,35.01368,128.84071
1390,901,35.013515,128.8463
1391,901,35.01335,128.85187
1392,901,35.013187,128.85745
1393,901,35.013023,128.86302
1394,901,35.01286,128.8686
1395,901,35.012695,128.87418
1396,901,35.01253,128.87976
1397,901,35.012367,128.88533
1398,901,35.0122,128.8909
1399,901,35.012035,128.89648
1400,901,35.011868,128.90205
1401,901,35.0117,128.90764
1402,901,35.011536,128.91321
1403,901,35.011368,128.9188
1404,901,35.0112,128.92436
1405,901,35.011032,128.92993
1406,901,35.010864,128.93552
1407,901,35.010696,128.94109
1408,901,35.01053,128.94667
1409,901,35.010357,128.95224
1410,901,35.01019,128.95782
1411,901,35.010017,128.9634
1412,901,35.00985,128.96896
1413,901,35.009678,128.97455
1414,901,35.009506,128.98012
1415,901,35.00934,128.9857
1416,901,35.009167,128.99127
1417,901,35.008995,128.99684
1418,901,35.008823,129.00243
1419,901,35.008648,129.008
1420,901,35.008476,129.01358
1421,901,35.008305,129.01915
1422,901,35.00813,129.02472
1423,901,35.007957,129.0303
1424,901,35.007782,129.03587
1425,901,35.00761,129.04144
1426,901,35.007435,129.04703
1427,901,35.00726,129.0526
1428,901,35.007084,129.05818
1429,901,35.00691,129.06375
1430,901,35.006733,129.06932
1431,901,35.006557,129.0749
1432,901,35.006382,129.08047
1433,901,35.006203,129.08604
1434,901,35.006027,129.09163
1435,901,35.005848,129.0972
1436,901,35.005672,129.10278
1437,901,35.005493,129.10835
1438,901,35.005314,129.11392
1439,901,35.00514,129.1195
1440,901,35.00496,129.12508
1441,901,35.00478,129.13065
1442,901,35.0046,129.13623
1443,901,35.004417,129.1418
1444,901,35.00424,129.14737
1445,901,35.00406,129.15295
1446,901,35.003876,129.15852
1447,901,35.003696,129.1641
1448,901,35.003513,129.16968
1449,901,35.003334,129.17525
1450,901,35.00315,129.18082
1451,901,35.002968,129.1864
1452,901,35.002785,129.19197
1453,901,35.0026,129.19754
1454,901,35.00242,129.20312
1455,901,35.002235,129.2087
1456,901,35.002052,129.21426
1457,901,35.001865,129.21985
1458,901,35.001682,129.22542
1459,901,35.001495,129.23099
1460,901,35.001312,129.23657
1461,901,35.001125,129.24214
1462,901,35.00094,129.24771
1463,901,35.00075,129.25328
1464,901,35.000565,129.25887
1465,901,35.000378,129.26443
1466,901,35.00019,129.27
1467,901,35.000004,129.27559
1468,901,34.999817,129.28116
1469,901,34.99963,129.28673
1470,901,34.99944,129.29231
1471,901,34.999252,129.29788
1472,901,34.99906,129.30345
1376,902,35.020355,128.76842
1377,902,35.0202,128.774
1378,902,35.02004,128.77957
1379,902,35.01988,128.78516
1380,902,35.01972,128.79073
1381,902,35.019558,128.79631
1382,902,35.019398,128.80188
1383,902,35.019238,128.80746
1384,902,35.019077,128.81303
1385,902,35.018917,128.81862
1386,902,35.018753,128.82419
1387,902,35.018593,128.82977
1388,902,35.01843,128.83534
1389,902,35.018265,128.84091
1390,902,35.018105,128.8465
1391,902,35.01794,128.85207
1392,902,35.017776,128.85765
1393,902,35.017612,128.86322
1394,902,35.01745,128.8688
1395,902,35.017284,128.87437
1396,902,35.01712,128.87996
1397,902,35.016953,128.88553
1398,902,35.01679,128.89111
1399,902,35.01662,128.89668
1400,902,35.016457,128.90227
1401,902,35.01629,128.90784
1402,902,35.01612,128.9134
1403,902,35.015957,128.91899
1404,902,35.01579,128.92456
1405,902,35.01562,128.93015
1406,902,35.015453,128.93571
1407,902,35.01528,128.9413
1408,902,35.015114,128.94687
1409,902,35.014946,128.95245
1410,902,35.014774,128.95802
1411,902,35.014606,128.9636
1412,902,35.014435,128.96918
1413,902,35.014267,128.97475
1414,902,35.014095,128.98033
1415,902,35.013924,128.9859
1416,902,35.013752,128.99149
1417,902,35.01358,128.99706
1418,902,35.01341,129.00262
1419,902,35.013237,129.00821
1420,902,35.013065,129.01378
1421,902,35.01289,129.01936
1422,902,35.01272,129.02493
1423,902,35.012543,129.03052
1424,902,35.01237,129.03609
1425,902,35.012196,129.04166
1426,902,35.01202,129.04724
1427,902,35.01185,129.05281
1428,902,35.011673,129.0584
1429,902,35.011497,129.06396
1430,902,35.011322,129.06953
1431,902,35.011143,129.07512
1432,902,35.010967,129.08069
1433,902,35.01079,129.08627
1434,902,35.010612,129.09184
1435,902,35.010437,129.09741
1436,902,35.010258,129.103
1437,902,35.010082,129.10857
1438,902,35.009903,129.11414
1439,902,35.009724,129.11972
1440,902,35.009544,129.12529
1441,902,35.009365,129.13087
1442,902,35.009186,129.13644
1443,902,35.009007,129.14201
1444,902,35.008827,129.1476
1445,902,35.008644,129.15317
1446,902,35.008465,129.15874
1447,902,35.00828,129.16432
1448,902,35.008102,129.16989
1449,902,35.00792,129.17548
1450,902,35.007736,129.18105
1451,902,35.007553,129.18661
1452,902,35.007374,129.1922
1453,902,35.007187,129.19777
1454,902,35.007004,129.20334
1455,902,35.00682,129.20892
1456,902,35.006638,129.2145
1457,902,35.006454,129.22006
1458,902,35.006268,129.22565
1459,902,35.006084,129.23122
1460,902,35.005898,129.23679
1461,902,35.00571,129.24237
1462,902,35.005527,129.24794
1463,902,35.00534,129.25351
1464,902,35.005154,129.2591
1465,902,35.004967,129.26466
1466,902,35.00478,129.27023
1467,902,35.004593,129.27582
1468,902,35.004402,129.28139
1469,902,35.004215,129.28696
1470,902,35.004025,129.29254
1471,902,35.003838,129.29811
1376,903,35.024944,128.76862
1377,903,35.024784,128.77419
1378,903,35.024628,128.77977
1379,903,35.024467,128.78534
1380,903,35.024307,128.79092
1381,903,35.024147,128.7965
1382,903,35.023987,128.80208
1383,903,35.023827,128.80765
1384,903,35.023666,128.81323
1385,903,35.023502,128.8188
1386,903,35.023342,128.82439
1387,903,35.02318,128.82996
1388,903,35.023018,128.83554
1389,903,35.022854,128.84111
1390,903,35.02269,128.8467
1391,903,35.02253,128.85226
1392,903,35.022366,128.85785
1393,903,35.0222,128.86342
1394,903,35.022038,128.869
1395,903,35.02187,128.87457
1396,903,35.021706,128.88016
1397,903,35.02154,128.88573
1398,903,35.021374,128.89131
1399,903,35.02121,128.89688
1400,903,35.02104,128.90247
1401,903,35.020878,128.90804
1402,903,35.02071,128.91362
1403,903,35.020542,128.91919
1404,903,35.020374,128.92477
1405,903,35.020206,128.93034
1406,903,35.02004,128.93593
1407,903,35.01987,128.9415
1408,903,35.019703,128.94708
1409,903,35.01953,128.95265
1410,903,35.019363,128.95824
1411,903,35.01919,128.9638
1412,903,35.019024,128.96938
1413,903,35.018852,128.97496
1414,903,35.01868,128.98053
1415,903,35.018513,128.98611
1416,903,35.01834,128.99168
1417,903,35.01817,128.99727
1418,903,35.017998,129.00284
1419,903,35.017822,129.00842
1420,903,35.01765,129.01399
1421,903,35.01748,129.01956
1422,903,35.017303,129.02515
1423,903,35.01713,129.03072
1424,903,35.016956,129.0363
1425,903,35.016785,129.04187
1426,903,35.01661,129.04745
1427,903,35.016434,129.05302
1428,903,35.01626,129.05861
1429,903,35.016083,129.06418
1430,903,35.015907,129.06975
1431,903,35.01573,129.07533
1432,903,35.015556,129.0809
1433,903,35.015377,129.08649
1434,903,35.0152,129.09206
1435,903,35.015022,129.09763
1436,903,35.014847,129.10321
1437,903,35.014668,129.10878
1438,903,35.01449,129.11436
1439,903,35.014313,129.11993
1440,903,35.014133,129.1255
1441,903,35.013954,129.13109
1442,903,35.01377,129.13666
1443,903,35.01359,129.14224
1444,903,35.013412,129.14781
1445,903,35.013233,129.15338
1446,903,35.01305,129.15897
1447,903,35.01287,129.16454
1448,903,35.012688,129.17012
1449,903,35.012505,129.17569
1450,903,35.012325,129.18126
1451,903,35.012142,129.18684
1452,903,35.01196,129.19241
1453,903,35.011776,129.198
1454,903,35.011593,129.20357
1455,903,35.01141,129.20914
1456,903,35.011223,129.21472
1457,903,35.01104,129.22029
1458,903,35.010857,129.22586
1459,903,35.01067,129.23145
1460,903,35.010483,129.23701
1461,903,35.0103,129.24258
1462,903,35.010113,129.24817
1463,903,35.009926,129.25374
1464,903,35.00974,129.25932
1465,903,35.009552,129.2649
1466,903,35.009365,129.27046
1467,903,35.00918,129.27605
1468,903,35.00899,129.28162
1469,903,35.0088,129.28719
1470,903,35.008614,129.29277
1471,903,35.008423,129.29834
1376,904,35.029533,128.7688
1377,904,35.029373,128.77438
1378,904,35.029213,128.77997
1379,904,35.029057,128.78554
1380,904,35.028896,128.79112
1381,904,35.028736,128.79669
1382,904,35.028576,128.80228
1383,904,35.028416,128.80785
1384,904,35.02825,128.81343
1385,904,35.02809,128.819
1386,904,35.02793,128.82458
1387,904,35.027767,128.83015
1388,904,35.027603,128.83574
1389,904,35.027443,128.84131
1390,904,35.02728,128.8469
1391,904,35.027115,128.85246
1392,904,35.02695,128.85805
1393,904,35.026787,128.86363
1394,904,35.026623,128.8692
1395,904,35.02646,128.87479
1396,904,35.026295,128.88036
1397,904,35.02613,128.88594
1398,904,35.025963,128.89151
1399,904,35.0258,128.8971
1400,904,35.02563,128.90266
1401,904,35.025463,128.90825
1402,904,35.0253,128.91382
1403,904,35.02513,128.9194
1404,904,35.024963,128.92497
1405,904,35.024796,128.93056
1406,904,35.024628,128.93613
1407,904,35.02446,128.94171
1408,904,35.02429,128.94728
1409,904,35.02412,128.95287
1410,904,35.023952,128.95844
1411,904,35.02378,128.96402
1412,904,35.023613,128.96959
1413,904,35.02344,128.97516
1414,904,35.02327,128.98074
1415,904,35.023098,128.98631
1416,904,35.022926,128.9919
1417,904,35.022755,128.99747
1418,904,35.022583,129.00305
1419,904,35.02241,129.00862
1420,904,35.02224,129.0142
1421,904,35.022064,129.01978
1422,904,35.021893,129.02536
1423,904,35.02172,129.03093
1424,904,35.021545,129.03651
1425,904,35.02137,129.04208
1426,904,35.0212,129.04767
1427,904,35.021023,129.05324
1428,904,35.020847,129.0588
1429,904,35.02067,129.06439
1430,904,35.020496,129.06996
1431,904,35.020317,129.07555
1432,904,35.02014,129.08112
1433,904,35.019966,129.0867
1434,904,35.019787,129.09227
1435,904,35.01961,129.09785
1436,904,35.019432,129.10342
1437,904,35.019257,129.109
1438,904,35.019077,129.11458
1439,904,35.018898,129.12015
1440,904,35.01872,129.12573
1441,904,35.01854,129.1313
1442,904,35.01836,129.13689
1443,904,35.01818,129.14246
1444,904,35.018,129.14803
1445,904,35.01782,129.15361
1446,904,35.01764,129.15918
1447,904,35.017456,129.16476
1448,904,35.017277,129.17033
1449,904,35.017094,129.17592
1450,904,35.01691,129.18149
1451,904,35.016727,129.18706
1452,904,35.016544,129.19264
1453,904,35.01636,129.19821
1454,904,35.01618,129.2038
1455,904,35.015995,129.20937
1456,904,35.015812,129.21494
1457,904,35.015625,129.22052
1458,904,35.01544,129.22609
1459,904,35.015255,129.23167
1460,904,35.01507,129.23724
1461,904,35.014885,129.24281
1462,904,35.014698,129.2484
1463,904,35.014515,129.25397
1464,904,35.014328,129.25954
1465,904,35.01414,129.26512
1466,904,35.01395,129.27069
1467,904,35.013763,129.27628
1468,904,35.013577,129.28185
1469,904,35.01339,129.28741
1470,904,35.0132,129.293
1471,904,35.013012,129.29857
1376,905,35.034122,128.769
1377,905,35.033962,128.77458
1378,905,35.033802,128.78015
1379,905,35.03364,128.78574
1380,905,35.03348,128.7913
1381,905,35.03332,128.79689
1382,905,35.03316,128.80247
1383,905,35.033,128.80804
1384,905,35.03284,128.81363
1385,905,35.03268,128.8192
1386,905,35.032516,128.82478
1387,905,35.032356,128.83035
1388,905,35.032192,128.83594
1389,905,35.032032,128.8415
1390,905,35.031868,128.84709
1391,905,35.031704,128.85266
1392,905,35.03154,128.85825
1393,905,35.031376,128.86383
1394,905,35.03121,128.8694
1395,905,35.031048,128.87498
1396,905,35.030884,128.88055
1397,905,35.030716,128.88614
1398,905,35.030552,128.89171
1399,905,35.030384,128.8973
1400,905,35.03022,128.90286
1401,905,35.030052,128.90845
1402,905,35.029884,128.91402
1403,905,35.029716,128.9196
1404,905,35.029552,128.92517
1405,905,35.02938,128.93076
1406,905,35.029213,128.93633
1407,905,35.029045,128.94191
1408,905,35.028877,128.9475
1409,905,35.02871,128.95306
1410,905,35.028538,128.95865
1411,905,35.02837,128.96422
1412,905,35.0282,128.9698
1413,905,35.028027,128.97537
1414,905,35.02786,128.98096
1415,905,35.027687,128.98653
1416,905,35.027515,128.99211
1417,905,35.027344,128.99768
1418,905,35.027172,129.00327
1419,905,35.027,129.00883
1420,905,35.026825,129.01442
1421,905,35.026653,129.01999
1422,905,35.02648,129.02557
1423,905,35.026306,129.03114
1424,905,35.026134,129.03673
1425,905,35.02596,129.0423
1426,905,35.025784,129.04787
1427,905,35.025608,129.05345
1428,905,35.025433,129.05902
1429,905,35.025257,129.0646
1430,905,35.02508,129.07018
1431,905,35.024906,129.07576
1432,905,35.02473,129.08133
1433,905,35.02455,129.08691
1434,905,35.024376,129.09248
1435,905,35.024197,129.09807
1436,905,35.02402,129.10364
1437,905,35.02384,129.10922
1438,905,35.023663,129.11479
1439,905,35.023487,129.12038
1440,905,35.023308,129.12595
1441,905,35.02313,129.13152
1442,905,35.022945,129.1371
1443,905,35.022766,129.14267
1444,905,35.022587,129.14825
1445,905,35.022408,129.15382
1446,905,35.022224,129.15941
1447,905,35.022045,129.16498
1448,905,35.021862,129.17056
1449,905,35.02168,129.17613
1450,905,35.0215,129.1817
1451,905,35.021317,129.18729
1452,905,35.021133,129.19286
1453,905,35.02095,129.19844
1454,905,35.020767,129.20401
1455,905,35.020584,129.2096
1456,905,35.020397,129.21516
1457,905,35.020214,129.22073
1458,905,35.020027,129.22632
1459,905,35.019844,129.23189
1460,905,35.019657,129.23747
1461,905,35.019474,129.24304
1462,905,35.019287,129.24863
1463,905,35.0191,129.2542
1464,905,35.018913,129.25977
1465,905,35.018726,129.26535
1466,905,35.01854,129.27092
1467,905,35.018353,129.2765
1468,905,35.01816,129.28207
1469,905,35.017975,129.28764
1470,905,35.017788,129.29323
1471,905,35.017597,129.2988
1376,906,35.038708,128.7692
1377,906,35.03855,128.77477
1378,906,35.03839,128.78035
1379,906,35.03823,128.78593
1380,906,35.03807,128.7915
1381,906,35.03791,128.79709
1382,906,35.03775,128.80266
1383,906,35.03759,128.80824
1384,906,35.03743,128.81381
1385,906,35.037266,128.8194
1386,906,35.037106,128.82498
1387,906,35.03694,128.83055
1388,906,35.03678,128.83614
1389,906,35.036617,128.8417
1390,906,35.036453,128.84729
1391,906,35.036293,128.85287
1392,906,35.03613,128.85844
1393,906,35.035965,128.86403
1394,906,35.0358,128.8696
1395,906,35.035633,128.87518
1396,906,35.03547,128.88075
1397,906,35.035305,128.88634
1398,906,35.035137,128.8919
1399,906,35.034973,128.89749
1400,906,35.034805,128.90308
1401,906,35.03464,128.90865
1402,906,35.034473,128.91423
1403,906,35.034306,128.9198
1404,906,35.034138,128.92538
1405,906,35.03397,128.93095
1406,906,35.033802,128.93654
1407,906,35.033634,128.94211
1408,906,35.033466,128.9477
1409,906,35.033295,128.95328
1410,906,35.033127,128.95885
1411,906,35.032955,128.96443
1412,906,35.032787,128.97
1413,906,35.032616,128.97559
1414,906,35.032444,128.98116
1415,906,35.032272,128.98674
1416,906,35.032104,128.99231
1417,906,35.031933,128.9979
1418,906,35.031757,129.00346
1419,906,35.031586,129.00905
1420,906,35.031414,129.01462
1421,906,35.031242,129.0202
1422,906,35.031067,129.02577
1423,906,35.030895,129.03136
1424,906,35.03072,129.03693
1425,906,35.030544,129.04251
1426,906,35.030373,129.04808
1427,906,35.030197,129.05367
1428,906,35.03002,129.05923
1429,906,35.029846,129.06482
1430,906,35.02967,129.07039
1431,906,35.029495,129.07597
1432,906,35.029316,129.08154
1433,906,35.02914,129.08713
1434,906,35.028965,129.0927
1435,906,35.028786,129.09828
1436,906,35.028606,129.10385
1437,906,35.02843,129.10944
1438,906,35.02825,129.115
1439,906,35.028072,129.12059
1440,906,35.027893,129.12616
1441,906,35.027714,129.13174
1442,906,35.027534,129.13731
1443,906,35.027355,129.1429
1444,906,35.027176,129.14847
1445,906,35.026993,129.15405
1446,906,35.026814,129.15962
1447,906,35.02663,129.1652
1448,906,35.02645,129.17078
1449,906,35.026268,129.17636
1450,906,35.026085,129.18193
1451,906,35.0259,129.1875
1452,906,35.02572,129.19308
1453,906,35.025536,129.19865
1454,906,35.025352,129.20424
1455,906,35.02517,129.20981
1456,906,35.024986,129.2154
1457,906,35.0248,129.22096
1458,906,35.024616,129.22655
1459,906,35.02443,129.23212
1460,906,35.024246,129.23769
1461,906,35.02406,129.24327
1462,906,35.023872,129.24884
1463,906,35.023685,129.25443
1464,906,35.0235,129.26
1465,906,35.02331,129.26558
1466,906,35.023125,129.27115
1467,906,35.022938,129.27672
1468,906,35.02275,129.2823
1469,906,35.02256,129.28787
1470,906,35.022373,129.29346
1471,906,35.022182,129.29903
1376,907,35.043297,128.76938
1377,907,35.043137,128.77496
1378,907,35.04298,128.78055
1379,907,35.04282,128.78612
1380,907,35.04266,128.7917
1381,907,35.0425,128.79727
1382,907,35.04234,128.80286
1383,907,35.04218,128.80844
1384,907,35.042015,128.81401
1385,907,35.041855,128.8196
1386,907,35.041695,128.82518
1387,907,35.04153,128.83075
1388,907,35.04137,128.83633
1389,907,35.041206,128.8419
1390,907,35.041042,128.84749
1391,907,35.04088,128.85307
1392,907,35.040714,128.85864
1393,907,35.04055,128.86423
1394,907,35.040386,128.8698
1395,907,35.040222,128.87538
1396,907,35.04006,128.88097
1397,907,35.039894,128.88654
1398,907,35.039726,128.89212
1399,907,35.039562,128.89769
1400,907,35.039394,128.90327
1401,907,35.039227,128.90884
1402,907,35.039062,128.91443
1403,907,35.038895,128.92001
1404,907,35.038727,128.92558
1405,907,35.03856,128.93117
1406,907,35.03839,128.93674
1407,907,35.038223,128.94232
1408,907,35.03805,128.94789
1409,907,35.037884,128.95348
1410,907,35.037716,128.95906
1411,907,35.037544,128.96463
1412,907,35.037373,128.97021
1413,907,35.037205,128.97578
1414,907,35.037033,128.98137
1415,907,35.03686,128.98694
1416,907,35.03669,128.99252
1417,907,35.03652,128.9981
1418,907,35.036346,129.00368
1419,907,35.036175,129.00926
1420,907,35.036003,129.01483
1421,907,35.035828,129.02042
1422,907,35.035656,129.02599
1423,907,35.03548,129.03157
1424,907,35.03531,129.03714
1425,907,35.035133,129.04272
1426,907,35.034958,129.0483
1427,907,35.034782,129.05388
1428,907,35.034607,129.05945
1429,907,35.03443,129.06503
1430,907,35.034256,129.0706
1431,907,35.03408,129.07619
1432,907,35.033905,129.08176
1433,907,35.03373,129.08734
1434,907,35.03355,129.09293
1435,907,35.033375,129.0985
1436,907,35.033195,129.10408
1437,907,35.033016,129.10965
1438,907,35.032837,129.11523
1439,907,35.03266,129.1208
1440,907,35.032482,129.12639
1441,907,35.032303,129.13196
1442,907,35.032124,129.13754
1443,907,35.03194,129.14311
1444,907,35.03176,129.1487
1445,907,35.03158,129.15427
1446,907,35.0314,129.15985
1447,907,35.03122,129.16542
1448,907,35.031036,129.171
1449,907,35.030853,129.17657
1450,907,35.030674,129.18216
1451,907,35.03049,129.18773
1452,907,35.030308,129.1933
1453,907,35.030125,129.19888
1454,907,35.02994,129.20445
1455,907,35.029755,129.21004
1456,907,35.02957,129.2156
1457,907,35.02939,129.22119
1458,907,35.0292,129.22676
1459,907,35.02902,129.23235
1460,907,35.02883,129.23792
1461,907,35.02865,129.2435
1462,907,35.02846,129.24907
1463,907,35.028275,129.25465
1464,907,35.028088,129.26022
1465,907,35.0279,129.26581
1466,907,35.027714,129.27138
1467,907,35.027527,129.27695
1468,907,35.027336,129.28253
1469,907,35.02715,129.2881
1470,907,35.02696,129.29369
1471,907,35.02677,129.29926
1376,908,35.047886,128.76958
1377,908,35.047726,128.77516
1378,908,35.04757,128.78073
1379,908,35.04741,128.78632
1380,908,35.04725,128.7919
1381,908,35.04709,128.79747
1382,908,35.04693,128.80305
1383,908,35.046764,128.80864
1384,908,35.046604,128.81421
1385,908,35.046444,128.8198
1386,908,35.04628,128.82536
1387,908,35.04612,128.83095
1388,908,35.045956,128.83653
1389,908,35.045795,128.8421
1390,908,35.04563,128.84769
1391,908,35.045467,128.85327
1392,908,35.045303,128.85884
1393,908,35.04514,128.86443
1394,908,35.044975,128.87
1395,908,35.04481,128.87558
1396,908,35.044647,128.88116
1397,908,35.04448,128.88673
1398,908,35.044315,128.89232
1399,908,35.044147,128.8979
1400,908,35.043983,128.90347
1401,908,35.043816,128.90906
1402,908,35.043648,128.91463
1403,908,35.04348,128.92021
1404,908,35.043316,128.9258
1405,908,35.043148,128.93137
1406,908,35.042976,128.93695
1407,908,35.04281,128.94252
1408,908,35.04264,128.9481
1409,908,35.042473,128.95369
1410,908,35.0423,128.95926
1411,908,35.042133,128.96484
1412,908,35.04196,128.97041
1413,908,35.04179,128.976
1414,908,35.041622,128.98157
1415,908,35.04145,128.98715
1416,908,35.04128,128.99274
1417,908,35.041107,128.9983
1418,908,35.040936,129.00389
1419,908,35.040764,129.00946
1420,908,35.04059,129.01505
1421,908,35.040417,129.02061
1422,908,35.04024,129.0262
1423,908,35.04007,129.03178
1424,908,35.039894,129.03735
1425,908,35.039722,129.04294
1426,908,35.039547,129.04851
1427,908,35.03937,129.0541
1428,908,35.039196,129.05966
1429,908,35.03902,129.06525
1430,908,35.038845,129.07082
1431,908,35.03867,129.0764
1432,908,35.03849,129.08199
1433,908,35.038315,129.08755
1434,908,35.03814,129.09314
1435,908,35.03796,129.09871
1436,908,35.037785,129.1043
1437,908,35.037605,129.10986
1438,908,35.037426,129.11545
1439,908,35.037247,129.12102
1440,908,35.037067,129.1266
1441,908,35.03689,129.13217
1442,908,35.03671,129.13776
1443,908,35.03653,129.14333
1444,908,35.03635,129.14891
1445,908,35.036167,129.15448
1446,908,35.035988,129.16006
1447,908,35.035805,129.16565
1448,908,35.035625,129.17122
1449,908,35.035442,129.1768
1450,908,35.03526,129.18237
1451,908,35.035076,129.18796
1452,908,35.034893,129.19353
1453,908,35.03471,129.19911
1454,908,35.034527,129.20468
1455,908,35.034344,129.21027
1456,908,35.03416,129.21584
1457,908,35.033974,129.22142
1458,908,35.03379,129.22699
1459,908,35.033604,129.23257
1460,908,35.03342,129.23814
1461,908,35.033234,129.24373
1462,908,35.033047,129.2493
1463,908,35.03286,129.25488
1464,908,35.032673,129.26045
1465,908,35.032486,129.26602
1466,908,35.0323,129.2716
1467,908,35.032112,129.27718
1468,908,35.031925,129.28276
1469,908,35.031734,129.28833
1470,908,35.031548,129.29391
1471,908,35.031357,129.29948
1376,909,35.052475,128.76978
1377,909,35.052315,128.77534
1378,909,35.052155,128.78093
1379,909,35.051994,128.78651
1380,909,35.051838,128.79208
1381,909,35.051678,128.79767
1382,909,35.051514,128.80325
1383,909,35.051353,128.80882
1384,909,35.051193,128.8144
1385,909,35.051033,128.81999
1386,909,35.05087,128.82556
1387,909,35.05071,128.83115
1388,909,35.050545,128.83673
1389,909,35.05038,128.8423
1390,909,35.05022,128.84789
1391,909,35.050056,128.85347
1392,909,35.049892,128.85904
1393,909,35.04973,128.86462
1394,909,35.049564,128.87021
1395,909,35.0494,128.87578
1396,909,35.049232,128.88136
1397,909,35.04907,128.88693
1398,909,35.048904,128.89252
1399,909,35.048737,128.8981
1400,909,35.04857,128.90367
1401,909,35.048405,128.90926
1402,909,35.048237,128.91484
1403,909,35.04807,128.92041
1404,909,35.0479,128.926
1405,909,35.047733,128.93158
1406,909,35.047565,128.93715
1407,909,35.047398,128.94273
1408,909,35.04723,128.9483
1409,909,35.04706,128.95389
1410,909,35.04689,128.95947
1411,909,35.04672,128.96504
1412,909,35.04655,128.97063
1413,909,35.04638,128.9762
1414,909,35.046207,128.98178
1415,909,35.046036,128.98737
1416,909,35.045864,128.99294
1417,909,35.045692,128.99852
1418,909,35.04552,129.00409
1419,909,35.04535,129.00967
1420,909,35.045177,129.01526
1421,909,35.045006,129.02083
1422,909,35.04483,129.02641
1423,909,35.04466,129.03198
1424,909,35.044483,129.03757
1425,909,35.044308,129.04315
1426,909,35.044132,129.04872
1427,909,35.04396,129.0543
1428,909,35.043785,129.05988
1429,909,35.04361,129.06546
1430,909,35.043434,129.07104
1431,909,35.043255,129.07661
1432,909,35.04308,129.0822
1433,909,35.042904,129.08777
1434,909,35.042725,129.09335
1435,909,35.04255,129.09892
1436,909,35.04237,129.1045
1437,909,35.04219,129.11008
1438,909,35.042015,129.11566
1439,909,35.041836,129.12125
1440,909,35.041656,129.12682
1441,909,35.041477,129.1324
1442,909,35.041298,129.13797
1443,909,35.041115,129.14355
1444,909,35.040936,129.14912
1445,909,35.040756,129.15471
1446,909,35.040573,129.16028
1447,909,35.040394,129.16586
1448,909,35.04021,129.17145
1449,909,35.040028,129.17702
1450,909,35.03985,129.1826
1451,909,35.039665,129.18817
1452,909,35.039482,129.19376
1453,909,35.0393,129.19933
1454,909,35.039116,129.20491
1455,909,35.03893,129.21048
1456,909,35.038746,129.21606
1457,909,35.038563,129.22163
1458,909,35.038376,129.22722
1459,909,35.038193,129.23279
1460,909,35.038006,129.23837
1461,909,35.03782,129.24394
1462,909,35.037636,129.24953
1463,909,35.03745,129.2551
1464,909,35.037262,129.26068
1465,909,35.037075,129.26625
1466,909,35.03689,129.27184
1467,909,35.036697,129.2774
1468,909,35.03651,129.28299
1469,909,35.036324,129.28856
1470,909,35.036133,129.29414
1471,909,35.035946,129.29971
1376,910,35.057064,128.76996
1377,910,35.056904,128.77554
1378,910,35.056744,128.78113
1379,910,35.056583,128.7867
1380,910,35.056423,128.79228
1381,910,35.056263,128.79787
1382,910,35.056103,128.80345
1383,910,35.055943,128.80902
1384,910,35.055782,128.8146
1385,910,35.05562,128.82019
1386,910,35.055458,128.82576
1387,910,35.055298,128.83134
1388,910,35.055134,128.83693
1389,910,35.05497,128.8425
1390,910,35.054806,128.84808
1391,910,35.054646,128.85367
1392,910,35.05448,128.85924
1393,910,35.054317,128.86482
1394,910,35.054153,128.8704
1395,910,35.053986,128.87598
1396,910,35.05382,128.88156
1397,910,35.053658,128.88715
1398,910,35.05349,128.89272
1399,910,35.053326,128.8983
1400,910,35.053158,128.90388
1401,910,35.052994,128.90945
1402,910,35.052826,128.91504
1403,910,35.052658,128.92062
1404,910,35.05249,128.9262
1405,910,35.052322,128.93178
1406,910,35.052155,128.93736
1407,910,35.051987,128.94293
1408,910,35.051815,128.94852
1409,910,35.051647,128.9541
1410,910,35.05148,128.95967
1411,910,35.051308,128.96526
1412,910,35.051136,128.97083
1413,910,35.05097,128.97641
1414,910,35.050797,128.982
1415,910,35.050625,128.98756
1416,910,35.050453,128.99315
1417,910,35.05028,128.99873
1418,910,35.05011,129.0043
1419,910,35.04994,129.00989
1420,910,35.049767,129.01546
1421,910,35.04959,129.02104
1422,910,35.04942,129.02663
1423,910,35.049244,129.0322
1424,910,35.049072,129.03778
1425,910,35.048897,129.04337
1426,910,35.04872,129.04893
1427,910,35.048546,129.05452
1428,910,35.04837,129.06009
1429,910,35.048195,129.06567
1430,910,35.04802,129.07126
1431,910,35.047844,129.07683
1432,910,35.04767,129.08241
1433,910,35.04749,129.08798
1434,910,35.047314,129.09357
1435,910,35.047134,129.09915
1436,910,35.04696,129.10472
1437,910,35.04678,129.1103
1438,910,35.0466,129.11588
1439,910,35.04642,129.12146
1440,910,35.04624,129.12703
1441,910,35.046062,129.13261
1442,910,35.045883,129.1382
1443,910,35.045704,129.14377
1444,910,35.045525,129.14935
1445,910,35.04534,129.15492
1446,910,35.045162,129.1605
1447,910,35.04498,129.16608
1448,910,35.0448,129.17166
1449,910,35.044617,129.17725
1450,910,35.044434,129.18282
1451,910,35.04425,129.1884
1452,910,35.044067,129.19397
1453,910,35.043884,129.19955
1454,910,35.0437,129.20512
1455,910,35.043518,129.21071
1456,910,35.043335,129.21628
1457,910,35.043148,129.22186
1458,910,35.042965,129.22745
1459,910,35.042778,129.23302
1460,910,35.042595,129.2386
1461,910,35.042408,129.24417
1462,910,35.04222,129.24976
1463,910,35.042034,129.25533
1464,910,35.041847,129.26091
1465,910,35.04166,129.26648
1466,910,35.041473,129.27206
1467,910,35.041286,129.27763
1468,910,35.0411,129.28322
1469,910,35.04091,129.28879
1470,910,35.04072,129.29437
1471,910,35.04053,129.29994
1376,911,35.06165,128.77016
1377,911,35.061493,128.77574
1378,911,35.061333,128.78131
1379,911,35.061172,128.7869
1380,911,35.061012,128.79248
1381,911,35.060852,128.79807
1382,911,35.06069,128.80363
1383,911,35.06053,128.80922
1384,911,35.06037,128.8148
1385,911,35.060207,128.82037
1386,911,35.060047,128.82596
1387,911,35.059883,128.83154
1388,911,35.059723,128.83713
1389,911,35.05956,128.8427
1390,911,35.059395,128.84828
1391,911,35.05923,128.85387
1392,911,35.059067,128.85944
1393,911,35.058903,128.86502
1394,911,35.05874,128.8706
1395,911,35.058575,128.87617
1396,911,35.05841,128.88176
1397,911,35.058247,128.88734
1398,911,35.05808,128.89293
1399,911,35.057915,128.8985
1400,911,35.057747,128.90408
1401,911,35.05758,128.90967
1402,911,35.05741,128.91524
1403,911,35.057247,128.92082
1404,911,35.05708,128.9264
1405,911,35.05691,128.93198
1406,911,35.056744,128.93756
1407,911,35.056572,128.94315
1408,911,35.056404,128.94872
1409,911,35.056236,128.9543
1410,911,35.056065,128.95988
1411,911,35.055897,128.96545
1412,911,35.055725,128.97104
1413,911,35.055553,128.97662
1414,911,35.055386,128.9822
1415,911,35.055214,128.98778
1416,911,35.055042,128.99336
1417,911,35.05487,128.99893
1418,911,35.0547,129.00452
1419,911,35.054527,129.0101
1420,911,35.05435,129.01567
1421,911,35.05418,129.02126
1422,911,35.054005,129.02684
1423,911,35.053833,129.03241
1424,911,35.053658,129.038
1425,911,35.053486,129.04356
1426,911,35.05331,129.04915
1427,911,35.053135,129.05473
1428,911,35.05296,129.0603
1429,911,35.052784,129.06589
1430,911,35.05261,129.07147
1431,911,35.052433,129.07704
1432,911,35.052254,129.08263
1433,911,35.05208,129.0882
1434,911,35.0519,129.09378
1435,911,35.051723,129.09937
1436,911,35.051544,129.10493
1437,911,35.05137,129.11052
1438,911,35.05119,129.1161
1439,911,35.05101,129.12167
1440,911,35.05083,129.12726
1441,911,35.05065,129.13283
1442,911,35.050472,129.13841
1443,911,35.050293,129.144
1444,911,35.05011,129.14957
1445,911,35.04993,129.15515
1446,911,35.049747,129.16072
1447,911,35.04957,129.1663
1448,911,35.049385,129.17189
1449,911,35.049206,129.17746
1450,911,35.049023,129.18304
1451,911,35.04884,129.18861
1452,911,35.048656,129.1942
1453,911,35.048473,129.19977
1454,911,35.04829,129.20535
1455,911,35.048107,129.21094
1456,911,35.04792,129.2165
1457,911,35.047737,129.22209
1458,911,35.04755,129.22766
1459,911,35.047367,129.23325
1460,911,35.04718,129.23882
1461,911,35.046997,129.2444
1462,911,35.04681,129.24998
1463,911,35.046623,129.25555
1464,911,35.046436,129.26114
1465,911,35.04625,129.26671
1466,911,35.046062,129.2723
1467,911,35.04587,129.27786
1468,911,35.045685,129.28345
1469,911,35.045498,129.28902
1470,911,35.045307,129.2946
1471,911,35.04512,129.30019
1376,912,35.06624,128.77036
1377,912,35.066082,128.77592
1378,912,35.06592,128.78151
1379,912,35.06576,128.7871
1380,912,35.0656,128.79268
1381,912,35.06544,128.79825
1382,912,35.06528,128.80383
1383,912,35.06512,128.80942
1384,912,35.064957,128.815
1385,912,35.064796,128.82057
1386,912,35.064636,128.82616
1387,912,35.064472,128.83174
1388,912,35.064312,128.83733
1389,912,35.064148,128.8429
1390,912,35.063984,128.84848
1391,912,35.06382,128.85406
1392,912,35.063656,128.85963
1393,912,35.06349,128.86522
1394,912,35.063328,128.8708
1395,912,35.063164,128.87639
1396,912,35.063,128.88196
1397,912,35.06283,128.88754
1398,912,35.062668,128.89313
1399,912,35.0625,128.8987
1400,912,35.062336,128.90428
1401,912,35.06217,128.90987
1402,912,35.062,128.91545
1403,912,35.061832,128.92102
1404,912,35.061665,128.9266
1405,912,35.061497,128.93219
1406,912,35.06133,128.93776
1407,912,35.06116,128.94334
1408,912,35.060993,128.94893
1409,912,35.06082,128.95451
1410,912,35.060654,128.96008
1411,912,35.060482,128.96567
1412,912,35.060314,128.97125
1413,912,35.060143,128.97682
1414,912,35.05997,128.9824
1415,912,35.059803,128.98799
1416,912,35.05963,128.99356
1417,912,35.05946,128.99915
1418,912,35.059284,129.00473
1419,912,35.059113,129.0103
1420,912,35.05894,129.01588
1421,912,35.05877,129.02147
1422,912,35.058594,129.02704
1423,912,35.058422,129.03262
1424,912,35.058247,129.03821
1425,912,35.05807,129.04378
1426,912,35.057896,129.04936
1427,912,35.057724,129.05495
1428,912,35.05755,129.06052
1429,912,35.057373,129.0661
1430,912,35.057194,129.07169
1431,912,35.05702,129.07726
1432,912,35.056843,129.08284
1433,912,35.056667,129.08842
1434,912,35.056488,129.094
1435,912,35.056313,129.09958
1436,912,35.056133,129.10515
1437,912,35.055954,129.11073
1438,912,35.055775,129.11632
1439,912,35.0556,129.12189
1440,912,35.05542,129.12747
1441,912,35.05524,129.13306
1442,912,35.055058,129.13863
1443,912,35.05488,129.14421
1444,912,35.0547,129.1498
1445,912,35.05452,129.15536
1446,912,35.054337,129.16095
1447,912,35.054157,129.16652
1448,912,35.053974,129.1721
1449,912,35.05379,129.17769
1450,912,35.053608,129.18326
1451,912,35.053425,129.18884
1452,912,35.053246,129.19441
1453,912,35.05306,129.2
1454,912,35.052876,129.20558
1455,912,35.052692,129.21115
1456,912,35.05251,129.21674
1457,912,35.052322,129.2223
1458,912,35.05214,129.22789
1459,912,35.051952,129.23347
1460,912,35.05177,129.23904
1461,912,35.051582,129.24463
1462,912,35.051395,129.2502
1463,912,35.05121,129.25578
1464,912,35.05102,129.26137
1465,912,35.050835,129.26694
1466,912,35.050648,129.27252
1467,912,35.05046,129.27809
1468,912,35.050274,129.28368
1469,912,35.050083,129.28925
1470,912,35.049896,129.29483
1471,912,35.049706,129.30042
1376,913,35.070827,128.77054
1377,913,35.070667,128.77612
1378,913,35.07051,128.78171
1379,913,35.07035,128.7873
1380,913,35.07019,128.79286
1381,913,35.07003,128.79845
1382,913,35.06987,128.80403
1383,913,35.06971,128.80962
1384,913,35.069546,128.8152
1385,913,35.069386,128.82077
1386,913,35.06922,128.82635
1387,913,35.06906,128.83194
1388,913,35.068897,128.83752
1389,913,35.068737,128.8431
1390,913,35.068573,128.84868
1391,913,35.06841,128.85426
1392,913,35.068245,128.85985
1393,913,35.06808,128.86542
1394,913,35.067917,128.871
1395,913,35.067753,128.87659
1396,913,35.067585,128.88217
1397,913,35.06742,128.88774
1398,913,35.067257,128.89333
1399,913,35.06709,128.89891
1400,913,35.066925,128.90448
1401,913,35.066757,128.91006
1402,913,35.06659,128.91565
1403,913,35.06642,128.92123
1404,913,35.066254,128.9268
1405,913,35.066086,128.93239
1406,913,35.065918,128.93797
1407,913,35.06575,128.94356
1408,913,35.065582,128.94913
1409,913,35.06541,128.95471
1410,913,35.065243,128.9603
1411,913,35.06507,128.96587
1412,913,35.064903,128.97145
1413,913,35.06473,128.97704
1414,913,35.06456,128.98262
1415,913,35.06439,128.98819
1416,913,35.064217,128.99377
1417,913,35.064045,128.99936
1418,913,35.063873,129.00493
1419,913,35.0637,129.01051
1420,913,35.06353,129.0161
1421,913,35.063354,129.02167
1422,913,35.063183,129.02725
1423,913,35.063007,129.03284
1424,913,35.062836,129.03842
1425,913,35.06266,129.04399
1426,913,35.062485,129.04958
1427,913,35.06231,129.05516
1428,913,35.062134,129.06073
1429,913,35.06196,129.06631
1430,913,35.061783,129.0719
1431,913,35.061607,129.07747
1432,913,35.06143,129.08305
1433,913,35.061253,129.08864
1434,913,35.061077,129.09421
1435,913,35.060898,129.0998
1436,913,35.060722,129.10538
1437,913,35.060543,129.11095
1438,913,35.060364,129.11653
1439,913,35.060184,129.12212
1440,913,35.060005,129.12769
1441,913,35.059826,129.13327
1442,913,35.059647,129.13885
1443,913,35.059467,129.14442
1444,913,35.059288,129.15001
1445,913,35.059105,129.1556
1446,913,35.058926,129.16116
1447,913,35.058743,129.16675
1448,913,35.05856,129.17232
1449,913,35.05838,129.1779
1450,913,35.058197,129.18349
1451,913,35.058014,129.18906
1452,913,35.05783,129.19464
1453,913,35.057648,129.20023
1454,913,35.057465,129.2058
1455,913,35.05728,129.21138
1456,913,35.057095,129.21696
1457,913,35.05691,129.22253
1458,913,35.05673,129.22812
1459,913,35.05654,129.23369
1460,913,35.056355,129.23927
1461,913,35.05617,129.24486
1462,913,35.055984,129.25043
1463,913,35.055798,129.25601
1464,913,35.05561,129.26158
1465,913,35.055424,129.26717
1466,913,35.055237,129.27275
1467,913,35.055046,129.27832
1468,913,35.05486,129.2839
1469,913,35.054672,129.28949
1470,913,35.05448,129.29506
1471,913,35.054295,129.30064
1375,914,35.075577,128.76515
1376,914,35.075417,128.77074
1377,914,35.075256,128.77632
1378,914,35.0751,128.7819
1379,914,35.07494,128.78748
1380,914,35.07478,128.79306
1381,914,35.07462,128.79865
1382,914,35.07446,128.80423
1383,914,35.074295,128.80981
1384,914,35.074135,128.81538
1385,914,35.073975,128.82097
1386,914,35.07381,128.82655
1387,914,35.07365,128.83214
1388,914,35.073486,128.83772
1389,914,35.073322,128.84329
1390,914,35.073162,128.84888
1391,914,35.072998,128.85446
1392,914,35.072834,128.86005
1393,914,35.07267,128.86562
1394,914,35.072506,128.8712
1395,914,35.072342,128.87679
1396,914,35.072174,128.88237
1397,914,35.07201,128.88794
1398,914,35.071842,128.89352
1399,914,35.07168,128.89911
1400,914,35.07151,128.9047
1401,914,35.071346,128.91028
1402,914,35.07118,128.91585
1403,914,35.07101,128.92143
1404,914,35.070843,128.92702
1405,914,35.070675,128.9326
1406,914,35.070507,128.93817
1407,914,35.07034,128.94376
1408,914,35.070168,128.94934
1409,914,35.07,128.95493
1410,914,35.06983,128.9605
1411,914,35.06966,128.96608
1412,914,35.06949,128.97166
1413,914,35.06932,128.97723
1414,914,35.06915,128.98282
1415,914,35.068977,128.9884
1416,914,35.068806,128.99399
1417,914,35.068634,128.99956
1418,914,35.068462,129.00514
1419,914,35.06829,129.01073
1420,914,35.068115,129.01631
1421,914,35.067944,129.02188
1422,914,35.067772,129.02747
1423,914,35.067596,129.03305
1424,914,35.06742,129.03862
1425,914,35.06725,129.0442
1426,914,35.067074,129.04979
1427,914,35.0669,129.05537
1428,914,35.066723,129.06094
1429,914,35.066547,129.06653
1430,914,35.066372,129.07211
1431,914,35.066196,129.07768
1432,914,35.066017,129.08327
1433,914,35.06584,129.08885
1434,914,35.065662,129.09442
1435,914,35.065487,129.1
1436,914,35.065308,129.10559
1437,914,35.065132,129.11118
1438,914,35.064953,129.11674
1439,914,35.064774,129.12233
1440,914,35.064594,129.12791
1441,914,35.064415,129.13348
1442,914,35.064236,129.13907
1443,914,35.064053,129.14465
1444,914,35.063873,129.15022
1445,914,35.063694,129.1558
1446,914,35.06351,129.16139
1447,914,35.06333,129.16696
1448,914,35.06315,129.17255
1449,914,35.062965,129.17813
1450,914,35.062786,129.1837
1451,914,35.062603,129.18929
1452,914,35.06242,129.19487
1453,914,35.062237,129.20044
1454,914,35.062054,129.20602
1455,914,35.061867,129.21161
1456,914,35.061684,129.21718
1457,914,35.0615,129.22276
1458,914,35.061314,129.22835
1459,914,35.06113,129.23392
1460,914,35.060944,129.2395
1461,914,35.060757,129.24507
1462,914,35.06057,129.25066
1463,914,35.060383,129.25624
1464,914,35.060196,129.26181
1465,914,35.06001,129.2674
1466,914,35.059822,129.27298
1467,914,35.059635,129.27855
1468,914,35.05945,129.28413
1469,914,35.059258,129.28972
1470,914,35.05907,129.29529
1471,914,35.05888,129.30087
1375,915,35.080162,128.76535
1376,915,35.080006,128.77094
1377,915,35.079845,128.77652
1378,915,35.079685,128.78209
1379,915,35.07953,128.78767
1380,915,35.07937,128.79326
1381,915,35.07921,128.79884
1382,915,35.079044,128.80443
1383,915,35.078884,128.81
1384,915,35.078724,128.81558
1385,915,35.078564,128.82117
1386,915,35.0784,128.82675
1387,915,35.07824,128.83234
1388,915,35.078075,128.8379
1389,915,35.07791,128.84349
1390,915,35.07775,128.84908
1391,915,35.077587,128.85466
1392,915,35.077423,128.86024
1393,915,35.07726,128.86581
1394,915,35.077095,128.8714
1395,915,35.076927,128.87698
1396,915,35.076763,128.88257
1397,915,35.0766,128.88815
1398,915,35.07643,128.89372
1399,915,35.076267,128.8993
1400,915,35.0761,128.90489
1401,915,35.07593,128.91048
1402,915,35.075768,128.91606
1403,915,35.0756,128.92163
1404,915,35.07543,128.92722
1405,915,35.075264,128.9328
1406,915,35.075096,128.93839
1407,915,35.074924,128.94395
1408,915,35.074757,128.94954
1409,915,35.07459,128.95512
1410,915,35.074417,128.96071
1411,915,35.07425,128.9663
1412,915,35.074078,128.97186
1413,915,35.073906,128.97745
1414,915,35.07374,128.98303
1415,915,35.073566,128.98862
1416,915,35.073395,128.99419
1417,915,35.073223,128.99977
1418,915,35.07305,129.00536
1419,915,35.072876,129.01094
1420,915,35.072704,129.01651
1421,915,35.072533,129.0221
1422,915,35.072357,129.02768
1423,915,35.072186,129.03326
1424,915,35.07201,129.03883
1425,915,35.071835,129.04442
1426,915,35.071663,129.05
1427,915,35.071487,129.05559
1428,915,35.071312,129.06116
1429,915,35.071136,129.06674
1430,915,35.07096,129.07233
1431,915,35.07078,129.0779
1432,915,35.070606,129.08348
1433,915,35.07043,129.08907
1434,915,35.07025,129.09465
1435,915,35.070076,129.10022
1436,915,35.069897,129.1058
1437,915,35.069717,129.11139
1438,915,35.06954,129.11696
1439,915,35.069363,129.12254
1440,915,35.069183,129.12813
1441,915,35.069,129.13371
1442,915,35.06882,129.13928
1443,915,35.06864,129.14487
1444,915,35.068462,129.15045
1445,915,35.06828,129.15602
1446,915,35.0681,129.1616
1447,915,35.067917,129.16719
1448,915,35.067738,129.17276
1449,915,35.067554,129.17834
1450,915,35.06737,129.18393
1451,915,35.06719,129.18951
1452,915,35.067005,129.19508
1453,915,35.066822,129.20067
1454,915,35.06664,129.20625
1455,915,35.066456,129.21182
1456,915,35.066273,129.2174
1457,915,35.066086,129.22299
1458,915,35.065903,129.22856
1459,915,35.065716,129.23415
1460,915,35.06553,129.23973
1461,915,35.065346,129.2453
1462,915,35.06516,129.25089
1463,915,35.064972,129.25647
1464,915,35.064785,129.26204
1465,915,35.064598,129.26762
1466,915,35.06441,129.27321
1467,915,35.064224,129.27878
1468,915,35.064034,129.28436
1469,915,35.063847,129.28995
1470,915,35.063656,129.29552
1471,915,35.06347,129.3011
1375,916,35.08475,128.76553
1376,916,35.084595,128.77112
1377,916,35.084435,128.7767
1378,916,35.084274,128.78229
1379,916,35.084114,128.78787
1380,916,35.083958,128.79346
1381,916,35.083794,128.79904
1382,916,35.083633,128.80461
1383,916,35.083473,128.8102
1384,916,35.083313,128.81578
1385,916,35.083153,128.82137
1386,916,35.08299,128.82695
1387,916,35.08283,128.83253
1388,916,35.082664,128.8381
1389,916,35.0825,128.84369
1390,916,35.082336,128.84927
1391,916,35.082176,128.85486
1392,916,35.082012,128.86044
1393,916,35.08185,128.86603
1394,916,35.08168,128.8716
1395,916,35.081516,128.87718
1396,916,35.081352,128.88277
1397,916,35.08119,128.88835
1398,916,35.08102,128.89394
1399,916,35.080856,128.8995
1400,916,35.08069,128.90509
1401,916,35.08052,128.91068
1402,916,35.080353,128.91626
1403,916,35.08019,128.92184
1404,916,35.08002,128.92743
1405,916,35.079853,128.933
1406,916,35.07968,128.93858
1407,916,35.079514,128.94417
1408,916,35.079346,128.94975
1409,916,35.079178,128.95534
1410,916,35.079006,128.9609
1411,916,35.07884,128.96649
1412,916,35.078667,128.97208
1413,916,35.078495,128.97766
1414,916,35.078323,128.98323
1415,916,35.078156,128.98882
1416,916,35.077984,128.9944
1417,916,35.077812,128.99998
1418,916,35.077637,129.00557
1419,916,35.077465,129.01114
1420,916,35.077293,129.01672
1421,916,35.077118,129.02231
1422,916,35.076946,129.0279
1423,916,35.07677,129.03346
1424,916,35.0766,129.03905
1425,916,35.076424,129.04463
1426,916,35.07625,129.05022
1427,916,35.076073,129.05579
1428,916,35.075897,129.06137
1429,916,35.07572,129.06696
1430,916,35.075546,129.07254
1431,916,35.07537,129.07812
1432,916,35.075195,129.0837
1433,916,35.075016,129.08928
1434,916,35.07484,129.09486
1435,916,35.07466,129.10045
1436,916,35.074486,129.10602
1437,916,35.074306,129.1116
1438,916,35.074127,129.11719
1439,916,35.073948,129.12276
1440,916,35.07377,129.12834
1441,916,35.07359,129.13393
1442,916,35.07341,129.13951
1443,916,35.07323,129.14508
1444,916,35.073048,129.15067
1445,916,35.07287,129.15625
1446,916,35.07269,129.16183
1447,916,35.072506,129.1674
1448,916,35.072323,129.17299
1449,916,35.072144,129.17857
1450,916,35.07196,129.18414
1451,916,35.071777,129.18973
1452,916,35.071594,129.19531
1453,916,35.07141,129.2009
1454,916,35.071228,129.20647
1455,916,35.071045,129.21205
1456,916,35.070858,129.21764
1457,916,35.070675,129.2232
1458,916,35.070488,129.22879
1459,916,35.070305,129.23438
1460,916,35.070118,129.23994
1461,916,35.06993,129.24553
1462,916,35.069748,129.25111
1463,916,35.06956,129.2567
1464,916,35.069374,129.26227
1465,916,35.069187,129.26785
1466,916,35.068996,129.27344
1467,916,35.06881,129.279
1468,916,35.068623,129.28459
1469,916,35.06843,129.29018
1470,916,35.068245,129.29575
1471,916,35.068054,129.30133
1375,917,35.08934,128.76573
1376,917,35.089184,128.77132
1377,917,35.089024,128.7769
1378,917,35.088863,128.78249
1379,917,35.088703,128.78807
1380,917,35.088543,128.79366
1381,917,35.088383,128.79922
1382,917,35.088223,128.80481
1383,917,35.088062,128.8104
1384,917,35.087902,128.81598
1385,917,35.087738,128.82156
1386,917,35.087578,128.82715
1387,917,35.087414,128.83273
1388,917,35.087254,128.8383
1389,917,35.08709,128.84389
1390,917,35.086926,128.84947
1391,917,35.08676,128.85506
1392,917,35.086597,128.86064
1393,917,35.086433,128.86623
1394,917,35.08627,128.87181
1395,917,35.086105,128.87738
1396,917,35.08594,128.88297
1397,917,35.085773,128.88855
1398,917,35.08561,128.89413
1399,917,35.08544,128.89972
1400,917,35.085278,128.9053
1401,917,35.08511,128.91087
1402,917,35.08494,128.91646
1403,917,35.084774,128.92204
1404,917,35.084606,128.92763
1405,917,35.08444,128.93321
1406,917,35.08427,128.9388
1407,917,35.084103,128.94437
1408,917,35.083935,128.94995
1409,917,35.083763,128.95554
1410,917,35.083595,128.96112
1411,917,35.083424,128.9667
1412,917,35.083256,128.97227
1413,917,35.083084,128.97786
1414,917,35.082912,128.98344
1415,917,35.08274,128.98903
1416,917,35.08257,128.99461
1417,917,35.082397,129.0002
1418,917,35.082226,129.00577
1419,917,35.082054,129.01135
1420,917,35.081882,129.01694
1421,917,35.081707,129.02252
1422,917,35.081535,129.0281
1423,917,35.08136,129.03368
1424,917,35.08119,129.03926
1425,917,35.081013,129.04485
1426,917,35.080837,129.05043
1427,917,35.08066,129.056
1428,917,35.080486,129.06158
1429,917,35.08031,129.06717
1430,917,35.080135,129.07275
1431,917,35.07996,129.07834
1432,917,35.07978,129.08391
1433,917,35.079605,129.0895
1434,917,35.07943,129.09508
1435,917,35.07925,129.10066
1436,917,35.07907,129.10623
1437,917,35.078896,129.11182
1438,917,35.078716,129.1174
1439,917,35.078537,129.12299
1440,917,35.078358,129.12856
1441,917,35.07818,129.13414
1442,917,35.078,129.13972
1443,917,35.077816,129.14531
1444,917,35.077637,129.1509
1445,917,35.077457,129.15646
1446,917,35.077274,129.16205
1447,917,35.077095,129.16763
1448,917,35.076912,129.1732
1449,917,35.07673,129.17879
1450,917,35.076546,129.18437
1451,917,35.076366,129.18996
1452,917,35.076183,129.19553
1453,917,35.076,129.20111
1454,917,35.075813,129.2067
1455,917,35.07563,129.21228
1456,917,35.075447,129.21785
1457,917,35.07526,129.22343
1458,917,35.075077,129.22902
1459,917,35.07489,129.2346
1460,917,35.074707,129.24017
1461,917,35.07452,129.24576
1462,917,35.074333,129.25134
1463,917,35.074146,129.25691
1464,917,35.07396,129.2625
1465,917,35.073772,129.26808
1466,917,35.073586,129.27367
1467,917,35.0734,129.27924
1468,917,35.073208,129.28482
1469,917,35.07302,129.2904
1470,917,35.07283,129.29597
1471,917,35.072643,129.30156
1375,918,35.09393,128.76593
1376,918,35.093773,128.77151
1377,918,35.093613,128.7771
1378,918,35.093452,128.78267
1379,918,35.093292,128.78825
1380,918,35.093132,128.79384
1381,918,35.09297,128.79942
1382,918,35.09281,128.80501
1383,918,35.09265,128.8106
1384,918,35.09249,128.81618
1385,918,35.092327,128.82176
1386,918,35.092167,128.82735
1387,918,35.092003,128.83293
1388,918,35.091843,128.8385
1389,918,35.09168,128.84409
1390,918,35.091515,128.84967
1391,918,35.09135,128.85526
1392,918,35.091187,128.86084
1393,918,35.091022,128.86642
1394,918,35.09086,128.87201
1395,918,35.090694,128.8776
1396,918,35.09053,128.88316
1397,918,35.090363,128.88875
1398,918,35.0902,128.89433
1399,918,35.09003,128.89992
1400,918,35.089867,128.9055
1401,918,35.0897,128.91109
1402,918,35.08953,128.91667
1403,918,35.089363,128.92224
1404,918,35.089195,128.92783
1405,918,35.089027,128.93341
1406,918,35.08886,128.939
1407,918,35.08869,128.94458
1408,918,35.088524,128.95016
1409,918,35.088352,128.95575
1410,918,35.088184,128.96132
1411,918,35.088013,128.9669
1412,918,35.087845,128.97249
1413,918,35.087673,128.97807
1414,918,35.0875,128.98366
1415,918,35.08733,128.98924
1416,918,35.08716,128.99481
1417,918,35.086987,129.0004
1418,918,35.086815,129.00598
1419,918,35.086643,129.01157
1420,918,35.086468,129.01715
1421,918,35.086296,129.02274
1422,918,35.086124,129.0283
1423,918,35.08595,129.03389
1424,918,35.085773,129.03947
1425,918,35.0856,129.04506
1426,918,35.085426,129.05064
1427,918,35.08525,129.05621
1428,918,35.085075,129.0618
1429,918,35.0849,129.06738
1430,918,35.084724,129.07297
1431,918,35.084545,129.07855
1432,918,35.08437,129.08412
1433,918,35.084194,129.0897
1434,918,35.084015,129.09529
1435,918,35.08384,129.10088
1436,918,35.08366,129.10646
1437,918,35.08348,129.11203
1438,918,35.083305,129.11761
1439,918,35.083126,129.1232
1440,918,35.082947,129.12878
1441,918,35.082767,129.13437
1442,918,35.082584,129.13994
1443,918,35.082405,129.14552
1444,918,35.082226,129.15111
1445,918,35.082043,129.1567
1446,918,35.081863,129.16226
1447,918,35.08168,129.16785
1448,918,35.0815,129.17343
1449,918,35.081318,129.17902
1450,918,35.081135,129.1846
1451,918,35.08095,129.19017
1452,918,35.08077,129.19576
1453,918,35.080585,129.20134
1454,918,35.080402,129.20692
1455,918,35.08022,129.2125
1456,918,35.080032,129.21808
1457,918,35.07985,129.22366
1458,918,35.079666,129.22925
1459,918,35.07948,129.23482
1460,918,35.079292,129.2404
1461,918,35.07911,129.24599
1462,918,35.078922,129.25157
1463,918,35.078735,129.25714
1464,918,35.07855,129.26273
1465,918,35.07836,129.26831
1466,918,35.078175,129.27388
1467,918,35.077984,129.27946
1468,918,35.077797,129.28505
1469,918,35.07761,129.29063
1470,918,35.07742,129.2962
1471,918,35.077232,129.30179
1375,919,35.09852,128.76611
1376,919,35.098362,128.7717
1377,919,35.0982,128.77728
1378,919,35.09804,128.78287
1379,919,35.09788,128.78845
1380,919,35.09772,128.79404
1381,919,35.09756,128.79962
1382,919,35.0974,128.8052
1383,919,35.09724,128.81079
1384,919,35.09708,128.81638
1385,919,35.096916,128.82196
1386,919,35.096756,128.82755
1387,919,35.096592,128.83311
1388,919,35.09643,128.8387
1389,919,35.096268,128.84428
1390,919,35.096104,128.84987
1391,919,35.09594,128.85545
1392,919,35.095776,128.86104
1393,919,35.09561,128.86662
1394,919,35.095448,128.87221
1395,919,35.095284,128.87779
1396,919,35.09512,128.88338
1397,919,35.09495,128.88895
1398,919,35.094788,128.89453
1399,919,35.09462,128.90012
1400,919,35.094456,128.9057
1401,919,35.094288,128.91129
1402,919,35.09412,128.91687
1403,919,35.093952,128.92245
1404,919,35.093784,128.92804
1405,919,35.093616,128.93362
1406,919,35.09345,128.9392
1407,919,35.09328,128.94478
1408,919,35.09311,128.95036
1409,919,35.09294,128.95595
1410,919,35.092773,128.96153
1411,919,35.0926,128.96712
1412,919,35.09243,128.9727
1413,919,35.092262,128.97829
1414,919,35.09209,128.98386
1415,919,35.09192,128.98944
1416,919,35.091747,128.99503
1417,919,35.091576,129.00061
1418,919,35.091404,129.0062
1419,919,35.091232,129.01178
1420,919,35.091057,129.01736
1421,919,35.090885,129.02293
1422,919,35.09071,129.02852
1423,919,35.090538,129.0341
1424,919,35.090363,129.03969
1425,919,35.090187,129.04527
1426,919,35.090015,129.05086
1427,919,35.08984,129.05643
1428,919,35.089664,129.06201
1429,919,35.08949,129.0676
1430,919,35.08931,129.07318
1431,919,35.089134,129.07877
1432,919,35.08896,129.08435
1433,919,35.088783,129.08992
1434,919,35.088604,129.0955
1435,919,35.088425,129.10109
1436,919,35.08825,129.10667
1437,919,35.08807,129.11226
1438,919,35.08789,129.11783
1439,919,35.08771,129.12341
1440,919,35.087532,129.129
1441,919,35.087353,129.13458
1442,919,35.087173,129.14017
1443,919,35.086994,129.14575
1444,919,35.086815,129.15132
1445,919,35.08663,129.1569
1446,919,35.086452,129.16249
1447,919,35.08627,129.16808
1448,919,35.086086,129.17366
1449,919,35.085907,129.17923
1450,919,35.085724,129.18481
1451,919,35.08554,129.1904
1452,919,35.085358,129.19598
1453,919,35.085175,129.20155
1454,919,35.08499,129.20714
1455,919,35.084805,129.21272
1456,919,35.08462,129.2183
1457,919,35.08444,129.22389
1458,919,35.08425,129.22946
1459,919,35.08407,129.23505
1460,919,35.08388,129.24063
1461,919,35.083694,129.24622
1462,919,35.083508,129.25179
1463,919,35.08332,129.25737
1464,919,35.083134,129.26295
1465,919,35.082947,129.26854
1466,919,35.08276,129.27411
1467,919,35.082573,129.2797
1468,919,35.082386,129.28528
1469,919,35.082195,129.29086
1470,919,35.08201,129.29643
1471,919,35.081818,129.30202
1375,920,35.103107,128.76631
1376,920,35.10295,128.7719
1377,920,35.10279,128.77748
1378,920,35.10263,128.78307
1379,920,35.10247,128.78865
1380,920,35.10231,128.79424
1381,920,35.10215,128.79982
1382,920,35.10199,128.8054
1383,920,35.10183,128.81099
1384,920,35.10167,128.81657
1385,920,35.101505,128.82216
1386,920,35.101345,128.82773
1387,920,35.10118,128.83331
1388,920,35.10102,128.8389
1389,920,35.100857,128.84448
1390,920,35.100693,128.85007
1391,920,35.10053,128.85565
1392,920,35.100365,128.86124
1393,920,35.1002,128.86682
1394,920,35.100037,128.8724
1395,920,35.099873,128.87799
1396,920,35.099705,128.88358
1397,920,35.09954,128.88916
1398,920,35.099377,128.89474
1399,920,35.09921,128.90033
1400,920,35.09904,128.9059
1401,920,35.098877,128.91148
1402,920,35.09871,128.91707
1403,920,35.09854,128.92265
1404,920,35.098373,128.92824
1405,920,35.098206,128.93382
1406,920,35.098038,128.9394
1407,920,35.09787,128.94499
1408,920,35.0977,128.95058
1409,920,35.09753,128.95616
1410,920,35.09736,128.96173
1411,920,35.09719,128.96732
1412,920,35.09702,128.9729
1413,920,35.096848,128.97849
1414,920,35.09668,128.98407
1415,920,35.096508,128.98965
1416,920,35.096336,128.99524
1417,920,35.096165,129.00082
1418,920,35.095993,129.00641
1419,920,35.095818,129.01198
1420,920,35.095646,129.01756
1421,920,35.095474,129.02315
1422,920,35.0953,129.02873
1423,920,35.095127,129.03432
1424,920,35.09495,129.0399
1425,920,35.094776,129.04549
1426,920,35.0946,129.05107
1427,920,35.094425,129.05664
1428,920,35.09425,129.06223
1429,920,35.094074,129.06781
1430,920,35.0939,129.0734
1431,920,35.093723,129.07898
1432,920,35.093548,129.08456
1433,920,35.09337,129.09015
1434,920,35.093193,129.09572
1435,920,35.093014,129.1013
1436,920,35.09284,129.10689
1437,920,35.09266,129.11247
1438,920,35.09248,129.11806
1439,920,35.0923,129.12364
1440,920,35.09212,129.12921
1441,920,35.09194,129.1348
1442,920,35.091763,129.14038
1443,920,35.091583,129.14597
1444,920,35.0914,129.15155
1445,920,35.09122,129.15714
1446,920,35.091038,129.1627
1447,920,35.09086,129.16829
1448,920,35.090675,129.17387
1449,920,35.090492,129.17946
1450,920,35.090313,129.18504
1451,920,35.09013,129.19061
1452,920,35.089947,129.1962
1453,920,35.089764,129.20178
1454,920,35.089577,129.20737
1455,920,35.089394,129.21295
1456,920,35.08921,129.21854
1457,920,35.089024,129.2241
1458,920,35.08884,129.22969
1459,920,35.088654,129.23528
1460,920,35.08847,129.24086
1461,920,35.088284,129.24643
1462,920,35.088097,129.25201
1463,920,35.08791,129.2576
1464,920,35.087723,129.26318
1465,920,35.087536,129.26877
1466,920,35.08735,129.27434
1467,920,35.087162,129.27992
1468,920,35.08697,129.2855
1469,920,35.086784,129.29109
1470,920,35.086594,129.29668
1471,920,35.086407,129.30225
1375,921,35.107697,128.76651
1376,921,35.10754,128.7721
1377,921,35.10738,128.77768
1378,921,35.10722,128.78326
1379,921,35.10706,128.78885
1380,921,35.1069,128.79443
1381,921,35.10674,128.80002
1382,921,35.10658,128.8056
1383,921,35.10642,128.81119
1384,921,35.10626,128.81676
1385,921,35.106094,128.82234
1386,921,35.105934,128.82793
1387,921,35.10577,128.83351
1388,921,35.10561,128.8391
1389,921,35.105446,128.84468
1390,921,35.10528,128.85027
1391,921,35.105118,128.85585
1392,921,35.104954,128.86143
1393,921,35.10479,128.86702
1394,921,35.104626,128.8726
1395,921,35.10446,128.87819
1396,921,35.104294,128.88377
1397,921,35.10413,128.88936
1398,921,35.103966,128.89494
1399,921,35.103798,128.90053
1400,921,35.10363,128.90611
1401,921,35.103466,128.9117
1402,921,35.1033,128.91728
1403,921,35.10313,128.92287
1404,921,35.102962,128.92844
1405,921,35.102795,128.93402
1406,921,35.102627,128.9396
1407,921,35.102455,128.94519
1408,921,35.102287,128.95078
1409,921,35.10212,128.95636
1410,921,35.101948,128.96194
1411,921,35.10178,128.96753
1412,921,35.10161,128.97311
1413,921,35.101437,128.9787
1414,921,35.10127,128.98428
1415,921,35.101097,128.98987
1416,921,35.100925,128.99544
1417,921,35.100754,129.00102
1418,921,35.10058,129.0066
1419,921,35.100407,129.01219
1420,921,35.100235,129.01778
1421,921,35.10006,129.02336
1422,921,35.099888,129.02895
1423,921,35.099712,129.03453
1424,921,35.09954,129.04012
1425,921,35.099365,129.0457
1426,921,35.09919,129.05127
1427,921,35.099014,129.05685
1428,921,35.09884,129.06244
1429,921,35.098663,129.06802
1430,921,35.098488,129.07361
1431,921,35.098312,129.0792
1432,921,35.098133,129.08478
1433,921,35.097958,129.09036
1434,921,35.097782,129.09595
1435,921,35.097603,129.10152
1436,921,35.097424,129.1071
1437,921,35.097248,129.11269
1438,921,35.09707,129.11827
1439,921,35.09689,129.12386
1440,921,35.09671,129.12944
1441,921,35.09653,129.13503
1442,921,35.09635,129.1406
1443,921,35.09617,129.14618
1444,921,35.09599,129.15176
1445,921,35.09581,129.15735
1446,921,35.095627,129.16293
1447,921,35.095448,129.16852
1448,921,35.095264,129.1741
1449,921,35.09508,129.17967
1450,921,35.0949,129.18526
1451,921,35.094715,129.19084
1452,921,35.094532,129.19643
1453,921,35.09435,129.20201
1454,921,35.094166,129.2076
1455,921,35.093983,129.21317
1456,921,35.093796,129.21875
1457,921,35.093613,129.22433
1458,921,35.09343,129.22992
1459,921,35.093243,129.2355
1460,921,35.093056,129.24109
1461,921,35.092873,129.24666
1462,921,35.092686,129.25224
1463,921,35.0925,129.25783
1464,921,35.09231,129.26341
1465,921,35.092125,129.269
1466,921,35.091938,129.27457
1467,921,35.091747,129.28015
1468,921,35.09156,129.28574
1469,921,35.09137,129.29132
1470,921,35.091183,129.2969
1471,921,35.090992,129.30247
1375,922,35.112286,128.7667
1376,922,35.11213,128.77228
1377,922,35.11197,128.77786
1378,922,35.11181,128.78345
1379,922,35.11165,128.78903
1380,922,35.11149,128.79462
1381,922,35.11133,128.8002
1382,922,35.111168,128.80579
1383,922,35.111008,128.81137
1384,922,35.110847,128.81696
1385,922,35.110683,128.82254
1386,922,35.110523,128.82812
1387,922,35.11036,128.83371
1388,922,35.110195,128.8393
1389,922,35.110035,128.84488
1390,922,35.10987,128.85046
1391,922,35.109707,128.85605
1392,922,35.109543,128.86163
1393,922,35.10938,128.86722
1394,922,35.109215,128.8728
1395,922,35.10905,128.87839
1396,922,35.108883,128.88397
1397,922,35.10872,128.88956
1398,922,35.10855,128.89514
1399,922,35.108387,128.90073
1400,922,35.10822,128.90631
1401,922,35.108055,128.9119
1402,922,35.107887,128.91748
1403,922,35.10772,128.92307
1404,922,35.10755,128.92865
1405,922,35.107384,128.93423
1406,922,35.107216,128.93982
1407,922,35.107044,128.9454
1408,922,35.106876,128.95099
1409,922,35.10671,128.95657
1410,922,35.106537,128.96216
1411,922,35.10637,128.96774
1412,922,35.106197,128.97331
1413,922,35.106026,128.9789
1414,922,35.105854,128.98448
1415,922,35.105682,128.99007
1416,922,35.105515,128.99565
1417,922,35.10534,129.00124
1418,922,35.105167,129.00682
1419,922,35.104996,129.0124
1420,922,35.104824,129.01799
1421,922,35.10465,129.02357
1422,922,35.104477,129.02916
1423,922,35.1043,129.03474
1424,922,35.10413,129.04033
1425,922,35.103954,129.04591
1426,922,35.10378,129.05148
1427,922,35.103603,129.05707
1428,922,35.103428,129.06265
1429,922,35.103252,129.06824
1430,922,35.103077,129.07382
1431,922,35.1029,129.0794
1432,922,35.102722,129.08499
1433,922,35.102547,129.09058
1434,922,35.102367,129.09616
1435,922,35.102192,129.10175
1436,922,35.102013,129.10732
1437,922,35.101833,129.1129
1438,922,35.101658,129.11848
1439,922,35.10148,129.12407
1440,922,35.1013,129.12965
1441,922,35.10112,129.13524
1442,922,35.100937,129.14082
1443,922,35.100758,129.14641
1444,922,35.10058,129.152
1445,922,35.100395,129.15756
1446,922,35.100216,129.16315
1447,922,35.100033,129.16873
1448,922,35.099854,129.17432
1449,922,35.09967,129.1799
1450,922,35.099487,129.18549
1451,922,35.099304,129.19107
1452,922,35.09912,129.19666
1453,922,35.098938,129.20222
1454,922,35.098755,129.20781
1455,922,35.09857,129.2134
1456,922,35.098385,129.21898
1457,922,35.0982,129.22456
1458,922,35.098015,129.23015
1459,922,35.09783,129.23572
1460,922,35.097645,129.2413
1461,922,35.097458,129.24689
1462,922,35.09727,129.25247
1463,922,35.097084,129.25806
1464,922,35.096897,129.26364
1465,922,35.09671,129.26923
1466,922,35.096523,129.2748
1467,922,35.096336,129.28038
1468,922,35.09615,129.28596
1469,922,35.09596,129.29155
1470,922,35.09577,129.29713
1471,922,35.09558,129.30272
1375,923,35.116875,128.76689
1376,923,35.11672,128.77248
1377,923,35.116558,128.77806
1378,923,35.116398,128.78365
1379,923,35.116238,128.78923
1380,923,35.116077,128.79482
1381,923,35.115917,128.8004
1382,923,35.115757,128.80598
1383,923,35.115597,128.81157
1384,923,35.115437,128.81715
1385,923,35.115273,128.82274
1386,923,35.115112,128.82832
1387,923,35.11495,128.83391
1388,923,35.114784,128.8395
1389,923,35.114624,128.84508
1390,923,35.11446,128.85066
1391,923,35.114296,128.85625
1392,923,35.114132,128.86183
1393,923,35.113968,128.86742
1394,923,35.113804,128.873
1395,923,35.11364,128.87859
1396,923,35.113472,128.88417
1397,923,35.113308,128.88976
1398,923,35.11314,128.89534
1399,923,35.112976,128.90092
1400,923,35.11281,128.90651
1401,923,35.11264,128.9121
1402,923,35.112476,128.91768
1403,923,35.11231,128.92326
1404,923,35.11214,128.92885
1405,923,35.111973,128.93443
1406,923,35.111805,128.94002
1407,923,35.111633,128.9456
1408,923,35.111465,128.95119
1409,923,35.111298,128.95677
1410,923,35.111126,128.96236
1411,923,35.11096,128.96794
1412,923,35.110786,128.97353
1413,923,35.110615,128.97911
1414,923,35.110443,128.9847
1415,923,35.11027,128.99028
1416,923,35.1101,128.99586
1417,923,35.10993,129.00145
1418,923,35.109756,129.00703
1419,923,35.109585,129.01262
1420,923,35.109413,129.0182
1421,923,35.109238,129.02379
1422,923,35.109066,129.02937
1423,923,35.10889,129.03496
1424,923,35.108715,129.04053
1425,923,35.108543,129.04611
1426,923,35.108368,129.0517
1427,923,35.108192,129.05728
1428,923,35.108017,129.06287
1429,923,35.10784,129.06845
1430,923,35.107666,129.07404
1431,923,35.107487,129.07962
1432,923,35.10731,129.0852
1433,923,35.107136,129.09079
1434,923,35.106956,129.09637
1435,923,35.10678,129.10196
1436,923,35.1066,129.10754
1437,923,35.106422,129.11313
1438,923,35.106243,129.11871
1439,923,35.106064,129.12428
1440,923,35.105885,129.12987
1441,923,35.105705,129.13545
1442,923,35.105526,129.14104
1443,923,35.105347,129.14662
1444,923,35.105167,129.1522
1445,923,35.104984,129.15779
1446,923,35.104805,129.16338
1447,923,35.10462,129.16896
1448,923,35.10444,129.17455
1449,923,35.10426,129.18011
1450,923,35.104076,129.1857
1451,923,35.103893,129.19128
1452,923,35.10371,129.19687
1453,923,35.103527,129.20245
1454,923,35.103344,129.20804
1455,923,35.103157,129.21362
1456,923,35.102974,129.21921
1457,923,35.10279,129.2248
1458,923,35.102604,129.23036
1459,923,35.102417,129.23595
1460,923,35.102234,129.24153
1461,923,35.102047,129.24712
1462,923,35.10186,129.2527
1463,923,35.101673,129.25829
1464,923,35.101486,129.26387
1465,923,35.1013,129.26944
1466,923,35.101112,129.27502
1467,923,35.100925,129.28061
1468,923,35.100735,129.2862
1469,923,35.100548,129.29178
1470,923,35.100357,129.29736
1471,923,35.10017,129.30295
1375,924,35.121464,128.76709
1376,924,35.121307,128.77267
1377,924,35.121147,128.77826
1378,924,35.120987,128.78384
1379,924,35.120827,128.78943
1380,924,35.120667,128.79501
1381,924,35.120506,128.8006
1382,924,35.120346,128.80618
1383,924,35.120186,128.81177
1384,924,35.120026,128.81735
1385,924,35.11986,128.82294
1386,924,35.1197,128.82852
1387,924,35.119537,128.8341
1388,924,35.119373,128.83969
1389,924,35.119213,128.84528
1390,924,35.11905,128.85086
1391,924,35.118885,128.85645
1392,924,35.11872,128.86203
1393,924,35.118557,128.86761
1394,924,35.118393,128.8732
1395,924,35.11823,128.8788
1396,924,35.11806,128.88438
1397,924,35.117897,128.88997
1398,924,35.11773,128.89555
1399,924,35.117565,128.90114
1400,924,35.117397,128.90672
1401,924,35.11723,128.91231
1402,924,35.117065,128.9179
1403,924,35.116898,128.92348
1404,924,35.11673,128.92906
1405,924,35.11656,128.93465
1406,924,35.11639,128.94023
1407,924,35.116222,128.94582
1408,924,35.116055,128.9514
1409,924,35.115883,128.95699
1410,924,35.115715,128.96257
1411,924,35.115543,128.96815
1412,924,35.115376,128.97374
1413,924,35.115204,128.97932
1414,924,35.115032,128.98491
1415,924,35.11486,128.9905
1416,924,35.11469,128.99608
1417,924,35.114517,129.00166
1418,924,35.114346,129.00725
1419,924,35.114174,129.01283
1420,924,35.114,129.01842
1421,924,35.113827,129.02399
1422,924,35.113655,129.02957
1423,924,35.11348,129.03516
1424,924,35.113304,129.04074
1425,924,35.113132,129.04633
1426,924,35.112957,129.05191
1427,924,35.11278,129.0575
1428,924,35.112606,129.06308
1429,924,35.11243,129.06866
1430,924,35.112255,129.07425
1431,924,35.112076,129.07983
1432,924,35.1119,129.08542
1433,924,35.111725,129.091
1434,924,35.111546,129.09659
1435,924,35.111366,129.10217
1436,924,35.11119,129.10776
1437,924,35.11101,129.11334
1438,924,35.110832,129.11893
1439,924,35.110653,129.12451
1440,924,35.110474,129.1301
1441,924,35.110294,129.13568
1442,924,35.110115,129.14127
1443,924,35.109936,129.14684
1444,924,35.109753,129.15242
1445,924,35.109573,129.158
1446,924,35.10939,129.16359
1447,924,35.10921,129.16917
1448,924,35.109028,129.17476
1449,924,35.108845,129.18034
1450,924,35.108665,129.18593
1451,924,35.108482,129.19151
1452,924,35.1083,129.1971
1453,924,35.108112,129.20268
1454,924,35.10793,129.20827
1455,924,35.107746,129.21384
1456,924,35.107563,129.21942
1457,924,35.107376,129.225
1458,924,35.107193,129.23059
1459,924,35.107006,129.23618
1460,924,35.10682,129.24176
1461,924,35.106636,129.24734
1462,924,35.10645,129.25293
1463,924,35.106262,129.25851
1464,924,35.106075,129.2641
1465,924,35.10589,129.26967
1466,924,35.1057,129.27525
1467,924,35.10551,129.28084
1468,924,35.105324,129.28642
1469,924,35.105133,129.292
1470,924,35.104946,129.29759
1471,924,35.104755,129.30318
1375,925,35.126053,128.76727
1376,925,35.125896,128.77286
1377,925,35.125736,128.77846
1378,925,35.125576,128.78404
1379,925,35.125416,128.78963
1380,925,35.125256,128.79521
1381,925,35.125095,128.8008
1382,925,35.124935,128.80638
1383,925,35.124775,128.81197
1384,925,35.124615,128.81755
1385,925,35.12445,128.82314
1386,925,35.12429,128.82872
1387,925,35.124126,128.8343
1388,925,35.123962,128.83989
1389,925,35.123802,128.84547
1390,925,35.12364,128.85106
1391,925,35.123474,128.85664
1392,925,35.12331,128.86224
1393,925,35.123146,128.86783
1394,925,35.122982,128.87341
1395,925,35.122818,128.879
1396,925,35.12265,128.88458
1397,925,35.122486,128.89017
1398,925,35.12232,128.89575
1399,925,35.122154,128.90134
1400,925,35.121986,128.90692
1401,925,35.12182,128.9125
1402,925,35.121655,128.91809
1403,925,35.121487,128.92368
1404,925,35.12132,128.92926
1405,925,35.12115,128.93484
1406,925,35.12098,128.94043
1407,925,35.12081,128.94601
1408,925,35.120644,128.9516
1409,925,35.120472,128.95718
1410,925,35.120304,128.96277
1411,925,35.120132,128.96835
1412,925,35.119965,128.97394
1413,925,35.119793,128.97952
1414,925,35.11962,128.9851
1415,925,35.11945,128.99069
1416,925,35.119278,128.99628
1417,925,35.119106,129.00186
1418,925,35.118935,129.00745
1419,925,35.118763,129.01303
1420,925,35.118587,129.01862
1421,925,35.118416,129.0242
1422,925,35.11824,129.02979
1423,925,35.11807,129.03537
1424,925,35.117893,129.04095
1425,925,35.117718,129.04654
1426,925,35.117546,129.05212
1427,925,35.11737,129.05771
1428,925,35.117195,129.0633
1429,925,35.11702,129.06888
1430,925,35.11684,129.07446
1431,925,35.116665,129.08005
1432,925,35.11649,129.08563
1433,925,35.11631,129.09122
1434,925,35.116135,129.0968
1435,925,35.115955,129.10239
1436,925,35.11578,129.10797
1437,925,35.1156,129.11356
1438,925,35.11542,129.11914
1439,925,35.115242,129.12473
1440,925,35.115063,129.13031
1441,925,35.114883,129.1359
1442,925,35.114704,129.14148
1443,925,35.11452,129.14706
1444,925,35.11434,129.15265
1445,925,35.114162,129.15823
1446,925,35.11398,129.16382
1447,925,35.1138,129.1694
1448,925,35.113617,129.17499
1449,925,35.113434,129.18057
1450,925,35.11325,129.18614
1451,925,35.113068,129.19173
1452,925,35.112885,129.19731
1453,925,35.1127,129.2029
1454,925,35.11252,129.20848
1455,925,35.112335,129.21407
1456,925,35.11215,129.21965
1457,925,35.111965,129.22523
1458,925,35.11178,129.23082
1459,925,35.111595,129.2364
1460,925,35.11141,129.24199
1461,925,35.11122,129.24757
1462,925,35.11104,129.25316
1463,925,35.11085,129.25874
1464,925,35.110664,129.26431
1465,925,35.110474,129.2699
1466,925,35.110287,129.27548
1467,925,35.1101,129.28107
1468,925,35.109913,129.28665
1469,925,35.109722,129.29224
1470,925,35.109535,129.29782
1471,925,35.109344,129.3034
1375,926,35.130642,128.76747
1376,926,35.130486,128.77306
1377,926,35.130325,128.77864
1378,926,35.130165,128.78423
1379,926,35.130005,128.78981
1380,926,35.129845,128.79541
1381,926,35.129684,128.801
1382,926,35.129524,128.80658
1383,926,35.129364,128.81216
1384,926,35.129204,128.81775
1385,926,35.12904,128.82333
1386,926,35.12888,128.82892
1387,926,35.128716,128.8345
1388,926,35.12855,128.84009
1389,926,35.12839,128.84567
1390,926,35.128227,128.85126
1391,926,35.128063,128.85686
1392,926,35.1279,128.86244
1393,926,35.127735,128.86803
1394,926,35.12757,128.87361
1395,926,35.127407,128.8792
1396,926,35.12724,128.88478
1397,926,35.127075,128.89037
1398,926,35.126907,128.89595
1399,926,35.126743,128.90154
1400,926,35.126575,128.90712
1401,926,35.126408,128.9127
1402,926,35.126244,128.91829
1403,926,35.126076,128.92387
1404,926,35.125908,128.92946
1405,926,35.12574,128.93506
1406,926,35.12557,128.94064
1407,926,35.1254,128.94623
1408,926,35.125233,128.95181
1409,926,35.12506,128.9574
1410,926,35.124893,128.96298
1411,926,35.12472,128.96857
1412,926,35.124554,128.97415
1413,926,35.124382,128.97974
1414,926,35.12421,128.98532
1415,926,35.12404,128.9909
1416,926,35.123867,128.99649
1417,926,35.123695,129.00208
1418,926,35.123524,129.00766
1419,926,35.123352,129.01324
1420,926,35.123177,129.01883
1421,926,35.123005,129.02441
1422,926,35.12283,129.03
1423,926,35.122658,129.03558
1424,926,35.122482,129.04117
1425,926,35.122307,129.04675
1426,926,35.12213,129.05234
1427,926,35.12196,129.05792
1428,926,35.121784,129.0635
1429,926,35.121605,129.06909
1430,926,35.12143,129.07468
1431,926,35.121254,129.08026
1432,926,35.12108,129.08585
1433,926,35.1209,129.09143
1434,926,35.120724,129.09702
1435,926,35.120544,129.1026
1436,926,35.120365,129.10818
1437,926,35.12019,129.11377
1438,926,35.12001,129.11935
1439,926,35.11983,129.12494
1440,926,35.11965,129.13052
1441,926,35.119473,129.13611
1442,926,35.119293,129.1417
1443,926,35.11911,129.14728
1444,926,35.11893,129.15286
1445,926,35.11875,129.15845
1446,926,35.11857,129.16403
1447,926,35.118385,129.16962
1448,926,35.118206,129.1752
1449,926,35.118023,129.18079
1450,926,35.11784,129.18637
1451,926,35.117657,129.19196
1452,926,35.117474,129.19754
1453,926,35.11729,129.20312
1454,926,35.117107,129.20871
1455,926,35.116924,129.2143
1456,926,35.116737,129.21988
1457,926,35.116554,129.22546
1458,926,35.116367,129.23105
1459,926,35.116184,129.23663
1460,926,35.115997,129.24222
1461,926,35.11581,129.2478
1462,926,35.115623,129.25339
1463,926,35.115437,129.25896
1464,926,35.11525,129.26454
1465,926,35.115063,129.27013
1466,926,35.114876,129.27571
1467,926,35.11469,129.2813
1468,926,35.1145,129.28688
1469,926,35.11431,129.29247
1470,926,35.11412,129.29805
1375,927,35.135235,128.76767
1376,927,35.135075,128.77325
1377,927,35.134914,128.77884
1378,927,35.134754,128.78442
1379,927,35.134594,128.79001
1380,927,35.134434,128.7956
1381,927,35.134274,128.80118
1382,927,35.134113,128.80678
1383,927,35.133953,128.81236
1384,927,35.133793,128.81795
1385,927,35.13363,128.82353
1386,927,35.13347,128.82912
1387,927,35.133305,128.8347
1388,927,35.133144,128.84029
1389,927,35.13298,128.84587
1390,927,35.132816,128.85147
1391,927,35.132652,128.85706
1392,927,35.13249,128.86264
1393,927,35.132324,128.86823
1394,927,35.13216,128.87381
1395,927,35.131996,128.8794
1396,927,35.13183,128.88498
1397,927,35.131664,128.89056
1398,927,35.131496,128.89615
1399,927,35.131332,128.90173
1400,927,35.131165,128.90733
1401,927,35.130997,128.91292
1402,927,35.130833,128.9185
1403,927,35.130665,128.92409
1404,927,35.130497,128.92967
1405,927,35.13033,128.93526
1406,927,35.130157,128.94084
1407,927,35.12999,128.94643
1408,927,35.12982,128.95201
1409,927,35.12965,128.9576
1410,927,35.129482,128.96318
1411,927,35.12931,128.96877
1412,927,35.129143,128.97435
1413,927,35.12897,128.97995
1414,927,35.1288,128.98553
1415,927,35.128628,128.99112
1416,927,35.128456,128.9967
1417,927,35.128284,129.00229
1418,927,35.128113,129.00787
1419,927,35.12794,129.01346
1420,927,35.127766,129.01904
1421,927,35.127594,129.02463
1422,927,35.12742,129.03021
1423,927,35.127247,129.0358
1424,927,35.12707,129.04138
1425,927,35.126896,129.04697
1426,927,35.12672,129.05255
1427,927,35.126545,129.05814
1428,927,35.12637,129.06372
1429,927,35.126194,129.0693
1430,927,35.12602,129.07489
1431,927,35.125843,129.08047
1432,927,35.125668,129.08606
1433,927,35.12549,129.09164
1434,927,35.125313,129.09723
1435,927,35.125134,129.10283
1436,927,35.124954,129.10841
1437,927,35.12478,129.114
1438,927,35.1246,129.11958
1439,927,35.12442,129.12517
1440,927,35.12424,129.13075
1441,927,35.12406,129.13634
1442,927,35.12388,129.14192
1443,927,35.1237,129.1475
1444,927,35.12352,129.15309
1445,927,35.123337,129.15868
1446,927,35.123158,129.16426
1447,927,35.122974,129.16985
1448,927,35.122795,129.17543
1449,927,35.122612,129.18102
1450,927,35.12243,129.1866
1451,927,35.122246,129.19218
1452,927,35.122063,129.19777
1453,927,35.12188,129.20335
1454,927,35.121696,129.20894
1455,927,35.12151,129.21452
1456,927,35.121326,129.22011
1457,927,35.121143,129.2257
1458,927,35.120956,129.23128
1459,927,35.12077,129.23685
1460,927,35.120586,129.24243
1461,927,35.1204,129.24802
1462,927,35.120213,129.2536
1463,927,35.120026,129.25919
1464,927,35.11984,129.26477
1465,927,35.11965,129.27036
1466,927,35.119465,129.27594
1467,927,35.119274,129.28152
1468,927,35.119087,129.28711
1469,927,35.1189,129.2927
1470,927,35.11871,129.29828
1375,928,35.139824,128.76785
1376,928,35.139664,128.77344
1377,928,35.139503,128.77904
1378,928,35.139343,128.78462
1379,928,35.139187,128.7902
1380,928,35.139027,128.79579
1381,928,35.138863,128.80138
1382,928,35.138702,128.80696
1383,928,35.138542,128.81256
1384,928,35.138382,128.81815
1385,928,35.138218,128.82373
1386,928,35.138058,128.82932
1387,928,35.137894,128.8349
1388,928,35.137733,128.84048
1389,928,35.13757,128.84607
1390,928,35.137405,128.85167
1391,928,35.13724,128.85725
1392,928,35.137077,128.86284
1393,928,35.136913,128.86842
1394,928,35.13675,128.87401
1395,928,35.136585,128.8796
1396,928,35.136417,128.88518
1397,928,35.136253,128.89076
1398,928,35.136086,128.89636
1399,928,35.13592,128.90195
1400,928,35.135754,128.90753
1401,928,35.135586,128.91312
1402,928,35.13542,128.9187
1403,928,35.135254,128.92429
1404,928,35.135086,128.92987
1405,928,35.13492,128.93546
1406,928,35.134747,128.94104
1407,928,35.13458,128.94664
1408,928,35.13441,128.95222
1409,928,35.13424,128.95781
1410,928,35.13407,128.9634
1411,928,35.1339,128.96898
1412,928,35.13373,128.97456
1413,928,35.13356,128.98015
1414,928,35.13339,128.98573
1415,928,35.133217,128.99132
1416,928,35.133045,128.9969
1417,928,35.132874,129.0025
1418,928,35.1327,129.00809
1419,928,35.132526,129.01367
1420,928,35.132355,129.01926
1421,928,35.132183,129.02484
1422,928,35.132008,129.03043
1423,928,35.131836,129.03601
1424,928,35.13166,129.0416
1425,928,35.131485,129.04718
1426,928,35.13131,129.05276
1427,928,35.131134,129.05835
1428,928,35.13096,129.06393
1429,928,35.130783,129.06952
1430,928,35.130608,129.0751
1431,928,35.130432,129.08069
1432,928,35.130253,129.08629
1433,928,35.130077,129.09187
1434,928,35.129898,129.09746
1435,928,35.129723,129.10304
1436,928,35.129543,129.10863
1437,928,35.129364,129.11421
1438,928,35.12919,129.1198
1439,928,35.12901,129.12538
1440,928,35.12883,129.13097
1441,928,35.128647,129.13655
1442,928,35.128468,129.14214
1443,928,35.12829,129.14772
1444,928,35.12811,129.1533
1445,928,35.127926,129.15889
1446,928,35.127747,129.16447
1447,928,35.127563,129.17006
1448,928,35.12738,129.17564
1449,928,35.1272,129.18123
1450,928,35.127018,129.18681
1451,928,35.126835,129.1924
1452,928,35.12665,129.19798
1453,928,35.12647,129.20357
1454,928,35.12628,129.20915
1455,928,35.1261,129.21474
1456,928,35.125916,129.22032
1457,928,35.12573,129.2259
1458,928,35.125546,129.23149
1459,928,35.12536,129.23708
1460,928,35.12517,129.24266
1461,928,35.12499,129.24825
1462,928,35.1248,129.25383
1463,928,35.124615,129.25941
1464,928,35.124428,129.265
1465,928,35.12424,129.27058
1466,928,35.124054,129.27617
1467,928,35.123863,129.28175
1468,928,35.123676,129.28734
1469,928,35.123486,129.29292
1470,928,35.1233,129.29851
1375,929,35.144413,128.76805
1376,929,35.144253,128.77364
1377,929,35.144093,128.77922
1378,929,35.143936,128.78482
1379,929,35.143776,128.7904
1380,929,35.143616,128.79599
1381,929,35.143456,128.80157
1382,929,35.14329,128.80716
1383,929,35.14313,128.81274
1384,929,35.14297,128.81834
1385,929,35.142807,128.82393
1386,929,35.142647,128.82951
1387,929,35.142483,128.8351
1388,929,35.142323,128.84068
1389,929,35.14216,128.84627
1390,929,35.141994,128.85187
1391,929,35.14183,128.85745
1392,929,35.141666,128.86304
1393,929,35.141502,128.86862
1394,929,35.14134,128.8742
1395,929,35.141174,128.87979
1396,929,35.141006,128.88539
1397,929,35.140842,128.89098
1398,929,35.140675,128.89656
1399,929,35.14051,128.90215
1400,929,35.140343,128.90773
1401,929,35.140175,128.91331
1402,929,35.14001,128.9189
1403,929,35.139843,128.9245
1404,929,35.139675,128.93008
1405,929,35.139507,128.93567
1406,929,35.139336,128.94125
1407,929,35.139168,128.94684
1408,929,35.139,128.95242
1409,929,35.13883,128.95801
1410,929,35.13866,128.9636
1411,929,35.13849,128.9692
1412,929,35.13832,128.97478
1413,929,35.13815,128.98036
1414,929,35.137978,128.98595
1415,929,35.137806,128.99153
1416,929,35.137634,128.99712
1417,929,35.137463,129.0027
1418,929,35.13729,129.00829
1419,929,35.137115,129.01387
1420,929,35.136944,129.01947
1421,929,35.136772,129.02505
1422,929,35.136597,129.03064
1423,929,35.136425,129.03622
1424,929,35.13625,129.04181
1425,929,35.136074,129.0474
1426,929,35.1359,129.05298
1427,929,35.135723,129.05856
1428,929,35.135548,129.06415
1429,929,35.135372,129.06973
1430,929,35.135197,129.07532
1431,929,35.13502,129.08092
1432,929,35.134842,129.0865
1433,929,35.134666,129.09209
1434,929,35.134487,129.09767
1435,929,35.13431,129.10326
1436,929,35.134132,129.10884
1437,929,35.133953,129.11443
1438,929,35.133774,129.12001
1439,929,35.133595,129.1256
1440,929,35.133415,129.13118
1441,929,35.133236,129.13676
1442,929,35.133057,129.14235
1443,929,35.132877,129.14793
1444,929,35.132698,129.15352
1445,929,35.132515,129.15912
1446,929,35.132336,129.1647
1447,929,35.132153,129.17029
1448,929,35.13197,129.17587
1449,929,35.131786,129.18146
1450,929,35.131607,129.18704
1451,929,35.131424,129.19263
1452,929,35.13124,129.19821
1453,929,35.131054,129.2038
1454,929,35.13087,129.20938
1455,929,35.130688,129.21497
1456,929,35.130505,129.22055
1457,929,35.130318,129.22614
1458,929,35.130135,129.23172
1459,929,35.129948,129.2373
1460,929,35.12976,129.24289
1461,929,35.129574,129.24847
1462,929,35.12939,129.25406
1463,929,35.129204,129.25964
1464,929,35.129017,129.26523
1465,929,35.128826,129.27081
1466,929,35.12864,129.2764
1467,929,35.128452,129.28198
1468,929,35.128265,129.28757
1469,929,35.128075,129.29315
1470,929,35.127888,129.29874
1375,930,35.149002,128.76825
1376,930,35.14884,128.77383
1377,930,35.14868,128.77942
1378,930,35.148525,128.785
1379,930,35.148365,128.7906
1380,930,35.148205,128.79619
1381,930,35.148045,128.80177
1382,930,35.147884,128.80736
1383,930,35.14772,128.81294
1384,930,35.14756,128.81854
1385,930,35.1474,128.82413
1386,930,35.147236,128.82971
1387,930,35.14707,128.8353
1388,930,35.14691,128.84088
1389,930,35.146748,128.84647
1390,930,35.146584,128.85207
1391,930,35.14642,128.85765
1392,930,35.146255,128.86324
1393,930,35.14609,128.86882
1394,930,35.145927,128.8744
1395,930,35.145763,128.88
1396,930,35.145596,128.88559
1397,930,35.14543,128.89117
1398,930,35.145264,128.89676
1399,930,35.1451,128.90234
1400,930,35.14493,128.90793
1401,930,35.144764,128.91353
1402,930,35.1446,128.91911
1403,930,35.144432,128.9247
1404,930,35.144264,128.93028
1405,930,35.144096,128.93587
1406,930,35.143925,128.94145
1407,930,35.143757,128.94705
1408,930,35.14359,128.95264
1409,930,35.143417,128.95822
1410,930,35.14325,128.9638
1411,930,35.143078,128.96939
1412,930,35.14291,128.97498
1413,930,35.14274,128.98056
1414,930,35.142567,128.98616
1415,930,35.142395,128.99174
1416,930,35.142223,128.99733
1417,930,35.14205,129.00291
1418,930,35.14188,129.0085
1419,930,35.141705,129.01408
1420,930,35.141533,129.01967
1421,930,35.14136,129.02527
1422,930,35.141186,129.03085
1423,930,35.14101,129.03644
1424,930,35.14084,129.04202
1425,930,35.140663,129.0476
1426,930,35.140488,129.05319
1427,930,35.140312,129.05878
1428,930,35.140137,129.06436
1429,930,35.13996,129.06995
1430,930,35.139786,129.07555
1431,930,35.13961,129.08113
1432,930,35.13943,129.08672
1433,930,35.139256,129.0923
1434,930,35.139076,129.09789
1435,930,35.1389,129.10347
1436,930,35.13872,129.10905
1437,930,35.138542,129.11464
1438,930,35.138363,129.12022
1439,930,35.138184,129.12581
1440,930,35.138004,129.13141
1441,930,35.137825,129.137
1442,930,35.137646,129.14258
1443,930,35.137466,129.14816
1444,930,35.137283,129.15375
1445,930,35.137104,129.15933
1446,930,35.13692,129.16492
1447,930,35.13674,129.1705
1448,930,35.13656,129.17609
1449,930,35.136375,129.18167
1450,930,35.136192,129.18726
1451,930,35.13601,129.19284
1452,930,35.135826,129.19844
1453,930,35.135643,129.20403
1454,930,35.13546,129.20961
1455,930,35.135277,129.2152
1456,930,35.13509,129.22078
1457,930,35.134907,129.22636
1458,930,35.13472,129.23195
1459,930,35.134537,129.23753
1460,930,35.13435,129.24312
1461,930,35.134163,129.2487
1462,930,35.133976,129.25429
1463,930,35.13379,129.25987
1464,930,35.133602,129.26546
1465,930,35.133415,129.27104
1466,930,35.13323,129.27663
1467,930,35.13304,129.28221
1468,930,35.13285,129.2878
1469,930,35.132664,129.29338
1470,930,35.132473,129.29897
1375,931,35.15359,128.76843
1376,931,35.15343,128.77403
1377,931,35.153275,128.77962
1378,931,35.153114,128.7852
1379,931,35.152954,128.79079
1380,931,35.152794,128.79639
1381,931,35.152634,128.80197
1382,931,35.152473,128.80756
1383,931,35.15231,128.81314
1384,931,35.15215,128.81873
1385,931,35.15199,128.82433
1386,931,35.151825,128.82991
1387,931,35.151665,128.8355
1388,931,35.1515,128.84108
1389,931,35.151337,128.84666
1390,931,35.151173,128.85226
1391,931,35.15101,128.85785
1392,931,35.150845,128.86343
1393,931,35.15068,128.86902
1394,931,35.150517,128.87462
1395,931,35.150352,128.8802
1396,931,35.150185,128.88579
1397,931,35.15002,128.89137
1398,931,35.149857,128.89696
1399,931,35.14969,128.90256
1400,931,35.14952,128.90814
1401,931,35.149353,128.91373
1402,931,35.14919,128.91931
1403,931,35.14902,128.9249
1404,931,35.148853,128.93048
1405,931,35.148685,128.93608
1406,931,35.148514,128.94167
1407,931,35.148346,128.94725
1408,931,35.14818,128.95284
1409,931,35.148006,128.95842
1410,931,35.14784,128.96402
1411,931,35.147667,128.9696
1412,931,35.1475,128.97519
1413,931,35.147327,128.98077
1414,931,35.147156,128.98636
1415,931,35.146984,128.99194
1416,931,35.146812,128.99754
1417,931,35.14664,129.00313
1418,931,35.14647,129.00871
1419,931,35.146294,129.0143
1420,931,35.146122,129.01988
1421,931,35.14595,129.02547
1422,931,35.145775,129.03105
1423,931,35.1456,129.03665
1424,931,35.145428,129.04224
1425,931,35.145252,129.04782
1426,931,35.145077,129.0534
1427,931,35.1449,129.05899
1428,931,35.144726,129.06458
1429,931,35.14455,129.07018
1430,931,35.144375,129.07576
1431,931,35.1442,129.08134
1432,931,35.14402,129.08693
1433,931,35.143845,129.09251
1434,931,35.143665,129.0981
1435,931,35.14349,129.10368
1436,931,35.14331,129.10927
1437,931,35.14313,129.11487
1438,931,35.142952,129.12045
1439,931,35.142773,129.12604
1440,931,35.142593,129.13162
1441,931,35.142414,129.1372
1442,931,35.142235,129.14279
1443,931,35.142056,129.14838
1444,931,35.141872,129.15396
1445,931,35.141693,129.15955
1446,931,35.14151,129.16515
1447,931,35.14133,129.17073
1448,931,35.141148,129.17632
1449,931,35.140965,129.1819
1450,931,35.14078,129.18748
1451,931,35.1406,129.19307
1452,931,35.140415,129.19865
1453,931,35.140232,129.20424
1454,931,35.14005,129.20982
1455,931,35.139866,129.21541
1456,931,35.13968,129.221
1457,931,35.139496,129.2266
1458,931,35.13931,129.23218
1459,931,35.139126,129.23776
1460,931,35.13894,129.24335
1461,931,35.138752,129.24893
1462,931,35.138565,129.25452
1463,931,35.13838,129.2601
1464,931,35.13819,129.26569
1465,931,35.138004,129.27127
1466,931,35.137817,129.27686
1467,931,35.13763,129.28244
1468,931,35.13744,129.28802
1469,931,35.137253,129.29361
1470,931,35.137062,129.2992
1375,932,35.15818,128.76863
1376,932,35.158024,128.77422
1377,932,35.157864,128.77982
1378,932,35.157703,128.7854
1379,932,35.157543,128.79099
1380,932,35.157383,128.79657
1381,932,35.157223,128.80217
1382,932,35.157063,128.80775
1383,932,35.156902,128.81334
1384,932,35.15674,128.81892
1385,932,35.156578,128.82452
1386,932,35.156414,128.83011
1387,932,35.156254,128.8357
1388,932,35.15609,128.84128
1389,932,35.155926,128.84688
1390,932,35.15576,128.85246
1391,932,35.155598,128.85805
1392,932,35.155434,128.86363
1393,932,35.15527,128.86922
1394,932,35.155106,128.87482
1395,932,35.15494,128.8804
1396,932,35.154778,128.88599
1397,932,35.15461,128.89157
1398,932,35.154446,128.89717
1399,932,35.154278,128.90276
1400,932,35.15411,128.90834
1401,932,35.153946,128.91393
1402,932,35.153778,128.91951
1403,932,35.15361,128.92511
1404,932,35.153442,128.9307
1405,932,35.153275,128.93628
1406,932,35.153103,128.94186
1407,932,35.152935,128.94746
1408,932,35.152767,128.95305
1409,932,35.152596,128.95863
1410,932,35.152428,128.96422
1411,932,35.152256,128.9698
1412,932,35.15209,128.9754
1413,932,35.151917,128.98099
1414,932,35.151745,128.98657
1415,932,35.151573,128.99216
1416,932,35.1514,128.99774
1417,932,35.15123,129.00333
1418,932,35.15106,129.00893
1419,932,35.150883,129.01451
1420,932,35.15071,129.0201
1421,932,35.15054,129.02568
1422,932,35.150364,129.03127
1423,932,35.15019,129.03687
1424,932,35.150017,129.04245
1425,932,35.14984,129.04803
1426,932,35.149666,129.05362
1427,932,35.14949,129.0592
1428,932,35.149315,129.06479
1429,932,35.14914,129.07039
1430,932,35.148964,129.07597
1431,932,35.14879,129.08156
1432,932,35.14861,129.08714
1433,932,35.148434,129.09273
1434,932,35.148254,129.09831
1435,932,35.14808,129.1039
1436,932,35.1479,129.1095
1437,932,35.14772,129.11508
1438,932,35.14754,129.12067
1439,932,35.14736,129.12625
1440,932,35.147182,129.13184
1441,932,35.147003,129.13742
1442,932,35.146824,129.14302
1443,932,35.146645,129.1486
1444,932,35.14646,129.15419
1445,932,35.146282,129.15977
1446,932,35.1461,129.16536
1447,932,35.14592,129.17094
1448,932,35.145737,129.17653
1449,932,35.145554,129.18211
1450,932,35.14537,129.18771
1451,932,35.145187,129.1933
1452,932,35.145004,129.19888
1453,932,35.14482,129.20447
1454,932,35.144638,129.21005
1455,932,35.144455,129.21564
1456,932,35.144268,129.22122
1457,932,35.144085,129.2268
1458,932,35.143898,129.23239
1459,932,35.14371,129.23799
1460,932,35.143528,129.24358
1461,932,35.14334,129.24916
1462,932,35.143154,129.25475
1463,932,35.142967,129.26033
1464,932,35.14278,129.26591
1465,932,35.142593,129.2715
1466,932,35.142406,129.27708
1467,932,35.142216,129.28267
1468,932,35.14203,129.28825
1469,932,35.14184,129.29384
1470,932,35.14165,129.29944
1375,933,35.16277,128.76883
1376,933,35.162613,128.77441
1377,933,35.162453,128.78
1378,933,35.162292,128.7856
1379,933,35.162132,128.79118
1380,933,35.161972,128.79677
1381,933,35.16181,128.80235
1382,933,35.16165,128.80795
1383,933,35.16149,128.81354
1384,933,35.161327,128.81912
1385,933,35.161167,128.8247
1386,933,35.161003,128.8303
1387,933,35.160843,128.83589
1388,933,35.16068,128.84148
1389,933,35.160515,128.84708
1390,933,35.160355,128.85266
1391,933,35.16019,128.85825
1392,933,35.160027,128.86383
1393,933,35.15986,128.86943
1394,933,35.159695,128.87502
1395,933,35.15953,128.8806
1396,933,35.159367,128.88618
1397,933,35.1592,128.89178
1398,933,35.159035,128.89737
1399,933,35.158867,128.90295
1400,933,35.1587,128.90854
1401,933,35.158535,128.91414
1402,933,35.158367,128.91972
1403,933,35.1582,128.92531
1404,933,35.15803,128.9309
1405,933,35.157864,128.9365
1406,933,35.157696,128.94208
1407,933,35.157524,128.94766
1408,933,35.157356,128.95325
1409,933,35.157185,128.95883
1410,933,35.157017,128.96443
1411,933,35.156845,128.97002
1412,933,35.156677,128.9756
1413,933,35.156506,128.98119
1414,933,35.156334,128.98679
1415,933,35.156162,128.99237
1416,933,35.15599,128.99796
1417,933,35.15582,129.00354
1418,933,35.155647,129.00912
1419,933,35.15547,129.01472
1420,933,35.1553,129.02031
1421,933,35.15513,129.0259
1422,933,35.154953,129.03148
1423,933,35.154778,129.03706
1424,933,35.154606,129.04266
1425,933,35.15443,129.04825
1426,933,35.154255,129.05383
1427,933,35.15408,129.05942
1428,933,35.153904,129.065
1429,933,35.15373,129.0706
1430,933,35.153553,129.07619
1431,933,35.153378,129.08177
1432,933,35.1532,129.08736
1433,933,35.153023,129.09294
1434,933,35.152843,129.09854
1435,933,35.152668,129.10413
1436,933,35.15249,129.10971
1437,933,35.15231,129.1153
1438,933,35.15213,129.12088
1439,933,35.15195,129.12646
1440,933,35.15177,129.13206
1441,933,35.151592,129.13765
1442,933,35.151413,129.14323
1443,933,35.151234,129.14882
1444,933,35.15105,129.1544
1445,933,35.15087,129.15999
1446,933,35.15069,129.16559
1447,933,35.150505,129.17117
1448,933,35.150326,129.17676
1449,933,35.150143,129.18234
1450,933,35.14996,129.18793
1451,933,35.149776,129.19351
1452,933,35.149593,129.1991
1453,933,35.14941,129.2047
1454,933,35.149227,129.21028
1455,933,35.14904,129.21587
1456,933,35.148857,129.22145
1457,933,35.148674,129.22704
1458,933,35.148487,129.23262
1459,933,35.1483,129.2382
1460,933,35.148117,129.24379
1461,933,35.14793,129.24939
1462,933,35.147743,129.25497
1463,933,35.147556,129.26056
1464,933,35.14737,129.26614
1465,933,35.147182,129.27173
1466,933,35.146996,129.27731
1467,933,35.146805,129.2829
1468,933,35.146618,129.28848
1469,933,35.146427,129.29408
1470,933,35.14624,129.29967
1375,934,35.167362,128.76901
1376,934,35.167202,128.77461
1377,934,35.16704,128.7802
1378,934,35.16688,128.78578
1379,934,35.16672,128.79138
1380,934,35.16656,128.79697
1381,934,35.1664,128.80255
1382,934,35.16624,128.80815
1383,934,35.16608,128.81374
1384,934,35.165916,128.81932
1385,934,35.165756,128.8249
1386,934,35.165596,128.8305
1387,934,35.165432,128.83609
1388,934,35.165268,128.84167
1389,934,35.165104,128.84727
1390,934,35.164944,128.85286
1391,934,35.16478,128.85844
1392,934,35.164616,128.86403
1393,934,35.16445,128.86963
1394,934,35.164284,128.87521
1395,934,35.16412,128.8808
1396,934,35.163956,128.8864
1397,934,35.163788,128.89198
1398,934,35.163624,128.89757
1399,934,35.163456,128.90315
1400,934,35.163292,128.90875
1401,934,35.163124,128.91434
1402,934,35.162956,128.91992
1403,934,35.16279,128.9255
1404,934,35.16262,128.9311
1405,934,35.162453,128.93669
1406,934,35.162285,128.94228
1407,934,35.162113,128.94786
1408,934,35.161945,128.95346
1409,934,35.161777,128.95905
1410,934,35.161606,128.96463
1411,934,35.161434,128.97021
1412,934,35.161266,128.97581
1413,934,35.161095,128.9814
1414,934,35.160923,128.98698
1415,934,35.16075,128.99257
1416,934,35.16058,128.99817
1417,934,35.160408,129.00375
1418,934,35.160236,129.00934
1419,934,35.16006,129.01492
1420,934,35.15989,129.02052
1421,934,35.159718,129.02611
1422,934,35.159542,129.0317
1423,934,35.159367,129.03728
1424,934,35.159195,129.04288
1425,934,35.15902,129.04846
1426,934,35.158844,129.05405
1427,934,35.15867,129.05963
1428,934,35.158493,129.06522
1429,934,35.158318,129.07082
1430,934,35.158142,129.0764
1431,934,35.157967,129.08199
1432,934,35.157787,129.08757
1433,934,35.15761,129.09315
1434,934,35.157433,129.09875
1435,934,35.157257,129.10434
1436,934,35.157078,129.10992
1437,934,35.1569,129.11551
1438,934,35.15672,129.12111
1439,934,35.15654,129.1267
1440,934,35.15636,129.13228
1441,934,35.15618,129.13786
1442,934,35.156002,129.14345
1443,934,35.15582,129.14903
1444,934,35.15564,129.15463
1445,934,35.15546,129.16022
1446,934,35.155277,129.1658
1447,934,35.155094,129.17139
1448,934,35.154915,129.17697
1449,934,35.15473,129.18257
1450,934,35.15455,129.18816
1451,934,35.154366,129.19374
1452,934,35.154182,129.19933
1453,934,35.154,129.20491
1454,934,35.153816,129.2105
1455,934,35.15363,129.2161
1456,934,35.153446,129.22168
1457,934,35.15326,129.22726
1458,934,35.153076,129.23285
1459,934,35.15289,129.23843
1460,934,35.152706,129.24402
1461,934,35.15252,129.2496
1462,934,35.152332,129.2552
1463,934,35.152145,129.26079
1464,934,35.15196,129.26637
1465,934,35.15177,129.27196
1466,934,35.15158,129.27754
1467,934,35.151394,129.28313
1468,934,35.151207,129.28871
1469,934,35.151016,129.29431
1470,934,35.15083,129.2999
1375,935,35.17195,128.76921
1376,935,35.17179,128.7748
1377,935,35.17163,128.7804
1378,935,35.171474,128.78598
1379,935,35.171314,128.79156
1380,935,35.171154,128.79716
1381,935,35.17099,128.80275
1382,935,35.17083,128.80833
1383,935,35.17067,128.81393
1384,935,35.17051,128.81952
1385,935,35.170345,128.8251
1386,935,35.170185,128.8307
1387,935,35.17002,128.83629
1388,935,35.169857,128.84187
1389,935,35.169697,128.84747
1390,935,35.169533,128.85306
1391,935,35.16937,128.85864
1392,935,35.169205,128.86424
1393,935,35.16904,128.86983
1394,935,35.168877,128.87541
1395,935,35.16871,128.881
1396,935,35.168545,128.8866
1397,935,35.168377,128.89218
1398,935,35.168213,128.89777
1399,935,35.168045,128.90337
1400,935,35.16788,128.90895
1401,935,35.167713,128.91454
1402,935,35.167545,128.92014
1403,935,35.167377,128.92572
1404,935,35.16721,128.9313
1405,935,35.16704,128.93689
1406,935,35.166874,128.94249
1407,935,35.166702,128.94807
1408,935,35.166534,128.95366
1409,935,35.166367,128.95926
1410,935,35.166195,128.96484
1411,935,35.166023,128.97043
1412,935,35.165855,128.97601
1413,935,35.165684,128.98161
1414,935,35.165512,128.9872
1415,935,35.16534,128.99278
1416,935,35.16517,128.99837
1417,935,35.164997,129.00397
1418,935,35.164825,129.00955
1419,935,35.164654,129.01514
1420,935,35.16448,129.02072
1421,935,35.164307,129.02632
1422,935,35.16413,129.0319
1423,935,35.16396,129.03749
1424,935,35.163784,129.04308
1425,935,35.16361,129.04868
1426,935,35.163433,129.05426
1427,935,35.163258,129.05984
1428,935,35.163082,129.06543
1429,935,35.162907,129.07103
1430,935,35.16273,129.07661
1431,935,35.162556,129.0822
1432,935,35.162376,129.08778
1433,935,35.1622,129.09338
1434,935,35.16202,129.09897
1435,935,35.161842,129.10455
1436,935,35.161667,129.11014
1437,935,35.161488,129.11574
1438,935,35.16131,129.12132
1439,935,35.16113,129.1269
1440,935,35.16095,129.13249
1441,935,35.16077,129.13808
1442,935,35.16059,129.14368
1443,935,35.160408,129.14926
1444,935,35.16023,129.15485
1445,935,35.16005,129.16043
1446,935,35.159866,129.16602
1447,935,35.159683,129.17162
1448,935,35.159504,129.1772
1449,935,35.15932,129.18279
1450,935,35.159138,129.18837
1451,935,35.158955,129.19395
1452,935,35.15877,129.19955
1453,935,35.15859,129.20514
1454,935,35.158405,129.21072
1455,935,35.15822,129.21631
1456,935,35.158035,129.2219
1457,935,35.15785,129.2275
1458,935,35.157665,129.23308
1459,935,35.15748,129.23866
1460,935,35.15729,129.24425
1461,935,35.15711,129.24983
1462,935,35.15692,129.25543
1463,935,35.156734,129.26102
1464,935,35.156548,129.2666
1465,935,35.15636,129.27219
1466,935,35.15617,129.27777
1467,935,35.155983,129.28336
1468,935,35.155796,129.28896
1469,935,35.155605,129.29454
1470,935,35.155415,129.30013
1375,936,35.17654,128.76941
1376,936,35.17638,128.775
1377,936,35.176224,128.78058
1378,936,35.176064,128.78618
1379,936,35.175903,128.79176
1380,936,35.175743,128.79736
1381,936,35.175583,128.80295
1382,936,35.17542,128.80853
1383,936,35.17526,128.81413
1384,936,35.1751,128.81972
1385,936,35.174934,128.8253
1386,936,35.174774,128.8309
1387,936,35.17461,128.83649
1388,936,35.17445,128.84207
1389,936,35.174286,128.84767
1390,936,35.17412,128.85326
1391,936,35.173958,128.85884
1392,936,35.173794,128.86444
1393,936,35.17363,128.87003
1394,936,35.173466,128.87561
1395,936,35.173298,128.88121
1396,936,35.173134,128.8868
1397,936,35.17297,128.89238
1398,936,35.172802,128.89798
1399,936,35.172634,128.90356
1400,936,35.17247,128.90915
1401,936,35.172302,128.91475
1402,936,35.172134,128.92033
1403,936,35.171967,128.92592
1404,936,35.1718,128.93152
1405,936,35.17163,128.9371
1406,936,35.171463,128.94269
1407,936,35.171295,128.94827
1408,936,35.171124,128.95387
1409,936,35.170956,128.95946
1410,936,35.170784,128.96504
1411,936,35.170616,128.97064
1412,936,35.170444,128.97623
1413,936,35.170273,128.98181
1414,936,35.1701,128.98741
1415,936,35.16993,128.993
1416,936,35.169758,128.99858
1417,936,35.169586,129.00417
1418,936,35.169415,129.00977
1419,936,35.169243,129.01535
1420,936,35.169067,129.02094
1421,936,35.168896,129.02654
1422,936,35.16872,129.03212
1423,936,35.16855,129.0377
1424,936,35.168373,129.04329
1425,936,35.168198,129.04889
1426,936,35.168022,129.05447
1427,936,35.167847,129.06006
1428,936,35.16767,129.06566
1429,936,35.167496,129.07124
1430,936,35.16732,129.07683
1431,936,35.167145,129.08241
1432,936,35.166965,129.08801
1433,936,35.16679,129.0936
1434,936,35.16661,129.09918
1435,936,35.166435,129.10477
1436,936,35.166256,129.11037
1437,936,35.166077,129.11595
1438,936,35.165897,129.12154
1439,936,35.165718,129.12712
1440,936,35.16554,129.13272
1441,936,35.16536,129.1383
1442,936,35.16518,129.14389
1443,936,35.164997,129.14948
1444,936,35.164818,129.15508
1445,936,35.16464,129.16066
1446,936,35.164455,129.16624
1447,936,35.164272,129.17183
1448,936,35.164093,129.17741
1449,936,35.16391,129.18301
1450,936,35.163727,129.1886
1451,936,35.163544,129.19418
1452,936,35.16336,129.19977
1453,936,35.163177,129.20537
1454,936,35.16299,129.21095
1455,936,35.162807,129.21654
1456,936,35.162624,129.22212
1457,936,35.162437,129.2277
1458,936,35.162254,129.2333
1459,936,35.162067,129.23889
1460,936,35.16188,129.24448
1461,936,35.161697,129.25006
1462,936,35.16151,129.25565
1463,936,35.161324,129.26125
1464,936,35.161137,129.26683
1465,936,35.160946,129.27242
1466,936,35.16076,129.278
1467,936,35.160572,129.28358
1468,936,35.16038,129.28918
1469,936,35.160194,129.29477
1470,936,35.160004,129.30035
1375,937,35.18113,128.76959
1376,937,35.180973,128.77519
1377,937,35.180813,128.78078
1378,937,35.180653,128.78638
1379,937,35.180492,128.79196
1380,937,35.180332,128.79755
1381,937,35.180172,128.80315
1382,937,35.18001,128.80873
1383,937,35.179848,128.81432
1384,937,35.179688,128.81992
1385,937,35.179527,128.8255
1386,937,35.179363,128.8311
1387,937,35.179203,128.83669
1388,937,35.17904,128.84227
1389,937,35.178875,128.84787
1390,937,35.17871,128.85345
1391,937,35.178547,128.85904
1392,937,35.178383,128.86464
1393,937,35.17822,128.87022
1394,937,35.178055,128.87581
1395,937,35.17789,128.88141
1396,937,35.177723,128.887
1397,937,35.17756,128.8926
1398,937,35.17739,128.89818
1399,937,35.177227,128.90376
1400,937,35.17706,128.90936
1401,937,35.17689,128.91495
1402,937,35.176723,128.92053
1403,937,35.176556,128.92613
1404,937,35.176388,128.93172
1405,937,35.17622,128.9373
1406,937,35.176052,128.9429
1407,937,35.175884,128.94849
1408,937,35.175713,128.95407
1409,937,35.175545,128.95967
1410,937,35.175373,128.96526
1411,937,35.175205,128.97084
1412,937,35.175034,128.97644
1413,937,35.174862,128.98203
1414,937,35.17469,128.98761
1415,937,35.17452,128.99321
1416,937,35.174347,128.9988
1417,937,35.174175,129.00438
1418,937,35.174004,129.00998
1419,937,35.173832,129.01556
1420,937,35.173656,129.02115
1421,937,35.173485,129.02673
1422,937,35.17331,129.03233
1423,937,35.173138,129.03792
1424,937,35.172962,129.0435
1425,937,35.172787,129.0491
1426,937,35.17261,129.05469
1427,937,35.172436,129.06027
1428,937,35.17226,129.06587
1429,937,35.172085,129.07146
1430,937,35.17191,129.07704
1431,937,35.171734,129.08263
1432,937,35.171555,129.08823
1433,937,35.17138,129.09381
1434,937,35.1712,129.0994
1435,937,35.171024,129.105
1436,937,35.170845,129.11058
1437,937,35.170666,129.11617
1438,937,35.170486,129.12175
1439,937,35.170307,129.12735
1440,937,35.170128,129.13293
1441,937,35.16995,129.13852
1442,937,35.16977,129.1441
1443,937,35.169586,129.1497
1444,937,35.169407,129.15529
1445,937,35.169228,129.16087
1446,937,35.169044,129.16646
1447,937,35.16886,129.17206
1448,937,35.168682,129.17764
1449,937,35.1685,129.18323
1450,937,35.168316,129.18881
1451,937,35.168133,129.19441
1452,937,35.16795,129.2
1453,937,35.167767,129.20558
1454,937,35.16758,129.21117
1455,937,35.167397,129.21677
1456,937,35.167213,129.22235
1457,937,35.167027,129.22794
1458,937,35.166843,129.23352
1459,937,35.166656,129.23912
1460,937,35.16647,129.2447
1461,937,35.166283,129.25029
1462,937,35.1661,129.25587
1463,937,35.165913,129.26147
1464,937,35.16572,129.26706
1465,937,35.165535,129.27264
1466,937,35.165348,129.27823
1467,937,35.16516,129.28381
1468,937,35.16497,129.28941
1469,937,35.164783,129.295
1470,937,35.164593,129.30058
1375,938,35.185722,128.76979
1376,938,35.185562,128.77538
1377,938,35.185402,128.78098
1378,938,35.18524,128.78656
1379,938,35.18508,128.79216
1380,938,35.18492,128.79774
1381,938,35.18476,128.80334
1382,938,35.1846,128.80893
1383,938,35.18444,128.81451
1384,938,35.184277,128.82011
1385,938,35.184116,128.8257
1386,938,35.183952,128.8313
1387,938,35.183792,128.83688
1388,938,35.183628,128.84247
1389,938,35.183464,128.84807
1390,938,35.1833,128.85365
1391,938,35.183136,128.85925
1392,938,35.182972,128.86484
1393,938,35.182808,128.87042
1394,938,35.182644,128.87602
1395,938,35.18248,128.8816
1396,938,35.182312,128.88719
1397,938,35.182148,128.89279
1398,938,35.18198,128.89838
1399,938,35.181816,128.90398
1400,938,35.18165,128.90956
1401,938,35.18148,128.91515
1402,938,35.181313,128.92075
1403,938,35.18115,128.92633
1404,938,35.180977,128.93192
1405,938,35.18081,128.93752
1406,938,35.18064,128.9431
1407,938,35.180473,128.94868
1408,938,35.1803,128.95428
1409,938,35.180134,128.95987
1410,938,35.179962,128.96547
1411,938,35.179794,128.97105
1412,938,35.179623,128.97664
1413,938,35.17945,128.98224
1414,938,35.17928,128.98782
1415,938,35.179108,128.99341
1416,938,35.178936,128.99901
1417,938,35.178764,129.0046
1418,938,35.178593,129.01018
1419,938,35.17842,129.01578
1420,938,35.178246,129.02136
1421,938,35.178074,129.02695
1422,938,35.1779,129.03255
1423,938,35.177727,129.03813
1424,938,35.17755,129.04372
1425,938,35.177376,129.04932
1426,938,35.1772,129.0549
1427,938,35.177025,129.06049
1428,938,35.17685,129.06609
1429,938,35.176674,129.07167
1430,938,35.1765,129.07726
1431,938,35.176323,129.08286
1432,938,35.176144,129.08844
1433,938,35.17597,129.09402
1434,938,35.17579,129.09961
1435,938,35.175613,129.10521
1436,938,35.175434,129.1108
1437,938,35.175255,129.11638
1438,938,35.175076,129.12198
1439,938,35.174896,129.12756
1440,938,35.174717,129.13315
1441,938,35.174538,129.13875
1442,938,35.17436,129.14433
1443,938,35.174175,129.14992
1444,938,35.173996,129.1555
1445,938,35.173817,129.1611
1446,938,35.173634,129.16669
1447,938,35.17345,129.17227
1448,938,35.17327,129.17787
1449,938,35.173088,129.18346
1450,938,35.172905,129.18904
1451,938,35.17272,129.19463
1452,938,35.17254,129.20023
1453,938,35.172356,129.20581
1454,938,35.17217,129.2114
1455,938,35.171986,129.21698
1456,938,35.171803,129.22258
1457,938,35.171616,129.22816
1458,938,35.171432,129.23375
1459,938,35.171246,129.23933
1460,938,35.17106,129.24493
1461,938,35.17087,129.25052
1462,938,35.170685,129.2561
1463,938,35.170498,129.26169
1464,938,35.17031,129.26729
1465,938,35.170124,129.27287
1466,938,35.169937,129.27846
1467,938,35.16975,129.28404
1468,938,35.16956,129.28964
1469,938,35.169373,129.29523
1470,938,35.16918,129.30081
1375,939,35.19031,128.76999
1376,939,35.19015,128.77557
1377,939,35.18999,128.78117
1378,939,35.18983,128.78676
1379,939,35.189674,128.79236
1380,939,35.18951,128.79794
1381,939,35.18935,128.80353
1382,939,35.18919,128.80913
1383,939,35.18903,128.81471
1384,939,35.18887,128.82031
1385,939,35.188705,128.8259
1386,939,35.188545,128.8315
1387,939,35.18838,128.83708
1388,939,35.188217,128.84267
1389,939,35.188053,128.84827
1390,939,35.187893,128.85385
1391,939,35.18773,128.85945
1392,939,35.187565,128.86504
1393,939,35.187397,128.87062
1394,939,35.187233,128.87622
1395,939,35.18707,128.8818
1396,939,35.186905,128.8874
1397,939,35.186737,128.89299
1398,939,35.186573,128.89857
1399,939,35.186405,128.90417
1400,939,35.186237,128.90976
1401,939,35.186073,128.91536
1402,939,35.185905,128.92094
1403,939,35.185738,128.92653
1404,939,35.18557,128.93213
1405,939,35.185402,128.93771
1406,939,35.18523,128.94331
1407,939,35.185062,128.9489
1408,939,35.184895,128.95448
1409,939,35.184723,128.96008
1410,939,35.184555,128.96567
1411,939,35.184383,128.97125
1412,939,35.18421,128.97685
1413,939,35.18404,128.98244
1414,939,35.183872,128.98804
1415,939,35.1837,128.99362
1416,939,35.18353,128.9992
1417,939,35.183353,129.0048
1418,939,35.18318,129.01039
1419,939,35.18301,129.01598
1420,939,35.18284,129.02158
1421,939,35.182663,129.02716
1422,939,35.182487,129.03276
1423,939,35.182316,129.03835
1424,939,35.18214,129.04393
1425,939,35.181965,129.04953
1426,939,35.18179,129.05511
1427,939,35.181614,129.0607
1428,939,35.18144,129.0663
1429,939,35.181263,129.07188
1430,939,35.181087,129.07747
1431,939,35.180912,129.08307
1432,939,35.180733,129.08865
1433,939,35.180557,129.09424
1434,939,35.180378,129.09984
1435,939,35.180202,129.10542
1436,939,35.180023,129.11101
1437,939,35.179844,129.11661
1438,939,35.179665,129.1222
1439,939,35.179485,129.12778
1440,939,35.179306,129.13338
1441,939,35.179127,129.13896
1442,939,35.178947,129.14455
1443,939,35.178764,129.15015
1444,939,35.178585,129.15573
1445,939,35.178406,129.16132
1446,939,35.178223,129.1669
1447,939,35.17804,129.1725
1448,939,35.17786,129.17809
1449,939,35.177677,129.18367
1450,939,35.177494,129.18927
1451,939,35.17731,129.19485
1452,939,35.177128,129.20044
1453,939,35.176945,129.20604
1454,939,35.176758,129.21162
1455,939,35.176575,129.21721
1456,939,35.17639,129.2228
1457,939,35.176205,129.2284
1458,939,35.17602,129.23398
1459,939,35.175835,129.23956
1460,939,35.175648,129.24516
1461,939,35.17546,129.25075
1462,939,35.175274,129.25633
1463,939,35.175087,129.26192
1464,939,35.1749,129.26752
1465,939,35.174713,129.2731
1466,939,35.174526,129.27869
1467,939,35.17434,129.28427
1468,939,35.17415,129.28987
1469,939,35.17396,129.29546
1470,939,35.17377,129.30104
1375,940,35.1949,128.77017
1376,940,35.19474,128.77577
1377,940,35.194584,128.78136
1378,940,35.194424,128.78696
1379,940,35.194263,128.79254
1380,940,35.194103,128.79814
1381,940,35.193943,128.80373
1382,940,35.19378,128.80933
1383,940,35.19362,128.81491
1384,940,35.19346,128.82051
1385,940,35.193295,128.8261
1386,940,35.193134,128.83168
1387,940,35.19297,128.83728
1388,940,35.192806,128.84286
1389,940,35.192646,128.84846
1390,940,35.192482,128.85405
1391,940,35.192318,128.85965
1392,940,35.192154,128.86523
1393,940,35.19199,128.87083
1394,940,35.191826,128.87642
1395,940,35.191658,128.882
1396,940,35.191494,128.8876
1397,940,35.191326,128.89319
1398,940,35.191162,128.89879
1399,940,35.190994,128.90437
1400,940,35.19083,128.90997
1401,940,35.190662,128.91556
1402,940,35.190495,128.92114
1403,940,35.190327,128.92674
1404,940,35.19016,128.93233
1405,940,35.18999,128.93793
1406,940,35.18982,128.94351
1407,940,35.18965,128.9491
1408,940,35.189484,128.9547
1409,940,35.189312,128.96028
1410,940,35.189144,128.96588
1411,940,35.188972,128.97147
1412,940,35.1888,128.97705
1413,940,35.188633,128.98265
1414,940,35.18846,128.98824
1415,940,35.18829,128.99384
1416,940,35.188118,128.99942
1417,940,35.187946,129.005
1418,940,35.18777,129.0106
1419,940,35.1876,129.01619
1420,940,35.187428,129.02179
1421,940,35.187252,129.02737
1422,940,35.18708,129.03296
1423,940,35.186905,129.03856
1424,940,35.18673,129.04414
1425,940,35.186554,129.04974
1426,940,35.186382,129.05533
1427,940,35.186207,129.06091
1428,940,35.186028,129.06651
1429,940,35.185852,129.0721
1430,940,35.185677,129.07768
1431,940,35.1855,129.08328
1432,940,35.18532,129.08887
1433,940,35.185146,129.09445
1434,940,35.184967,129.10005
1435,940,35.18479,129.10564
1436,940,35.184612,129.11124
1437,940,35.184433,129.11682
1438,940,35.184254,129.1224
1439,940,35.184074,129.128
1440,940,35.183895,129.13359
1441,940,35.183716,129.13918
1442,940,35.183537,129.14478
1443,940,35.183353,129.15036
1444,940,35.183174,129.15594
1445,940,35.182995,129.16154
1446,940,35.18281,129.16713
1447,940,35.18263,129.17271
1448,940,35.18245,129.17831
1449,940,35.182266,129.1839
1450,940,35.182083,129.18948
1451,940,35.1819,129.19508
1452,940,35.181717,129.20067
1453,940,35.181534,129.20625
1454,940,35.181347,129.21185
1455,940,35.181164,129.21744
1456,940,35.18098,129.22302
1457,940,35.180794,129.22862
1458,940,35.18061,129.2342
1459,940,35.180424,129.23979
1460,940,35.180237,129.24538
1461,940,35.18005,129.25098
1462,940,35.179863,129.25656
1463,940,35.179676,129.26215
1464,940,35.17949,129.26775
1465,940,35.179302,129.27333
1466,940,35.179115,129.27892
1467,940,35.17893,129.28452
1468,940,35.178738,129.2901
1469,940,35.17855,129.29568
1470,940,35.17836,129.30127
1375,941,35.19949,128.77037
1376,941,35.199333,128.77597
1377,941,35.199173,128.78156
1378,941,35.199013,128.78716
1379,941,35.198853,128.79274
1380,941,35.198692,128.79834
1381,941,35.198532,128.80392
1382,941,35.19837,128.80952
1383,941,35.198208,128.81511
1384,941,35.198048,128.8207
1385,941,35.197887,128.8263
1386,941,35.197723,128.83188
1387,941,35.19756,128.83748
1388,941,35.1974,128.84306
1389,941,35.197235,128.84866
1390,941,35.19707,128.85425
1391,941,35.196907,128.85985
1392,941,35.196743,128.86543
1393,941,35.19658,128.87103
1394,941,35.196415,128.87662
1395,941,35.196247,128.88222
1396,941,35.196083,128.8878
1397,941,35.19592,128.8934
1398,941,35.19575,128.89899
1399,941,35.195583,128.90457
1400,941,35.19542,128.91017
1401,941,35.19525,128.91576
1402,941,35.195084,128.92136
1403,941,35.194916,128.92694
1404,941,35.194748,128.93254
1405,941,35.19458,128.93813
1406,941,35.194412,128.94373
1407,941,35.19424,128.94931
1408,941,35.194073,128.9549
1409,941,35.193905,128.9605
1410,941,35.193733,128.96608
1411,941,35.19356,128.97168
1412,941,35.193394,128.97726
1413,941,35.193222,128.98286
1414,941,35.19305,128.98845
1415,941,35.19288,128.99403
1416,941,35.192707,128.99963
1417,941,35.192535,129.00522
1418,941,35.19236,129.01082
1419,941,35.19219,129.0164
1420,941,35.192017,129.02199
1421,941,35.19184,129.02759
1422,941,35.19167,129.03317
1423,941,35.191494,129.03877
1424,941,35.19132,129.04436
1425,941,35.191147,129.04994
1426,941,35.19097,129.05554
1427,941,35.190796,129.06113
1428,941,35.19062,129.06673
1429,941,35.19044,129.07231
1430,941,35.190266,129.0779
1431,941,35.19009,129.0835
1432,941,35.18991,129.08908
1433,941,35.189735,129.09468
1434,941,35.189556,129.10027
1435,941,35.18938,129.10585
1436,941,35.1892,129.11145
1437,941,35.189022,129.11703
1438,941,35.188843,129.12263
1439,941,35.188663,129.12822
1440,941,35.188484,129.1338
1441,941,35.188305,129.1394
1442,941,35.188126,129.14499
1443,941,35.187946,129.15057
1444,941,35.187763,129.15617
1445,941,35.187584,129.16176
1446,941,35.1874,129.16734
1447,941,35.187218,129.17294
1448,941,35.18704,129.17853
1449,941,35.186855,129.18413
1450,941,35.186672,129.18971
1451,941,35.18649,129.1953
1452,941,35.186306,129.2009
1453,941,35.186123,129.20648
1454,941,35.185936,129.21207
1455,941,35.185753,129.21767
1456,941,35.18557,129.22325
1457,941,35.185383,129.22884
1458,941,35.1852,129.23444
1459,941,35.185013,129.24002
1460,941,35.184826,129.2456
1461,941,35.18464,129.2512
1462,941,35.184452,129.25679
1463,941,35.184265,129.26237
1464,941,35.18408,129.26797
1465,941,35.18389,129.27356
1466,941,35.183704,129.27914
1467,941,35.183514,129.28474
1468,941,35.183327,129.29033
1469,941,35.18314,129.29591
1470,941,35.18295,129.3015
1375,942,35.204082,128.77057
1376,942,35.203922,128.77615
1377,942,35.203762,128.78175
1378,942,35.2036,128.78734
1379,942,35.20344,128.79294
1380,942,35.20328,128.79852
1381,942,35.20312,128.80412
1382,942,35.20296,128.80971
1383,942,35.2028,128.8153
1384,942,35.202637,128.82089
1385,942,35.202477,128.82649
1386,942,35.202312,128.83208
1387,942,35.202152,128.83768
1388,942,35.20199,128.84326
1389,942,35.201824,128.84886
1390,942,35.20166,128.85445
1391,942,35.201496,128.86005
1392,942,35.201332,128.86563
1393,942,35.201168,128.87123
1394,942,35.201004,128.87682
1395,942,35.20084,128.88242
1396,942,35.200672,128.888
1397,942,35.20051,128.8936
1398,942,35.20034,128.89919
1399,942,35.200176,128.90479
1400,942,35.20001,128.91037
1401,942,35.19984,128.91597
1402,942,35.199673,128.92155
1403,942,35.199505,128.92715
1404,942,35.199337,128.93274
1405,942,35.19917,128.93834
1406,942,35.199,128.94392
1407,942,35.198833,128.94951
1408,942,35.19866,128.95511
1409,942,35.198494,128.9607
1410,942,35.198322,128.9663
1411,942,35.19815,128.97188
1412,942,35.197983,128.97748
1413,942,35.19781,128.98306
1414,942,35.19764,128.98866
1415,942,35.197468,128.99425
1416,942,35.197296,128.99985
1417,942,35.197124,129.00543
1418,942,35.196953,129.01102
1419,942,35.196777,129.01662
1420,942,35.196606,129.0222
1421,942,35.19643,129.0278
1422,942,35.19626,129.03339
1423,942,35.196083,129.03899
1424,942,35.195908,129.04457
1425,942,35.195736,129.05016
1426,942,35.19556,129.05576
1427,942,35.195385,129.06134
1428,942,35.19521,129.06694
1429,942,35.195034,129.07253
1430,942,35.194855,129.07812
1431,942,35.19468,129.08371
1432,942,35.194504,129.0893
1433,942,35.194324,129.0949
1434,942,35.19415,129.10048
1435,942,35.19397,129.10608
1436,942,35.19379,129.11166
1437,942,35.19361,129.11725
1438,942,35.19343,129.12285
1439,942,35.193253,129.12843
1440,942,35.193073,129.13403
1441,942,35.192894,129.13962
1442,942,35.192715,129.1452
1443,942,35.192535,129.1508
1444,942,35.192352,129.15639
1445,942,35.192173,129.16199
1446,942,35.19199,129.16757
1447,942,35.191807,129.17316
1448,942,35.191628,129.17876
1449,942,35.191444,129.18434
1450,942,35.19126,129.18993
1451,942,35.19108,129.19553
1452,942,35.190895,129.20111
1453,942,35.190712,129.20671
1454,942,35.190525,129.2123
1455,942,35.190342,129.21788
1456,942,35.19016,129.22348
1457,942,35.189972,129.22906
1458,942,35.18979,129.23465
1459,942,35.1896,129.24025
1460,942,35.189415,129.24583
1461,942,35.189228,129.25143
1462,942,35.18904,129.25702
1463,942,35.188854,129.2626
1464,942,35.188667,129.2682
1465,942,35.18848,129.27379
1466,942,35.188293,129.27937
1467,942,35.188103,129.28497
1468,942,35.187916,129.29056
1469,942,35.187725,129.29614
1470,942,35.18754,129.30174
1374,943,35.20883,128.76517
1375,943,35.20867,128.77075
1376,943,35.20851,128.77635
1377,943,35.208355,128.78195
1378,943,35.208195,128.78754
1379,943,35.208035,128.79314
1380,943,35.207874,128.79872
1381,943,35.207714,128.80432
1382,943,35.20755,128.8099
1383,943,35.20739,128.8155
1384,943,35.20723,128.82109
1385,943,35.207066,128.82669
1386,943,35.206905,128.83228
1387,943,35.20674,128.83788
1388,943,35.206577,128.84346
1389,943,35.206417,128.84906
1390,943,35.206253,128.85464
1391,943,35.20609,128.86024
1392,943,35.205925,128.86583
1393,943,35.205757,128.87143
1394,943,35.205593,128.87703
1395,943,35.20543,128.88261
1396,943,35.205265,128.88821
1397,943,35.205097,128.8938
1398,943,35.204933,128.8994
1399,943,35.204765,128.90498
1400,943,35.204597,128.91058
1401,943,35.20443,128.91617
1402,943,35.20426,128.92177
1403,943,35.204098,128.92735
1404,943,35.203926,128.93295
1405,943,35.20376,128.93854
1406,943,35.20359,128.94414
1407,943,35.203423,128.94972
1408,943,35.20325,128.9553
1409,943,35.203083,128.9609
1410,943,35.20291,128.96649
1411,943,35.202744,128.97209
1412,943,35.20257,128.97768
1413,943,35.2024,128.98328
1414,943,35.20223,128.98886
1415,943,35.202057,128.99446
1416,943,35.201885,129.00005
1417,943,35.201714,129.00565
1418,943,35.20154,129.01123
1419,943,35.20137,129.01683
1420,943,35.201195,129.02242
1421,943,35.201023,129.02802
1422,943,35.200848,129.0336
1423,943,35.200672,129.0392
1424,943,35.2005,129.04478
1425,943,35.200325,129.05037
1426,943,35.20015,129.05597
1427,943,35.199974,129.06155
1428,943,35.1998,129.06715
1429,943,35.199623,129.07274
1430,943,35.199444,129.07834
1431,943,35.19927,129.08392
1432,943,35.199093,129.08952
1433,943,35.198914,129.09511
1434,943,35.19874,129.1007
1435,943,35.19856,129.1063
1436,943,35.19838,129.11188
1437,943,35.1982,129.11748
1438,943,35.19802,129.12306
1439,943,35.19784,129.12866
1440,943,35.197662,129.13425
1441,943,35.197483,129.13983
1442,943,35.197304,129.14543
1443,943,35.197124,129.15102
1444,943,35.19694,129.15662
1445,943,35.196762,129.1622
1446,943,35.19658,129.16779
1447,943,35.196396,129.17339
1448,943,35.196217,129.17897
1449,943,35.196033,129.18457
1450,943,35.19585,129.19016
1451,943,35.195667,129.19574
1452,943,35.195484,129.20134
1453,943,35.1953,129.20692
1454,943,35.195114,129.21252
1455,943,35.19493,129.21811
1456,943,35.194748,129.2237
1457,943,35.19456,129.2293
1458,943,35.194378,129.23488
1459,943,35.19419,129.24048
1460,943,35.194004,129.24606
1461,943,35.193817,129.25165
1462,943,35.19363,129.25725
1463,943,35.193443,129.26283
1464,943,35.193256,129.26843
1465,943,35.19307,129.27402
1466,943,35.192883,129.2796
1467,943,35.19269,129.2852
1468,943,35.192505,129.29079
1469,943,35.192314,129.29637
1470,943,35.192127,129.30197
1374,944,35.21342,128.76537
1375,944,35.21326,128.77095
1376,944,35.213104,128.77655
1377,944,35.212944,128.78214
1378,944,35.212784,128.78773
1379,944,35.212624,128.79332
1380,944,35.212463,128.79892
1381,944,35.212303,128.80452
1382,944,35.212143,128.8101
1383,944,35.21198,128.8157
1384,944,35.21182,128.82129
1385,944,35.21166,128.82689
1386,944,35.211494,128.83247
1387,944,35.21133,128.83807
1388,944,35.21117,128.84366
1389,944,35.211006,128.84926
1390,944,35.210842,128.85486
1391,944,35.21068,128.86044
1392,944,35.210514,128.86604
1393,944,35.21035,128.87163
1394,944,35.210186,128.87723
1395,944,35.21002,128.88281
1396,944,35.209854,128.88841
1397,944,35.209686,128.894
1398,944,35.209522,128.8996
1399,944,35.209354,128.90518
1400,944,35.209187,128.91078
1401,944,35.209023,128.91637
1402,944,35.208855,128.92197
1403,944,35.208687,128.92755
1404,944,35.20852,128.93315
1405,944,35.20835,128.93874
1406,944,35.20818,128.94434
1407,944,35.20801,128.94994
1408,944,35.207844,128.95552
1409,944,35.207672,128.96112
1410,944,35.207504,128.9667
1411,944,35.207333,128.9723
1412,944,35.20716,128.97789
1413,944,35.20699,128.98349
1414,944,35.206818,128.98907
1415,944,35.206646,128.99467
1416,944,35.206474,129.00026
1417,944,35.206303,129.00586
1418,944,35.20613,129.01144
1419,944,35.20596,129.01704
1420,944,35.205784,129.02263
1421,944,35.205612,129.02821
1422,944,35.205437,129.03381
1423,944,35.205265,129.0394
1424,944,35.20509,129.045
1425,944,35.204914,129.05058
1426,944,35.20474,129.05618
1427,944,35.204563,129.06177
1428,944,35.204388,129.06737
1429,944,35.204212,129.07295
1430,944,35.204037,129.07855
1431,944,35.203857,129.08414
1432,944,35.203682,129.08974
1433,944,35.203503,129.09532
1434,944,35.203327,129.10092
1435,944,35.203148,129.1065
1436,944,35.20297,129.1121
1437,944,35.202793,129.11769
1438,944,35.202614,129.12328
1439,944,35.202435,129.12888
1440,944,35.202255,129.13446
1441,944,35.202072,129.14006
1442,944,35.201893,129.14565
1443,944,35.201714,129.15125
1444,944,35.20153,129.15683
1445,944,35.20135,129.16243
1446,944,35.201168,129.16801
1447,944,35.20099,129.1736
1448,944,35.200806,129.1792
1449,944,35.200623,129.18478
1450,944,35.20044,129.19038
1451,944,35.200256,129.19597
1452,944,35.200073,129.20157
1453,944,35.19989,129.20715
1454,944,35.199703,129.21274
1455,944,35.19952,129.21834
1456,944,35.199337,129.22392
1457,944,35.19915,129.22952
1458,944,35.198967,129.2351
1459,944,35.19878,129.24069
1460,944,35.198593,129.24629
1461,944,35.198406,129.25188
1462,944,35.19822,129.25748
1463,944,35.198032,129.26306
1464,944,35.197845,129.26865
1465,944,35.19766,129.27425
1466,944,35.19747,129.27983
1467,944,35.19728,129.28543
1468,944,35.197094,129.29102
1469,944,35.196903,129.2966
1470,944,35.196716,129.3022
1374,945,35.21801,128.76555
1375,945,35.217854,128.77115
1376,945,35.217693,128.77673
1377,945,35.217533,128.78233
1378,945,35.217373,128.78793
1379,945,35.217213,128.79352
1380,945,35.217052,128.79912
1381,945,35.216892,128.8047
1382,945,35.216732,128.8103
1383,945,35.21657,128.8159
1384,945,35.216408,128.82149
1385,945,35.216248,128.82709
1386,945,35.216084,128.83267
1387,945,35.215923,128.83827
1388,945,35.21576,128.84386
1389,945,35.215595,128.84946
1390,945,35.21543,128.85506
1391,945,35.215267,128.86064
1392,945,35.215103,128.86624
1393,945,35.21494,128.87183
1394,945,35.214775,128.87743
1395,945,35.21461,128.88301
1396,945,35.214443,128.88861
1397,945,35.21428,128.89421
1398,945,35.21411,128.8998
1399,945,35.213943,128.9054
1400,945,35.21378,128.91098
1401,945,35.21361,128.91658
1402,945,35.213444,128.92216
1403,945,35.213276,128.92776
1404,945,35.213108,128.93335
1405,945,35.21294,128.93895
1406,945,35.212772,128.94453
1407,945,35.2126,128.95013
1408,945,35.212433,128.95573
1409,945,35.21226,128.96132
1410,945,35.212093,128.96692
1411,945,35.21192,128.9725
1412,945,35.21175,128.9781
1413,945,35.211582,128.98369
1414,945,35.21141,128.98929
1415,945,35.21124,128.99487
1416,945,35.211067,129.00047
1417,945,35.21089,129.00606
1418,945,35.21072,129.01166
1419,945,35.21055,129.01724
1420,945,35.210373,129.02284
1421,945,35.2102,129.02843
1422,945,35.210026,129.03403
1423,945,35.209854,129.03961
1424,945,35.20968,129.04521
1425,945,35.209503,129.0508
1426,945,35.209328,129.0564
1427,945,35.209152,129.06198
1428,945,35.208977,129.06758
1429,945,35.2088,129.07317
1430,945,35.208626,129.07877
1431,945,35.208447,129.08435
1432,945,35.20827,129.08995
1433,945,35.208096,129.09554
1434,945,35.207916,129.10114
1435,945,35.207737,129.10672
1436,945,35.20756,129.11232
1437,945,35.207382,129.1179
1438,945,35.207203,129.1235
1439,945,35.207024,129.12909
1440,945,35.206844,129.13469
1441,945,35.20666,129.14027
1442,945,35.206482,129.14587
1443,945,35.206303,129.15146
1444,945,35.20612,129.15706
1445,945,35.20594,129.16264
1446,945,35.205757,129.16823
1447,945,35.205578,129.17383
1448,945,35.205395,129.17941
1449,945,35.20521,129.18501
1450,945,35.20503,129.1906
1451,945,35.204845,129.1962
1452,945,35.204662,129.20178
1453,945,35.20448,129.20738
1454,945,35.204296,129.21297
1455,945,35.20411,129.21857
1456,945,35.203926,129.22415
1457,945,35.20374,129.22974
1458,945,35.203556,129.23534
1459,945,35.20337,129.24092
1460,945,35.203182,129.24652
1461,945,35.202995,129.2521
1462,945,35.20281,129.2577
1463,945,35.20262,129.26329
1464,945,35.202435,129.26888
1465,945,35.202248,129.27448
1466,945,35.20206,129.28006
1467,945,35.20187,129.28566
1468,945,35.201683,129.29124
1469,945,35.201492,129.29684
1470,945,35.201305,129.30243
1374,946,35.222603,128.76575
1375,946,35.222443,128.77135
1376,946,35.222282,128.77693
1377,946,35.222126,128.78253
1378,946,35.221966,128.78812
1379,946,35.221806,128.79372
1380,946,35.221645,128.79932
1381,946,35.221485,128.8049
1382,946,35.22132,128.8105
1383,946,35.22116,128.81609
1384,946,35.221,128.82169
1385,946,35.220837,128.82729
1386,946,35.220676,128.83287
1387,946,35.220512,128.83847
1388,946,35.22035,128.84407
1389,946,35.220184,128.84966
1390,946,35.220024,128.85526
1391,946,35.21986,128.86084
1392,946,35.219696,128.86644
1393,946,35.21953,128.87202
1394,946,35.219364,128.87762
1395,946,35.2192,128.88322
1396,946,35.219032,128.88881
1397,946,35.21887,128.89441
1398,946,35.2187,128.9
1399,946,35.218536,128.9056
1400,946,35.21837,128.9112
1401,946,35.2182,128.91678
1402,946,35.218033,128.92238
1403,946,35.217865,128.92796
1404,946,35.217697,128.93356
1405,946,35.21753,128.93915
1406,946,35.21736,128.94475
1407,946,35.217194,128.95035
1408,946,35.217022,128.95593
1409,946,35.216854,128.96153
1410,946,35.216682,128.96712
1411,946,35.21651,128.97272
1412,946,35.216343,128.9783
1413,946,35.21617,128.9839
1414,946,35.216,128.98949
1415,946,35.215828,128.99509
1416,946,35.215656,129.00069
1417,946,35.215485,129.00627
1418,946,35.21531,129.01187
1419,946,35.215137,129.01746
1420,946,35.214966,129.02306
1421,946,35.21479,129.02864
1422,946,35.21462,129.03424
1423,946,35.214443,129.03983
1424,946,35.214268,129.04543
1425,946,35.214092,129.05101
1426,946,35.213917,129.05661
1427,946,35.21374,129.0622
1428,946,35.213566,129.0678
1429,946,35.21339,129.07338
1430,946,35.213215,129.07898
1431,946,35.21304,129.08456
1432,946,35.21286,129.09016
1433,946,35.212685,129.09576
1434,946,35.212505,129.10135
1435,946,35.212326,129.10695
1436,946,35.21215,129.11253
1437,946,35.21197,129.11813
1438,946,35.211792,129.12372
1439,946,35.211613,129.12932
1440,946,35.211433,129.1349
1441,946,35.211254,129.1405
1442,946,35.21107,129.14609
1443,946,35.21089,129.15169
1444,946,35.210712,129.15727
1445,946,35.21053,129.16287
1446,946,35.210346,129.16846
1447,946,35.210167,129.17404
1448,946,35.209984,129.17964
1449,946,35.2098,129.18523
1450,946,35.209618,129.19083
1451,946,35.209435,129.19641
1452,946,35.20925,129.20201
1453,946,35.20907,129.2076
1454,946,35.208885,129.2132
1455,946,35.2087,129.21878
1456,946,35.208515,129.22438
1457,946,35.20833,129.22997
1458,946,35.208145,129.23557
1459,946,35.20796,129.24115
1460,946,35.20777,129.24675
1461,946,35.207584,129.25233
1462,946,35.207397,129.25793
1463,946,35.20721,129.26352
1464,946,35.207024,129.2691
1465,946,35.206837,129.2747
1466,946,35.20665,129.28029
1467,946,35.20646,129.28589
1468,946,35.206272,129.29147
1469,946,35.206085,129.29707
1470,946,35.205894,129.30266
1374,947,35.227192,128.76595
1375,947,35.227036,128.77153
1376,947,35.226875,128.77713
1377,947,35.226715,128.78273
1378,947,35.226555,128.78831
1379,947,35.226395,128.79391
1380,947,35.226234,128.7995
1381,947,35.226074,128.8051
1382,947,35.225914,128.8107
1383,947,35.22575,128.81628
1384,947,35.22559,128.82188
1385,947,35.22543,128.82748
1386,947,35.225266,128.83307
1387,947,35.2251,128.83867
1388,947,35.22494,128.84427
1389,947,35.224777,128.84985
1390,947,35.224613,128.85545
1391,947,35.22445,128.86104
1392,947,35.224285,128.86664
1393,947,35.22412,128.87224
1394,947,35.223953,128.87782
1395,947,35.22379,128.88342
1396,947,35.223625,128.889
1397,947,35.223457,128.8946
1398,947,35.223293,128.9002
1399,947,35.223125,128.90579
1400,947,35.222958,128.91139
1401,947,35.222794,128.91698
1402,947,35.222626,128.92258
1403,947,35.222458,128.92818
1404,947,35.22229,128.93376
1405,947,35.22212,128.93936
1406,947,35.22195,128.94495
1407,947,35.221783,128.95055
1408,947,35.22161,128.95615
1409,947,35.221443,128.96173
1410,947,35.22127,128.96733
1411,947,35.221104,128.97292
1412,947,35.220932,128.97852
1413,947,35.22076,128.98412
1414,947,35.22059,128.9897
1415,947,35.220417,128.9953
1416,947,35.220245,129.00089
1417,947,35.220074,129.00648
1418,947,35.219902,129.01207
1419,947,35.219727,129.01767
1420,947,35.219555,129.02327
1421,947,35.21938,129.02885
1422,947,35.219208,129.03445
1423,947,35.219032,129.04004
1424,947,35.218857,129.04564
1425,947,35.218685,129.05122
1426,947,35.21851,129.05682
1427,947,35.218334,129.06241
1428,947,35.21816,129.06801
1429,947,35.21798,129.07361
1430,947,35.217804,129.0792
1431,947,35.21763,129.0848
1432,947,35.21745,129.09038
1433,947,35.217274,129.09598
1434,947,35.217094,129.10156
1435,947,35.21692,129.10716
1436,947,35.21674,129.11275
1437,947,35.21656,129.11835
1438,947,35.21638,129.12393
1439,947,35.2162,129.12953
1440,947,35.216022,129.13512
1441,947,35.215843,129.14072
1442,947,35.21566,129.1463
1443,947,35.21548,129.1519
1444,947,35.2153,129.15749
1445,947,35.21512,129.16309
1446,947,35.21494,129.16869
1447,947,35.214756,129.17427
1448,947,35.214573,129.17987
1449,947,35.21439,129.18546
1450,947,35.214207,129.19106
1451,947,35.214024,129.19664
1452,947,35.21384,129.20224
1453,947,35.213657,129.20782
1454,947,35.213474,129.21342
1455,947,35.213287,129.21901
1456,947,35.213104,129.22461
1457,947,35.212917,129.2302
1458,947,35.212734,129.2358
1459,947,35.212547,129.24138
1460,947,35.21236,129.24696
1461,947,35.212173,129.25256
1462,947,35.21199,129.25815
1463,947,35.2118,129.26375
1464,947,35.211613,129.26933
1465,947,35.211426,129.27493
1466,947,35.21124,129.28052
1467,947,35.211052,129.28612
1468,947,35.21086,129.2917
1469,947,35.210674,129.2973
1470,947,35.210484,129.30289
1374,948,35.231785,128.76613
1375,948,35.231625,128.77173
1376,948,35.231464,128.77733
1377,948,35.231304,128.78291
1378,948,35.231148,128.78851
1379,948,35.230988,128.79411
1380,948,35.230824,128.7997
1381,948,35.230663,128.8053
1382,948,35.230503,128.8109
1383,948,35.230343,128.81648
1384,948,35.23018,128.82208
1385,948,35.23002,128.82768
1386,948,35.229855,128.83327
1387,948,35.229694,128.83887
1388,948,35.22953,128.84447
1389,948,35.229366,128.85005
1390,948,35.229202,128.85565
1391,948,35.22904,128.86125
1392,948,35.228874,128.86684
1393,948,35.22871,128.87244
1394,948,35.228546,128.87802
1395,948,35.228382,128.88362
1396,948,35.228214,128.88922
1397,948,35.22805,128.8948
1398,948,35.227882,128.9004
1399,948,35.227715,128.906
1400,948,35.22755,128.91159
1401,948,35.227383,128.91719
1402,948,35.227215,128.92278
1403,948,35.227047,128.92838
1404,948,35.22688,128.93398
1405,948,35.22671,128.93956
1406,948,35.22654,128.94516
1407,948,35.22637,128.95076
1408,948,35.226204,128.95634
1409,948,35.226032,128.96194
1410,948,35.225864,128.96753
1411,948,35.225693,128.97313
1412,948,35.22552,128.97873
1413,948,35.22535,128.98431
1414,948,35.225178,128.98991
1415,948,35.225006,128.9955
1416,948,35.224834,129.0011
1417,948,35.224663,129.0067
1418,948,35.22449,129.01228
1419,948,35.22432,129.01788
1420,948,35.224144,129.02347
1421,948,35.223972,129.02907
1422,948,35.223797,129.03467
1423,948,35.22362,129.04025
1424,948,35.22345,129.04585
1425,948,35.223274,129.05144
1426,948,35.2231,129.05704
1427,948,35.222923,129.06262
1428,948,35.222748,129.06822
1429,948,35.222572,129.07382
1430,948,35.222393,129.0794
1431,948,35.222218,129.085
1432,948,35.222042,129.09059
1433,948,35.221863,129.09619
1434,948,35.221684,129.10178
1435,948,35.221508,129.10738
1436,948,35.22133,129.11298
1437,948,35.22115,129.11856
1438,948,35.22097,129.12416
1439,948,35.22079,129.12975
1440,948,35.22061,129.13535
1441,948,35.220432,129.14093
1442,948,35.220253,129.14653
1443,948,35.22007,129.15211
1444,948,35.21989,129.15771
1445,948,35.219707,129.1633
1446,948,35.21953,129.1689
1447,948,35.219345,129.1745
1448,948,35.219162,129.18008
1449,948,35.21898,129.18568
1450,948,35.218796,129.19127
1451,948,35.218613,129.19687
1452,948,35.21843,129.20245
1453,948,35.218246,129.20805
1454,948,35.218063,129.21364
1455,948,35.21788,129.21924
1456,948,35.217693,129.22482
1457,948,35.21751,129.23042
1458,948,35.217323,129.23601
1459,948,35.217136,129.24161
1460,948,35.21695,129.2472
1461,948,35.216766,129.25279
1462,948,35.21658,129.25838
1463,948,35.216393,129.26398
1464,948,35.2162,129.26956
1465,948,35.216015,129.27516
1466,948,35.215828,129.28075
1467,948,35.21564,129.28635
1468,948,35.21545,129.29193
1469,948,35.215263,129.29753
1470,948,35.215073,129.30312
1374,949,35.236374,128.76633
1375,949,35.236214,128.77193
1376,949,35.236057,128.77751
1377,949,35.235897,128.78311
1378,949,35.235737,128.78871
1379,949,35.235577,128.7943
1380,949,35.235416,128.7999
1381,949,35.235256,128.8055
1382,949,35.235096,128.8111
1383,949,35.234932,128.81668
1384,949,35.23477,128.82228
1385,949,35.234608,128.82788
1386,949,35.234447,128.83347
1387,949,35.234283,128.83907
1388,949,35.23412,128.84467
1389,949,35.23396,128.85025
1390,949,35.233795,128.85585
1391,949,35.23363,128.86145
1392,949,35.233467,128.86703
1393,949,35.2333,128.87263
1394,949,35.233135,128.87823
1395,949,35.23297,128.88382
1396,949,35.232803,128.88942
1397,949,35.23264,128.89502
1398,949,35.23247,128.9006
1399,949,35.232307,128.9062
1400,949,35.23214,128.9118
1401,949,35.23197,128.91739
1402,949,35.231804,128.92299
1403,949,35.231636,128.92859
1404,949,35.23147,128.93417
1405,949,35.2313,128.93977
1406,949,35.231133,128.94536
1407,949,35.23096,128.95096
1408,949,35.230793,128.95656
1409,949,35.230625,128.96214
1410,949,35.230453,128.96774
1411,949,35.23028,128.97334
1412,949,35.230114,128.97893
1413,949,35.229942,128.98453
1414,949,35.22977,128.99013
1415,949,35.2296,128.99571
1416,949,35.229427,129.00131
1417,949,35.22925,129.0069
1418,949,35.22908,129.0125
1419,949,35.22891,129.0181
1420,949,35.228733,129.02368
1421,949,35.22856,129.02928
1422,949,35.228386,129.03487
1423,949,35.228214,129.04047
1424,949,35.22804,129.04607
1425,949,35.227863,129.05165
1426,949,35.227688,129.05725
1427,949,35.227512,129.06284
1428,949,35.227337,129.06844
1429,949,35.22716,129.07404
1430,949,35.226986,129.07962
1431,949,35.226807,129.08522
1432,949,35.22663,129.0908
1433,949,35.22645,129.0964
1434,949,35.226276,129.102
1435,949,35.226097,129.10759
1436,949,35.225918,129.11319
1437,949,35.22574,129.11877
1438,949,35.22556,129.12437
1439,949,35.22538,129.12997
1440,949,35.2252,129.13556
1441,949,35.22502,129.14116
1442,949,35.224842,129.14674
1443,949,35.22466,129.15234
1444,949,35.22448,129.15793
1445,949,35.2243,129.16353
1446,949,35.224117,129.16913
1447,949,35.223934,129.17471
1448,949,35.22375,129.18031
1449,949,35.22357,129.1859
1450,949,35.22339,129.1915
1451,949,35.223206,129.19708
1452,949,35.22302,129.20268
1453,949,35.222836,129.20827
1454,949,35.222652,129.21387
1455,949,35.22247,129.21947
1456,949,35.222282,129.22505
1457,949,35.2221,129.23065
1458,949,35.221912,129.23624
1459,949,35.221725,129.24184
1460,949,35.221542,129.24742
1461,949,35.221355,129.25302
1462,949,35.22117,129.2586
1463,949,35.22098,129.2642
1464,949,35.220795,129.26979
1465,949,35.220604,129.27539
1466,949,35.220417,129.28098
1467,949,35.22023,129.28658
1468,949,35.22004,129.29216
1469,949,35.219852,129.29776
1470,949,35.21966,129.30334
1374,950,35.240963,128.76653
1375,950,35.240807,128.77211
1376,950,35.240646,128.77771
1377,950,35.240486,128.78331
1378,950,35.240326,128.78891
1379,950,35.240166,128.7945
1380,950,35.240005,128.8001
1381,950,35.239845,128.8057
1382,950,35.239685,128.81128
1383,950,35.239525,128.81688
1384,950,35.23936,128.82248
1385,950,35.2392,128.82808
1386,950,35.239037,128.83366
1387,950,35.238873,128.83926
1388,950,35.238712,128.84486
1389,950,35.23855,128.85045
1390,950,35.238384,128.85605
1391,950,35.23822,128.86165
1392,950,35.238056,128.86723
1393,950,35.237892,128.87283
1394,950,35.23773,128.87843
1395,950,35.23756,128.88402
1396,950,35.237396,128.88962
1397,950,35.23723,128.89522
1398,950,35.237064,128.90082
1399,950,35.236897,128.9064
1400,950,35.23673,128.912
1401,950,35.236565,128.9176
1402,950,35.236397,128.92319
1403,950,35.23623,128.92879
1404,950,35.23606,128.93439
1405,950,35.23589,128.93997
1406,950,35.23572,128.94557
1407,950,35.235554,128.95117
1408,950,35.235382,128.95676
1409,950,35.235214,128.96236
1410,950,35.235043,128.96796
1411,950,35.234875,128.97354
1412,950,35.234703,128.97914
1413,950,35.23453,128.98474
1414,950,35.23436,128.99033
1415,950,35.234188,128.99593
1416,950,35.234016,129.00153
1417,950,35.233845,129.00711
1418,950,35.233673,129.01271
1419,950,35.233498,129.0183
1420,950,35.233326,129.0239
1421,950,35.23315,129.0295
1422,950,35.23298,129.03508
1423,950,35.232803,129.04068
1424,950,35.232628,129.04628
1425,950,35.232452,129.05186
1426,950,35.232277,129.05746
1427,950,35.2321,129.06306
1428,950,35.231926,129.06865
1429,950,35.23175,129.07425
1430,950,35.231575,129.07983
1431,950,35.231396,129.08543
1432,950,35.23122,129.09103
1433,950,35.231045,129.09662
1434,950,35.230865,129.10222
1435,950,35.230686,129.1078
1436,950,35.230507,129.1134
1437,950,35.23033,129.119
1438,950,35.230152,129.12459
1439,950,35.229973,129.13019
1440,950,35.229794,129.13577
1441,950,35.22961,129.14137
1442,950,35.22943,129.14697
1443,950,35.22925,129.15256
1444,950,35.22907,129.15816
1445,950,35.22889,129.16374
1446,950,35.228706,129.16934
1447,950,35.228523,129.17494
1448,950,35.228344,129.18053
1449,950,35.22816,129.18613
1450,950,35.227978,129.19171
1451,950,35.227795,129.19731
1452,950,35.22761,129.20291
1453,950,35.227425,129.2085
1454,950,35.22724,129.2141
1455,950,35.22706,129.21968
1456,950,35.22687,129.22528
1457,950,35.22669,129.23087
1458,950,35.2265,129.23647
1459,950,35.226315,129.24207
1460,950,35.22613,129.24765
1461,950,35.225945,129.25325
1462,950,35.225758,129.25883
1463,950,35.22557,129.26443
1464,950,35.225384,129.27002
1465,950,35.225193,129.27562
1466,950,35.225006,129.2812
1467,950,35.22482,129.2868
1468,950,35.22463,129.2924
1469,950,35.22444,129.29799
1470,950,35.22425,129.30359
1374,951,35.245556,128.76671
1375,951,35.245396,128.77231
1376,951,35.24524,128.77791
1377,951,35.24508,128.78351
1378,951,35.24492,128.7891
1379,951,35.24476,128.7947
1380,951,35.2446,128.8003
1381,951,35.24444,128.8059
1382,951,35.244274,128.81148
1383,951,35.244114,128.81708
1384,951,35.243954,128.82268
1385,951,35.24379,128.82826
1386,951,35.24363,128.83386
1387,951,35.243465,128.83946
1388,951,35.2433,128.84506
1389,951,35.243137,128.85065
1390,951,35.242973,128.85625
1391,951,35.24281,128.86185
1392,951,35.242645,128.86745
1393,951,35.24248,128.87303
1394,951,35.242317,128.87863
1395,951,35.242153,128.88423
1396,951,35.241985,128.88982
1397,951,35.24182,128.89542
1398,951,35.241653,128.90102
1399,951,35.241486,128.90662
1400,951,35.24132,128.9122
1401,951,35.241154,128.9178
1402,951,35.240986,128.9234
1403,951,35.240818,128.92899
1404,951,35.24065,128.93459
1405,951,35.240482,128.94019
1406,951,35.24031,128.94577
1407,951,35.240143,128.95137
1408,951,35.239975,128.95697
1409,951,35.239803,128.96257
1410,951,35.239635,128.96815
1411,951,35.239464,128.97375
1412,951,35.239292,128.97935
1413,951,35.23912,128.98494
1414,951,35.23895,128.99054
1415,951,35.238777,128.99614
1416,951,35.238605,129.00172
1417,951,35.238434,129.00732
1418,951,35.238262,129.01292
1419,951,35.238087,129.01851
1420,951,35.237915,129.02411
1421,951,35.237743,129.02971
1422,951,35.237568,129.0353
1423,951,35.237392,129.0409
1424,951,35.237217,129.0465
1425,951,35.237045,129.05208
1426,951,35.23687,129.05768
1427,951,35.236694,129.06328
1428,951,35.23652,129.06886
1429,951,35.23634,129.07446
1430,951,35.236164,129.08006
1431,951,35.23599,129.08565
1432,951,35.23581,129.09125
1433,951,35.235634,129.09683
1434,951,35.235455,129.10243
1435,951,35.235275,129.10803
1436,951,35.2351,129.11362
1437,951,35.23492,129.11922
1438,951,35.23474,129.12482
1439,951,35.234562,129.1304
1440,951,35.234383,129.136
1441,951,35.234203,129.14159
1442,951,35.23402,129.14719
1443,951,35.23384,129.15279
1444,951,35.233658,129.15837
1445,951,35.23348,129.16397
1446,951,35.233295,129.16957
1447,951,35.233116,129.17516
1448,951,35.232933,129.18076
1449,951,35.23275,129.18634
1450,951,35.232567,129.19194
1451,951,35.232384,129.19754
1452,951,35.2322,129.20312
1453,951,35.232018,129.20872
1454,951,35.23183,129.21431
1455,951,35.231647,129.21991
1456,951,35.23146,129.22551
1457,951,35.231277,129.2311
1458,951,35.23109,129.2367
1459,951,35.230907,129.24228
1460,951,35.23072,129.24788
1461,951,35.230534,129.25348
1462,951,35.230347,129.25906
1463,951,35.23016,129.26466
1464,951,35.229973,129.27025
1465,951,35.229786,129.27585
1466,951,35.229595,129.28143
1467,951,35.22941,129.28703
1468,951,35.229218,129.29263
1469,951,35.22903,129.29822
1374,952,35.250145,128.7669
1375,952,35.24999,128.7725
1376,952,35.24983,128.7781
1377,952,35.24967,128.78369
1378,952,35.249508,128.78929
1379,952,35.249348,128.79489
1380,952,35.249187,128.80049
1381,952,35.249027,128.80608
1382,952,35.248867,128.81168
1383,952,35.248703,128.81728
1384,952,35.248543,128.82288
1385,952,35.248383,128.82846
1386,952,35.24822,128.83406
1387,952,35.248055,128.83966
1388,952,35.247894,128.84526
1389,952,35.24773,128.85085
1390,952,35.247566,128.85645
1391,952,35.247402,128.86205
1392,952,35.24724,128.86765
1393,952,35.247074,128.87323
1394,952,35.246906,128.87883
1395,952,35.246742,128.88443
1396,952,35.24658,128.89003
1397,952,35.24641,128.89561
1398,952,35.246246,128.90121
1399,952,35.24608,128.90681
1400,952,35.24591,128.91241
1401,952,35.245743,128.918
1402,952,35.245575,128.9236
1403,952,35.245407,128.9292
1404,952,35.24524,128.93478
1405,952,35.24507,128.94038
1406,952,35.244904,128.94598
1407,952,35.24473,128.95158
1408,952,35.244564,128.95717
1409,952,35.244396,128.96277
1410,952,35.244225,128.96837
1411,952,35.244053,128.97397
1412,952,35.24388,128.97955
1413,952,35.243713,128.98515
1414,952,35.24354,128.99075
1415,952,35.24337,128.99634
1416,952,35.2432,129.00194
1417,952,35.243023,129.00754
1418,952,35.24285,129.01312
1419,952,35.24268,129.01872
1420,952,35.242504,129.02432
1421,952,35.242332,129.0299
1422,952,35.242157,129.0355
1423,952,35.241985,129.0411
1424,952,35.24181,129.0467
1425,952,35.241634,129.05229
1426,952,35.24146,129.05789
1427,952,35.241283,129.06349
1428,952,35.241108,129.06908
1429,952,35.240932,129.07468
1430,952,35.240753,129.08028
1431,952,35.240578,129.08586
1432,952,35.240402,129.09146
1433,952,35.240223,129.09706
1434,952,35.240044,129.10265
1435,952,35.23987,129.10825
1436,952,35.23969,129.11385
1437,952,35.23951,129.11943
1438,952,35.23933,129.12503
1439,952,35.23915,129.13063
1440,952,35.23897,129.13622
1441,952,35.238792,129.14182
1442,952,35.23861,129.14742
1443,952,35.23843,129.153
1444,952,35.23825,129.1586
1445,952,35.238068,129.16418
1446,952,35.237885,129.16978
1447,952,35.237705,129.17538
1448,952,35.237522,129.18097
1449,952,35.23734,129.18657
1450,952,35.237156,129.19217
1451,952,35.236973,129.19775
1452,952,35.23679,129.20335
1453,952,35.236607,129.20895
1454,952,35.23642,129.21454
1455,952,35.236237,129.22014
1456,952,35.236053,129.22572
1457,952,35.235867,129.23132
1458,952,35.23568,129.23692
1459,952,35.235497,129.24251
1460,952,35.23531,129.24811
1461,952,35.235123,129.2537
1462,952,35.234936,129.2593
1463,952,35.23475,129.2649
1464,952,35.234562,129.27048
1465,952,35.234375,129.27608
1466,952,35.234184,129.28166
1467,952,35.233997,129.28726
1468,952,35.23381,129.29286
1469,952,35.23362,129.29845
1374,953,35.254738,128.7671
1375,953,35.254578,128.77269
1376,953,35.254417,128.77829
1377,953,35.25426,128.78389
1378,953,35.2541,128.78949
1379,953,35.25394,128.79509
1380,953,35.25378,128.80067
1381,953,35.25362,128.80627
1382,953,35.253456,128.81187
1383,953,35.253296,128.81747
1384,953,35.253136,128.82307
1385,953,35.25297,128.82866
1386,953,35.252808,128.83426
1387,953,35.252647,128.83986
1388,953,35.252483,128.84546
1389,953,35.25232,128.85106
1390,953,35.252155,128.85664
1391,953,35.25199,128.86224
1392,953,35.251827,128.86784
1393,953,35.251663,128.87344
1394,953,35.2515,128.87903
1395,953,35.25133,128.88463
1396,953,35.251167,128.89023
1397,953,35.251003,128.89583
1398,953,35.250835,128.90141
1399,953,35.250668,128.90701
1400,953,35.2505,128.91261
1401,953,35.250336,128.91821
1402,953,35.250168,128.9238
1403,953,35.25,128.9294
1404,953,35.249832,128.935
1405,953,35.24966,128.9406
1406,953,35.249493,128.94618
1407,953,35.249325,128.95178
1408,953,35.249153,128.95738
1409,953,35.248985,128.96298
1410,953,35.248814,128.96857
1411,953,35.248646,128.97417
1412,953,35.248474,128.97977
1413,953,35.248302,128.98537
1414,953,35.24813,128.99095
1415,953,35.24796,128.99655
1416,953,35.247787,129.00215
1417,953,35.247616,129.00775
1418,953,35.24744,129.01334
1419,953,35.24727,129.01894
1420,953,35.247097,129.02454
1421,953,35.24692,129.03012
1422,953,35.24675,129.03572
1423,953,35.246574,129.04132
1424,953,35.2464,129.04692
1425,953,35.246223,129.0525
1426,953,35.246048,129.0581
1427,953,35.245872,129.0637
1428,953,35.245697,129.06929
1429,953,35.24552,129.07489
1430,953,35.245346,129.08049
1431,953,35.245167,129.08607
1432,953,35.24499,129.09167
1433,953,35.244812,129.09727
1434,953,35.244637,129.10287
1435,953,35.244457,129.10846
1436,953,35.244278,129.11406
1437,953,35.2441,129.11966
1438,953,35.24392,129.12524
1439,953,35.24374,129.13084
1440,953,35.24356,129.13644
1441,953,35.24338,129.14203
1442,953,35.243202,129.14763
1443,953,35.24302,129.15323
1444,953,35.24284,129.15881
1445,953,35.242657,129.16441
1446,953,35.242477,129.17001
1447,953,35.242294,129.1756
1448,953,35.24211,129.1812
1449,953,35.24193,129.1868
1450,953,35.241745,129.19238
1451,953,35.24156,129.19798
1452,953,35.24138,129.20358
1453,953,35.241196,129.20917
1454,953,35.241013,129.21477
1455,953,35.240826,129.22037
1456,953,35.240643,129.22595
1457,953,35.240456,129.23155
1458,953,35.240273,129.23714
1459,953,35.240086,129.24274
1460,953,35.2399,129.24834
1461,953,35.23971,129.25392
1462,953,35.239525,129.25952
1463,953,35.239338,129.26512
1464,953,35.23915,129.2707
1465,953,35.238964,129.2763
1466,953,35.238777,129.2819
1467,953,35.238586,129.28749
1468,953,35.2384,129.29309
1469,953,35.23821,129.29868
1374,954,35.259327,128.76729
1375,954,35.25917,128.77289
1376,954,35.25901,128.77849
1377,954,35.25885,128.78409
1378,954,35.25869,128.78969
1379,954,35.25853,128.79527
1380,954,35.25837,128.80087
1381,954,35.25821,128.80647
1382,954,35.25805,128.81207
1383,954,35.257885,128.81767
1384,954,35.257725,128.82327
1385,954,35.257565,128.82886
1386,954,35.2574,128.83446
1387,954,35.257236,128.84006
1388,954,35.257072,128.84566
1389,954,35.256912,128.85126
1390,954,35.25675,128.85684
1391,954,35.256584,128.86244
1392,954,35.25642,128.86804
1393,954,35.256252,128.87364
1394,954,35.25609,128.87924
1395,954,35.255924,128.88483
1396,954,35.255756,128.89043
1397,954,35.255592,128.89603
1398,954,35.255424,128.90163
1399,954,35.25526,128.90723
1400,954,35.255093,128.91281
1401,954,35.254925,128.91841
1402,954,35.254757,128.92401
1403,954,35.25459,128.92961
1404,954,35.25442,128.9352
1405,954,35.254253,128.9408
1406,954,35.254086,128.9464
1407,954,35.253914,128.952
1408,954,35.253746,128.95758
1409,954,35.253574,128.96318
1410,954,35.253407,128.96878
1411,954,35.253235,128.97438
1412,954,35.253063,128.97998
1413,954,35.25289,128.98557
1414,954,35.25272,128.99117
1415,954,35.25255,128.99677
1416,954,35.252377,129.00237
1417,954,35.252205,129.00795
1418,954,35.252033,129.01355
1419,954,35.251858,129.01915
1420,954,35.251686,129.02475
1421,954,35.25151,129.03033
1422,954,35.25134,129.03593
1423,954,35.251163,129.04153
1424,954,35.250988,129.04712
1425,954,35.250816,129.05272
1426,954,35.25064,129.05832
1427,954,35.250465,129.06392
1428,954,35.250286,129.0695
1429,954,35.25011,129.0751
1430,954,35.249935,129.0807
1431,954,35.24976,129.0863
1432,954,35.24958,129.09189
1433,954,35.249405,129.09749
1434,954,35.249226,129.10309
1435,954,35.249046,129.10867
1436,954,35.248867,129.11427
1437,954,35.24869,129.11987
1438,954,35.248512,129.12547
1439,954,35.248333,129.13106
1440,954,35.24815,129.13666
1441,954,35.24797,129.14226
1442,954,35.24779,129.14784
1443,954,35.247612,129.15344
1444,954,35.24743,129.15904
1445,954,35.24725,129.16463
1446,954,35.247066,129.17023
1447,954,35.246883,129.17583
1448,954,35.2467,129.18143
1449,954,35.24652,129.18701
1450,954,35.246338,129.19261
1451,954,35.246155,129.19821
1452,954,35.245968,129.2038
1453,954,35.245785,129.2094
1454,954,35.2456,129.215
1455,954,35.245415,129.22058
1456,954,35.24523,129.22618
1457,954,35.245045,129.23178
1458,954,35.24486,129.23737
1459,954,35.244675,129.24297
1460,954,35.244488,129.24857
1461,954,35.2443,129.25415
1462,954,35.244114,129.25975
1463,954,35.243927,129.26535
1464,954,35.24374,129.27094
1465,954,35.243553,129.27654
1466,954,35.243366,129.28214
1467,954,35.243176,129.28772
1468,954,35.24299,129.29332
1469,954,35.242798,129.29892
1374,955,35.26392,128.76749
1375,955,35.26376,128.77309
1376,955,35.2636,128.77869
1377,955,35.263443,128.78429
1378,955,35.263283,128.78987
1379,955,35.263123,128.79547
1380,955,35.262962,128.80107
1381,955,35.2628,128.80667
1382,955,35.262638,128.81227
1383,955,35.262478,128.81787
1384,955,35.262314,128.82347
1385,955,35.262154,128.82906
1386,955,35.26199,128.83466
1387,955,35.26183,128.84026
1388,955,35.261665,128.84586
1389,955,35.2615,128.85146
1390,955,35.261337,128.85704
1391,955,35.261173,128.86264
1392,955,35.26101,128.86824
1393,955,35.260845,128.87384
1394,955,35.26068,128.87944
1395,955,35.260513,128.88504
1396,955,35.26035,128.89062
1397,955,35.26018,128.89622
1398,955,35.260017,128.90182
1399,955,35.25985,128.90742
1400,955,35.25968,128.91302
1401,955,35.259514,128.91861
1402,955,35.25935,128.92421
1403,955,35.259182,128.92981
1404,955,35.25901,128.93541
1405,955,35.258842,128.94101
1406,955,35.258675,128.9466
1407,955,35.258507,128.9522
1408,955,35.258335,128.9578
1409,955,35.258167,128.9634
1410,955,35.257996,128.969
1411,955,35.257824,128.97458
1412,955,35.257656,128.98018
1413,955,35.257484,128.98578
1414,955,35.257313,128.99138
1415,955,35.25714,128.99698
1416,955,35.25697,129.00256
1417,955,35.256794,129.00816
1418,955,35.256622,129.01376
1419,955,35.25645,129.01936
1420,955,35.256275,129.02495
1421,955,35.256104,129.03055
1422,955,35.255928,129.03615
1423,955,35.255756,129.04175
1424,955,35.25558,129.04733
1425,955,35.255405,129.05293
1426,955,35.25523,129.05853
1427,955,35.255054,129.06413
1428,955,35.25488,129.06972
1429,955,35.254704,129.07532
1430,955,35.254524,129.08092
1431,955,35.25435,129.08652
1432,955,35.25417,129.0921
1433,955,35.253994,129.0977
1434,955,35.253815,129.1033
1435,955,35.25364,129.1089
1436,955,35.25346,129.11449
1437,955,35.25328,129.12009
1438,955,35.2531,129.12569
1439,955,35.252922,129.13129
1440,955,35.252743,129.13687
1441,955,35.252563,129.14247
1442,955,35.25238,129.14807
1443,955,35.2522,129.15367
1444,955,35.252018,129.15926
1445,955,35.25184,129.16486
1446,955,35.251656,129.17046
1447,955,35.251472,129.17604
1448,955,35.251293,129.18164
1449,955,35.25111,129.18724
1450,955,35.250927,129.19284
1451,955,35.250744,129.19843
1452,955,35.25056,129.20403
1453,955,35.250374,129.20963
1454,955,35.25019,129.21521
1455,955,35.250008,129.22081
1456,955,35.24982,129.22641
1457,955,35.249638,129.232
1458,955,35.24945,129.2376
1459,955,35.249264,129.2432
1460,955,35.24908,129.2488
1461,955,35.248894,129.25438
1462,955,35.248707,129.25998
1463,955,35.24852,129.26558
1464,955,35.24833,129.27116
1465,955,35.248142,129.27676
1466,955,35.247955,129.28236
1467,955,35.247765,129.28795
1468,955,35.247578,129.29355
1469,955,35.247387,129.29915
1374,956,35.26851,128.76768
1375,956,35.268353,128.77328
1376,956,35.268192,128.77888
1377,956,35.268032,128.78447
1378,956,35.26787,128.79007
1379,956,35.26771,128.79567
1380,956,35.26755,128.80127
1381,956,35.26739,128.80687
1382,956,35.26723,128.81247
1383,956,35.267067,128.81807
1384,956,35.266907,128.82365
1385,956,35.266743,128.82925
1386,956,35.266582,128.83485
1387,956,35.26642,128.84045
1388,956,35.266254,128.84605
1389,956,35.266094,128.85165
1390,956,35.26593,128.85725
1391,956,35.265766,128.86284
1392,956,35.265602,128.86844
1393,956,35.265434,128.87404
1394,956,35.26527,128.87964
1395,956,35.265106,128.88524
1396,956,35.26494,128.89084
1397,956,35.264774,128.89642
1398,956,35.264606,128.90202
1399,956,35.264442,128.90762
1400,956,35.264275,128.91322
1401,956,35.264107,128.91882
1402,956,35.26394,128.92442
1403,956,35.26377,128.93001
1404,956,35.263603,128.93561
1405,956,35.263435,128.94121
1406,956,35.263264,128.94681
1407,956,35.263096,128.95241
1408,956,35.262928,128.95801
1409,956,35.262756,128.9636
1410,956,35.262585,128.9692
1411,956,35.262417,128.9748
1412,956,35.262245,128.9804
1413,956,35.262074,128.986
1414,956,35.2619,128.99158
1415,956,35.26173,128.99718
1416,956,35.26156,129.00278
1417,956,35.261387,129.00838
1418,956,35.261215,129.01398
1419,956,35.26104,129.01956
1420,956,35.260868,129.02516
1421,956,35.260693,129.03076
1422,956,35.26052,129.03636
1423,956,35.260345,129.04196
1424,956,35.26017,129.04755
1425,956,35.259995,129.05315
1426,956,35.25982,129.05875
1427,956,35.259644,129.06435
1428,956,35.259468,129.06995
1429,956,35.259293,129.07553
1430,956,35.259117,129.08113
1431,956,35.258938,129.08673
1432,956,35.258762,129.09233
1433,956,35.258583,129.09792
1434,956,35.258408,129.10352
1435,956,35.25823,129.10912
1436,956,35.25805,129.11472
1437,956,35.25787,129.1203
1438,956,35.25769,129.1259
1439,956,35.25751,129.1315
1440,956,35.25733,129.1371
1441,956,35.257153,129.14268
1442,956,35.256973,129.14828
1443,956,35.25679,129.15388
1444,956,35.25661,129.15948
1445,956,35.256428,129.16507
1446,956,35.256245,129.17067
1447,956,35.256065,129.17627
1448,956,35.255882,129.18187
1449,956,35.2557,129.18745
1450,956,35.255516,129.19305
1451,956,35.255333,129.19865
1452,956,35.25515,129.20425
1453,956,35.254967,129.20984
1454,956,35.25478,129.21544
1455,956,35.254597,129.22104
1456,956,35.25441,129.22664
1457,956,35.254227,129.23222
1458,956,35.25404,129.23782
1459,956,35.253857,129.24342
1460,956,35.25367,129.24901
1461,956,35.253483,129.25461
1462,956,35.253296,129.26021
1463,956,35.25311,129.26581
1464,956,35.252922,129.2714
1465,956,35.25273,129.277
1466,956,35.252544,129.2826
1467,956,35.252357,129.28818
1468,956,35.252167,129.29378
1469,956,35.25198,129.29938
1374,957,35.2731,128.76787
1375,957,35.27294,128.77347
1376,957,35.272785,128.77907
1377,957,35.272625,128.78467
1378,957,35.272465,128.79027
1379,957,35.272305,128.79587
1380,957,35.272144,128.80147
1381,957,35.271984,128.80707
1382,957,35.27182,128.81267
1383,957,35.27166,128.81827
1384,957,35.2715,128.82385
1385,957,35.271336,128.82945
1386,957,35.27117,128.83505
1387,957,35.27101,128.84065
1388,957,35.270847,128.84625
1389,957,35.270683,128.85185
1390,957,35.27052,128.85745
1391,957,35.270355,128.86305
1392,957,35.27019,128.86864
1393,957,35.270027,128.87424
1394,957,35.269863,128.87984
1395,957,35.269695,128.88544
1396,957,35.26953,128.89104
1397,957,35.269363,128.89664
1398,957,35.2692,128.90224
1399,957,35.26903,128.90782
1400,957,35.268864,128.91342
1401,957,35.268696,128.91902
1402,957,35.268528,128.92462
1403,957,35.26836,128.93022
1404,957,35.268192,128.93582
1405,957,35.268024,128.94142
1406,957,35.267857,128.947
1407,957,35.267685,128.9526
1408,957,35.267517,128.9582
1409,957,35.267345,128.9638
1410,957,35.267178,128.9694
1411,957,35.267006,128.975
1412,957,35.266834,128.9806
1413,957,35.266666,128.98619
1414,957,35.266495,128.99179
1415,957,35.266323,128.99739
1416,957,35.266148,129.00299
1417,957,35.265976,129.00859
1418,957,35.265804,129.01418
1419,957,35.265633,129.01978
1420,957,35.265457,129.02538
1421,957,35.265285,129.03098
1422,957,35.26511,129.03658
1423,957,35.264935,129.04218
1424,957,35.26476,129.04776
1425,957,35.264587,129.05336
1426,957,35.264412,129.05896
1427,957,35.264236,129.06456
1428,957,35.264057,129.07016
1429,957,35.26388,129.07574
1430,957,35.263706,129.08134
1431,957,35.26353,129.08694
1432,957,35.26335,129.09254
1433,957,35.263176,129.09814
1434,957,35.262997,129.10373
1435,957,35.262817,129.10933
1436,957,35.262638,129.11493
1437,957,35.262463,129.12053
1438,957,35.262283,129.12613
1439,957,35.2621,129.13171
1440,957,35.26192,129.13731
1441,957,35.26174,129.14291
1442,957,35.261562,129.14851
1443,957,35.26138,129.1541
1444,957,35.2612,129.1597
1445,957,35.261017,129.1653
1446,957,35.260838,129.1709
1447,957,35.260654,129.1765
1448,957,35.26047,129.18208
1449,957,35.26029,129.18768
1450,957,35.260105,129.19328
1451,957,35.259922,129.19888
1452,957,35.25974,129.20447
1453,957,35.259556,129.21007
1454,957,35.259373,129.21567
1455,957,35.259186,129.22127
1456,957,35.259003,129.22685
1457,957,35.258816,129.23245
1458,957,35.258633,129.23805
1459,957,35.258446,129.24365
1460,957,35.25826,129.24924
1461,957,35.25807,129.25484
1462,957,35.257885,129.26044
1463,957,35.257698,129.26604
1464,957,35.25751,129.27162
1465,957,35.257324,129.27722
1466,957,35.257133,129.28282
1467,957,35.256947,129.2884
1468,957,35.256756,129.294
1469,957,35.25657,129.2996
1374,958,35.277695,128.76807
1375,958,35.277534,128.77367
1376,958,35.277374,128.77927
1377,958,35.277214,128.78487
1378,958,35.277054,128.79047
1379,958,35.276894,128.79607
1380,958,35.276733,128.80167
1381,958,35.276573,128.80727
1382,958,35.276413,128.81287
1383,958,35.27625,128.81845
1384,958,35.27609,128.82405
1385,958,35.27593,128.82965
1386,958,35.275764,128.83525
1387,958,35.2756,128.84085
1388,958,35.275436,128.84645
1389,958,35.275276,128.85205
1390,958,35.275112,128.85765
1391,958,35.27495,128.86325
1392,958,35.274784,128.86885
1393,958,35.274616,128.87444
1394,958,35.274452,128.88004
1395,958,35.27429,128.88564
1396,958,35.27412,128.89124
1397,958,35.273956,128.89684
1398,958,35.27379,128.90244
1399,958,35.27362,128.90804
1400,958,35.273457,128.91364
1401,958,35.27329,128.91924
1402,958,35.27312,128.92482
1403,958,35.272953,128.93042
1404,958,35.272785,128.93602
1405,958,35.272617,128.94162
1406,958,35.272446,128.94722
1407,958,35.272278,128.95282
1408,958,35.272106,128.95842
1409,958,35.27194,128.96402
1410,958,35.271767,128.9696
1411,958,35.2716,128.9752
1412,958,35.271427,128.9808
1413,958,35.271255,128.9864
1414,958,35.271084,128.992
1415,958,35.270912,128.9976
1416,958,35.27074,129.0032
1417,958,35.27057,129.00879
1418,958,35.270393,129.01439
1419,958,35.27022,129.01999
1420,958,35.27005,129.02559
1421,958,35.269875,129.03119
1422,958,35.2697,129.03679
1423,958,35.269527,129.04239
1424,958,35.269352,129.04797
1425,958,35.269176,129.05357
1426,958,35.269,129.05917
1427,958,35.268826,129.06477
1428,958,35.26865,129.07037
1429,958,35.268475,129.07597
1430,958,35.268295,129.08156
1431,958,35.26812,129.08716
1432,958,35.26794,129.09276
1433,958,35.267765,129.09836
1434,958,35.267586,129.10396
1435,958,35.26741,129.10954
1436,958,35.26723,129.11514
1437,958,35.26705,129.12074
1438,958,35.266872,129.12634
1439,958,35.266693,129.13194
1440,958,35.266514,129.13753
1441,958,35.26633,129.14313
1442,958,35.26615,129.14873
1443,958,35.265972,129.15433
1444,958,35.26579,129.15993
1445,958,35.26561,129.16551
1446,958,35.265427,129.17111
1447,958,35.265244,129.17671
1448,958,35.265064,129.18231
1449,958,35.26488,129.18791
1450,958,35.264698,129.1935
1451,958,35.264515,129.1991
1452,958,35.264328,129.2047
1453,958,35.264145,129.2103
1454,958,35.26396,129.2159
1455,958,35.263775,129.22148
1456,958,35.26359,129.22708
1457,958,35.263405,129.23268
1458,958,35.26322,129.23828
1459,958,35.263035,129.24387
1460,958,35.262848,129.24947
1461,958,35.26266,129.25507
1462,958,35.262474,129.26067
1463,958,35.262287,129.26625
1464,958,35.2621,129.27185
1465,958,35.261913,129.27745
1466,958,35.261723,129.28305
1467,958,35.261536,129.28864
1468,958,35.26135,129.29424
1469,958,35.261158,129.29984
1374,959,35.282284,128.76826
1375,959,35.282124,128.77386
1376,959,35.281967,128.77946
1377,959,35.281807,128.78506
1378,959,35.281647,128.79066
1379,959,35.281487,128.79626
1380,959,35.281326,128.80186
1381,959,35.281166,128.80745
1382,959,35.281002,128.81305
1383,959,35.28084,128.81865
1384,959,35.28068,128.82425
1385,959,35.280518,128.82985
1386,959,35.280354,128.83545
1387,959,35.280193,128.84105
1388,959,35.28003,128.84665
1389,959,35.279865,128.85225
1390,959,35.2797,128.85785
1391,959,35.279537,128.86345
1392,959,35.279373,128.86905
1393,959,35.27921,128.87465
1394,959,35.279045,128.88025
1395,959,35.278877,128.88585
1396,959,35.278713,128.89143
1397,959,35.278545,128.89703
1398,959,35.27838,128.90263
1399,959,35.278214,128.90823
1400,959,35.278046,128.91383
1401,959,35.277878,128.91943
1402,959,35.27771,128.92503
1403,959,35.277542,128.93063
1404,959,35.277374,128.93623
1405,959,35.277206,128.94183
1406,959,35.27704,128.94742
1407,959,35.276867,128.95302
1408,959,35.2767,128.95862
1409,959,35.276527,128.96422
1410,959,35.27636,128.96982
1411,959,35.276188,128.97542
1412,959,35.276016,128.98102
1413,959,35.275845,128.98662
1414,959,35.275673,128.99222
1415,959,35.2755,128.9978
1416,959,35.27533,129.0034
1417,959,35.275158,129.009
1418,959,35.274986,129.0146
1419,959,35.27481,129.0202
1420,959,35.27464,129.0258
1421,959,35.274464,129.0314
1422,959,35.274292,129.037
1423,959,35.274117,129.04259
1424,959,35.27394,129.04819
1425,959,35.273766,129.05379
1426,959,35.27359,129.05939
1427,959,35.273415,129.06499
1428,959,35.27324,129.07059
1429,959,35.273064,129.07619
1430,959,35.27289,129.08177
1431,959,35.27271,129.08737
1432,959,35.272533,129.09297
1433,959,35.272354,129.09857
1434,959,35.27218,129.10417
1435,959,35.272,129.10977
1436,959,35.27182,129.11537
1437,959,35.27164,129.12096
1438,959,35.27146,129.12656
1439,959,35.271282,129.13216
1440,959,35.271103,129.13776
1441,959,35.270924,129.14336
1442,959,35.27074,129.14896
1443,959,35.27056,129.15454
1444,959,35.270382,129.16014
1445,959,35.2702,129.16574
1446,959,35.270016,129.17134
1447,959,35.269836,129.17694
1448,959,35.269653,129.18253
1449,959,35.26947,129.18813
1450,959,35.269287,129.19373
1451,959,35.269104,129.19933
1452,959,35.26892,129.20493
1453,959,35.268734,129.21053
1454,959,35.26855,129.21611
1455,959,35.268368,129.22171
1456,959,35.26818,129.22731
1457,959,35.267998,129.23291
1458,959,35.26781,129.23851
1459,959,35.267624,129.2441
1460,959,35.267437,129.2497
1461,959,35.267254,129.2553
1462,959,35.267067,129.2609
1463,959,35.266876,129.26648
1464,959,35.26669,129.27208
1465,959,35.266502,129.27768
1466,959,35.266315,129.28328
1467,959,35.266125,129.28888
1468,959,35.265938,129.29446
1469,959,35.265747,129.30006
1374,960,35.286877,128.76846
1375,960,35.286716,128.77405
1376,960,35.286556,128.77965
1377,960,35.286396,128.78525
1378,960,35.28624,128.79085
1379,960,35.286076,128.79645
1380,960,35.285915,128.80205
1381,960,35.285755,128.80765
1382,960,35.285595,128.81325
1383,960,35.285435,128.81885
1384,960,35.28527,128.82445
1385,960,35.28511,128.83005
1386,960,35.284946,128.83565
1387,960,35.284782,128.84125
1388,960,35.284622,128.84685
1389,960,35.28446,128.85245
1390,960,35.284294,128.85805
1391,960,35.28413,128.86365
1392,960,35.283966,128.86925
1393,960,35.2838,128.87485
1394,960,35.283634,128.88045
1395,960,35.28347,128.88605
1396,960,35.283302,128.89165
1397,960,35.28314,128.89725
1398,960,35.28297,128.90285
1399,960,35.282803,128.90843
1400,960,35.28264,128.91403
1401,960,35.28247,128.91963
1402,960,35.282303,128.92523
1403,960,35.282135,128.93083
1404,960,35.281967,128.93643
1405,960,35.2818,128.94203
1406,960,35.281628,128.94763
1407,960,35.28146,128.95323
1408,960,35.28129,128.95883
1409,960,35.28112,128.96443
1410,960,35.28095,128.97003
1411,960,35.28078,128.97563
1412,960,35.28061,128.98123
1413,960,35.280437,128.98682
1414,960,35.280266,128.99242
1415,960,35.280094,128.99802
1416,960,35.279922,129.00362
1417,960,35.27975,129.00922
1418,960,35.279575,129.01482
1419,960,35.279404,129.02042
1420,960,35.27923,129.02602
1421,960,35.279057,129.03162
1422,960,35.27888,129.03722
1423,960,35.278706,129.0428
1424,960,35.278534,129.0484
1425,960,35.27836,129.054
1426,960,35.278183,129.0596
1427,960,35.278008,129.0652
1428,960,35.277832,129.0708
1429,960,35.277653,129.0764
1430,960,35.277477,129.082
1431,960,35.2773,129.08759
1432,960,35.277122,129.09319
1433,960,35.276947,129.09879
1434,960,35.276768,129.10439
1435,960,35.27659,129.10999
1436,960,35.27641,129.11559
1437,960,35.276234,129.12119
1438,960,35.276054,129.12679
1439,960,35.275875,129.13237
1440,960,35.275692,129.13797
1441,960,35.275513,129.14357
1442,960,35.275333,129.14917
1443,960,35.27515,129.15477
1444,960,35.27497,129.16037
1445,960,35.274788,129.16597
1446,960,35.27461,129.17155
1447,960,35.274426,129.17715
1448,960,35.274242,129.18275
1449,960,35.27406,129.18835
1450,960,35.273876,129.19395
1451,960,35.273693,129.19955
1452,960,35.27351,129.20514
1453,960,35.273327,129.21074
1454,960,35.27314,129.21634
1455,960,35.272957,129.22194
1456,960,35.272774,129.22754
1457,960,35.272587,129.23314
1458,960,35.2724,129.23872
1459,960,35.272217,129.24432
1460,960,35.27203,129.24992
1461,960,35.271843,129.25552
1462,960,35.271656,129.26112
1463,960,35.27147,129.26671
1464,960,35.271282,129.27231
1465,960,35.27109,129.27791
1466,960,35.270905,129.28351
1467,960,35.270718,129.28911
1468,960,35.270527,129.2947
1469,960,35.270336,129.3003
1374,961,35.291466,128.76865
1375,961,35.29131,128.77425
1376,961,35.29115,128.77985
1377,961,35.29099,128.78545
1378,961,35.29083,128.79105
1379,961,35.29067,128.79665
1380,961,35.29051,128.80225
1381,961,35.290348,128.80785
1382,961,35.290188,128.81345
1383,961,35.290024,128.81905
1384,961,35.289864,128.82465
1385,961,35.2897,128.83025
1386,961,35.28954,128.83585
1387,961,35.289375,128.84145
1388,961,35.28921,128.84705
1389,961,35.289047,128.85265
1390,961,35.288883,128.85825
1391,961,35.28872,128.86385
1392,961,35.288555,128.86945
1393,961,35.28839,128.87505
1394,961,35.288227,128.88065
1395,961,35.28806,128.88625
1396,961,35.287895,128.89185
1397,961,35.287727,128.89745
1398,961,35.287563,128.90305
1399,961,35.287395,128.90865
1400,961,35.287228,128.91425
1401,961,35.28706,128.91985
1402,961,35.286892,128.92545
1403,961,35.286724,128.93105
1404,961,35.286556,128.93665
1405,961,35.28639,128.94225
1406,961,35.28622,128.94785
1407,961,35.28605,128.95343
1408,961,35.28588,128.95903
1409,961,35.28571,128.96463
1410,961,35.28554,128.97023
1411,961,35.28537,128.97583
1412,961,35.2852,128.98143
1413,961,35.285027,128.98703
1414,961,35.284855,128.99263
1415,961,35.284683,128.99823
1416,961,35.28451,129.00383
1417,961,35.28434,129.00943
1418,961,35.28417,129.01503
1419,961,35.283993,129.02063
1420,961,35.28382,129.02623
1421,961,35.283646,129.03183
1422,961,35.283474,129.03741
1423,961,35.2833,129.04301
1424,961,35.283123,129.04861
1425,961,35.282948,129.05421
1426,961,35.282772,129.05981
1427,961,35.282597,129.06541
1428,961,35.28242,129.07101
1429,961,35.282246,129.07661
1430,961,35.282066,129.08221
1431,961,35.28189,129.08781
1432,961,35.281715,129.09341
1433,961,35.281536,129.099
1434,961,35.281357,129.1046
1435,961,35.28118,129.1102
1436,961,35.281002,129.1158
1437,961,35.280823,129.1214
1438,961,35.280643,129.127
1439,961,35.280464,129.1326
1440,961,35.280285,129.1382
1441,961,35.280106,129.1438
1442,961,35.279922,129.14938
1443,961,35.279743,129.15498
1444,961,35.27956,129.16058
1445,961,35.27938,129.16618
1446,961,35.279198,129.17178
1447,961,35.279015,129.17738
1448,961,35.27883,129.18298
1449,961,35.278652,129.18858
1450,961,35.27847,129.19417
1451,961,35.278286,129.19977
1452,961,35.2781,129.20537
1453,961,35.277916,129.21097
1454,961,35.277733,129.21657
1455,961,35.277546,129.22217
1456,961,35.277363,129.22777
1457,961,35.277176,129.23335
1458,961,35.276993,129.23895
1459,961,35.276806,129.24455
1460,961,35.27662,129.25015
1461,961,35.276432,129.25575
1462,961,35.276245,129.26135
1463,961,35.27606,129.26694
1464,961,35.27587,129.27254
1465,961,35.275684,129.27814
1466,961,35.275494,129.28374
1467,961,35.275307,129.28934
1468,961,35.275116,129.29494
1469,961,35.27493,129.30052
1374,962,35.29606,128.76884
1375,962,35.2959,128.77444
1376,962,35.295742,128.78004
1377,962,35.29558,128.78564
1378,962,35.29542,128.79124
1379,962,35.29526,128.79684
1380,962,35.2951,128.80244
1381,962,35.294937,128.80804
1382,962,35.294777,128.81364
1383,962,35.294617,128.81924
1384,962,35.294453,128.82484
1385,962,35.294292,128.83044
1386,962,35.29413,128.83604
1387,962,35.293964,128.84164
1388,962,35.293804,128.84724
1389,962,35.29364,128.85284
1390,962,35.293476,128.85844
1391,962,35.293312,128.86404
1392,962,35.293148,128.86964
1393,962,35.292984,128.87524
1394,962,35.292816,128.88084
1395,962,35.292652,128.88644
1396,962,35.292484,128.89204
1397,962,35.29232,128.89764
1398,962,35.292152,128.90324
1399,962,35.29199,128.90884
1400,962,35.29182,128.91444
1401,962,35.291653,128.92004
1402,962,35.291485,128.92564
1403,962,35.291317,128.93124
1404,962,35.29115,128.93684
1405,962,35.29098,128.94244
1406,962,35.29081,128.94804
1407,962,35.29064,128.95364
1408,962,35.29047,128.95924
1409,962,35.290302,128.96484
1410,962,35.29013,128.97044
1411,962,35.289963,128.97604
1412,962,35.28979,128.98164
1413,962,35.28962,128.98724
1414,962,35.289448,128.99284
1415,962,35.289276,128.99844
1416,962,35.289104,129.00404
1417,962,35.28893,129.00964
1418,962,35.288757,129.01524
1419,962,35.288586,129.02084
1420,962,35.28841,129.02643
1421,962,35.28824,129.03203
1422,962,35.288063,129.03763
1423,962,35.287888,129.04323
1424,962,35.287716,129.04883
1425,962,35.28754,129.05443
1426,962,35.287365,129.06003
1427,962,35.28719,129.06563
1428,962,35.28701,129.07123
1429,962,35.286835,129.07683
1430,962,35.28666,129.08243
1431,962,35.286484,129.08803
1432,962,35.286304,129.09363
1433,962,35.286125,129.09923
1434,962,35.28595,129.10483
1435,962,35.28577,129.11041
1436,962,35.28559,129.11601
1437,962,35.28541,129.12161
1438,962,35.285233,129.12721
1439,962,35.285053,129.13281
1440,962,35.284874,129.13841
1441,962,35.284695,129.14401
1442,962,35.284515,129.14961
1443,962,35.284332,129.15521
1444,962,35.284153,129.16081
1445,962,35.28397,129.16641
1446,962,35.283787,129.172
1447,962,35.283607,129.1776
1448,962,35.283424,129.1832
1449,962,35.28324,129.1888
1450,962,35.28306,129.1944
1451,962,35.282875,129.2
1452,962,35.282692,129.2056
1453,962,35.282505,129.2112
1454,962,35.282322,129.2168
1455,962,35.28214,129.22238
1456,962,35.28195,129.22798
1457,962,35.28177,129.23358
1458,962,35.28158,129.23918
1459,962,35.281395,129.24478
1460,962,35.281208,129.25038
1461,962,35.28102,129.25598
1462,962,35.280834,129.26158
1463,962,35.280647,129.26717
1464,962,35.28046,129.27277
1465,962,35.280273,129.27837
1466,962,35.280087,129.28397
1467,962,35.279896,129.28957
1468,962,35.27971,129.29517
1469,962,35.27952,129.30077
1374,963,35.30065,128.76904
1375,963,35.30049,128.77464
1376,963,35.30033,128.78024
1377,963,35.30017,128.78584
1378,963,35.30001,128.79144
1379,963,35.29985,128.79704
1380,963,35.29969,128.80264
1381,963,35.29953,128.80824
1382,963,35.29937,128.81384
1383,963,35.299206,128.81944
1384,963,35.299046,128.82504
1385,963,35.29888,128.83064
1386,963,35.29872,128.83624
1387,963,35.298557,128.84184
1388,963,35.298393,128.84744
1389,963,35.29823,128.85304
1390,963,35.298065,128.85864
1391,963,35.2979,128.86424
1392,963,35.297737,128.86984
1393,963,35.297573,128.87544
1394,963,35.29741,128.88104
1395,963,35.29724,128.88664
1396,963,35.297077,128.89224
1397,963,35.29691,128.89784
1398,963,35.296745,128.90344
1399,963,35.296577,128.90906
1400,963,35.29641,128.91466
1401,963,35.29624,128.92026
1402,963,35.296074,128.92586
1403,963,35.295906,128.93146
1404,963,35.29574,128.93706
1405,963,35.29557,128.94266
1406,963,35.295403,128.94826
1407,963,35.29523,128.95386
1408,963,35.295063,128.95946
1409,963,35.29489,128.96506
1410,963,35.294724,128.97066
1411,963,35.29455,128.97626
1412,963,35.29438,128.98186
1413,963,35.29421,128.98746
1414,963,35.294037,128.99304
1415,963,35.293865,128.99864
1416,963,35.293694,129.00424
1417,963,35.29352,129.00984
1418,963,35.29335,129.01544
1419,963,35.293175,129.02104
1420,963,35.293003,129.02664
1421,963,35.292828,129.03224
1422,963,35.292656,129.03784
1423,963,35.29248,129.04344
1424,963,35.292305,129.04904
1425,963,35.29213,129.05464
1426,963,35.291954,129.06024
1427,963,35.29178,129.06584
1428,963,35.291603,129.07144
1429,963,35.291428,129.07704
1430,963,35.29125,129.08264
1431,963,35.291073,129.08824
1432,963,35.290894,129.09384
1433,963,35.290718,129.09944
1434,963,35.29054,129.10504
1435,963,35.29036,129.11064
1436,963,35.290184,129.11624
1437,963,35.290005,129.12184
1438,963,35.289825,129.12744
1439,963,35.289646,129.13303
1440,963,35.289467,129.13863
1441,963,35.289284,129.14423
1442,963,35.289104,129.14983
1443,963,35.288925,129.15543
1444,963,35.288742,129.16103
1445,963,35.28856,129.16663
1446,963,35.28838,129.17223
1447,963,35.288197,129.17783
1448,963,35.288013,129.18343
1449,963,35.28783,129.18903
1450,963,35.287647,129.19463
1451,963,35.287464,129.20023
1452,963,35.28728,129.20581
1453,963,35.287098,129.21141
1454,963,35.28691,129.21701
1455,963,35.286728,129.22261
1456,963,35.286545,129.22821
1457,963,35.286358,129.23381
1458,963,35.28617,129.23941
1459,963,35.285984,129.24501
1460,963,35.2858,129.25061
1461,963,35.285614,129.25621
1462,963,35.285427,129.2618
1463,963,35.28524,129.2674
1464,963,35.28505,129.273
1465,963,35.284863,129.2786
1466,963,35.284676,129.2842
1467,963,35.284485,129.2898
1468,963,35.284298,129.2954
1469,963,35.284107,129.301
1374,964,35.30524,128.76923
1375,964,35.305084,128.77483
1376,964,35.304924,128.78043
1377,964,35.304764,128.78604
1378,964,35.304604,128.79164
1379,964,35.304443,128.79724
1380,964,35.304283,128.80284
1381,964,35.304123,128.80844
1382,964,35.30396,128.81404
1383,964,35.3038,128.81964
1384,964,35.30364,128.82524
1385,964,35.303474,128.83084
1386,964,35.30331,128.83644
1387,964,35.30315,128.84204
1388,964,35.302986,128.84764
1389,964,35.302822,128.85324
1390,964,35.302658,128.85884
1391,964,35.302494,128.86444
1392,964,35.30233,128.87006
1393,964,35.302166,128.87566
1394,964,35.302,128.88126
1395,964,35.301834,128.88686
1396,964,35.30167,128.89246
1397,964,35.301502,128.89806
1398,964,35.301334,128.90366
1399,964,35.30117,128.90926
1400,964,35.301003,128.91486
1401,964,35.300835,128.92046
1402,964,35.300667,128.92606
1403,964,35.3005,128.93166
1404,964,35.30033,128.93726
1405,964,35.300163,128.94286
1406,964,35.29999,128.94846
1407,964,35.299824,128.95406
1408,964,35.299652,128.95966
1409,964,35.299484,128.96526
1410,964,35.299313,128.97086
1411,964,35.299145,128.97646
1412,964,35.298973,128.98206
1413,964,35.2988,128.98766
1414,964,35.29863,128.99326
1415,964,35.29846,128.99886
1416,964,35.298286,129.00446
1417,964,35.29811,129.01006
1418,964,35.29794,129.01566
1419,964,35.297768,129.02126
1420,964,35.297592,129.02686
1421,964,35.29742,129.03246
1422,964,35.297245,129.03806
1423,964,35.29707,129.04366
1424,964,35.296894,129.04926
1425,964,35.296722,129.05486
1426,964,35.296547,129.06046
1427,964,35.29637,129.06606
1428,964,35.296192,129.07166
1429,964,35.296017,129.07726
1430,964,35.29584,129.08286
1431,964,35.295662,129.08846
1432,964,35.295486,129.09406
1433,964,35.295307,129.09966
1434,964,35.29513,129.10526
1435,964,35.294952,129.11086
1436,964,35.294773,129.11646
1437,964,35.294594,129.12206
1438,964,35.294415,129.12766
1439,964,35.294235,129.13326
1440,964,35.294056,129.13885
1441,964,35.293877,129.14445
1442,964,35.293694,129.15005
1443,964,35.293514,129.15565
1444,964,35.29333,129.16125
1445,964,35.29315,129.16685
1446,964,35.29297,129.17245
1447,964,35.292786,129.17804
1448,964,35.292606,129.18364
1449,964,35.292423,129.18924
1450,964,35.29224,129.19484
1451,964,35.292057,129.20044
1452,964,35.29187,129.20604
1453,964,35.291687,129.21164
1454,964,35.291504,129.21724
1455,964,35.291317,129.22284
1456,964,35.291134,129.22844
1457,964,35.290947,129.23404
1458,964,35.290764,129.23964
1459,964,35.290577,129.24524
1460,964,35.29039,129.25084
1461,964,35.290203,129.25644
1462,964,35.290016,129.26202
1463,964,35.28983,129.26762
1464,964,35.289642,129.27322
1465,964,35.28945,129.27882
1466,964,35.289265,129.28442
1467,964,35.289078,129.29002
1468,964,35.288887,129.29562
1469,964,35.2887,129.30122
1374,965,35.309834,128.76942
1375,965,35.309673,128.77502
1376,965,35.309513,128.78062
1377,965,35.309357,128.78622
1378,965,35.309196,128.79182
1379,965,35.309036,128.79744
1380,965,35.308876,128.80304
1381,965,35.308712,128.80864
1382,965,35.30855,128.81424
1383,965,35.30839,128.81984
1384,965,35.308228,128.82544
1385,965,35.308067,128.83104
1386,965,35.307903,128.83664
1387,965,35.30774,128.84224
1388,965,35.30758,128.84784
1389,965,35.307415,128.85344
1390,965,35.30725,128.85905
1391,965,35.307087,128.86465
1392,965,35.306923,128.87025
1393,965,35.306755,128.87585
1394,965,35.30659,128.88145
1395,965,35.306427,128.88705
1396,965,35.30626,128.89265
1397,965,35.306095,128.89825
1398,965,35.305927,128.90385
1399,965,35.30576,128.90945
1400,965,35.30559,128.91505
1401,965,35.305428,128.92065
1402,965,35.30526,128.92625
1403,965,35.30509,128.93185
1404,965,35.30492,128.93745
1405,965,35.304752,128.94307
1406,965,35.304585,128.94867
1407,965,35.304413,128.95427
1408,965,35.304245,128.95987
1409,965,35.304073,128.96547
1410,965,35.303905,128.97107
1411,965,35.303734,128.97667
1412,965,35.303562,128.98227
1413,965,35.30339,128.98787
1414,965,35.30322,128.99347
1415,965,35.303047,128.99907
1416,965,35.302876,129.00467
1417,965,35.302704,129.01027
1418,965,35.302532,129.01587
1419,965,35.302357,129.02147
1420,965,35.302185,129.02707
1421,965,35.30201,129.03267
1422,965,35.301838,129.03827
1423,965,35.301662,129.04387
1424,965,35.301487,129.04947
1425,965,35.30131,129.05507
1426,965,35.301136,129.06067
1427,965,35.30096,129.06627
1428,965,35.300785,129.07187
1429,965,35.30061,129.07747
1430,965,35.30043,129.08307
1431,965,35.300255,129.08867
1432,965,35.300076,129.09427
1433,965,35.2999,129.09987
1434,965,35.29972,129.10547
1435,965,35.29954,129.11107
1436,965,35.299366,129.11667
1437,965,35.299187,129.12227
1438,965,35.299007,129.12787
1439,965,35.29883,129.13347
1440,965,35.298645,129.13907
1441,965,35.298466,129.14467
1442,965,35.298286,129.15027
1443,965,35.298103,129.15587
1444,965,35.297924,129.16147
1445,965,35.29774,129.16707
1446,965,35.29756,129.17267
1447,965,35.29738,129.17827
1448,965,35.297195,129.18387
1449,965,35.297012,129.18947
1450,965,35.29683,129.19507
1451,965,35.296646,129.20067
1452,965,35.296463,129.20627
1453,965,35.29628,129.21187
1454,965,35.296093,129.21747
1455,965,35.29591,129.22307
1456,965,35.295723,129.22867
1457,965,35.29554,129.23427
1458,965,35.295353,129.23987
1459,965,35.295166,129.24547
1460,965,35.29498,129.25107
1461,965,35.294792,129.25665
1462,965,35.294605,129.26225
1463,965,35.29442,129.26785
1464,965,35.29423,129.27345
1465,965,35.294044,129.27905
1466,965,35.293854,129.28465
1467,965,35.293667,129.29025
1468,965,35.293476,129.29585
1469,965,35.29329,129.30145
1374,966,35.314426,128.76962
1375,966,35.314266,128.77522
1376,966,35.314106,128.78082
1377,966,35.313946,128.78642
1378,966,35.313786,128.79202
1379,966,35.313625,128.79762
1380,966,35.313465,128.80324
1381,966,35.313305,128.80884
1382,966,35.313145,128.81444
1383,966,35.31298,128.82004
1384,966,35.31282,128.82564
1385,966,35.312656,128.83124
1386,966,35.312496,128.83684
1387,966,35.312332,128.84244
1388,966,35.31217,128.84804
1389,966,35.312004,128.85365
1390,966,35.31184,128.85925
1391,966,35.311676,128.86485
1392,966,35.311512,128.87045
1393,966,35.311348,128.87605
1394,966,35.311184,128.88165
1395,966,35.311016,128.88725
1396,966,35.310852,128.89285
1397,966,35.310684,128.89845
1398,966,35.31052,128.90405
1399,966,35.310352,128.90967
1400,966,35.310184,128.91527
1401,966,35.310017,128.92087
1402,966,35.30985,128.92647
1403,966,35.30968,128.93207
1404,966,35.309513,128.93767
1405,966,35.309345,128.94327
1406,966,35.309174,128.94887
1407,966,35.309006,128.95447
1408,966,35.308838,128.96007
1409,966,35.308666,128.96567
1410,966,35.308495,128.97127
1411,966,35.308327,128.97687
1412,966,35.308155,128.98248
1413,966,35.307983,128.98808
1414,966,35.30781,128.99368
1415,966,35.30764,128.99928
1416,966,35.30747,129.00488
1417,966,35.307293,129.01048
1418,966,35.30712,129.01608
1419,966,35.30695,129.02168
1420,966,35.306774,129.02728
1421,966,35.306602,129.03288
1422,966,35.306427,129.03848
1423,966,35.30625,129.04408
1424,966,35.306076,129.04968
1425,966,35.305904,129.05528
1426,966,35.30573,129.06088
1427,966,35.30555,129.06648
1428,966,35.305374,129.07208
1429,966,35.3052,129.07768
1430,966,35.305023,129.08328
1431,966,35.304844,129.08888
1432,966,35.30467,129.09448
1433,966,35.30449,129.10008
1434,966,35.304314,129.1057
1435,966,35.304134,129.1113
1436,966,35.303955,129.1169
1437,966,35.303776,129.1225
1438,966,35.303596,129.1281
1439,966,35.303417,129.1337
1440,966,35.303238,129.1393
1441,966,35.30306,129.1449
1442,966,35.302876,129.1505
1443,966,35.302696,129.1561
1444,966,35.302513,129.1617
1445,966,35.302334,129.1673
1446,966,35.30215,129.1729
1447,966,35.301968,129.1785
1448,966,35.301785,129.1841
1449,966,35.3016,129.1897
1450,966,35.30142,129.1953
1451,966,35.301235,129.2009
1452,966,35.301052,129.2065
1453,966,35.30087,129.2121
1454,966,35.300686,129.2177
1455,966,35.3005,129.2233
1456,966,35.300316,129.2289
1457,966,35.30013,129.2345
1458,966,35.299942,129.24008
1459,966,35.29976,129.24568
1460,966,35.299572,129.25128
1461,966,35.299385,129.25688
1462,966,35.2992,129.26248
1463,966,35.29901,129.26808
1464,966,35.29882,129.27368
1465,966,35.298634,129.27928
1466,966,35.298447,129.28488
1467,966,35.298256,129.29048
1468,966,35.29807,129.29608
1469,966,35.29788,129.30168
1374,967,35.319016,128.7698
1375,967,35.31886,128.77542
1376,967,35.3187,128.78102
1377,967,35.31854,128.78662
1378,967,35.31838,128.79222
1379,967,35.31822,128.79782
1380,967,35.318058,128.80342
1381,967,35.317898,128.80904
1382,967,35.317734,128.81464
1383,967,35.317574,128.82024
1384,967,35.317413,128.82584
1385,967,35.31725,128.83144
1386,967,35.317085,128.83704
1387,967,35.316925,128.84264
1388,967,35.31676,128.84825
1389,967,35.316597,128.85385
1390,967,35.316433,128.85945
1391,967,35.31627,128.86505
1392,967,35.316105,128.87065
1393,967,35.31594,128.87625
1394,967,35.315773,128.88185
1395,967,35.31561,128.88745
1396,967,35.31544,128.89307
1397,967,35.315277,128.89867
1398,967,35.31511,128.90427
1399,967,35.31494,128.90987
1400,967,35.314777,128.91547
1401,967,35.31461,128.92107
1402,967,35.31444,128.92667
1403,967,35.314274,128.93227
1404,967,35.314106,128.93787
1405,967,35.313934,128.94348
1406,967,35.313766,128.94908
1407,967,35.3136,128.95468
1408,967,35.313427,128.96028
1409,967,35.31326,128.96588
1410,967,35.313087,128.97148
1411,967,35.312916,128.97708
1412,967,35.312744,128.98268
1413,967,35.312572,128.98828
1414,967,35.312405,128.99388
1415,967,35.31223,128.99948
1416,967,35.312057,129.0051
1417,967,35.311886,129.0107
1418,967,35.311714,129.0163
1419,967,35.31154,129.0219
1420,967,35.311367,129.0275
1421,967,35.31119,129.0331
1422,967,35.31102,129.0387
1423,967,35.310844,129.0443
1424,967,35.31067,129.0499
1425,967,35.310493,129.0555
1426,967,35.310318,129.0611
1427,967,35.310143,129.0667
1428,967,35.309967,129.0723
1429,967,35.30979,129.07791
1430,967,35.309612,129.08351
1431,967,35.309437,129.08911
1432,967,35.309258,129.09471
1433,967,35.309082,129.10031
1434,967,35.308903,129.10591
1435,967,35.308723,129.11151
1436,967,35.308544,129.11711
1437,967,35.30837,129.12271
1438,967,35.30819,129.12831
1439,967,35.308006,129.13391
1440,967,35.307827,129.13951
1441,967,35.307648,129.14511
1442,967,35.30747,129.15071
1443,967,35.307285,129.15631
1444,967,35.307106,129.16191
1445,967,35.306923,129.16751
1446,967,35.30674,129.17311
1447,967,35.30656,129.17871
1448,967,35.306377,129.18431
1449,967,35.306194,129.18991
1450,967,35.30601,129.19551
1451,967,35.30583,129.20111
1452,967,35.305645,129.20671
1453,967,35.305458,129.21231
1454,967,35.305275,129.21791
1455,967,35.30509,129.22351
1456,967,35.304905,129.22911
1457,967,35.304718,129.23471
1458,967,35.304535,129.24031
1459,967,35.304348,129.24591
1460,967,35.30416,129.25151
1461,967,35.303974,129.25711
1462,967,35.303787,129.26271
1463,967,35.3036,129.26831
1464,967,35.303413,129.27391
1465,967,35.303226,129.27951
1466,967,35.303036,129.28511
1467,967,35.30285,129.29071
1468,967,35.302658,129.29631
1469,967,35.30247,129.30191
1374,968,35.32361,128.77
1375,968,35.32345,128.7756
1376,968,35.32329,128.78122
1377,968,35.32313,128.78682
1378,968,35.32297,128.79242
1379,968,35.32281,128.79802
1380,968,35.32265,128.80362
1381,968,35.322487,128.80922
1382,968,35.322327,128.81483
1383,968,35.322166,128.82043
1384,968,35.322002,128.82603
1385,968,35.321842,128.83163
1386,968,35.32168,128.83723
1387,968,35.321514,128.84283
1388,968,35.32135,128.84845
1389,968,35.32119,128.85405
1390,968,35.321026,128.85965
1391,968,35.32086,128.86525
1392,968,35.320694,128.87085
1393,968,35.32053,128.87645
1394,968,35.320366,128.88206
1395,968,35.3202,128.88766
1396,968,35.320034,128.89326
1397,968,35.319866,128.89886
1398,968,35.319702,128.90446
1399,968,35.319534,128.91006
1400,968,35.319366,128.91566
1401,968,35.3192,128.92128
1402,968,35.31903,128.92688
1403,968,35.318863,128.93248
1404,968,35.318695,128.93808
1405,968,35.318527,128.94368
1406,968,35.31836,128.94928
1407,968,35.318188,128.95488
1408,968,35.31802,128.96048
1409,968,35.31785,128.9661
1410,968,35.31768,128.9717
1411,968,35.31751,128.9773
1412,968,35.317337,128.9829
1413,968,35.317165,128.9885
1414,968,35.316994,128.9941
1415,968,35.316822,128.9997
1416,968,35.31665,129.0053
1417,968,35.31648,129.0109
1418,968,35.316303,129.01651
1419,968,35.31613,129.02211
1420,968,35.315956,129.02771
1421,968,35.315784,129.03331
1422,968,35.31561,129.03891
1423,968,35.315434,129.04451
1424,968,35.31526,129.05011
1425,968,35.315086,129.05571
1426,968,35.31491,129.06131
1427,968,35.314735,129.06691
1428,968,35.314556,129.07253
1429,968,35.31438,129.07812
1430,968,35.314205,129.08372
1431,968,35.314026,129.08932
1432,968,35.31385,129.09492
1433,968,35.31367,129.10052
1434,968,35.313496,129.10612
1435,968,35.313316,129.11172
1436,968,35.313137,129.11732
1437,968,35.312958,129.12292
1438,968,35.31278,129.12852
1439,968,35.3126,129.13412
1440,968,35.31242,129.13972
1441,968,35.312237,129.14532
1442,968,35.312057,129.15094
1443,968,35.31188,129.15654
1444,968,35.311695,129.16214
1445,968,35.311516,129.16774
1446,968,35.311333,129.17334
1447,968,35.31115,129.17894
1448,968,35.310966,129.18454
1449,968,35.310783,129.19014
1450,968,35.3106,129.19574
1451,968,35.310417,129.20134
1452,968,35.310234,129.20694
1453,968,35.31005,129.21254
1454,968,35.309864,129.21814
1455,968,35.30968,129.22374
1456,968,35.309494,129.22934
1457,968,35.30931,129.23494
1458,968,35.309124,129.24054
1459,968,35.308937,129.24614
1460,968,35.30875,129.25174
1461,968,35.308567,129.25734
1462,968,35.30838,129.26294
1463,968,35.30819,129.26854
1464,968,35.308002,129.27414
1465,968,35.307816,129.27974
1466,968,35.30763,129.28534
1467,968,35.307438,129.29094
1468,968,35.30725,129.29654
1469,968,35.30706,129.30214
1374,969,35.3282,128.7702
1375,969,35.32804,128.7758
1376,969,35.32788,128.7814
1377,969,35.32772,128.787
1378,969,35.32756,128.79262
1379,969,35.3274,128.79822
1380,969,35.32724,128.80382
1381,969,35.32708,128.80942
1382,969,35.32692,128.81502
1383,969,35.326756,128.82063
1384,969,35.326595,128.82623
1385,969,35.32643,128.83183
1386,969,35.32627,128.83743
1387,969,35.326107,128.84303
1388,969,35.325943,128.84865
1389,969,35.32578,128.85425
1390,969,35.325615,128.85985
1391,969,35.32545,128.86545
1392,969,35.325287,128.87105
1393,969,35.325123,128.87666
1394,969,35.32496,128.88226
1395,969,35.32479,128.88786
1396,969,35.324627,128.89346
1397,969,35.32446,128.89906
1398,969,35.32429,128.90466
1399,969,35.324127,128.91028
1400,969,35.32396,128.91588
1401,969,35.32379,128.92148
1402,969,35.323624,128.92708
1403,969,35.323456,128.93268
1404,969,35.323288,128.93828
1405,969,35.32312,128.9439
1406,969,35.32295,128.9495
1407,969,35.32278,128.9551
1408,969,35.32261,128.9607
1409,969,35.32244,128.9663
1410,969,35.32227,128.9719
1411,969,35.322098,128.9775
1412,969,35.32193,128.98311
1413,969,35.32176,128.98871
1414,969,35.321587,128.99431
1415,969,35.321415,128.99991
1416,969,35.32124,129.00551
1417,969,35.321068,129.01111
1418,969,35.320896,129.01671
1419,969,35.32072,129.02232
1420,969,35.32055,129.02792
1421,969,35.320374,129.03352
1422,969,35.3202,129.03912
1423,969,35.320026,129.04472
1424,969,35.31985,129.05032
1425,969,35.319675,129.05592
1426,969,35.3195,129.06152
1427,969,35.319324,129.06714
1428,969,35.31915,129.07274
1429,969,35.318974,129.07834
1430,969,35.318794,129.08394
1431,969,35.31862,129.08954
1432,969,35.31844,129.09514
1433,969,35.318264,129.10074
1434,969,35.318085,129.10634
1435,969,35.317905,129.11194
1436,969,35.317726,129.11754
1437,969,35.31755,129.12315
1438,969,35.31737,129.12875
1439,969,35.31719,129.13435
1440,969,35.31701,129.13995
1441,969,35.31683,129.14555
1442,969,35.31665,129.15115
1443,969,35.316467,129.15675
1444,969,35.316288,129.16235
1445,969,35.316105,129.16795
1446,969,35.31592,129.17355
1447,969,35.315742,129.17915
1448,969,35.31556,129.18475
1449,969,35.315376,129.19037
1450,969,35.315193,129.19597
1451,969,35.31501,129.20157
1452,969,35.314823,129.20717
1453,969,35.31464,129.21277
1454,969,35.314457,129.21837
1455,969,35.31427,129.22397
1456,969,35.314087,129.22957
1457,969,35.3139,129.23517
1458,969,35.313717,129.24077
1459,969,35.31353,129.24637
1460,969,35.313343,129.25197
1461,969,35.313156,129.25757
1462,969,35.31297,129.26317
1463,969,35.312782,129.26877
1464,969,35.312595,129.27437
1465,969,35.312405,129.27997
1466,969,35.312218,129.28557
1467,969,35.312027,129.29117
1468,969,35.31184,129.29677
1469,969,35.31165,129.30237
1374,970,35.332794,128.7704
1375,970,35.332634,128.776
1376,970,35.332474,128.7816
1377,970,35.332314,128.7872
1378,970,35.332153,128.7928
1379,970,35.331993,128.79842
1380,970,35.331833,128.80402
1381,970,35.331673,128.80962
1382,970,35.33151,128.81522
1383,970,35.33135,128.82083
1384,970,35.33119,128.82643
1385,970,35.331024,128.83203
1386,970,35.33086,128.83763
1387,970,35.3307,128.84325
1388,970,35.330536,128.84885
1389,970,35.33037,128.85445
1390,970,35.330208,128.86005
1391,970,35.330044,128.86565
1392,970,35.32988,128.87126
1393,970,35.329716,128.87686
1394,970,35.329548,128.88246
1395,970,35.329384,128.88806
1396,970,35.329216,128.89366
1397,970,35.329052,128.89928
1398,970,35.328884,128.90488
1399,970,35.328716,128.91048
1400,970,35.328552,128.91608
1401,970,35.328384,128.92168
1402,970,35.328217,128.92729
1403,970,35.32805,128.93289
1404,970,35.327877,128.93849
1405,970,35.32771,128.94409
1406,970,35.32754,128.94969
1407,970,35.327374,128.95529
1408,970,35.3272,128.9609
1409,970,35.32703,128.9665
1410,970,35.326862,128.9721
1411,970,35.32669,128.9777
1412,970,35.32652,128.9833
1413,970,35.326347,128.9889
1414,970,35.326176,128.99452
1415,970,35.326004,129.00012
1416,970,35.325832,129.00572
1417,970,35.32566,129.01132
1418,970,35.325485,129.01692
1419,970,35.325314,129.02252
1420,970,35.32514,129.02814
1421,970,35.324966,129.03374
1422,970,35.32479,129.03934
1423,970,35.32462,129.04494
1424,970,35.324444,129.05054
1425,970,35.32427,129.05614
1426,970,35.324093,129.06174
1427,970,35.323917,129.06735
1428,970,35.32374,129.07295
1429,970,35.323563,129.07855
1430,970,35.323387,129.08415
1431,970,35.323208,129.08975
1432,970,35.323032,129.09535
1433,970,35.322853,129.10095
1434,970,35.322678,129.10657
1435,970,35.3225,129.11217
1436,970,35.32232,129.11777
1437,970,35.32214,129.12337
1438,970,35.32196,129.12897
1439,970,35.32178,129.13457
1440,970,35.3216,129.14017
1441,970,35.32142,129.14577
1442,970,35.32124,129.15137
1443,970,35.32106,129.15698
1444,970,35.320877,129.16258
1445,970,35.320698,129.16818
1446,970,35.320515,129.17378
1447,970,35.32033,129.17938
1448,970,35.32015,129.18498
1449,970,35.319965,129.19058
1450,970,35.319782,129.19618
1451,970,35.3196,129.20178
1452,970,35.319416,129.20738
1453,970,35.319233,129.213
1454,970,35.319046,129.2186
1455,970,35.318863,129.2242
1456,970,35.318676,129.2298
1457,970,35.318493,129.2354
1458,970,35.318306,129.241
1459,970,35.31812,129.2466
1460,970,35.317932,129.2522
1461,970,35.317745,129.2578
1462,970,35.31756,129.2634
1463,970,35.31737,129.269
1464,970,35.317184,129.2746
1465,970,35.316998,129.2802
1466,970,35.316807,129.2858
1467,970,35.31662,129.29141
1468,970,35.31643,129.29701
1469,970,35.316242,129.30261
1374,971,35.337383,128.77058
1375,971,35.337227,128.7762
1376,971,35.337067,128.7818
1377,971,35.336906,128.7874
1378,971,35.336746,128.793
1379,971,35.336586,128.79861
1380,971,35.336426,128.80421
1381,971,35.336266,128.80981
1382,971,35.3361,128.81541
1383,971,35.33594,128.82103
1384,971,35.335777,128.82663
1385,971,35.335617,128.83223
1386,971,35.335453,128.83783
1387,971,35.33529,128.84344
1388,971,35.33513,128.84904
1389,971,35.334965,128.85464
1390,971,35.3348,128.86024
1391,971,35.334637,128.86584
1392,971,35.334473,128.87146
1393,971,35.334305,128.87706
1394,971,35.33414,128.88266
1395,971,35.333977,128.88826
1396,971,35.33381,128.89388
1397,971,35.33364,128.89948
1398,971,35.333477,128.90508
1399,971,35.33331,128.91068
1400,971,35.33314,128.91629
1401,971,35.332973,128.92189
1402,971,35.332806,128.92749
1403,971,35.332638,128.93309
1404,971,35.33247,128.93869
1405,971,35.332302,128.9443
1406,971,35.332134,128.9499
1407,971,35.331963,128.9555
1408,971,35.331795,128.9611
1409,971,35.331623,128.9667
1410,971,35.33145,128.97232
1411,971,35.331284,128.97792
1412,971,35.331112,128.98352
1413,971,35.33094,128.98912
1414,971,35.33077,128.99472
1415,971,35.330597,129.00034
1416,971,35.330425,129.00594
1417,971,35.33025,129.01154
1418,971,35.33008,129.01714
1419,971,35.329906,129.02274
1420,971,35.32973,129.02834
1421,971,35.32956,129.03395
1422,971,35.329384,129.03955
1423,971,35.32921,129.04515
1424,971,35.329033,129.05075
1425,971,35.328857,129.05635
1426,971,35.328682,129.06197
1427,971,35.328506,129.06757
1428,971,35.32833,129.07317
1429,971,35.328156,129.07877
1430,971,35.327976,129.08437
1431,971,35.3278,129.08997
1432,971,35.32762,129.09557
1433,971,35.327446,129.10118
1434,971,35.327267,129.10678
1435,971,35.327087,129.11238
1436,971,35.326912,129.11798
1437,971,35.326733,129.12358
1438,971,35.326553,129.12918
1439,971,35.32637,129.13478
1440,971,35.32619,129.1404
1441,971,35.32601,129.146
1442,971,35.325832,129.1516
1443,971,35.32565,129.1572
1444,971,35.32547,129.1628
1445,971,35.325287,129.1684
1446,971,35.325104,129.174
1447,971,35.324924,129.17961
1448,971,35.32474,129.18521
1449,971,35.32456,129.19081
1450,971,35.324375,129.19641
1451,971,35.324192,129.20201
1452,971,35.324005,129.20761
1453,971,35.323822,129.21321
1454,971,35.32364,129.21881
1455,971,35.323452,129.22441
1456,971,35.32327,129.23003
1457,971,35.323082,129.23563
1458,971,35.322895,129.24123
1459,971,35.322712,129.24683
1460,971,35.322525,129.25243
1461,971,35.32234,129.25803
1462,971,35.32215,129.26363
1463,971,35.321964,129.26923
1464,971,35.321774,129.27483
1465,971,35.321587,129.28043
1466,971,35.3214,129.28604
1467,971,35.32121,129.29164
1468,971,35.321022,129.29724
1469,971,35.32083,129.30284
1373,972,35.342136,128.76518
1374,972,35.341976,128.77078
1375,972,35.341816,128.77638
1376,972,35.34166,128.782
1377,972,35.3415,128.7876
1378,972,35.34134,128.7932
1379,972,35.34118,128.7988
1380,972,35.341015,128.80441
1381,972,35.340855,128.81001
1382,972,35.340694,128.81561
1383,972,35.340534,128.82123
1384,972,35.34037,128.82683
1385,972,35.34021,128.83243
1386,972,35.340046,128.83803
1387,972,35.33988,128.84364
1388,972,35.339718,128.84924
1389,972,35.339554,128.85484
1390,972,35.33939,128.86044
1391,972,35.339226,128.86606
1392,972,35.33906,128.87166
1393,972,35.338898,128.87726
1394,972,35.338734,128.88286
1395,972,35.338566,128.88847
1396,972,35.3384,128.89407
1397,972,35.338234,128.89967
1398,972,35.33807,128.90527
1399,972,35.337902,128.91089
1400,972,35.337734,128.91649
1401,972,35.337566,128.92209
1402,972,35.3374,128.92769
1403,972,35.33723,128.9333
1404,972,35.337063,128.9389
1405,972,35.336895,128.9445
1406,972,35.336723,128.9501
1407,972,35.336555,128.95572
1408,972,35.336384,128.96132
1409,972,35.336216,128.96692
1410,972,35.336044,128.97252
1411,972,35.335873,128.97812
1412,972,35.3357,128.98373
1413,972,35.335533,128.98933
1414,972,35.33536,128.99493
1415,972,35.335186,129.00053
1416,972,35.335014,129.00615
1417,972,35.334843,129.01175
1418,972,35.33467,129.01735
1419,972,35.334496,129.02295
1420,972,35.334324,129.02855
1421,972,35.33415,129.03416
1422,972,35.333973,129.03976
1423,972,35.3338,129.04536
1424,972,35.333626,129.05096
1425,972,35.33345,129.05656
1426,972,35.333275,129.06218
1427,972,35.3331,129.06778
1428,972,35.332924,129.07338
1429,972,35.332745,129.07898
1430,972,35.33257,129.08458
1431,972,35.332394,129.09018
1432,972,35.332214,129.0958
1433,972,35.332035,129.1014
1434,972,35.33186,129.107
1435,972,35.33168,129.1126
1436,972,35.3315,129.1182
1437,972,35.33132,129.12381
1438,972,35.331142,129.12941
1439,972,35.330963,129.13501
1440,972,35.330784,129.14061
1441,972,35.330605,129.14621
1442,972,35.33042,129.15181
1443,972,35.330242,129.15742
1444,972,35.33006,129.16302
1445,972,35.32988,129.16862
1446,972,35.329697,129.17422
1447,972,35.329514,129.17982
1448,972,35.32933,129.18542
1449,972,35.329147,129.19102
1450,972,35.328964,129.19664
1451,972,35.32878,129.20224
1452,972,35.328598,129.20784
1453,972,35.328415,129.21344
1454,972,35.328228,129.21904
1455,972,35.328045,129.22464
1456,972,35.327858,129.23024
1457,972,35.327675,129.23586
1458,972,35.327488,129.24146
1459,972,35.3273,129.24706
1460,972,35.327114,129.25266
1461,972,35.326927,129.25826
1462,972,35.32674,129.26385
1463,972,35.326553,129.26945
1464,972,35.326366,129.27505
1465,972,35.32618,129.28067
1466,972,35.32599,129.28627
1467,972,35.3258,129.29187
1468,972,35.32561,129.29747
1469,972,35.325424,129.30307
1373,973,35.34673,128.76537
1374,973,35.34657,128.77098
1375,973,35.34641,128.77658
1376,973,35.34625,128.78218
1377,973,35.34609,128.7878
1378,973,35.34593,128.7934
1379,973,35.345768,128.799
1380,973,35.345608,128.80461
1381,973,35.345448,128.81021
1382,973,35.345287,128.81581
1383,973,35.345123,128.82141
1384,973,35.344963,128.82703
1385,973,35.3448,128.83263
1386,973,35.34464,128.83823
1387,973,35.344475,128.84384
1388,973,35.34431,128.84944
1389,973,35.344147,128.85504
1390,973,35.343983,128.86066
1391,973,35.34382,128.86626
1392,973,35.343655,128.87186
1393,973,35.34349,128.87746
1394,973,35.343323,128.88307
1395,973,35.34316,128.88867
1396,973,35.34299,128.89427
1397,973,35.342827,128.89987
1398,973,35.34266,128.90549
1399,973,35.34249,128.91109
1400,973,35.342327,128.91669
1401,973,35.34216,128.9223
1402,973,35.34199,128.9279
1403,973,35.341824,128.9335
1404,973,35.341652,128.9391
1405,973,35.341484,128.94472
1406,973,35.341316,128.95032
1407,973,35.341145,128.95592
1408,973,35.340977,128.96152
1409,973,35.340805,128.96713
1410,973,35.340637,128.97273
1411,973,35.340466,128.97833
1412,973,35.340294,128.98393
1413,973,35.340122,128.98955
1414,973,35.33995,128.99515
1415,973,35.33978,129.00075
1416,973,35.339607,129.00635
1417,973,35.339436,129.01196
1418,973,35.33926,129.01756
1419,973,35.33909,129.02316
1420,973,35.338913,129.02876
1421,973,35.33874,129.03436
1422,973,35.338566,129.03998
1423,973,35.33839,129.04558
1424,973,35.338215,129.05118
1425,973,35.338043,129.05678
1426,973,35.337864,129.0624
1427,973,35.33769,129.068
1428,973,35.337513,129.0736
1429,973,35.337337,129.0792
1430,973,35.337162,129.0848
1431,973,35.336983,129.09041
1432,973,35.336807,129.09601
1433,973,35.336628,129.10161
1434,973,35.33645,129.10721
1435,973,35.336273,129.11281
1436,973,35.336094,129.11842
1437,973,35.335915,129.12402
1438,973,35.335735,129.12962
1439,973,35.335556,129.13522
1440,973,35.335373,129.14082
1441,973,35.335194,129.14644
1442,973,35.335014,129.15204
1443,973,35.33483,129.15764
1444,973,35.334652,129.16324
1445,973,35.33447,129.16884
1446,973,35.334286,129.17445
1447,973,35.334106,129.18005
1448,973,35.333923,129.18565
1449,973,35.33374,129.19125
1450,973,35.333557,129.19685
1451,973,35.333374,129.20245
1452,973,35.333187,129.20807
1453,973,35.333004,129.21367
1454,973,35.33282,129.21927
1455,973,35.332634,129.22487
1456,973,35.33245,129.23047
1457,973,35.332264,129.23607
1458,973,35.332077,129.24168
1459,973,35.331894,129.24728
1460,973,35.331707,129.25288
1461,973,35.33152,129.25848
1462,973,35.331333,129.26408
1463,973,35.331146,129.26968
1464,973,35.330956,129.27528
1465,973,35.33077,129.2809
1466,973,35.33058,129.2865
1467,973,35.33039,129.2921
1468,973,35.330204,129.2977
1469,973,35.330013,129.3033
1373,974,35.35132,128.76556
1374,974,35.351162,128.77116
1375,974,35.351,128.77678
1376,974,35.35084,128.78238
1377,974,35.35068,128.78798
1378,974,35.35052,128.7936
1379,974,35.35036,128.7992
1380,974,35.3502,128.8048
1381,974,35.35004,128.81041
1382,974,35.34988,128.81601
1383,974,35.349716,128.82161
1384,974,35.349556,128.82722
1385,974,35.349392,128.83282
1386,974,35.349228,128.83842
1387,974,35.349068,128.84404
1388,974,35.348904,128.84964
1389,974,35.34874,128.85524
1390,974,35.348576,128.86086
1391,974,35.34841,128.86646
1392,974,35.348248,128.87206
1393,974,35.34808,128.87767
1394,974,35.347916,128.88327
1395,974,35.34775,128.88887
1396,974,35.347584,128.89447
1397,974,35.34742,128.90009
1398,974,35.34725,128.90569
1399,974,35.347084,128.91129
1400,974,35.346916,128.9169
1401,974,35.34675,128.9225
1402,974,35.34658,128.9281
1403,974,35.346413,128.93372
1404,974,35.346245,128.93932
1405,974,35.346077,128.94492
1406,974,35.34591,128.95052
1407,974,35.345737,128.95613
1408,974,35.34557,128.96173
1409,974,35.345398,128.96733
1410,974,35.345226,128.97295
1411,974,35.34506,128.97855
1412,974,35.344887,128.98415
1413,974,35.344715,128.98975
1414,974,35.344543,128.99536
1415,974,35.34437,129.00096
1416,974,35.3442,129.00656
1417,974,35.344025,129.01216
1418,974,35.343853,129.01778
1419,974,35.34368,129.02338
1420,974,35.343506,129.02898
1421,974,35.34333,129.03458
1422,974,35.34316,129.04019
1423,974,35.342983,129.04579
1424,974,35.342808,129.05139
1425,974,35.342632,129.05699
1426,974,35.342457,129.0626
1427,974,35.34228,129.0682
1428,974,35.342106,129.0738
1429,974,35.34193,129.0794
1430,974,35.34175,129.08502
1431,974,35.341576,129.09062
1432,974,35.341396,129.09622
1433,974,35.34122,129.10182
1434,974,35.34104,129.10744
1435,974,35.340862,129.11304
1436,974,35.340683,129.11864
1437,974,35.340504,129.12424
1438,974,35.340324,129.12984
1439,974,35.340145,129.13545
1440,974,35.339966,129.14105
1441,974,35.339787,129.14665
1442,974,35.339603,129.15225
1443,974,35.339424,129.15787
1444,974,35.33924,129.16347
1445,974,35.33906,129.16907
1446,974,35.33888,129.17467
1447,974,35.338696,129.18027
1448,974,35.338512,129.18588
1449,974,35.33833,129.19148
1450,974,35.338146,129.19708
1451,974,35.337963,129.20268
1452,974,35.33778,129.20828
1453,974,35.337597,129.2139
1454,974,35.33741,129.2195
1455,974,35.337227,129.2251
1456,974,35.33704,129.2307
1457,974,35.336857,129.2363
1458,974,35.33667,129.2419
1459,974,35.336483,129.24751
1460,974,35.336296,129.25311
1461,974,35.33611,129.25871
1462,974,35.335922,129.26431
1463,974,35.335735,129.26991
1464,974,35.33555,129.27551
1465,974,35.335358,129.28113
1466,974,35.33517,129.28673
1467,974,35.334984,129.29233
1468,974,35.334793,129.29793
1469,974,35.334602,129.30353
1373,975,35.35591,128.76576
1374,975,35.355755,128.77136
1375,975,35.355595,128.77698
1376,975,35.355434,128.78258
1377,975,35.355274,128.78818
1378,975,35.355114,128.7938
1379,975,35.354954,128.7994
1380,975,35.354794,128.805
1381,975,35.354633,128.81061
1382,975,35.35447,128.81621
1383,975,35.35431,128.82181
1384,975,35.354145,128.82742
1385,975,35.353985,128.83302
1386,975,35.35382,128.83862
1387,975,35.353657,128.84424
1388,975,35.353497,128.84984
1389,975,35.353333,128.85544
1390,975,35.35317,128.86105
1391,975,35.353004,128.86665
1392,975,35.352837,128.87225
1393,975,35.352673,128.87787
1394,975,35.35251,128.88347
1395,975,35.35234,128.88907
1396,975,35.352177,128.89468
1397,975,35.35201,128.90028
1398,975,35.351845,128.90588
1399,975,35.351677,128.9115
1400,975,35.35151,128.9171
1401,975,35.35134,128.9227
1402,975,35.351173,128.92831
1403,975,35.351006,128.93391
1404,975,35.350838,128.93951
1405,975,35.35067,128.94513
1406,975,35.3505,128.95073
1407,975,35.35033,128.95633
1408,975,35.35016,128.96194
1409,975,35.34999,128.96754
1410,975,35.34982,128.97314
1411,975,35.349648,128.97874
1412,975,35.349476,128.98436
1413,975,35.349308,128.98996
1414,975,35.349136,128.99556
1415,975,35.34896,129.00117
1416,975,35.34879,129.00677
1417,975,35.348618,129.01237
1418,975,35.348446,129.01799
1419,975,35.34827,129.02359
1420,975,35.3481,129.02919
1421,975,35.347923,129.03479
1422,975,35.347748,129.0404
1423,975,35.347576,129.046
1424,975,35.3474,129.0516
1425,975,35.347225,129.0572
1426,975,35.34705,129.06282
1427,975,35.346874,129.06842
1428,975,35.346695,129.07402
1429,975,35.34652,129.07964
1430,975,35.346344,129.08524
1431,975,35.346165,129.09084
1432,975,35.34599,129.09644
1433,975,35.34581,129.10205
1434,975,35.34563,129.10765
1435,975,35.345455,129.11325
1436,975,35.345276,129.11885
1437,975,35.345097,129.12447
1438,975,35.344917,129.13007
1439,975,35.344738,129.13567
1440,975,35.34456,129.14127
1441,975,35.344376,129.14688
1442,975,35.344196,129.15248
1443,975,35.344013,129.15808
1444,975,35.343834,129.16368
1445,975,35.34365,129.16928
1446,975,35.34347,129.1749
1447,975,35.34329,129.1805
1448,975,35.343105,129.1861
1449,975,35.342922,129.1917
1450,975,35.34274,129.19731
1451,975,35.342556,129.20291
1452,975,35.34237,129.20851
1453,975,35.342186,129.21411
1454,975,35.342003,129.21971
1455,975,35.341816,129.22533
1456,975,35.341633,129.23093
1457,975,35.341446,129.23653
1458,975,35.34126,129.24213
1459,975,35.341076,129.24774
1460,975,35.34089,129.25334
1461,975,35.340702,129.25894
1462,975,35.340515,129.26454
1463,975,35.34033,129.27014
1464,975,35.340137,129.27574
1465,975,35.33995,129.28136
1466,975,35.339764,129.28696
1467,975,35.339573,129.29256
1468,975,35.339386,129.29816
1373,976,35.360504,128.76595
1374,976,35.360344,128.77156
1375,976,35.360188,128.77716
1376,976,35.360027,128.78278
1377,976,35.359867,128.78838
1378,976,35.359707,128.79398
1379,976,35.359547,128.79959
1380,976,35.359386,128.80519
1381,976,35.359222,128.8108
1382,976,35.359062,128.8164
1383,976,35.358902,128.822
1384,976,35.358738,128.82762
1385,976,35.358578,128.83322
1386,976,35.358414,128.83882
1387,976,35.35825,128.84444
1388,976,35.358086,128.85004
1389,976,35.35792,128.85565
1390,976,35.357758,128.86125
1391,976,35.357594,128.86685
1392,976,35.35743,128.87247
1393,976,35.357265,128.87807
1394,976,35.3571,128.88367
1395,976,35.356934,128.88928
1396,976,35.35677,128.89488
1397,976,35.3566,128.90048
1398,976,35.356434,128.9061
1399,976,35.35627,128.9117
1400,976,35.356102,128.9173
1401,976,35.355934,128.92291
1402,976,35.355766,128.92851
1403,976,35.3556,128.93411
1404,976,35.35543,128.93973
1405,976,35.35526,128.94533
1406,976,35.35509,128.95093
1407,976,35.354923,128.95654
1408,976,35.35475,128.96214
1409,976,35.35458,128.96774
1410,976,35.354412,128.97336
1411,976,35.35424,128.97896
1412,976,35.35407,128.98456
1413,976,35.353897,128.99017
1414,976,35.353725,128.99577
1415,976,35.353554,129.00137
1416,976,35.353382,129.00699
1417,976,35.35321,129.01259
1418,976,35.353035,129.01819
1419,976,35.352863,129.0238
1420,976,35.352688,129.0294
1421,976,35.352516,129.035
1422,976,35.35234,129.04062
1423,976,35.352165,129.04622
1424,976,35.35199,129.05182
1425,976,35.351814,129.05742
1426,976,35.35164,129.06303
1427,976,35.351463,129.06863
1428,976,35.351288,129.07423
1429,976,35.351112,129.07985
1430,976,35.350933,129.08545
1431,976,35.350758,129.09105
1432,976,35.35058,129.09666
1433,976,35.350403,129.10226
1434,976,35.350224,129.10786
1435,976,35.350044,129.11346
1436,976,35.349865,129.11908
1437,976,35.349686,129.12468
1438,976,35.349506,129.13028
1439,976,35.349327,129.13588
1440,976,35.349148,129.1415
1441,976,35.34897,129.1471
1442,976,35.348785,129.1527
1443,976,35.348606,129.1583
1444,976,35.348423,129.16391
1445,976,35.348244,129.16951
1446,976,35.34806,129.17511
1447,976,35.347878,129.18073
1448,976,35.347694,129.18633
1449,976,35.34751,129.19193
1450,976,35.34733,129.19753
1451,976,35.347145,129.20314
1452,976,35.346962,129.20874
1453,976,35.34678,129.21434
1454,976,35.346592,129.21994
1455,976,35.34641,129.22554
1456,976,35.346222,129.23116
1457,976,35.34604,129.23676
1458,976,35.34585,129.24236
1459,976,35.345665,129.24796
1460,976,35.345478,129.25357
1461,976,35.34529,129.25917
1462,976,35.345104,129.26477
1463,976,35.344917,129.27037
1464,976,35.34473,129.27599
1465,976,35.34454,129.28159
1466,976,35.344353,129.28719
1467,976,35.344166,129.29279
1468,976,35.343975,129.29839
1373,977,35.365097,128.76614
1374,977,35.364937,128.77176
1375,977,35.364777,128.77736
1376,977,35.36462,128.78296
1377,977,35.36446,128.78857
1378,977,35.3643,128.79417
1379,977,35.36414,128.79979
1380,977,35.36398,128.80539
1381,977,35.363815,128.81099
1382,977,35.363655,128.8166
1383,977,35.363495,128.8222
1384,977,35.36333,128.82782
1385,977,35.363167,128.83342
1386,977,35.363007,128.83902
1387,977,35.362843,128.84464
1388,977,35.36268,128.85023
1389,977,35.362514,128.85585
1390,977,35.36235,128.86145
1391,977,35.362186,128.86705
1392,977,35.362022,128.87267
1393,977,35.36186,128.87827
1394,977,35.36169,128.88388
1395,977,35.361526,128.88948
1396,977,35.36136,128.89508
1397,977,35.361195,128.9007
1398,977,35.361027,128.9063
1399,977,35.36086,128.9119
1400,977,35.360695,128.91751
1401,977,35.360527,128.92311
1402,977,35.36036,128.92873
1403,977,35.36019,128.93433
1404,977,35.36002,128.93993
1405,977,35.35985,128.94554
1406,977,35.359684,128.95114
1407,977,35.359512,128.95674
1408,977,35.359344,128.96236
1409,977,35.359173,128.96796
1410,977,35.359005,128.97356
1411,977,35.358833,128.97917
1412,977,35.35866,128.98477
1413,977,35.35849,128.99039
1414,977,35.35832,128.99599
1415,977,35.358147,129.00159
1416,977,35.357975,129.0072
1417,977,35.3578,129.0128
1418,977,35.357628,129.0184
1419,977,35.357456,129.02402
1420,977,35.35728,129.02962
1421,977,35.357105,129.03522
1422,977,35.356934,129.04083
1423,977,35.35676,129.04643
1424,977,35.356583,129.05203
1425,977,35.356407,129.05765
1426,977,35.35623,129.06325
1427,977,35.356056,129.06885
1428,977,35.35588,129.07445
1429,977,35.3557,129.08006
1430,977,35.355526,129.08566
1431,977,35.35535,129.09126
1432,977,35.35517,129.09688
1433,977,35.354992,129.10248
1434,977,35.354816,129.10808
1435,977,35.354637,129.1137
1436,977,35.354458,129.1193
1437,977,35.35428,129.1249
1438,977,35.3541,129.13051
1439,977,35.35392,129.13611
1440,977,35.35374,129.14171
1441,977,35.353558,129.14731
1442,977,35.35338,129.15292
1443,977,35.3532,129.15852
1444,977,35.353016,129.16412
1445,977,35.352833,129.16974
1446,977,35.352654,129.17534
1447,977,35.35247,129.18094
1448,977,35.352287,129.18654
1449,977,35.352104,129.19215
1450,977,35.35192,129.19775
1451,977,35.351738,129.20335
1452,977,35.351555,129.20895
1453,977,35.351368,129.21457
1454,977,35.351185,129.22017
1455,977,35.350998,129.22577
1456,977,35.350815,129.23138
1457,977,35.350628,129.23698
1458,977,35.35044,129.24258
1459,977,35.350258,129.24818
1460,977,35.35007,129.2538
1461,977,35.349884,129.2594
1462,977,35.349697,129.265
1463,977,35.34951,129.2706
1464,977,35.34932,129.27621
1465,977,35.349133,129.28181
1466,977,35.348946,129.28741
1467,977,35.348755,129.29301
1468,977,35.348568,129.29863
1373,978,35.36969,128.76634
1374,978,35.36953,128.77194
1375,978,35.36937,128.77756
1376,978,35.369213,128.78316
1377,978,35.369053,128.78877
1378,978,35.368893,128.79437
1379,978,35.368732,128.79999
1380,978,35.36857,128.80559
1381,978,35.36841,128.81119
1382,978,35.368248,128.8168
1383,978,35.368084,128.8224
1384,978,35.367924,128.82802
1385,978,35.36776,128.83362
1386,978,35.3676,128.83923
1387,978,35.367435,128.84483
1388,978,35.36727,128.85043
1389,978,35.367107,128.85605
1390,978,35.366943,128.86165
1391,978,35.36678,128.86726
1392,978,35.366615,128.87286
1393,978,35.36645,128.87846
1394,978,35.366283,128.88408
1395,978,35.36612,128.88968
1396,978,35.36595,128.8953
1397,978,35.365788,128.9009
1398,978,35.36562,128.9065
1399,978,35.36545,128.91211
1400,978,35.365284,128.91771
1401,978,35.365116,128.92332
1402,978,35.36495,128.92892
1403,978,35.36478,128.93452
1404,978,35.364613,128.94014
1405,978,35.364445,128.94574
1406,978,35.364277,128.95135
1407,978,35.364105,128.95695
1408,978,35.363937,128.96255
1409,978,35.363766,128.96817
1410,978,35.363594,128.97377
1411,978,35.363426,128.97937
1412,978,35.363255,128.98499
1413,978,35.363083,128.99059
1414,978,35.36291,128.9962
1415,978,35.36274,129.0018
1416,978,35.362564,129.0074
1417,978,35.362392,129.01302
1418,978,35.36222,129.01862
1419,978,35.362045,129.02422
1420,978,35.361874,129.02983
1421,978,35.3617,129.03543
1422,978,35.361523,129.04103
1423,978,35.36135,129.04665
1424,978,35.361176,129.05225
1425,978,35.361,129.05786
1426,978,35.360825,129.06346
1427,978,35.36065,129.06906
1428,978,35.36047,129.07468
1429,978,35.360294,129.08028
1430,978,35.36012,129.08588
1431,978,35.35994,129.09149
1432,978,35.359764,129.09709
1433,978,35.359585,129.10269
1434,978,35.359406,129.1083
1435,978,35.35923,129.1139
1436,978,35.35905,129.1195
1437,978,35.35887,129.12512
1438,978,35.358692,129.13072
1439,978,35.358513,129.13632
1440,978,35.35833,129.14194
1441,978,35.35815,129.14754
1442,978,35.35797,129.15314
1443,978,35.357788,129.15874
1444,978,35.35761,129.16435
1445,978,35.357426,129.16995
1446,978,35.357243,129.17555
1447,978,35.35706,129.18117
1448,978,35.35688,129.18677
1449,978,35.356697,129.19237
1450,978,35.356514,129.19798
1451,978,35.356327,129.20358
1452,978,35.356144,129.20918
1453,978,35.35596,129.2148
1454,978,35.355774,129.2204
1455,978,35.35559,129.226
1456,978,35.355404,129.2316
1457,978,35.35522,129.23721
1458,978,35.355034,129.24281
1459,978,35.354847,129.24841
1460,978,35.35466,129.25403
1461,978,35.354473,129.25963
1462,978,35.354286,129.26523
1463,978,35.3541,129.27083
1464,978,35.353912,129.27644
1465,978,35.35372,129.28204
1466,978,35.353535,129.28764
1467,978,35.353348,129.29324
1468,978,35.353157,129.29886
1373,979,35.374283,128.76654
1374,979,35.374123,128.77214
1375,979,35.373962,128.77776
1376,979,35.373802,128.78336
1377,979,35.373642,128.78896
1378,979,35.37348,128.79457
1379,979,35.37332,128.80017
1380,979,35.37316,128.80579
1381,979,35.373,128.81139
1382,979,35.37284,128.817
1383,979,35.372677,128.8226
1384,979,35.372517,128.82822
1385,979,35.372353,128.83382
1386,979,35.37219,128.83943
1387,979,35.37203,128.84503
1388,979,35.371864,128.85063
1389,979,35.3717,128.85625
1390,979,35.371536,128.86185
1391,979,35.371372,128.86746
1392,979,35.37121,128.87306
1393,979,35.37104,128.87868
1394,979,35.370876,128.88428
1395,979,35.370712,128.8899
1396,979,35.370544,128.8955
1397,979,35.370377,128.9011
1398,979,35.370213,128.90671
1399,979,35.370045,128.91231
1400,979,35.369877,128.91792
1401,979,35.36971,128.92352
1402,979,35.36954,128.92912
1403,979,35.369373,128.93474
1404,979,35.369205,128.94034
1405,979,35.369038,128.94595
1406,979,35.368866,128.95155
1407,979,35.3687,128.95717
1408,979,35.368526,128.96277
1409,979,35.36836,128.96837
1410,979,35.368187,128.97398
1411,979,35.368015,128.97958
1412,979,35.367844,128.9852
1413,979,35.367672,128.9908
1414,979,35.3675,128.9964
1415,979,35.36733,129.00201
1416,979,35.367157,129.00761
1417,979,35.366985,129.01323
1418,979,35.36681,129.01883
1419,979,35.36664,129.02443
1420,979,35.366463,129.03004
1421,979,35.36629,129.03564
1422,979,35.366116,129.04124
1423,979,35.36594,129.04686
1424,979,35.365765,129.05246
1425,979,35.36559,129.05807
1426,979,35.365414,129.06367
1427,979,35.36524,129.06927
1428,979,35.365063,129.07489
1429,979,35.364887,129.08049
1430,979,35.364708,129.08609
1431,979,35.364532,129.0917
1432,979,35.364353,129.0973
1433,979,35.364178,129.10292
1434,979,35.364,129.10852
1435,979,35.36382,129.11412
1436,979,35.36364,129.11974
1437,979,35.36346,129.12534
1438,979,35.36328,129.13094
1439,979,35.363102,129.13655
1440,979,35.362923,129.14215
1441,979,35.362743,129.14775
1442,979,35.36256,129.15337
1443,979,35.36238,129.15897
1444,979,35.362198,129.16457
1445,979,35.36202,129.17018
1446,979,35.361835,129.17578
1447,979,35.361652,129.18138
1448,979,35.36147,129.187
1449,979,35.361286,129.1926
1450,979,35.361103,129.1982
1451,979,35.36092,129.20381
1452,979,35.360737,129.20941
1453,979,35.36055,129.21501
1454,979,35.360367,129.22063
1455,979,35.360184,129.22623
1456,979,35.359997,129.23183
1457,979,35.35981,129.23744
1458,979,35.359627,129.24304
1459,979,35.35944,129.24864
1460,979,35.359253,129.25424
1461,979,35.359066,129.25986
1462,979,35.35888,129.26546
1463,979,35.358692,129.27106
1464,979,35.3585,129.27667
1465,979,35.358315,129.28227
1466,979,35.358128,129.28787
1467,979,35.357937,129.29349
1468,979,35.35775,129.29909
1373,980,35.378876,128.76672
1374,980,35.378716,128.77234
1375,980,35.378555,128.77794
1376,980,35.378395,128.78355
1377,980,35.378235,128.78915
1378,980,35.378075,128.79477
1379,980,35.377914,128.80037
1380,980,35.377754,128.80598
1381,980,35.377594,128.81158
1382,980,35.377434,128.8172
1383,980,35.37727,128.8228
1384,980,35.37711,128.82841
1385,980,35.376945,128.83401
1386,980,35.37678,128.83963
1387,980,35.37662,128.84523
1388,980,35.376457,128.85085
1389,980,35.376293,128.85645
1390,980,35.37613,128.86205
1391,980,35.375965,128.86766
1392,980,35.375797,128.87326
1393,980,35.375633,128.87888
1394,980,35.37547,128.88448
1395,980,35.3753,128.89009
1396,980,35.375137,128.89569
1397,980,35.37497,128.9013
1398,980,35.374805,128.9069
1399,980,35.374638,128.91252
1400,980,35.37447,128.91812
1401,980,35.374302,128.92372
1402,980,35.374134,128.92934
1403,980,35.373966,128.93494
1404,980,35.3738,128.94055
1405,980,35.373627,128.94615
1406,980,35.37346,128.95177
1407,980,35.37329,128.95737
1408,980,35.37312,128.96298
1409,980,35.37295,128.96858
1410,980,35.37278,128.97418
1411,980,35.37261,128.9798
1412,980,35.372437,128.9854
1413,980,35.372265,128.99101
1414,980,35.372093,128.99661
1415,980,35.37192,129.00223
1416,980,35.37175,129.00783
1417,980,35.37158,129.01343
1418,980,35.371403,129.01904
1419,980,35.37123,129.02464
1420,980,35.371056,129.03026
1421,980,35.370884,129.03586
1422,980,35.37071,129.04146
1423,980,35.370533,129.04707
1424,980,35.370358,129.05267
1425,980,35.370182,129.05829
1426,980,35.370007,129.06389
1427,980,35.36983,129.06949
1428,980,35.369656,129.0751
1429,980,35.36948,129.0807
1430,980,35.3693,129.08632
1431,980,35.369125,129.09192
1432,980,35.368946,129.09752
1433,980,35.368767,129.10313
1434,980,35.36859,129.10873
1435,980,35.368412,129.11435
1436,980,35.368233,129.11995
1437,980,35.368053,129.12555
1438,980,35.367874,129.13116
1439,980,35.367695,129.13676
1440,980,35.367516,129.14236
1441,980,35.367332,129.14798
1442,980,35.367153,129.15358
1443,980,35.36697,129.15918
1444,980,35.36679,129.1648
1445,980,35.366608,129.1704
1446,980,35.36643,129.17601
1447,980,35.366245,129.18161
1448,980,35.366062,129.18721
1449,980,35.36588,129.19283
1450,980,35.365696,129.19843
1451,980,35.365513,129.20403
1452,980,35.365326,129.20964
1453,980,35.365143,129.21524
1454,980,35.36496,129.22084
1455,980,35.364773,129.22646
1456,980,35.36459,129.23206
1457,980,35.364403,129.23766
1458,980,35.364216,129.24327
1459,980,35.36403,129.24887
1460,980,35.363842,129.25447
1461,980,35.363655,129.26009
1462,980,35.36347,129.26569
1463,980,35.36328,129.27129
1464,980,35.363094,129.2769
1465,980,35.362907,129.2825
1466,980,35.362717,129.2881
1467,980,35.36253,129.29372
1468,980,35.36234,129.29932
1373,981,35.383465,128.76692
1374,981,35.38331,128.77254
1375,981,35.38315,128.77814
1376,981,35.382988,128.78375
1377,981,35.382828,128.78935
1378,981,35.382668,128.79497
1379,981,35.382507,128.80057
1380,981,35.382347,128.80618
1381,981,35.382187,128.81178
1382,981,35.382023,128.8174
1383,981,35.381863,128.823
1384,981,35.3817,128.82861
1385,981,35.38154,128.83421
1386,981,35.381374,128.83983
1387,981,35.38121,128.84543
1388,981,35.38105,128.85104
1389,981,35.380886,128.85664
1390,981,35.380722,128.86226
1391,981,35.380558,128.86786
1392,981,35.38039,128.87347
1393,981,35.380226,128.87907
1394,981,35.380062,128.88469
1395,981,35.379894,128.89029
1396,981,35.37973,128.8959
1397,981,35.379562,128.9015
1398,981,35.379395,128.9071
1399,981,35.37923,128.91272
1400,981,35.379063,128.91832
1401,981,35.378895,128.92393
1402,981,35.378727,128.92953
1403,981,35.37856,128.93515
1404,981,35.37839,128.94075
1405,981,35.37822,128.94637
1406,981,35.37805,128.95197
1407,981,35.37788,128.95758
1408,981,35.377712,128.96318
1409,981,35.37754,128.9688
1410,981,35.377373,128.9744
1411,981,35.3772,128.98001
1412,981,35.37703,128.98561
1413,981,35.376858,128.99121
1414,981,35.376686,128.99683
1415,981,35.376514,129.00243
1416,981,35.376343,129.00804
1417,981,35.376167,129.01364
1418,981,35.375996,129.01926
1419,981,35.37582,129.02486
1420,981,35.37565,129.03047
1421,981,35.375473,129.03607
1422,981,35.3753,129.04167
1423,981,35.375126,129.04729
1424,981,35.37495,129.05289
1425,981,35.374775,129.0585
1426,981,35.3746,129.0641
1427,981,35.374424,129.06972
1428,981,35.37425,129.07532
1429,981,35.37407,129.08092
1430,981,35.373894,129.08653
1431,981,35.373714,129.09213
1432,981,35.37354,129.09775
1433,981,35.37336,129.10335
1434,981,35.37318,129.10895
1435,981,35.373005,129.11456
1436,981,35.372826,129.12016
1437,981,35.372646,129.12578
1438,981,35.372467,129.13138
1439,981,35.372288,129.13698
1440,981,35.372105,129.1426
1441,981,35.371925,129.1482
1442,981,35.371746,129.15381
1443,981,35.371563,129.15941
1444,981,35.371384,129.16501
1445,981,35.3712,129.17062
1446,981,35.371017,129.17622
1447,981,35.370834,129.18184
1448,981,35.37065,129.18744
1449,981,35.37047,129.19304
1450,981,35.370285,129.19865
1451,981,35.370102,129.20425
1452,981,35.36992,129.20985
1453,981,35.369736,129.21547
1454,981,35.36955,129.22107
1455,981,35.369366,129.22668
1456,981,35.36918,129.23228
1457,981,35.368996,129.23788
1458,981,35.36881,129.2435
1459,981,35.36862,129.2491
1460,981,35.368435,129.2547
1461,981,35.368248,129.26031
1462,981,35.36806,129.26591
1463,981,35.367874,129.27151
1464,981,35.367687,129.27713
1465,981,35.367496,129.28273
1466,981,35.36731,129.28833
1467,981,35.36712,129.29395
1468,981,35.366932,129.29955
1373,982,35.388058,128.76712
1374,982,35.3879,128.77272
1375,982,35.38774,128.77834
1376,982,35.38758,128.78394
1377,982,35.38742,128.78955
1378,982,35.38726,128.79515
1379,982,35.3871,128.80077
1380,982,35.38694,128.80637
1381,982,35.38678,128.81198
1382,982,35.386616,128.8176
1383,982,35.386456,128.8232
1384,982,35.38629,128.82881
1385,982,35.38613,128.83441
1386,982,35.385967,128.84003
1387,982,35.385803,128.84563
1388,982,35.38564,128.85124
1389,982,35.38548,128.85684
1390,982,35.385315,128.86246
1391,982,35.385147,128.86806
1392,982,35.384983,128.87367
1393,982,35.38482,128.87927
1394,982,35.384655,128.88489
1395,982,35.384487,128.89049
1396,982,35.384323,128.8961
1397,982,35.384155,128.9017
1398,982,35.383987,128.90732
1399,982,35.383823,128.91292
1400,982,35.383656,128.91853
1401,982,35.383488,128.92413
1402,982,35.38332,128.92975
1403,982,35.383152,128.93535
1404,982,35.38298,128.94096
1405,982,35.382812,128.94656
1406,982,35.382645,128.95218
1407,982,35.382473,128.95778
1408,982,35.382305,128.9634
1409,982,35.382133,128.969
1410,982,35.38196,128.97461
1411,982,35.381794,128.98021
1412,982,35.381622,128.98582
1413,982,35.38145,128.99142
1414,982,35.38128,128.99704
1415,982,35.381107,129.00264
1416,982,35.38093,129.00826
1417,982,35.38076,129.01385
1418,982,35.38059,129.01947
1419,982,35.380413,129.02507
1420,982,35.38024,129.03067
1421,982,35.380066,129.03629
1422,982,35.37989,129.04189
1423,982,35.37972,129.0475
1424,982,35.379543,129.0531
1425,982,35.379368,129.05872
1426,982,35.379192,129.06432
1427,982,35.379013,129.06993
1428,982,35.378838,129.07553
1429,982,35.378662,129.08115
1430,982,35.378487,129.08675
1431,982,35.378307,129.09235
1432,982,35.37813,129.09796
1433,982,35.377953,129.10356
1434,982,35.377773,129.10918
1435,982,35.377594,129.11478
1436,982,35.377415,129.12039
1437,982,35.377235,129.12599
1438,982,35.377056,129.13159
1439,982,35.376877,129.1372
1440,982,35.376698,129.1428
1441,982,35.37652,129.14842
1442,982,35.376335,129.15402
1443,982,35.376156,129.15964
1444,982,35.375973,129.16524
1445,982,35.375793,129.17084
1446,982,35.37561,129.17645
1447,982,35.375427,129.18205
1448,982,35.375244,129.18767
1449,982,35.37506,129.19327
1450,982,35.374878,129.19887
1451,982,35.374695,129.20448
1452,982,35.37451,129.21008
1453,982,35.374325,129.2157
1454,982,35.37414,129.2213
1455,982,35.373955,129.2269
1456,982,35.37377,129.23251
1457,982,35.373585,129.23811
1458,982,35.373398,129.24373
1459,982,35.373215,129.24933
1460,982,35.373028,129.25493
1461,982,35.37284,129.26054
1462,982,35.372654,129.26614
1463,982,35.372463,129.27174
1464,982,35.372276,129.27736
1465,982,35.37209,129.28296
1466,982,35.3719,129.28857
1467,982,35.37171,129.29417
1468,982,35.37152,129.29977
1373,983,35.39265,128.7673
1374,983,35.392494,128.77292
1375,983,35.392334,128.77853
1376,983,35.392174,128.78413
1377,983,35.392014,128.78975
1378,983,35.391853,128.79535
1379,983,35.391693,128.80096
1380,983,35.391533,128.80656
1381,983,35.391373,128.81218
1382,983,35.39121,128.8178
1383,983,35.39105,128.8234
1384,983,35.390884,128.82901
1385,983,35.390724,128.83461
1386,983,35.39056,128.84023
1387,983,35.390396,128.84583
1388,983,35.390232,128.85144
1389,983,35.390068,128.85704
1390,983,35.389904,128.86266
1391,983,35.38974,128.86826
1392,983,35.389576,128.87387
1393,983,35.389412,128.87949
1394,983,35.389244,128.88509
1395,983,35.38908,128.8907
1396,983,35.388912,128.8963
1397,983,35.38875,128.90192
1398,983,35.38858,128.90752
1399,983,35.388412,128.91313
1400,983,35.38825,128.91873
1401,983,35.38808,128.92435
1402,983,35.387913,128.92995
1403,983,35.38774,128.93556
1404,983,35.387573,128.94116
1405,983,35.387405,128.94678
1406,983,35.387238,128.95238
1407,983,35.387066,128.958
1408,983,35.386898,128.9636
1409,983,35.386726,128.96921
1410,983,35.386555,128.97481
1411,983,35.386383,128.98042
1412,983,35.386215,128.98602
1413,983,35.386044,128.99164
1414,983,35.38587,128.99724
1415,983,35.385696,129.00285
1416,983,35.385525,129.00845
1417,983,35.385353,129.01407
1418,983,35.385178,129.01967
1419,983,35.385006,129.02528
1420,983,35.38483,129.03088
1421,983,35.38466,129.0365
1422,983,35.384483,129.0421
1423,983,35.384308,129.04771
1424,983,35.384132,129.05331
1425,983,35.383957,129.05893
1426,983,35.38378,129.06453
1427,983,35.383606,129.07014
1428,983,35.38343,129.07574
1429,983,35.383255,129.08136
1430,983,35.383076,129.08696
1431,983,35.3829,129.09258
1432,983,35.38272,129.09818
1433,983,35.382545,129.10379
1434,983,35.382366,129.10939
1435,983,35.382187,129.11499
1436,983,35.382008,129.1206
1437,983,35.38183,129.1262
1438,983,35.38165,129.13182
1439,983,35.38147,129.13742
1440,983,35.38129,129.14304
1441,983,35.381107,129.14864
1442,983,35.380928,129.15425
1443,983,35.380745,129.15985
1444,983,35.380566,129.16545
1445,983,35.380383,129.17107
1446,983,35.380203,129.17667
1447,983,35.38002,129.18228
1448,983,35.379837,129.18788
1449,983,35.379654,129.1935
1450,983,35.37947,129.1991
1451,983,35.379288,129.2047
1452,983,35.3791,129.21031
1453,983,35.378918,129.21591
1454,983,35.378735,129.22153
1455,983,35.378548,129.22713
1456,983,35.37836,129.23274
1457,983,35.378178,129.23834
1458,983,35.37799,129.24394
1459,983,35.377804,129.24956
1460,983,35.377617,129.25516
1461,983,35.37743,129.26077
1462,983,35.377243,129.26637
1463,983,35.377056,129.27197
1464,983,35.37687,129.27759
1465,983,35.37668,129.28319
1466,983,35.37649,129.2888
1467,983,35.3763,129.2944
1468,983,35.376114,129.3
1398,984,35.393173,128.90773
1399,984,35.393005,128.91333
1400,984,35.392838,128.91895
1401,984,35.39267,128.92455
1402,984,35.3925,128.93016
1403,984,35.392334,128.93576
1404,984,35.392166,128.94138
1405,984,35.392,128.94698
1406,984,35.391827,128.95259
1407,984,35.39166,128.95819
1408,984,35.391487,128.9638
1409,984,35.39132,128.96942
1410,984,35.391148,128.97502
1411,984,35.390976,128.98064
1412,984,35.390804,128.98624
1413,984,35.390633,128.99185
1414,984,35.39046,128.99745
1415,984,35.39029,129.00307
1416,984,35.390118,129.00867
1417,984,35.389946,129.01428
1418,984,35.38977,129.01988
1419,984,35.3896,129.0255
1420,984,35.389423,129.0311
1421,984,35.38925,129.03671
1422,984,35.389076,129.04231
1423,984,35.3889,129.04793
1424,984,35.388725,129.05353
1425,984,35.38855,129.05914
1426,984,35.388374,129.06474
1427,984,35.3882,129.07036
1428,984,35.388023,129.07596
1429,984,35.387844,129.08157
1430,984,35.38767,129.08717
1431,984,35.387493,129.09279
1432,984,35.387314,129.09839
1433,984,35.387135,129.104
1434,984,35.38696,129.1096
1435,984,35.38678,129.11522
1436,984,35.3866,129.12082
1437,984,35.38642,129.12643
1438,984,35.386242,129.13203
1439,984,35.386063,129.13765
1440,984,35.38588,129.14325
1441,984,35.3857,129.14886
1442,984,35.38552,129.15446
1443,984,35.385338,129.16008
1444,984,35.38516,129.16568
1445,984,35.384975,129.17128
1446,984,35.384792,129.1769
1447,984,35.38461,129.1825
1448,984,35.384426,129.18811
1449,984,35.384243,129.19371
1450,984,35.38406,129.19933
1451,984,35.383877,129.20493
1452,984,35.383694,129.21054
1453,984,35.38351,129.21614
1454,984,35.383324,129.22176
1455,984,35.38314,129.22736
1456,984,35.382954,129.23296
1457,984,35.382767,129.23857
1458,984,35.382584,129.24417
1459,984,35.382397,129.24979
1460,984,35.38221,129.25539
1461,984,35.382023,129.261
1462,984,35.381836,129.2666
1463,984,35.38165,129.2722
1464,984,35.38146,129.27782
1465,984,35.38127,129.28342
1466,984,35.381084,129.28903
1467,984,35.380894,129.29463
1468,984,35.380703,129.30025
1424,985,35.39332,129.05374
1425,985,35.393143,129.05936
1426,985,35.392967,129.06496
1427,985,35.39279,129.07057
1428,985,35.392616,129.07617
1429,985,35.392437,129.08179
1430,985,35.39226,129.08739
1431,985,35.392082,129.093
1432,985,35.391907,129.09862
1433,985,35.391727,129.10422
1434,985,35.39155,129.10983
1435,985,35.391373,129.11543
1436,985,35.391193,129.12105
1437,985,35.391014,129.12665
1438,985,35.390835,129.13226
1439,985,35.39065,129.13786
1440,985,35.390472,129.14348
1441,985,35.390293,129.14908
1442,985,35.39011,129.1547
1443,985,35.38993,129.1603
1444,985,35.389748,129.16591
1445,985,35.38957,129.17151
1446,985,35.389385,129.17712
1447,985,35.389202,129.18272
1448,985,35.38902,129.18832
1449,985,35.388836,129.19394
1450,985,35.388653,129.19954
1451,985,35.38847,129.20515
1452,985,35.388287,129.21075
1453,985,35.3881,129.21637
1454,985,35.387917,129.22197
1455,985,35.38773,129.22758
1456,985,35.387547,129.23318
1457,985,35.38736,129.2388
1458,985,35.387173,129.2444
1459,985,35.386986,129.25002
1460,985,35.386803,129.25562
1461,985,35.386616,129.26123
1462,985,35.386425,129.26683
1463,985,35.38624,129.27243
1464,985,35.38605,129.27805
1465,985,35.385864,129.28365
1466,985,35.385674,129.28926
1467,985,35.385487,129.29486
1468,985,35.385296,129.30048
1450,986,35.393246,129.19977
1451,986,35.393063,129.20538
1452,986,35.392876,129.21098
1453,986,35.392693,129.2166
1454,986,35.39251,129.2222
1455,986,35.392323,129.22781
1456,986,35.392136,129.23341
1457,986,35.391953,129.23903
1458,986,35.391766,129.24463
1459,986,35.39158,129.25024
1460,986,35.39139,129.25584
1461,986,35.391205,129.26146
1462,986,35.391018,129.26706
1463,986,35.39083,129.27267
1464,986,35.390644,129.27827
1465,986,35.390453,129.28387
1466,986,35.390266,129.28949
1467,986,35.390076,129.29509
1468,986,35.38989,129.3007
